trip_id,route_id,start_time,end_time,origin,destination,distance_km,candidate_path,source
1862-1-287-0530,1862,05:30:00,05:51:00,[CTB] 屯门码头,[LRTFeeder] 兆麟,5.11,1862,DATA.GOV.HK pt-headway GTFS
1862-1-287-0534,1862,05:34:00,05:55:00,[CTB] 屯门码头,[LRTFeeder] 兆麟,5.11,1862,DATA.GOV.HK pt-headway GTFS
1862-1-287-0544,1862,05:44:00,06:05:00,[CTB] 屯门码头,[LRTFeeder] 兆麟,5.11,1862,DATA.GOV.HK pt-headway GTFS
1862-1-287-0548,1862,05:48:00,06:09:00,[CTB] 屯门码头,[LRTFeeder] 兆麟,5.11,1862,DATA.GOV.HK pt-headway GTFS
1862-1-287-0558,1862,05:58:00,06:19:00,[CTB] 屯门码头,[LRTFeeder] 兆麟,5.11,1862,DATA.GOV.HK pt-headway GTFS
1862-1-287-0602,1862,06:02:00,06:23:00,[CTB] 屯门码头,[LRTFeeder] 兆麟,5.11,1862,DATA.GOV.HK pt-headway GTFS
1862-1-287-0612,1862,06:12:00,06:33:00,[CTB] 屯门码头,[LRTFeeder] 兆麟,5.11,1862,DATA.GOV.HK pt-headway GTFS
1862-1-287-0616,1862,06:16:00,06:37:00,[CTB] 屯门码头,[LRTFeeder] 兆麟,5.11,1862,DATA.GOV.HK pt-headway GTFS
1862-1-287-0626,1862,06:26:00,06:47:00,[CTB] 屯门码头,[LRTFeeder] 兆麟,5.11,1862,DATA.GOV.HK pt-headway GTFS
1862-1-287-0630,1862,06:30:00,06:51:00,[CTB] 屯门码头,[LRTFeeder] 兆麟,5.11,1862,DATA.GOV.HK pt-headway GTFS
1862-1-287-0640,1862,06:40:00,07:01:00,[CTB] 屯门码头,[LRTFeeder] 兆麟,5.11,1862,DATA.GOV.HK pt-headway GTFS
1862-1-287-0644,1862,06:44:00,07:05:00,[CTB] 屯门码头,[LRTFeeder] 兆麟,5.11,1862,DATA.GOV.HK pt-headway GTFS
1862-1-287-0654,1862,06:54:00,07:15:00,[CTB] 屯门码头,[LRTFeeder] 兆麟,5.11,1862,DATA.GOV.HK pt-headway GTFS
1862-1-287-0658,1862,06:58:00,07:19:00,[CTB] 屯门码头,[LRTFeeder] 兆麟,5.11,1862,DATA.GOV.HK pt-headway GTFS
1862-1-287-0708,1862,07:08:00,07:29:00,[CTB] 屯门码头,[LRTFeeder] 兆麟,5.11,1862,DATA.GOV.HK pt-headway GTFS
1862-1-287-0712,1862,07:12:00,07:33:00,[CTB] 屯门码头,[LRTFeeder] 兆麟,5.11,1862,DATA.GOV.HK pt-headway GTFS
1862-1-287-0722,1862,07:22:00,07:43:00,[CTB] 屯门码头,[LRTFeeder] 兆麟,5.11,1862,DATA.GOV.HK pt-headway GTFS
1862-1-287-0726,1862,07:26:00,07:47:00,[CTB] 屯门码头,[LRTFeeder] 兆麟,5.11,1862,DATA.GOV.HK pt-headway GTFS
1862-1-287-0736,1862,07:36:00,07:57:00,[CTB] 屯门码头,[LRTFeeder] 兆麟,5.11,1862,DATA.GOV.HK pt-headway GTFS
1862-1-287-0740,1862,07:40:00,08:01:00,[CTB] 屯门码头,[LRTFeeder] 兆麟,5.11,1862,DATA.GOV.HK pt-headway GTFS
1862-1-287-0750,1862,07:50:00,08:11:00,[CTB] 屯门码头,[LRTFeeder] 兆麟,5.11,1862,DATA.GOV.HK pt-headway GTFS
1862-1-287-0754,1862,07:54:00,08:15:00,[CTB] 屯门码头,[LRTFeeder] 兆麟,5.11,1862,DATA.GOV.HK pt-headway GTFS
1862-1-287-0804,1862,08:04:00,08:25:00,[CTB] 屯门码头,[LRTFeeder] 兆麟,5.11,1862,DATA.GOV.HK pt-headway GTFS
1862-1-287-0808,1862,08:08:00,08:29:00,[CTB] 屯门码头,[LRTFeeder] 兆麟,5.11,1862,DATA.GOV.HK pt-headway GTFS
1862-1-287-0818,1862,08:18:00,08:39:00,[CTB] 屯门码头,[LRTFeeder] 兆麟,5.11,1862,DATA.GOV.HK pt-headway GTFS
1862-1-287-0822,1862,08:22:00,08:43:00,[CTB] 屯门码头,[LRTFeeder] 兆麟,5.11,1862,DATA.GOV.HK pt-headway GTFS
1862-1-287-0832,1862,08:32:00,08:53:00,[CTB] 屯门码头,[LRTFeeder] 兆麟,5.11,1862,DATA.GOV.HK pt-headway GTFS
1862-1-287-0836,1862,08:36:00,08:57:00,[CTB] 屯门码头,[LRTFeeder] 兆麟,5.11,1862,DATA.GOV.HK pt-headway GTFS
1862-1-287-0846,1862,08:46:00,09:07:00,[CTB] 屯门码头,[LRTFeeder] 兆麟,5.11,1862,DATA.GOV.HK pt-headway GTFS
1862-1-287-0850,1862,08:50:00,09:11:00,[CTB] 屯门码头,[LRTFeeder] 兆麟,5.11,1862,DATA.GOV.HK pt-headway GTFS
1862-1-287-0900,1862,09:00:00,09:21:00,[CTB] 屯门码头,[LRTFeeder] 兆麟,5.11,1862,DATA.GOV.HK pt-headway GTFS
1862-1-287-0904,1862,09:04:00,09:25:00,[CTB] 屯门码头,[LRTFeeder] 兆麟,5.11,1862,DATA.GOV.HK pt-headway GTFS
1862-1-287-0914,1862,09:14:00,09:35:00,[CTB] 屯门码头,[LRTFeeder] 兆麟,5.11,1862,DATA.GOV.HK pt-headway GTFS
1862-1-287-0918,1862,09:18:00,09:39:00,[CTB] 屯门码头,[LRTFeeder] 兆麟,5.11,1862,DATA.GOV.HK pt-headway GTFS
1862-1-287-0928,1862,09:28:00,09:49:00,[CTB] 屯门码头,[LRTFeeder] 兆麟,5.11,1862,DATA.GOV.HK pt-headway GTFS
1862-1-287-0932,1862,09:32:00,09:53:00,[CTB] 屯门码头,[LRTFeeder] 兆麟,5.11,1862,DATA.GOV.HK pt-headway GTFS
1862-1-287-0942,1862,09:42:00,10:03:00,[CTB] 屯门码头,[LRTFeeder] 兆麟,5.11,1862,DATA.GOV.HK pt-headway GTFS
1862-1-287-0946,1862,09:46:00,10:07:00,[CTB] 屯门码头,[LRTFeeder] 兆麟,5.11,1862,DATA.GOV.HK pt-headway GTFS
1862-1-287-0956,1862,09:56:00,10:17:00,[CTB] 屯门码头,[LRTFeeder] 兆麟,5.11,1862,DATA.GOV.HK pt-headway GTFS
1862-1-287-1000,1862,10:00:00,10:21:00,[CTB] 屯门码头,[LRTFeeder] 兆麟,5.11,1862,DATA.GOV.HK pt-headway GTFS
1862-1-287-1010,1862,10:10:00,10:31:00,[CTB] 屯门码头,[LRTFeeder] 兆麟,5.11,1862,DATA.GOV.HK pt-headway GTFS
1862-1-287-1014,1862,10:14:00,10:35:00,[CTB] 屯门码头,[LRTFeeder] 兆麟,5.11,1862,DATA.GOV.HK pt-headway GTFS
1862-1-287-1024,1862,10:24:00,10:45:00,[CTB] 屯门码头,[LRTFeeder] 兆麟,5.11,1862,DATA.GOV.HK pt-headway GTFS
1862-1-287-1028,1862,10:28:00,10:49:00,[CTB] 屯门码头,[LRTFeeder] 兆麟,5.11,1862,DATA.GOV.HK pt-headway GTFS
1862-1-287-1038,1862,10:38:00,10:59:00,[CTB] 屯门码头,[LRTFeeder] 兆麟,5.11,1862,DATA.GOV.HK pt-headway GTFS
1862-1-287-1042,1862,10:42:00,11:03:00,[CTB] 屯门码头,[LRTFeeder] 兆麟,5.11,1862,DATA.GOV.HK pt-headway GTFS
1862-1-287-1052,1862,10:52:00,11:13:00,[CTB] 屯门码头,[LRTFeeder] 兆麟,5.11,1862,DATA.GOV.HK pt-headway GTFS
1862-1-287-1056,1862,10:56:00,11:17:00,[CTB] 屯门码头,[LRTFeeder] 兆麟,5.11,1862,DATA.GOV.HK pt-headway GTFS
1862-1-287-1106,1862,11:06:00,11:27:00,[CTB] 屯门码头,[LRTFeeder] 兆麟,5.11,1862,DATA.GOV.HK pt-headway GTFS
1862-1-287-1110,1862,11:10:00,11:31:00,[CTB] 屯门码头,[LRTFeeder] 兆麟,5.11,1862,DATA.GOV.HK pt-headway GTFS
1862-1-287-1120,1862,11:20:00,11:41:00,[CTB] 屯门码头,[LRTFeeder] 兆麟,5.11,1862,DATA.GOV.HK pt-headway GTFS
1862-1-287-1124,1862,11:24:00,11:45:00,[CTB] 屯门码头,[LRTFeeder] 兆麟,5.11,1862,DATA.GOV.HK pt-headway GTFS
1862-1-287-1134,1862,11:34:00,11:55:00,[CTB] 屯门码头,[LRTFeeder] 兆麟,5.11,1862,DATA.GOV.HK pt-headway GTFS
1862-1-287-1138,1862,11:38:00,11:59:00,[CTB] 屯门码头,[LRTFeeder] 兆麟,5.11,1862,DATA.GOV.HK pt-headway GTFS
1862-1-287-1148,1862,11:48:00,12:09:00,[CTB] 屯门码头,[LRTFeeder] 兆麟,5.11,1862,DATA.GOV.HK pt-headway GTFS
1862-1-287-1152,1862,11:52:00,12:13:00,[CTB] 屯门码头,[LRTFeeder] 兆麟,5.11,1862,DATA.GOV.HK pt-headway GTFS
1862-1-287-1202,1862,12:02:00,12:23:00,[CTB] 屯门码头,[LRTFeeder] 兆麟,5.11,1862,DATA.GOV.HK pt-headway GTFS
1862-1-287-1206,1862,12:06:00,12:27:00,[CTB] 屯门码头,[LRTFeeder] 兆麟,5.11,1862,DATA.GOV.HK pt-headway GTFS
1862-1-287-1216,1862,12:16:00,12:37:00,[CTB] 屯门码头,[LRTFeeder] 兆麟,5.11,1862,DATA.GOV.HK pt-headway GTFS
1862-1-287-1220,1862,12:20:00,12:41:00,[CTB] 屯门码头,[LRTFeeder] 兆麟,5.11,1862,DATA.GOV.HK pt-headway GTFS
1862-1-287-1230,1862,12:30:00,12:51:00,[CTB] 屯门码头,[LRTFeeder] 兆麟,5.11,1862,DATA.GOV.HK pt-headway GTFS
1862-1-287-1234,1862,12:34:00,12:55:00,[CTB] 屯门码头,[LRTFeeder] 兆麟,5.11,1862,DATA.GOV.HK pt-headway GTFS
1862-1-287-1244,1862,12:44:00,13:05:00,[CTB] 屯门码头,[LRTFeeder] 兆麟,5.11,1862,DATA.GOV.HK pt-headway GTFS
1862-1-287-1248,1862,12:48:00,13:09:00,[CTB] 屯门码头,[LRTFeeder] 兆麟,5.11,1862,DATA.GOV.HK pt-headway GTFS
1862-1-287-1258,1862,12:58:00,13:19:00,[CTB] 屯门码头,[LRTFeeder] 兆麟,5.11,1862,DATA.GOV.HK pt-headway GTFS
1862-1-287-1302,1862,13:02:00,13:23:00,[CTB] 屯门码头,[LRTFeeder] 兆麟,5.11,1862,DATA.GOV.HK pt-headway GTFS
1862-1-287-1312,1862,13:12:00,13:33:00,[CTB] 屯门码头,[LRTFeeder] 兆麟,5.11,1862,DATA.GOV.HK pt-headway GTFS
1862-1-287-1316,1862,13:16:00,13:37:00,[CTB] 屯门码头,[LRTFeeder] 兆麟,5.11,1862,DATA.GOV.HK pt-headway GTFS
1862-1-287-1326,1862,13:26:00,13:47:00,[CTB] 屯门码头,[LRTFeeder] 兆麟,5.11,1862,DATA.GOV.HK pt-headway GTFS
1862-1-287-1330,1862,13:30:00,13:51:00,[CTB] 屯门码头,[LRTFeeder] 兆麟,5.11,1862,DATA.GOV.HK pt-headway GTFS
1862-1-287-1340,1862,13:40:00,14:01:00,[CTB] 屯门码头,[LRTFeeder] 兆麟,5.11,1862,DATA.GOV.HK pt-headway GTFS
1862-1-287-1344,1862,13:44:00,14:05:00,[CTB] 屯门码头,[LRTFeeder] 兆麟,5.11,1862,DATA.GOV.HK pt-headway GTFS
1862-1-287-1354,1862,13:54:00,14:15:00,[CTB] 屯门码头,[LRTFeeder] 兆麟,5.11,1862,DATA.GOV.HK pt-headway GTFS
1862-1-287-1358,1862,13:58:00,14:19:00,[CTB] 屯门码头,[LRTFeeder] 兆麟,5.11,1862,DATA.GOV.HK pt-headway GTFS
1862-1-287-1408,1862,14:08:00,14:29:00,[CTB] 屯门码头,[LRTFeeder] 兆麟,5.11,1862,DATA.GOV.HK pt-headway GTFS
1862-1-287-1412,1862,14:12:00,14:33:00,[CTB] 屯门码头,[LRTFeeder] 兆麟,5.11,1862,DATA.GOV.HK pt-headway GTFS
1862-1-287-1422,1862,14:22:00,14:43:00,[CTB] 屯门码头,[LRTFeeder] 兆麟,5.11,1862,DATA.GOV.HK pt-headway GTFS
1862-1-287-1426,1862,14:26:00,14:47:00,[CTB] 屯门码头,[LRTFeeder] 兆麟,5.11,1862,DATA.GOV.HK pt-headway GTFS
1862-1-287-1436,1862,14:36:00,14:57:00,[CTB] 屯门码头,[LRTFeeder] 兆麟,5.11,1862,DATA.GOV.HK pt-headway GTFS
1862-1-287-1440,1862,14:40:00,15:01:00,[CTB] 屯门码头,[LRTFeeder] 兆麟,5.11,1862,DATA.GOV.HK pt-headway GTFS
1862-1-287-1450,1862,14:50:00,15:11:00,[CTB] 屯门码头,[LRTFeeder] 兆麟,5.11,1862,DATA.GOV.HK pt-headway GTFS
1862-1-287-1454,1862,14:54:00,15:15:00,[CTB] 屯门码头,[LRTFeeder] 兆麟,5.11,1862,DATA.GOV.HK pt-headway GTFS
1862-1-287-1504,1862,15:04:00,15:25:00,[CTB] 屯门码头,[LRTFeeder] 兆麟,5.11,1862,DATA.GOV.HK pt-headway GTFS
1862-1-287-1508,1862,15:08:00,15:29:00,[CTB] 屯门码头,[LRTFeeder] 兆麟,5.11,1862,DATA.GOV.HK pt-headway GTFS
1862-1-287-1518,1862,15:18:00,15:39:00,[CTB] 屯门码头,[LRTFeeder] 兆麟,5.11,1862,DATA.GOV.HK pt-headway GTFS
1862-1-287-1522,1862,15:22:00,15:43:00,[CTB] 屯门码头,[LRTFeeder] 兆麟,5.11,1862,DATA.GOV.HK pt-headway GTFS
1862-1-287-1532,1862,15:32:00,15:53:00,[CTB] 屯门码头,[LRTFeeder] 兆麟,5.11,1862,DATA.GOV.HK pt-headway GTFS
1862-1-287-1536,1862,15:36:00,15:57:00,[CTB] 屯门码头,[LRTFeeder] 兆麟,5.11,1862,DATA.GOV.HK pt-headway GTFS
1862-1-287-1546,1862,15:46:00,16:07:00,[CTB] 屯门码头,[LRTFeeder] 兆麟,5.11,1862,DATA.GOV.HK pt-headway GTFS
1862-1-287-1550,1862,15:50:00,16:11:00,[CTB] 屯门码头,[LRTFeeder] 兆麟,5.11,1862,DATA.GOV.HK pt-headway GTFS
1862-1-287-1600,1862,16:00:00,16:21:00,[CTB] 屯门码头,[LRTFeeder] 兆麟,5.11,1862,DATA.GOV.HK pt-headway GTFS
1862-1-287-1604,1862,16:04:00,16:25:00,[CTB] 屯门码头,[LRTFeeder] 兆麟,5.11,1862,DATA.GOV.HK pt-headway GTFS
1862-1-287-1614,1862,16:14:00,16:35:00,[CTB] 屯门码头,[LRTFeeder] 兆麟,5.11,1862,DATA.GOV.HK pt-headway GTFS
1862-1-287-1618,1862,16:18:00,16:39:00,[CTB] 屯门码头,[LRTFeeder] 兆麟,5.11,1862,DATA.GOV.HK pt-headway GTFS
1862-1-287-1628,1862,16:28:00,16:49:00,[CTB] 屯门码头,[LRTFeeder] 兆麟,5.11,1862,DATA.GOV.HK pt-headway GTFS
1862-1-287-1632,1862,16:32:00,16:53:00,[CTB] 屯门码头,[LRTFeeder] 兆麟,5.11,1862,DATA.GOV.HK pt-headway GTFS
1862-1-287-1642,1862,16:42:00,17:03:00,[CTB] 屯门码头,[LRTFeeder] 兆麟,5.11,1862,DATA.GOV.HK pt-headway GTFS
1862-1-287-1646,1862,16:46:00,17:07:00,[CTB] 屯门码头,[LRTFeeder] 兆麟,5.11,1862,DATA.GOV.HK pt-headway GTFS
1862-1-287-1656,1862,16:56:00,17:17:00,[CTB] 屯门码头,[LRTFeeder] 兆麟,5.11,1862,DATA.GOV.HK pt-headway GTFS
1862-1-287-1700,1862,17:00:00,17:21:00,[CTB] 屯门码头,[LRTFeeder] 兆麟,5.11,1862,DATA.GOV.HK pt-headway GTFS
1862-1-287-1710,1862,17:10:00,17:31:00,[CTB] 屯门码头,[LRTFeeder] 兆麟,5.11,1862,DATA.GOV.HK pt-headway GTFS
1862-1-287-1714,1862,17:14:00,17:35:00,[CTB] 屯门码头,[LRTFeeder] 兆麟,5.11,1862,DATA.GOV.HK pt-headway GTFS
1862-1-287-1724,1862,17:24:00,17:45:00,[CTB] 屯门码头,[LRTFeeder] 兆麟,5.11,1862,DATA.GOV.HK pt-headway GTFS
1862-1-287-1728,1862,17:28:00,17:49:00,[CTB] 屯门码头,[LRTFeeder] 兆麟,5.11,1862,DATA.GOV.HK pt-headway GTFS
1862-1-287-1738,1862,17:38:00,17:59:00,[CTB] 屯门码头,[LRTFeeder] 兆麟,5.11,1862,DATA.GOV.HK pt-headway GTFS
1862-1-287-1742,1862,17:42:00,18:03:00,[CTB] 屯门码头,[LRTFeeder] 兆麟,5.11,1862,DATA.GOV.HK pt-headway GTFS
1862-1-287-1752,1862,17:52:00,18:13:00,[CTB] 屯门码头,[LRTFeeder] 兆麟,5.11,1862,DATA.GOV.HK pt-headway GTFS
1862-1-287-1756,1862,17:56:00,18:17:00,[CTB] 屯门码头,[LRTFeeder] 兆麟,5.11,1862,DATA.GOV.HK pt-headway GTFS
1862-1-287-1806,1862,18:06:00,18:27:00,[CTB] 屯门码头,[LRTFeeder] 兆麟,5.11,1862,DATA.GOV.HK pt-headway GTFS
1862-1-287-1810,1862,18:10:00,18:31:00,[CTB] 屯门码头,[LRTFeeder] 兆麟,5.11,1862,DATA.GOV.HK pt-headway GTFS
1862-1-287-1820,1862,18:20:00,18:41:00,[CTB] 屯门码头,[LRTFeeder] 兆麟,5.11,1862,DATA.GOV.HK pt-headway GTFS
1862-1-287-1824,1862,18:24:00,18:45:00,[CTB] 屯门码头,[LRTFeeder] 兆麟,5.11,1862,DATA.GOV.HK pt-headway GTFS
1862-1-287-1834,1862,18:34:00,18:55:00,[CTB] 屯门码头,[LRTFeeder] 兆麟,5.11,1862,DATA.GOV.HK pt-headway GTFS
1862-1-287-1838,1862,18:38:00,18:59:00,[CTB] 屯门码头,[LRTFeeder] 兆麟,5.11,1862,DATA.GOV.HK pt-headway GTFS
1862-1-287-1848,1862,18:48:00,19:09:00,[CTB] 屯门码头,[LRTFeeder] 兆麟,5.11,1862,DATA.GOV.HK pt-headway GTFS
1862-1-287-1852,1862,18:52:00,19:13:00,[CTB] 屯门码头,[LRTFeeder] 兆麟,5.11,1862,DATA.GOV.HK pt-headway GTFS
1862-1-287-1902,1862,19:02:00,19:23:00,[CTB] 屯门码头,[LRTFeeder] 兆麟,5.11,1862,DATA.GOV.HK pt-headway GTFS
1862-1-287-1906,1862,19:06:00,19:27:00,[CTB] 屯门码头,[LRTFeeder] 兆麟,5.11,1862,DATA.GOV.HK pt-headway GTFS
1862-1-287-1916,1862,19:16:00,19:37:00,[CTB] 屯门码头,[LRTFeeder] 兆麟,5.11,1862,DATA.GOV.HK pt-headway GTFS
1862-1-287-1920,1862,19:20:00,19:41:00,[CTB] 屯门码头,[LRTFeeder] 兆麟,5.11,1862,DATA.GOV.HK pt-headway GTFS
1862-1-287-1930,1862,19:30:00,19:51:00,[CTB] 屯门码头,[LRTFeeder] 兆麟,5.11,1862,DATA.GOV.HK pt-headway GTFS
1862-1-287-1934,1862,19:34:00,19:55:00,[CTB] 屯门码头,[LRTFeeder] 兆麟,5.11,1862,DATA.GOV.HK pt-headway GTFS
1862-1-287-1944,1862,19:44:00,20:05:00,[CTB] 屯门码头,[LRTFeeder] 兆麟,5.11,1862,DATA.GOV.HK pt-headway GTFS
1862-1-287-1948,1862,19:48:00,20:09:00,[CTB] 屯门码头,[LRTFeeder] 兆麟,5.11,1862,DATA.GOV.HK pt-headway GTFS
1862-1-287-1958,1862,19:58:00,20:19:00,[CTB] 屯门码头,[LRTFeeder] 兆麟,5.11,1862,DATA.GOV.HK pt-headway GTFS
1862-1-287-2002,1862,20:02:00,20:23:00,[CTB] 屯门码头,[LRTFeeder] 兆麟,5.11,1862,DATA.GOV.HK pt-headway GTFS
1862-1-287-2012,1862,20:12:00,20:33:00,[CTB] 屯门码头,[LRTFeeder] 兆麟,5.11,1862,DATA.GOV.HK pt-headway GTFS
1862-1-287-2016,1862,20:16:00,20:37:00,[CTB] 屯门码头,[LRTFeeder] 兆麟,5.11,1862,DATA.GOV.HK pt-headway GTFS
1862-1-287-2026,1862,20:26:00,20:47:00,[CTB] 屯门码头,[LRTFeeder] 兆麟,5.11,1862,DATA.GOV.HK pt-headway GTFS
1862-1-287-2030,1862,20:30:00,20:51:00,[CTB] 屯门码头,[LRTFeeder] 兆麟,5.11,1862,DATA.GOV.HK pt-headway GTFS
1862-1-287-2040,1862,20:40:00,21:01:00,[CTB] 屯门码头,[LRTFeeder] 兆麟,5.11,1862,DATA.GOV.HK pt-headway GTFS
1862-1-287-2044,1862,20:44:00,21:05:00,[CTB] 屯门码头,[LRTFeeder] 兆麟,5.11,1862,DATA.GOV.HK pt-headway GTFS
1862-1-287-2054,1862,20:54:00,21:15:00,[CTB] 屯门码头,[LRTFeeder] 兆麟,5.11,1862,DATA.GOV.HK pt-headway GTFS
1862-1-287-2058,1862,20:58:00,21:19:00,[CTB] 屯门码头,[LRTFeeder] 兆麟,5.11,1862,DATA.GOV.HK pt-headway GTFS
1862-1-287-2108,1862,21:08:00,21:29:00,[CTB] 屯门码头,[LRTFeeder] 兆麟,5.11,1862,DATA.GOV.HK pt-headway GTFS
1862-1-287-2112,1862,21:12:00,21:33:00,[CTB] 屯门码头,[LRTFeeder] 兆麟,5.11,1862,DATA.GOV.HK pt-headway GTFS
1862-1-287-2122,1862,21:22:00,21:43:00,[CTB] 屯门码头,[LRTFeeder] 兆麟,5.11,1862,DATA.GOV.HK pt-headway GTFS
1862-1-287-2126,1862,21:26:00,21:47:00,[CTB] 屯门码头,[LRTFeeder] 兆麟,5.11,1862,DATA.GOV.HK pt-headway GTFS
1862-1-287-2136,1862,21:36:00,21:57:00,[CTB] 屯门码头,[LRTFeeder] 兆麟,5.11,1862,DATA.GOV.HK pt-headway GTFS
1862-1-287-2140,1862,21:40:00,22:01:00,[CTB] 屯门码头,[LRTFeeder] 兆麟,5.11,1862,DATA.GOV.HK pt-headway GTFS
1862-1-287-2150,1862,21:50:00,22:11:00,[CTB] 屯门码头,[LRTFeeder] 兆麟,5.11,1862,DATA.GOV.HK pt-headway GTFS
1862-1-287-2154,1862,21:54:00,22:15:00,[CTB] 屯门码头,[LRTFeeder] 兆麟,5.11,1862,DATA.GOV.HK pt-headway GTFS
1862-1-287-2204,1862,22:04:00,22:25:00,[CTB] 屯门码头,[LRTFeeder] 兆麟,5.11,1862,DATA.GOV.HK pt-headway GTFS
1862-1-287-2208,1862,22:08:00,22:29:00,[CTB] 屯门码头,[LRTFeeder] 兆麟,5.11,1862,DATA.GOV.HK pt-headway GTFS
1862-1-287-2218,1862,22:18:00,22:39:00,[CTB] 屯门码头,[LRTFeeder] 兆麟,5.11,1862,DATA.GOV.HK pt-headway GTFS
1862-1-287-2222,1862,22:22:00,22:43:00,[CTB] 屯门码头,[LRTFeeder] 兆麟,5.11,1862,DATA.GOV.HK pt-headway GTFS
1862-1-287-2232,1862,22:32:00,22:53:00,[CTB] 屯门码头,[LRTFeeder] 兆麟,5.11,1862,DATA.GOV.HK pt-headway GTFS
1862-1-287-2236,1862,22:36:00,22:57:00,[CTB] 屯门码头,[LRTFeeder] 兆麟,5.11,1862,DATA.GOV.HK pt-headway GTFS
1862-1-287-2246,1862,22:46:00,23:07:00,[CTB] 屯门码头,[LRTFeeder] 兆麟,5.11,1862,DATA.GOV.HK pt-headway GTFS
1862-1-287-2250,1862,22:50:00,23:11:00,[CTB] 屯门码头,[LRTFeeder] 兆麟,5.11,1862,DATA.GOV.HK pt-headway GTFS
1862-1-287-2300,1862,23:00:00,23:21:00,[CTB] 屯门码头,[LRTFeeder] 兆麟,5.11,1862,DATA.GOV.HK pt-headway GTFS
1862-1-287-2304,1862,23:04:00,23:25:00,[CTB] 屯门码头,[LRTFeeder] 兆麟,5.11,1862,DATA.GOV.HK pt-headway GTFS
1862-1-287-2314,1862,23:14:00,23:35:00,[CTB] 屯门码头,[LRTFeeder] 兆麟,5.11,1862,DATA.GOV.HK pt-headway GTFS
1862-1-287-2318,1862,23:18:00,23:39:00,[CTB] 屯门码头,[LRTFeeder] 兆麟,5.11,1862,DATA.GOV.HK pt-headway GTFS
1862-1-287-2328,1862,23:28:00,23:49:00,[CTB] 屯门码头,[LRTFeeder] 兆麟,5.11,1862,DATA.GOV.HK pt-headway GTFS
1862-1-287-2332,1862,23:32:00,23:53:00,[CTB] 屯门码头,[LRTFeeder] 兆麟,5.11,1862,DATA.GOV.HK pt-headway GTFS
1862-1-287-2342,1862,23:42:00,24:03:00,[CTB] 屯门码头,[LRTFeeder] 兆麟,5.11,1862,DATA.GOV.HK pt-headway GTFS
1862-1-287-2346,1862,23:46:00,24:07:00,[CTB] 屯门码头,[LRTFeeder] 兆麟,5.11,1862,DATA.GOV.HK pt-headway GTFS
1862-1-287-2356,1862,23:56:00,24:17:00,[CTB] 屯门码头,[LRTFeeder] 兆麟,5.11,1862,DATA.GOV.HK pt-headway GTFS
1862-1-287-2400,1862,24:00:00,24:21:00,[CTB] 屯门码头,[LRTFeeder] 兆麟,5.11,1862,DATA.GOV.HK pt-headway GTFS
1862-1-287-2410,1862,24:10:00,24:31:00,[CTB] 屯门码头,[LRTFeeder] 兆麟,5.11,1862,DATA.GOV.HK pt-headway GTFS
1862-1-287-2414,1862,24:14:00,24:35:00,[CTB] 屯门码头,[LRTFeeder] 兆麟,5.11,1862,DATA.GOV.HK pt-headway GTFS
1862-1-287-2424,1862,24:24:00,24:45:00,[CTB] 屯门码头,[LRTFeeder] 兆麟,5.11,1862,DATA.GOV.HK pt-headway GTFS
1862-1-287-2428,1862,24:28:00,24:49:00,[CTB] 屯门码头,[LRTFeeder] 兆麟,5.11,1862,DATA.GOV.HK pt-headway GTFS
1862-2-287-0545,1862,05:45:00,06:06:00,[LRTFeeder] 兆麟,[CTB] 屯门码头,4.50,1862,DATA.GOV.HK pt-headway GTFS
1862-2-287-0549,1862,05:49:00,06:10:00,[LRTFeeder] 兆麟,[CTB] 屯门码头,4.50,1862,DATA.GOV.HK pt-headway GTFS
1862-2-287-0559,1862,05:59:00,06:20:00,[LRTFeeder] 兆麟,[CTB] 屯门码头,4.50,1862,DATA.GOV.HK pt-headway GTFS
1862-2-287-0603,1862,06:03:00,06:24:00,[LRTFeeder] 兆麟,[CTB] 屯门码头,4.50,1862,DATA.GOV.HK pt-headway GTFS
1862-2-287-0613,1862,06:13:00,06:34:00,[LRTFeeder] 兆麟,[CTB] 屯门码头,4.50,1862,DATA.GOV.HK pt-headway GTFS
1862-2-287-0617,1862,06:17:00,06:38:00,[LRTFeeder] 兆麟,[CTB] 屯门码头,4.50,1862,DATA.GOV.HK pt-headway GTFS
1862-2-287-0627,1862,06:27:00,06:48:00,[LRTFeeder] 兆麟,[CTB] 屯门码头,4.50,1862,DATA.GOV.HK pt-headway GTFS
1862-2-287-0631,1862,06:31:00,06:52:00,[LRTFeeder] 兆麟,[CTB] 屯门码头,4.50,1862,DATA.GOV.HK pt-headway GTFS
1862-2-287-0641,1862,06:41:00,07:02:00,[LRTFeeder] 兆麟,[CTB] 屯门码头,4.50,1862,DATA.GOV.HK pt-headway GTFS
1862-2-287-0645,1862,06:45:00,07:06:00,[LRTFeeder] 兆麟,[CTB] 屯门码头,4.50,1862,DATA.GOV.HK pt-headway GTFS
1862-2-287-0655,1862,06:55:00,07:16:00,[LRTFeeder] 兆麟,[CTB] 屯门码头,4.50,1862,DATA.GOV.HK pt-headway GTFS
1862-2-287-0659,1862,06:59:00,07:20:00,[LRTFeeder] 兆麟,[CTB] 屯门码头,4.50,1862,DATA.GOV.HK pt-headway GTFS
1862-2-287-0709,1862,07:09:00,07:30:00,[LRTFeeder] 兆麟,[CTB] 屯门码头,4.50,1862,DATA.GOV.HK pt-headway GTFS
1862-2-287-0713,1862,07:13:00,07:34:00,[LRTFeeder] 兆麟,[CTB] 屯门码头,4.50,1862,DATA.GOV.HK pt-headway GTFS
1862-2-287-0723,1862,07:23:00,07:44:00,[LRTFeeder] 兆麟,[CTB] 屯门码头,4.50,1862,DATA.GOV.HK pt-headway GTFS
1862-2-287-0727,1862,07:27:00,07:48:00,[LRTFeeder] 兆麟,[CTB] 屯门码头,4.50,1862,DATA.GOV.HK pt-headway GTFS
1862-2-287-0737,1862,07:37:00,07:58:00,[LRTFeeder] 兆麟,[CTB] 屯门码头,4.50,1862,DATA.GOV.HK pt-headway GTFS
1862-2-287-0741,1862,07:41:00,08:02:00,[LRTFeeder] 兆麟,[CTB] 屯门码头,4.50,1862,DATA.GOV.HK pt-headway GTFS
1862-2-287-0751,1862,07:51:00,08:12:00,[LRTFeeder] 兆麟,[CTB] 屯门码头,4.50,1862,DATA.GOV.HK pt-headway GTFS
1862-2-287-0755,1862,07:55:00,08:16:00,[LRTFeeder] 兆麟,[CTB] 屯门码头,4.50,1862,DATA.GOV.HK pt-headway GTFS
1862-2-287-0805,1862,08:05:00,08:26:00,[LRTFeeder] 兆麟,[CTB] 屯门码头,4.50,1862,DATA.GOV.HK pt-headway GTFS
1862-2-287-0809,1862,08:09:00,08:30:00,[LRTFeeder] 兆麟,[CTB] 屯门码头,4.50,1862,DATA.GOV.HK pt-headway GTFS
1862-2-287-0819,1862,08:19:00,08:40:00,[LRTFeeder] 兆麟,[CTB] 屯门码头,4.50,1862,DATA.GOV.HK pt-headway GTFS
1862-2-287-0823,1862,08:23:00,08:44:00,[LRTFeeder] 兆麟,[CTB] 屯门码头,4.50,1862,DATA.GOV.HK pt-headway GTFS
1862-2-287-0833,1862,08:33:00,08:54:00,[LRTFeeder] 兆麟,[CTB] 屯门码头,4.50,1862,DATA.GOV.HK pt-headway GTFS
1862-2-287-0837,1862,08:37:00,08:58:00,[LRTFeeder] 兆麟,[CTB] 屯门码头,4.50,1862,DATA.GOV.HK pt-headway GTFS
1862-2-287-0847,1862,08:47:00,09:08:00,[LRTFeeder] 兆麟,[CTB] 屯门码头,4.50,1862,DATA.GOV.HK pt-headway GTFS
1862-2-287-0851,1862,08:51:00,09:12:00,[LRTFeeder] 兆麟,[CTB] 屯门码头,4.50,1862,DATA.GOV.HK pt-headway GTFS
1862-2-287-0901,1862,09:01:00,09:22:00,[LRTFeeder] 兆麟,[CTB] 屯门码头,4.50,1862,DATA.GOV.HK pt-headway GTFS
1862-2-287-0905,1862,09:05:00,09:26:00,[LRTFeeder] 兆麟,[CTB] 屯门码头,4.50,1862,DATA.GOV.HK pt-headway GTFS
1862-2-287-0915,1862,09:15:00,09:36:00,[LRTFeeder] 兆麟,[CTB] 屯门码头,4.50,1862,DATA.GOV.HK pt-headway GTFS
1862-2-287-0919,1862,09:19:00,09:40:00,[LRTFeeder] 兆麟,[CTB] 屯门码头,4.50,1862,DATA.GOV.HK pt-headway GTFS
1862-2-287-0929,1862,09:29:00,09:50:00,[LRTFeeder] 兆麟,[CTB] 屯门码头,4.50,1862,DATA.GOV.HK pt-headway GTFS
1862-2-287-0933,1862,09:33:00,09:54:00,[LRTFeeder] 兆麟,[CTB] 屯门码头,4.50,1862,DATA.GOV.HK pt-headway GTFS
1862-2-287-0943,1862,09:43:00,10:04:00,[LRTFeeder] 兆麟,[CTB] 屯门码头,4.50,1862,DATA.GOV.HK pt-headway GTFS
1862-2-287-0947,1862,09:47:00,10:08:00,[LRTFeeder] 兆麟,[CTB] 屯门码头,4.50,1862,DATA.GOV.HK pt-headway GTFS
1862-2-287-0957,1862,09:57:00,10:18:00,[LRTFeeder] 兆麟,[CTB] 屯门码头,4.50,1862,DATA.GOV.HK pt-headway GTFS
1862-2-287-1001,1862,10:01:00,10:22:00,[LRTFeeder] 兆麟,[CTB] 屯门码头,4.50,1862,DATA.GOV.HK pt-headway GTFS
1862-2-287-1011,1862,10:11:00,10:32:00,[LRTFeeder] 兆麟,[CTB] 屯门码头,4.50,1862,DATA.GOV.HK pt-headway GTFS
1862-2-287-1015,1862,10:15:00,10:36:00,[LRTFeeder] 兆麟,[CTB] 屯门码头,4.50,1862,DATA.GOV.HK pt-headway GTFS
1862-2-287-1025,1862,10:25:00,10:46:00,[LRTFeeder] 兆麟,[CTB] 屯门码头,4.50,1862,DATA.GOV.HK pt-headway GTFS
1862-2-287-1029,1862,10:29:00,10:50:00,[LRTFeeder] 兆麟,[CTB] 屯门码头,4.50,1862,DATA.GOV.HK pt-headway GTFS
1862-2-287-1039,1862,10:39:00,11:00:00,[LRTFeeder] 兆麟,[CTB] 屯门码头,4.50,1862,DATA.GOV.HK pt-headway GTFS
1862-2-287-1043,1862,10:43:00,11:04:00,[LRTFeeder] 兆麟,[CTB] 屯门码头,4.50,1862,DATA.GOV.HK pt-headway GTFS
1862-2-287-1053,1862,10:53:00,11:14:00,[LRTFeeder] 兆麟,[CTB] 屯门码头,4.50,1862,DATA.GOV.HK pt-headway GTFS
1862-2-287-1057,1862,10:57:00,11:18:00,[LRTFeeder] 兆麟,[CTB] 屯门码头,4.50,1862,DATA.GOV.HK pt-headway GTFS
1862-2-287-1107,1862,11:07:00,11:28:00,[LRTFeeder] 兆麟,[CTB] 屯门码头,4.50,1862,DATA.GOV.HK pt-headway GTFS
1862-2-287-1111,1862,11:11:00,11:32:00,[LRTFeeder] 兆麟,[CTB] 屯门码头,4.50,1862,DATA.GOV.HK pt-headway GTFS
1862-2-287-1121,1862,11:21:00,11:42:00,[LRTFeeder] 兆麟,[CTB] 屯门码头,4.50,1862,DATA.GOV.HK pt-headway GTFS
1862-2-287-1125,1862,11:25:00,11:46:00,[LRTFeeder] 兆麟,[CTB] 屯门码头,4.50,1862,DATA.GOV.HK pt-headway GTFS
1862-2-287-1135,1862,11:35:00,11:56:00,[LRTFeeder] 兆麟,[CTB] 屯门码头,4.50,1862,DATA.GOV.HK pt-headway GTFS
1862-2-287-1139,1862,11:39:00,12:00:00,[LRTFeeder] 兆麟,[CTB] 屯门码头,4.50,1862,DATA.GOV.HK pt-headway GTFS
1862-2-287-1149,1862,11:49:00,12:10:00,[LRTFeeder] 兆麟,[CTB] 屯门码头,4.50,1862,DATA.GOV.HK pt-headway GTFS
1862-2-287-1153,1862,11:53:00,12:14:00,[LRTFeeder] 兆麟,[CTB] 屯门码头,4.50,1862,DATA.GOV.HK pt-headway GTFS
1862-2-287-1203,1862,12:03:00,12:24:00,[LRTFeeder] 兆麟,[CTB] 屯门码头,4.50,1862,DATA.GOV.HK pt-headway GTFS
1862-2-287-1207,1862,12:07:00,12:28:00,[LRTFeeder] 兆麟,[CTB] 屯门码头,4.50,1862,DATA.GOV.HK pt-headway GTFS
1862-2-287-1217,1862,12:17:00,12:38:00,[LRTFeeder] 兆麟,[CTB] 屯门码头,4.50,1862,DATA.GOV.HK pt-headway GTFS
1862-2-287-1221,1862,12:21:00,12:42:00,[LRTFeeder] 兆麟,[CTB] 屯门码头,4.50,1862,DATA.GOV.HK pt-headway GTFS
1862-2-287-1231,1862,12:31:00,12:52:00,[LRTFeeder] 兆麟,[CTB] 屯门码头,4.50,1862,DATA.GOV.HK pt-headway GTFS
1862-2-287-1235,1862,12:35:00,12:56:00,[LRTFeeder] 兆麟,[CTB] 屯门码头,4.50,1862,DATA.GOV.HK pt-headway GTFS
1862-2-287-1245,1862,12:45:00,13:06:00,[LRTFeeder] 兆麟,[CTB] 屯门码头,4.50,1862,DATA.GOV.HK pt-headway GTFS
1862-2-287-1249,1862,12:49:00,13:10:00,[LRTFeeder] 兆麟,[CTB] 屯门码头,4.50,1862,DATA.GOV.HK pt-headway GTFS
1862-2-287-1259,1862,12:59:00,13:20:00,[LRTFeeder] 兆麟,[CTB] 屯门码头,4.50,1862,DATA.GOV.HK pt-headway GTFS
1862-2-287-1303,1862,13:03:00,13:24:00,[LRTFeeder] 兆麟,[CTB] 屯门码头,4.50,1862,DATA.GOV.HK pt-headway GTFS
1862-2-287-1313,1862,13:13:00,13:34:00,[LRTFeeder] 兆麟,[CTB] 屯门码头,4.50,1862,DATA.GOV.HK pt-headway GTFS
1862-2-287-1317,1862,13:17:00,13:38:00,[LRTFeeder] 兆麟,[CTB] 屯门码头,4.50,1862,DATA.GOV.HK pt-headway GTFS
1862-2-287-1327,1862,13:27:00,13:48:00,[LRTFeeder] 兆麟,[CTB] 屯门码头,4.50,1862,DATA.GOV.HK pt-headway GTFS
1862-2-287-1331,1862,13:31:00,13:52:00,[LRTFeeder] 兆麟,[CTB] 屯门码头,4.50,1862,DATA.GOV.HK pt-headway GTFS
1862-2-287-1341,1862,13:41:00,14:02:00,[LRTFeeder] 兆麟,[CTB] 屯门码头,4.50,1862,DATA.GOV.HK pt-headway GTFS
1862-2-287-1345,1862,13:45:00,14:06:00,[LRTFeeder] 兆麟,[CTB] 屯门码头,4.50,1862,DATA.GOV.HK pt-headway GTFS
1862-2-287-1355,1862,13:55:00,14:16:00,[LRTFeeder] 兆麟,[CTB] 屯门码头,4.50,1862,DATA.GOV.HK pt-headway GTFS
1862-2-287-1359,1862,13:59:00,14:20:00,[LRTFeeder] 兆麟,[CTB] 屯门码头,4.50,1862,DATA.GOV.HK pt-headway GTFS
1862-2-287-1409,1862,14:09:00,14:30:00,[LRTFeeder] 兆麟,[CTB] 屯门码头,4.50,1862,DATA.GOV.HK pt-headway GTFS
1862-2-287-1413,1862,14:13:00,14:34:00,[LRTFeeder] 兆麟,[CTB] 屯门码头,4.50,1862,DATA.GOV.HK pt-headway GTFS
1862-2-287-1423,1862,14:23:00,14:44:00,[LRTFeeder] 兆麟,[CTB] 屯门码头,4.50,1862,DATA.GOV.HK pt-headway GTFS
1862-2-287-1427,1862,14:27:00,14:48:00,[LRTFeeder] 兆麟,[CTB] 屯门码头,4.50,1862,DATA.GOV.HK pt-headway GTFS
1862-2-287-1437,1862,14:37:00,14:58:00,[LRTFeeder] 兆麟,[CTB] 屯门码头,4.50,1862,DATA.GOV.HK pt-headway GTFS
1862-2-287-1441,1862,14:41:00,15:02:00,[LRTFeeder] 兆麟,[CTB] 屯门码头,4.50,1862,DATA.GOV.HK pt-headway GTFS
1862-2-287-1451,1862,14:51:00,15:12:00,[LRTFeeder] 兆麟,[CTB] 屯门码头,4.50,1862,DATA.GOV.HK pt-headway GTFS
1862-2-287-1455,1862,14:55:00,15:16:00,[LRTFeeder] 兆麟,[CTB] 屯门码头,4.50,1862,DATA.GOV.HK pt-headway GTFS
1862-2-287-1505,1862,15:05:00,15:26:00,[LRTFeeder] 兆麟,[CTB] 屯门码头,4.50,1862,DATA.GOV.HK pt-headway GTFS
1862-2-287-1509,1862,15:09:00,15:30:00,[LRTFeeder] 兆麟,[CTB] 屯门码头,4.50,1862,DATA.GOV.HK pt-headway GTFS
1862-2-287-1519,1862,15:19:00,15:40:00,[LRTFeeder] 兆麟,[CTB] 屯门码头,4.50,1862,DATA.GOV.HK pt-headway GTFS
1862-2-287-1523,1862,15:23:00,15:44:00,[LRTFeeder] 兆麟,[CTB] 屯门码头,4.50,1862,DATA.GOV.HK pt-headway GTFS
1862-2-287-1533,1862,15:33:00,15:54:00,[LRTFeeder] 兆麟,[CTB] 屯门码头,4.50,1862,DATA.GOV.HK pt-headway GTFS
1862-2-287-1537,1862,15:37:00,15:58:00,[LRTFeeder] 兆麟,[CTB] 屯门码头,4.50,1862,DATA.GOV.HK pt-headway GTFS
1862-2-287-1547,1862,15:47:00,16:08:00,[LRTFeeder] 兆麟,[CTB] 屯门码头,4.50,1862,DATA.GOV.HK pt-headway GTFS
1862-2-287-1551,1862,15:51:00,16:12:00,[LRTFeeder] 兆麟,[CTB] 屯门码头,4.50,1862,DATA.GOV.HK pt-headway GTFS
1862-2-287-1601,1862,16:01:00,16:22:00,[LRTFeeder] 兆麟,[CTB] 屯门码头,4.50,1862,DATA.GOV.HK pt-headway GTFS
1862-2-287-1605,1862,16:05:00,16:26:00,[LRTFeeder] 兆麟,[CTB] 屯门码头,4.50,1862,DATA.GOV.HK pt-headway GTFS
1862-2-287-1615,1862,16:15:00,16:36:00,[LRTFeeder] 兆麟,[CTB] 屯门码头,4.50,1862,DATA.GOV.HK pt-headway GTFS
1862-2-287-1619,1862,16:19:00,16:40:00,[LRTFeeder] 兆麟,[CTB] 屯门码头,4.50,1862,DATA.GOV.HK pt-headway GTFS
1862-2-287-1629,1862,16:29:00,16:50:00,[LRTFeeder] 兆麟,[CTB] 屯门码头,4.50,1862,DATA.GOV.HK pt-headway GTFS
1862-2-287-1633,1862,16:33:00,16:54:00,[LRTFeeder] 兆麟,[CTB] 屯门码头,4.50,1862,DATA.GOV.HK pt-headway GTFS
1862-2-287-1643,1862,16:43:00,17:04:00,[LRTFeeder] 兆麟,[CTB] 屯门码头,4.50,1862,DATA.GOV.HK pt-headway GTFS
1862-2-287-1647,1862,16:47:00,17:08:00,[LRTFeeder] 兆麟,[CTB] 屯门码头,4.50,1862,DATA.GOV.HK pt-headway GTFS
1862-2-287-1657,1862,16:57:00,17:18:00,[LRTFeeder] 兆麟,[CTB] 屯门码头,4.50,1862,DATA.GOV.HK pt-headway GTFS
1862-2-287-1701,1862,17:01:00,17:22:00,[LRTFeeder] 兆麟,[CTB] 屯门码头,4.50,1862,DATA.GOV.HK pt-headway GTFS
1862-2-287-1711,1862,17:11:00,17:32:00,[LRTFeeder] 兆麟,[CTB] 屯门码头,4.50,1862,DATA.GOV.HK pt-headway GTFS
1862-2-287-1715,1862,17:15:00,17:36:00,[LRTFeeder] 兆麟,[CTB] 屯门码头,4.50,1862,DATA.GOV.HK pt-headway GTFS
1862-2-287-1725,1862,17:25:00,17:46:00,[LRTFeeder] 兆麟,[CTB] 屯门码头,4.50,1862,DATA.GOV.HK pt-headway GTFS
1862-2-287-1729,1862,17:29:00,17:50:00,[LRTFeeder] 兆麟,[CTB] 屯门码头,4.50,1862,DATA.GOV.HK pt-headway GTFS
1862-2-287-1739,1862,17:39:00,18:00:00,[LRTFeeder] 兆麟,[CTB] 屯门码头,4.50,1862,DATA.GOV.HK pt-headway GTFS
1862-2-287-1743,1862,17:43:00,18:04:00,[LRTFeeder] 兆麟,[CTB] 屯门码头,4.50,1862,DATA.GOV.HK pt-headway GTFS
1862-2-287-1753,1862,17:53:00,18:14:00,[LRTFeeder] 兆麟,[CTB] 屯门码头,4.50,1862,DATA.GOV.HK pt-headway GTFS
1862-2-287-1757,1862,17:57:00,18:18:00,[LRTFeeder] 兆麟,[CTB] 屯门码头,4.50,1862,DATA.GOV.HK pt-headway GTFS
1862-2-287-1807,1862,18:07:00,18:28:00,[LRTFeeder] 兆麟,[CTB] 屯门码头,4.50,1862,DATA.GOV.HK pt-headway GTFS
1862-2-287-1811,1862,18:11:00,18:32:00,[LRTFeeder] 兆麟,[CTB] 屯门码头,4.50,1862,DATA.GOV.HK pt-headway GTFS
1862-2-287-1821,1862,18:21:00,18:42:00,[LRTFeeder] 兆麟,[CTB] 屯门码头,4.50,1862,DATA.GOV.HK pt-headway GTFS
1862-2-287-1825,1862,18:25:00,18:46:00,[LRTFeeder] 兆麟,[CTB] 屯门码头,4.50,1862,DATA.GOV.HK pt-headway GTFS
1862-2-287-1835,1862,18:35:00,18:56:00,[LRTFeeder] 兆麟,[CTB] 屯门码头,4.50,1862,DATA.GOV.HK pt-headway GTFS
1862-2-287-1839,1862,18:39:00,19:00:00,[LRTFeeder] 兆麟,[CTB] 屯门码头,4.50,1862,DATA.GOV.HK pt-headway GTFS
1862-2-287-1849,1862,18:49:00,19:10:00,[LRTFeeder] 兆麟,[CTB] 屯门码头,4.50,1862,DATA.GOV.HK pt-headway GTFS
1862-2-287-1853,1862,18:53:00,19:14:00,[LRTFeeder] 兆麟,[CTB] 屯门码头,4.50,1862,DATA.GOV.HK pt-headway GTFS
1862-2-287-1903,1862,19:03:00,19:24:00,[LRTFeeder] 兆麟,[CTB] 屯门码头,4.50,1862,DATA.GOV.HK pt-headway GTFS
1862-2-287-1907,1862,19:07:00,19:28:00,[LRTFeeder] 兆麟,[CTB] 屯门码头,4.50,1862,DATA.GOV.HK pt-headway GTFS
1862-2-287-1917,1862,19:17:00,19:38:00,[LRTFeeder] 兆麟,[CTB] 屯门码头,4.50,1862,DATA.GOV.HK pt-headway GTFS
1862-2-287-1921,1862,19:21:00,19:42:00,[LRTFeeder] 兆麟,[CTB] 屯门码头,4.50,1862,DATA.GOV.HK pt-headway GTFS
1862-2-287-1931,1862,19:31:00,19:52:00,[LRTFeeder] 兆麟,[CTB] 屯门码头,4.50,1862,DATA.GOV.HK pt-headway GTFS
1862-2-287-1935,1862,19:35:00,19:56:00,[LRTFeeder] 兆麟,[CTB] 屯门码头,4.50,1862,DATA.GOV.HK pt-headway GTFS
1862-2-287-1945,1862,19:45:00,20:06:00,[LRTFeeder] 兆麟,[CTB] 屯门码头,4.50,1862,DATA.GOV.HK pt-headway GTFS
1862-2-287-1949,1862,19:49:00,20:10:00,[LRTFeeder] 兆麟,[CTB] 屯门码头,4.50,1862,DATA.GOV.HK pt-headway GTFS
1862-2-287-1959,1862,19:59:00,20:20:00,[LRTFeeder] 兆麟,[CTB] 屯门码头,4.50,1862,DATA.GOV.HK pt-headway GTFS
1862-2-287-2003,1862,20:03:00,20:24:00,[LRTFeeder] 兆麟,[CTB] 屯门码头,4.50,1862,DATA.GOV.HK pt-headway GTFS
1862-2-287-2013,1862,20:13:00,20:34:00,[LRTFeeder] 兆麟,[CTB] 屯门码头,4.50,1862,DATA.GOV.HK pt-headway GTFS
1862-2-287-2017,1862,20:17:00,20:38:00,[LRTFeeder] 兆麟,[CTB] 屯门码头,4.50,1862,DATA.GOV.HK pt-headway GTFS
1862-2-287-2027,1862,20:27:00,20:48:00,[LRTFeeder] 兆麟,[CTB] 屯门码头,4.50,1862,DATA.GOV.HK pt-headway GTFS
1862-2-287-2031,1862,20:31:00,20:52:00,[LRTFeeder] 兆麟,[CTB] 屯门码头,4.50,1862,DATA.GOV.HK pt-headway GTFS
1862-2-287-2041,1862,20:41:00,21:02:00,[LRTFeeder] 兆麟,[CTB] 屯门码头,4.50,1862,DATA.GOV.HK pt-headway GTFS
1862-2-287-2045,1862,20:45:00,21:06:00,[LRTFeeder] 兆麟,[CTB] 屯门码头,4.50,1862,DATA.GOV.HK pt-headway GTFS
1862-2-287-2055,1862,20:55:00,21:16:00,[LRTFeeder] 兆麟,[CTB] 屯门码头,4.50,1862,DATA.GOV.HK pt-headway GTFS
1862-2-287-2059,1862,20:59:00,21:20:00,[LRTFeeder] 兆麟,[CTB] 屯门码头,4.50,1862,DATA.GOV.HK pt-headway GTFS
1862-2-287-2109,1862,21:09:00,21:30:00,[LRTFeeder] 兆麟,[CTB] 屯门码头,4.50,1862,DATA.GOV.HK pt-headway GTFS
1862-2-287-2113,1862,21:13:00,21:34:00,[LRTFeeder] 兆麟,[CTB] 屯门码头,4.50,1862,DATA.GOV.HK pt-headway GTFS
1862-2-287-2123,1862,21:23:00,21:44:00,[LRTFeeder] 兆麟,[CTB] 屯门码头,4.50,1862,DATA.GOV.HK pt-headway GTFS
1862-2-287-2127,1862,21:27:00,21:48:00,[LRTFeeder] 兆麟,[CTB] 屯门码头,4.50,1862,DATA.GOV.HK pt-headway GTFS
1862-2-287-2137,1862,21:37:00,21:58:00,[LRTFeeder] 兆麟,[CTB] 屯门码头,4.50,1862,DATA.GOV.HK pt-headway GTFS
1862-2-287-2141,1862,21:41:00,22:02:00,[LRTFeeder] 兆麟,[CTB] 屯门码头,4.50,1862,DATA.GOV.HK pt-headway GTFS
1862-2-287-2151,1862,21:51:00,22:12:00,[LRTFeeder] 兆麟,[CTB] 屯门码头,4.50,1862,DATA.GOV.HK pt-headway GTFS
1862-2-287-2155,1862,21:55:00,22:16:00,[LRTFeeder] 兆麟,[CTB] 屯门码头,4.50,1862,DATA.GOV.HK pt-headway GTFS
1862-2-287-2205,1862,22:05:00,22:26:00,[LRTFeeder] 兆麟,[CTB] 屯门码头,4.50,1862,DATA.GOV.HK pt-headway GTFS
1862-2-287-2209,1862,22:09:00,22:30:00,[LRTFeeder] 兆麟,[CTB] 屯门码头,4.50,1862,DATA.GOV.HK pt-headway GTFS
1862-2-287-2219,1862,22:19:00,22:40:00,[LRTFeeder] 兆麟,[CTB] 屯门码头,4.50,1862,DATA.GOV.HK pt-headway GTFS
1862-2-287-2223,1862,22:23:00,22:44:00,[LRTFeeder] 兆麟,[CTB] 屯门码头,4.50,1862,DATA.GOV.HK pt-headway GTFS
1862-2-287-2233,1862,22:33:00,22:54:00,[LRTFeeder] 兆麟,[CTB] 屯门码头,4.50,1862,DATA.GOV.HK pt-headway GTFS
1862-2-287-2237,1862,22:37:00,22:58:00,[LRTFeeder] 兆麟,[CTB] 屯门码头,4.50,1862,DATA.GOV.HK pt-headway GTFS
1862-2-287-2247,1862,22:47:00,23:08:00,[LRTFeeder] 兆麟,[CTB] 屯门码头,4.50,1862,DATA.GOV.HK pt-headway GTFS
1862-2-287-2251,1862,22:51:00,23:12:00,[LRTFeeder] 兆麟,[CTB] 屯门码头,4.50,1862,DATA.GOV.HK pt-headway GTFS
1862-2-287-2301,1862,23:01:00,23:22:00,[LRTFeeder] 兆麟,[CTB] 屯门码头,4.50,1862,DATA.GOV.HK pt-headway GTFS
1862-2-287-2305,1862,23:05:00,23:26:00,[LRTFeeder] 兆麟,[CTB] 屯门码头,4.50,1862,DATA.GOV.HK pt-headway GTFS
1862-2-287-2315,1862,23:15:00,23:36:00,[LRTFeeder] 兆麟,[CTB] 屯门码头,4.50,1862,DATA.GOV.HK pt-headway GTFS
1862-2-287-2319,1862,23:19:00,23:40:00,[LRTFeeder] 兆麟,[CTB] 屯门码头,4.50,1862,DATA.GOV.HK pt-headway GTFS
1862-2-287-2329,1862,23:29:00,23:50:00,[LRTFeeder] 兆麟,[CTB] 屯门码头,4.50,1862,DATA.GOV.HK pt-headway GTFS
1862-2-287-2333,1862,23:33:00,23:54:00,[LRTFeeder] 兆麟,[CTB] 屯门码头,4.50,1862,DATA.GOV.HK pt-headway GTFS
1862-2-287-2343,1862,23:43:00,24:04:00,[LRTFeeder] 兆麟,[CTB] 屯门码头,4.50,1862,DATA.GOV.HK pt-headway GTFS
1862-2-287-2347,1862,23:47:00,24:08:00,[LRTFeeder] 兆麟,[CTB] 屯门码头,4.50,1862,DATA.GOV.HK pt-headway GTFS
1862-2-287-2357,1862,23:57:00,24:18:00,[LRTFeeder] 兆麟,[CTB] 屯门码头,4.50,1862,DATA.GOV.HK pt-headway GTFS
1862-2-287-2401,1862,24:01:00,24:22:00,[LRTFeeder] 兆麟,[CTB] 屯门码头,4.50,1862,DATA.GOV.HK pt-headway GTFS
1862-2-287-2411,1862,24:11:00,24:32:00,[LRTFeeder] 兆麟,[CTB] 屯门码头,4.50,1862,DATA.GOV.HK pt-headway GTFS
1862-2-287-2415,1862,24:15:00,24:36:00,[LRTFeeder] 兆麟,[CTB] 屯门码头,4.50,1862,DATA.GOV.HK pt-headway GTFS
1862-2-287-2425,1862,24:25:00,24:46:00,[LRTFeeder] 兆麟,[CTB] 屯门码头,4.50,1862,DATA.GOV.HK pt-headway GTFS
1862-2-287-2429,1862,24:29:00,24:50:00,[LRTFeeder] 兆麟,[CTB] 屯门码头,4.50,1862,DATA.GOV.HK pt-headway GTFS
1862-2-287-2439,1862,24:39:00,25:00:00,[LRTFeeder] 兆麟,[CTB] 屯门码头,4.50,1862,DATA.GOV.HK pt-headway GTFS
1862-2-287-2443,1862,24:43:00,25:04:00,[LRTFeeder] 兆麟,[CTB] 屯门码头,4.50,1862,DATA.GOV.HK pt-headway GTFS
1862-1-288-0530,1862,05:30:00,05:51:00,[CTB] 屯门码头,[LRTFeeder] 兆麟,5.11,1862,DATA.GOV.HK pt-headway GTFS
1862-1-288-0535,1862,05:35:00,05:56:00,[CTB] 屯门码头,[LRTFeeder] 兆麟,5.11,1862,DATA.GOV.HK pt-headway GTFS
1862-1-288-0545,1862,05:45:00,06:06:00,[CTB] 屯门码头,[LRTFeeder] 兆麟,5.11,1862,DATA.GOV.HK pt-headway GTFS
1862-1-288-0550,1862,05:50:00,06:11:00,[CTB] 屯门码头,[LRTFeeder] 兆麟,5.11,1862,DATA.GOV.HK pt-headway GTFS
1862-1-288-0600,1862,06:00:00,06:21:00,[CTB] 屯门码头,[LRTFeeder] 兆麟,5.11,1862,DATA.GOV.HK pt-headway GTFS
1862-1-288-0605,1862,06:05:00,06:26:00,[CTB] 屯门码头,[LRTFeeder] 兆麟,5.11,1862,DATA.GOV.HK pt-headway GTFS
1862-1-288-0615,1862,06:15:00,06:36:00,[CTB] 屯门码头,[LRTFeeder] 兆麟,5.11,1862,DATA.GOV.HK pt-headway GTFS
1862-1-288-0620,1862,06:20:00,06:41:00,[CTB] 屯门码头,[LRTFeeder] 兆麟,5.11,1862,DATA.GOV.HK pt-headway GTFS
1862-1-288-0630,1862,06:30:00,06:51:00,[CTB] 屯门码头,[LRTFeeder] 兆麟,5.11,1862,DATA.GOV.HK pt-headway GTFS
1862-1-288-0635,1862,06:35:00,06:56:00,[CTB] 屯门码头,[LRTFeeder] 兆麟,5.11,1862,DATA.GOV.HK pt-headway GTFS
1862-1-288-0645,1862,06:45:00,07:06:00,[CTB] 屯门码头,[LRTFeeder] 兆麟,5.11,1862,DATA.GOV.HK pt-headway GTFS
1862-1-288-0650,1862,06:50:00,07:11:00,[CTB] 屯门码头,[LRTFeeder] 兆麟,5.11,1862,DATA.GOV.HK pt-headway GTFS
1862-1-288-0700,1862,07:00:00,07:21:00,[CTB] 屯门码头,[LRTFeeder] 兆麟,5.11,1862,DATA.GOV.HK pt-headway GTFS
1862-1-288-0705,1862,07:05:00,07:26:00,[CTB] 屯门码头,[LRTFeeder] 兆麟,5.11,1862,DATA.GOV.HK pt-headway GTFS
1862-1-288-0715,1862,07:15:00,07:36:00,[CTB] 屯门码头,[LRTFeeder] 兆麟,5.11,1862,DATA.GOV.HK pt-headway GTFS
1862-1-288-0720,1862,07:20:00,07:41:00,[CTB] 屯门码头,[LRTFeeder] 兆麟,5.11,1862,DATA.GOV.HK pt-headway GTFS
1862-1-288-0730,1862,07:30:00,07:51:00,[CTB] 屯门码头,[LRTFeeder] 兆麟,5.11,1862,DATA.GOV.HK pt-headway GTFS
1862-1-288-0735,1862,07:35:00,07:56:00,[CTB] 屯门码头,[LRTFeeder] 兆麟,5.11,1862,DATA.GOV.HK pt-headway GTFS
1862-1-288-0745,1862,07:45:00,08:06:00,[CTB] 屯门码头,[LRTFeeder] 兆麟,5.11,1862,DATA.GOV.HK pt-headway GTFS
1862-1-288-0750,1862,07:50:00,08:11:00,[CTB] 屯门码头,[LRTFeeder] 兆麟,5.11,1862,DATA.GOV.HK pt-headway GTFS
1862-1-288-0800,1862,08:00:00,08:21:00,[CTB] 屯门码头,[LRTFeeder] 兆麟,5.11,1862,DATA.GOV.HK pt-headway GTFS
1862-1-288-0805,1862,08:05:00,08:26:00,[CTB] 屯门码头,[LRTFeeder] 兆麟,5.11,1862,DATA.GOV.HK pt-headway GTFS
1862-1-288-0815,1862,08:15:00,08:36:00,[CTB] 屯门码头,[LRTFeeder] 兆麟,5.11,1862,DATA.GOV.HK pt-headway GTFS
1862-1-288-0820,1862,08:20:00,08:41:00,[CTB] 屯门码头,[LRTFeeder] 兆麟,5.11,1862,DATA.GOV.HK pt-headway GTFS
1862-1-288-0830,1862,08:30:00,08:51:00,[CTB] 屯门码头,[LRTFeeder] 兆麟,5.11,1862,DATA.GOV.HK pt-headway GTFS
1862-1-288-0835,1862,08:35:00,08:56:00,[CTB] 屯门码头,[LRTFeeder] 兆麟,5.11,1862,DATA.GOV.HK pt-headway GTFS
1862-1-288-0845,1862,08:45:00,09:06:00,[CTB] 屯门码头,[LRTFeeder] 兆麟,5.11,1862,DATA.GOV.HK pt-headway GTFS
1862-1-288-0850,1862,08:50:00,09:11:00,[CTB] 屯门码头,[LRTFeeder] 兆麟,5.11,1862,DATA.GOV.HK pt-headway GTFS
1862-1-288-0900,1862,09:00:00,09:21:00,[CTB] 屯门码头,[LRTFeeder] 兆麟,5.11,1862,DATA.GOV.HK pt-headway GTFS
1862-1-288-0905,1862,09:05:00,09:26:00,[CTB] 屯门码头,[LRTFeeder] 兆麟,5.11,1862,DATA.GOV.HK pt-headway GTFS
1862-1-288-0915,1862,09:15:00,09:36:00,[CTB] 屯门码头,[LRTFeeder] 兆麟,5.11,1862,DATA.GOV.HK pt-headway GTFS
1862-1-288-0920,1862,09:20:00,09:41:00,[CTB] 屯门码头,[LRTFeeder] 兆麟,5.11,1862,DATA.GOV.HK pt-headway GTFS
1862-1-288-0930,1862,09:30:00,09:51:00,[CTB] 屯门码头,[LRTFeeder] 兆麟,5.11,1862,DATA.GOV.HK pt-headway GTFS
1862-1-288-0935,1862,09:35:00,09:56:00,[CTB] 屯门码头,[LRTFeeder] 兆麟,5.11,1862,DATA.GOV.HK pt-headway GTFS
1862-1-288-0945,1862,09:45:00,10:06:00,[CTB] 屯门码头,[LRTFeeder] 兆麟,5.11,1862,DATA.GOV.HK pt-headway GTFS
1862-1-288-0950,1862,09:50:00,10:11:00,[CTB] 屯门码头,[LRTFeeder] 兆麟,5.11,1862,DATA.GOV.HK pt-headway GTFS
1862-1-288-1000,1862,10:00:00,10:21:00,[CTB] 屯门码头,[LRTFeeder] 兆麟,5.11,1862,DATA.GOV.HK pt-headway GTFS
1862-1-288-1005,1862,10:05:00,10:26:00,[CTB] 屯门码头,[LRTFeeder] 兆麟,5.11,1862,DATA.GOV.HK pt-headway GTFS
1862-1-288-1015,1862,10:15:00,10:36:00,[CTB] 屯门码头,[LRTFeeder] 兆麟,5.11,1862,DATA.GOV.HK pt-headway GTFS
1862-1-288-1020,1862,10:20:00,10:41:00,[CTB] 屯门码头,[LRTFeeder] 兆麟,5.11,1862,DATA.GOV.HK pt-headway GTFS
1862-1-288-1030,1862,10:30:00,10:51:00,[CTB] 屯门码头,[LRTFeeder] 兆麟,5.11,1862,DATA.GOV.HK pt-headway GTFS
1862-1-288-1035,1862,10:35:00,10:56:00,[CTB] 屯门码头,[LRTFeeder] 兆麟,5.11,1862,DATA.GOV.HK pt-headway GTFS
1862-1-288-1045,1862,10:45:00,11:06:00,[CTB] 屯门码头,[LRTFeeder] 兆麟,5.11,1862,DATA.GOV.HK pt-headway GTFS
1862-1-288-1050,1862,10:50:00,11:11:00,[CTB] 屯门码头,[LRTFeeder] 兆麟,5.11,1862,DATA.GOV.HK pt-headway GTFS
1862-1-288-1100,1862,11:00:00,11:21:00,[CTB] 屯门码头,[LRTFeeder] 兆麟,5.11,1862,DATA.GOV.HK pt-headway GTFS
1862-1-288-1105,1862,11:05:00,11:26:00,[CTB] 屯门码头,[LRTFeeder] 兆麟,5.11,1862,DATA.GOV.HK pt-headway GTFS
1862-1-288-1115,1862,11:15:00,11:36:00,[CTB] 屯门码头,[LRTFeeder] 兆麟,5.11,1862,DATA.GOV.HK pt-headway GTFS
1862-1-288-1120,1862,11:20:00,11:41:00,[CTB] 屯门码头,[LRTFeeder] 兆麟,5.11,1862,DATA.GOV.HK pt-headway GTFS
1862-1-288-1130,1862,11:30:00,11:51:00,[CTB] 屯门码头,[LRTFeeder] 兆麟,5.11,1862,DATA.GOV.HK pt-headway GTFS
1862-1-288-1135,1862,11:35:00,11:56:00,[CTB] 屯门码头,[LRTFeeder] 兆麟,5.11,1862,DATA.GOV.HK pt-headway GTFS
1862-1-288-1145,1862,11:45:00,12:06:00,[CTB] 屯门码头,[LRTFeeder] 兆麟,5.11,1862,DATA.GOV.HK pt-headway GTFS
1862-1-288-1150,1862,11:50:00,12:11:00,[CTB] 屯门码头,[LRTFeeder] 兆麟,5.11,1862,DATA.GOV.HK pt-headway GTFS
1862-1-288-1200,1862,12:00:00,12:21:00,[CTB] 屯门码头,[LRTFeeder] 兆麟,5.11,1862,DATA.GOV.HK pt-headway GTFS
1862-1-288-1205,1862,12:05:00,12:26:00,[CTB] 屯门码头,[LRTFeeder] 兆麟,5.11,1862,DATA.GOV.HK pt-headway GTFS
1862-1-288-1215,1862,12:15:00,12:36:00,[CTB] 屯门码头,[LRTFeeder] 兆麟,5.11,1862,DATA.GOV.HK pt-headway GTFS
1862-1-288-1220,1862,12:20:00,12:41:00,[CTB] 屯门码头,[LRTFeeder] 兆麟,5.11,1862,DATA.GOV.HK pt-headway GTFS
1862-1-288-1230,1862,12:30:00,12:51:00,[CTB] 屯门码头,[LRTFeeder] 兆麟,5.11,1862,DATA.GOV.HK pt-headway GTFS
1862-1-288-1235,1862,12:35:00,12:56:00,[CTB] 屯门码头,[LRTFeeder] 兆麟,5.11,1862,DATA.GOV.HK pt-headway GTFS
1862-1-288-1245,1862,12:45:00,13:06:00,[CTB] 屯门码头,[LRTFeeder] 兆麟,5.11,1862,DATA.GOV.HK pt-headway GTFS
1862-1-288-1250,1862,12:50:00,13:11:00,[CTB] 屯门码头,[LRTFeeder] 兆麟,5.11,1862,DATA.GOV.HK pt-headway GTFS
1862-1-288-1300,1862,13:00:00,13:21:00,[CTB] 屯门码头,[LRTFeeder] 兆麟,5.11,1862,DATA.GOV.HK pt-headway GTFS
1862-1-288-1305,1862,13:05:00,13:26:00,[CTB] 屯门码头,[LRTFeeder] 兆麟,5.11,1862,DATA.GOV.HK pt-headway GTFS
1862-1-288-1315,1862,13:15:00,13:36:00,[CTB] 屯门码头,[LRTFeeder] 兆麟,5.11,1862,DATA.GOV.HK pt-headway GTFS
1862-1-288-1320,1862,13:20:00,13:41:00,[CTB] 屯门码头,[LRTFeeder] 兆麟,5.11,1862,DATA.GOV.HK pt-headway GTFS
1862-1-288-1330,1862,13:30:00,13:51:00,[CTB] 屯门码头,[LRTFeeder] 兆麟,5.11,1862,DATA.GOV.HK pt-headway GTFS
1862-1-288-1335,1862,13:35:00,13:56:00,[CTB] 屯门码头,[LRTFeeder] 兆麟,5.11,1862,DATA.GOV.HK pt-headway GTFS
1862-1-288-1345,1862,13:45:00,14:06:00,[CTB] 屯门码头,[LRTFeeder] 兆麟,5.11,1862,DATA.GOV.HK pt-headway GTFS
1862-1-288-1350,1862,13:50:00,14:11:00,[CTB] 屯门码头,[LRTFeeder] 兆麟,5.11,1862,DATA.GOV.HK pt-headway GTFS
1862-1-288-1400,1862,14:00:00,14:21:00,[CTB] 屯门码头,[LRTFeeder] 兆麟,5.11,1862,DATA.GOV.HK pt-headway GTFS
1862-1-288-1405,1862,14:05:00,14:26:00,[CTB] 屯门码头,[LRTFeeder] 兆麟,5.11,1862,DATA.GOV.HK pt-headway GTFS
1862-1-288-1415,1862,14:15:00,14:36:00,[CTB] 屯门码头,[LRTFeeder] 兆麟,5.11,1862,DATA.GOV.HK pt-headway GTFS
1862-1-288-1420,1862,14:20:00,14:41:00,[CTB] 屯门码头,[LRTFeeder] 兆麟,5.11,1862,DATA.GOV.HK pt-headway GTFS
1862-1-288-1430,1862,14:30:00,14:51:00,[CTB] 屯门码头,[LRTFeeder] 兆麟,5.11,1862,DATA.GOV.HK pt-headway GTFS
1862-1-288-1435,1862,14:35:00,14:56:00,[CTB] 屯门码头,[LRTFeeder] 兆麟,5.11,1862,DATA.GOV.HK pt-headway GTFS
1862-1-288-1445,1862,14:45:00,15:06:00,[CTB] 屯门码头,[LRTFeeder] 兆麟,5.11,1862,DATA.GOV.HK pt-headway GTFS
1862-1-288-1450,1862,14:50:00,15:11:00,[CTB] 屯门码头,[LRTFeeder] 兆麟,5.11,1862,DATA.GOV.HK pt-headway GTFS
1862-1-288-1500,1862,15:00:00,15:21:00,[CTB] 屯门码头,[LRTFeeder] 兆麟,5.11,1862,DATA.GOV.HK pt-headway GTFS
1862-1-288-1505,1862,15:05:00,15:26:00,[CTB] 屯门码头,[LRTFeeder] 兆麟,5.11,1862,DATA.GOV.HK pt-headway GTFS
1862-1-288-1515,1862,15:15:00,15:36:00,[CTB] 屯门码头,[LRTFeeder] 兆麟,5.11,1862,DATA.GOV.HK pt-headway GTFS
1862-1-288-1520,1862,15:20:00,15:41:00,[CTB] 屯门码头,[LRTFeeder] 兆麟,5.11,1862,DATA.GOV.HK pt-headway GTFS
1862-1-288-1530,1862,15:30:00,15:51:00,[CTB] 屯门码头,[LRTFeeder] 兆麟,5.11,1862,DATA.GOV.HK pt-headway GTFS
1862-1-288-1535,1862,15:35:00,15:56:00,[CTB] 屯门码头,[LRTFeeder] 兆麟,5.11,1862,DATA.GOV.HK pt-headway GTFS
1862-1-288-1545,1862,15:45:00,16:06:00,[CTB] 屯门码头,[LRTFeeder] 兆麟,5.11,1862,DATA.GOV.HK pt-headway GTFS
1862-1-288-1550,1862,15:50:00,16:11:00,[CTB] 屯门码头,[LRTFeeder] 兆麟,5.11,1862,DATA.GOV.HK pt-headway GTFS
1862-1-288-1600,1862,16:00:00,16:21:00,[CTB] 屯门码头,[LRTFeeder] 兆麟,5.11,1862,DATA.GOV.HK pt-headway GTFS
1862-1-288-1605,1862,16:05:00,16:26:00,[CTB] 屯门码头,[LRTFeeder] 兆麟,5.11,1862,DATA.GOV.HK pt-headway GTFS
1862-1-288-1615,1862,16:15:00,16:36:00,[CTB] 屯门码头,[LRTFeeder] 兆麟,5.11,1862,DATA.GOV.HK pt-headway GTFS
1862-1-288-1620,1862,16:20:00,16:41:00,[CTB] 屯门码头,[LRTFeeder] 兆麟,5.11,1862,DATA.GOV.HK pt-headway GTFS
1862-1-288-1630,1862,16:30:00,16:51:00,[CTB] 屯门码头,[LRTFeeder] 兆麟,5.11,1862,DATA.GOV.HK pt-headway GTFS
1862-1-288-1635,1862,16:35:00,16:56:00,[CTB] 屯门码头,[LRTFeeder] 兆麟,5.11,1862,DATA.GOV.HK pt-headway GTFS
1862-1-288-1645,1862,16:45:00,17:06:00,[CTB] 屯门码头,[LRTFeeder] 兆麟,5.11,1862,DATA.GOV.HK pt-headway GTFS
1862-1-288-1650,1862,16:50:00,17:11:00,[CTB] 屯门码头,[LRTFeeder] 兆麟,5.11,1862,DATA.GOV.HK pt-headway GTFS
1862-1-288-1700,1862,17:00:00,17:21:00,[CTB] 屯门码头,[LRTFeeder] 兆麟,5.11,1862,DATA.GOV.HK pt-headway GTFS
1862-1-288-1705,1862,17:05:00,17:26:00,[CTB] 屯门码头,[LRTFeeder] 兆麟,5.11,1862,DATA.GOV.HK pt-headway GTFS
1862-1-288-1715,1862,17:15:00,17:36:00,[CTB] 屯门码头,[LRTFeeder] 兆麟,5.11,1862,DATA.GOV.HK pt-headway GTFS
1862-1-288-1720,1862,17:20:00,17:41:00,[CTB] 屯门码头,[LRTFeeder] 兆麟,5.11,1862,DATA.GOV.HK pt-headway GTFS
1862-1-288-1730,1862,17:30:00,17:51:00,[CTB] 屯门码头,[LRTFeeder] 兆麟,5.11,1862,DATA.GOV.HK pt-headway GTFS
1862-1-288-1735,1862,17:35:00,17:56:00,[CTB] 屯门码头,[LRTFeeder] 兆麟,5.11,1862,DATA.GOV.HK pt-headway GTFS
1862-1-288-1745,1862,17:45:00,18:06:00,[CTB] 屯门码头,[LRTFeeder] 兆麟,5.11,1862,DATA.GOV.HK pt-headway GTFS
1862-1-288-1750,1862,17:50:00,18:11:00,[CTB] 屯门码头,[LRTFeeder] 兆麟,5.11,1862,DATA.GOV.HK pt-headway GTFS
1862-1-288-1800,1862,18:00:00,18:21:00,[CTB] 屯门码头,[LRTFeeder] 兆麟,5.11,1862,DATA.GOV.HK pt-headway GTFS
1862-1-288-1805,1862,18:05:00,18:26:00,[CTB] 屯门码头,[LRTFeeder] 兆麟,5.11,1862,DATA.GOV.HK pt-headway GTFS
1862-1-288-1815,1862,18:15:00,18:36:00,[CTB] 屯门码头,[LRTFeeder] 兆麟,5.11,1862,DATA.GOV.HK pt-headway GTFS
1862-1-288-1820,1862,18:20:00,18:41:00,[CTB] 屯门码头,[LRTFeeder] 兆麟,5.11,1862,DATA.GOV.HK pt-headway GTFS
1862-1-288-1830,1862,18:30:00,18:51:00,[CTB] 屯门码头,[LRTFeeder] 兆麟,5.11,1862,DATA.GOV.HK pt-headway GTFS
1862-1-288-1835,1862,18:35:00,18:56:00,[CTB] 屯门码头,[LRTFeeder] 兆麟,5.11,1862,DATA.GOV.HK pt-headway GTFS
1862-1-288-1845,1862,18:45:00,19:06:00,[CTB] 屯门码头,[LRTFeeder] 兆麟,5.11,1862,DATA.GOV.HK pt-headway GTFS
1862-1-288-1850,1862,18:50:00,19:11:00,[CTB] 屯门码头,[LRTFeeder] 兆麟,5.11,1862,DATA.GOV.HK pt-headway GTFS
1862-1-288-1900,1862,19:00:00,19:21:00,[CTB] 屯门码头,[LRTFeeder] 兆麟,5.11,1862,DATA.GOV.HK pt-headway GTFS
1862-1-288-1905,1862,19:05:00,19:26:00,[CTB] 屯门码头,[LRTFeeder] 兆麟,5.11,1862,DATA.GOV.HK pt-headway GTFS
1862-1-288-1915,1862,19:15:00,19:36:00,[CTB] 屯门码头,[LRTFeeder] 兆麟,5.11,1862,DATA.GOV.HK pt-headway GTFS
1862-1-288-1920,1862,19:20:00,19:41:00,[CTB] 屯门码头,[LRTFeeder] 兆麟,5.11,1862,DATA.GOV.HK pt-headway GTFS
1862-1-288-1930,1862,19:30:00,19:51:00,[CTB] 屯门码头,[LRTFeeder] 兆麟,5.11,1862,DATA.GOV.HK pt-headway GTFS
1862-1-288-1935,1862,19:35:00,19:56:00,[CTB] 屯门码头,[LRTFeeder] 兆麟,5.11,1862,DATA.GOV.HK pt-headway GTFS
1862-1-288-1945,1862,19:45:00,20:06:00,[CTB] 屯门码头,[LRTFeeder] 兆麟,5.11,1862,DATA.GOV.HK pt-headway GTFS
1862-1-288-1950,1862,19:50:00,20:11:00,[CTB] 屯门码头,[LRTFeeder] 兆麟,5.11,1862,DATA.GOV.HK pt-headway GTFS
1862-1-288-2000,1862,20:00:00,20:21:00,[CTB] 屯门码头,[LRTFeeder] 兆麟,5.11,1862,DATA.GOV.HK pt-headway GTFS
1862-1-288-2005,1862,20:05:00,20:26:00,[CTB] 屯门码头,[LRTFeeder] 兆麟,5.11,1862,DATA.GOV.HK pt-headway GTFS
1862-1-288-2015,1862,20:15:00,20:36:00,[CTB] 屯门码头,[LRTFeeder] 兆麟,5.11,1862,DATA.GOV.HK pt-headway GTFS
1862-1-288-2020,1862,20:20:00,20:41:00,[CTB] 屯门码头,[LRTFeeder] 兆麟,5.11,1862,DATA.GOV.HK pt-headway GTFS
1862-1-288-2030,1862,20:30:00,20:51:00,[CTB] 屯门码头,[LRTFeeder] 兆麟,5.11,1862,DATA.GOV.HK pt-headway GTFS
1862-1-288-2035,1862,20:35:00,20:56:00,[CTB] 屯门码头,[LRTFeeder] 兆麟,5.11,1862,DATA.GOV.HK pt-headway GTFS
1862-1-288-2045,1862,20:45:00,21:06:00,[CTB] 屯门码头,[LRTFeeder] 兆麟,5.11,1862,DATA.GOV.HK pt-headway GTFS
1862-1-288-2050,1862,20:50:00,21:11:00,[CTB] 屯门码头,[LRTFeeder] 兆麟,5.11,1862,DATA.GOV.HK pt-headway GTFS
1862-1-288-2100,1862,21:00:00,21:21:00,[CTB] 屯门码头,[LRTFeeder] 兆麟,5.11,1862,DATA.GOV.HK pt-headway GTFS
1862-1-288-2105,1862,21:05:00,21:26:00,[CTB] 屯门码头,[LRTFeeder] 兆麟,5.11,1862,DATA.GOV.HK pt-headway GTFS
1862-1-288-2115,1862,21:15:00,21:36:00,[CTB] 屯门码头,[LRTFeeder] 兆麟,5.11,1862,DATA.GOV.HK pt-headway GTFS
1862-1-288-2120,1862,21:20:00,21:41:00,[CTB] 屯门码头,[LRTFeeder] 兆麟,5.11,1862,DATA.GOV.HK pt-headway GTFS
1862-1-288-2130,1862,21:30:00,21:51:00,[CTB] 屯门码头,[LRTFeeder] 兆麟,5.11,1862,DATA.GOV.HK pt-headway GTFS
1862-1-288-2135,1862,21:35:00,21:56:00,[CTB] 屯门码头,[LRTFeeder] 兆麟,5.11,1862,DATA.GOV.HK pt-headway GTFS
1862-1-288-2145,1862,21:45:00,22:06:00,[CTB] 屯门码头,[LRTFeeder] 兆麟,5.11,1862,DATA.GOV.HK pt-headway GTFS
1862-1-288-2150,1862,21:50:00,22:11:00,[CTB] 屯门码头,[LRTFeeder] 兆麟,5.11,1862,DATA.GOV.HK pt-headway GTFS
1862-1-288-2200,1862,22:00:00,22:21:00,[CTB] 屯门码头,[LRTFeeder] 兆麟,5.11,1862,DATA.GOV.HK pt-headway GTFS
1862-1-288-2205,1862,22:05:00,22:26:00,[CTB] 屯门码头,[LRTFeeder] 兆麟,5.11,1862,DATA.GOV.HK pt-headway GTFS
1862-1-288-2215,1862,22:15:00,22:36:00,[CTB] 屯门码头,[LRTFeeder] 兆麟,5.11,1862,DATA.GOV.HK pt-headway GTFS
1862-1-288-2220,1862,22:20:00,22:41:00,[CTB] 屯门码头,[LRTFeeder] 兆麟,5.11,1862,DATA.GOV.HK pt-headway GTFS
1862-1-288-2230,1862,22:30:00,22:51:00,[CTB] 屯门码头,[LRTFeeder] 兆麟,5.11,1862,DATA.GOV.HK pt-headway GTFS
1862-1-288-2235,1862,22:35:00,22:56:00,[CTB] 屯门码头,[LRTFeeder] 兆麟,5.11,1862,DATA.GOV.HK pt-headway GTFS
1862-1-288-2245,1862,22:45:00,23:06:00,[CTB] 屯门码头,[LRTFeeder] 兆麟,5.11,1862,DATA.GOV.HK pt-headway GTFS
1862-1-288-2250,1862,22:50:00,23:11:00,[CTB] 屯门码头,[LRTFeeder] 兆麟,5.11,1862,DATA.GOV.HK pt-headway GTFS
1862-1-288-2300,1862,23:00:00,23:21:00,[CTB] 屯门码头,[LRTFeeder] 兆麟,5.11,1862,DATA.GOV.HK pt-headway GTFS
1862-1-288-2305,1862,23:05:00,23:26:00,[CTB] 屯门码头,[LRTFeeder] 兆麟,5.11,1862,DATA.GOV.HK pt-headway GTFS
1862-1-288-2315,1862,23:15:00,23:36:00,[CTB] 屯门码头,[LRTFeeder] 兆麟,5.11,1862,DATA.GOV.HK pt-headway GTFS
1862-1-288-2320,1862,23:20:00,23:41:00,[CTB] 屯门码头,[LRTFeeder] 兆麟,5.11,1862,DATA.GOV.HK pt-headway GTFS
1862-1-288-2330,1862,23:30:00,23:51:00,[CTB] 屯门码头,[LRTFeeder] 兆麟,5.11,1862,DATA.GOV.HK pt-headway GTFS
1862-1-288-2335,1862,23:35:00,23:56:00,[CTB] 屯门码头,[LRTFeeder] 兆麟,5.11,1862,DATA.GOV.HK pt-headway GTFS
1862-1-288-2345,1862,23:45:00,24:06:00,[CTB] 屯门码头,[LRTFeeder] 兆麟,5.11,1862,DATA.GOV.HK pt-headway GTFS
1862-1-288-2350,1862,23:50:00,24:11:00,[CTB] 屯门码头,[LRTFeeder] 兆麟,5.11,1862,DATA.GOV.HK pt-headway GTFS
1862-1-288-2400,1862,24:00:00,24:21:00,[CTB] 屯门码头,[LRTFeeder] 兆麟,5.11,1862,DATA.GOV.HK pt-headway GTFS
1862-1-288-2405,1862,24:05:00,24:26:00,[CTB] 屯门码头,[LRTFeeder] 兆麟,5.11,1862,DATA.GOV.HK pt-headway GTFS
1862-1-288-2415,1862,24:15:00,24:36:00,[CTB] 屯门码头,[LRTFeeder] 兆麟,5.11,1862,DATA.GOV.HK pt-headway GTFS
1862-1-288-2420,1862,24:20:00,24:41:00,[CTB] 屯门码头,[LRTFeeder] 兆麟,5.11,1862,DATA.GOV.HK pt-headway GTFS
1862-2-288-0545,1862,05:45:00,06:06:00,[LRTFeeder] 兆麟,[CTB] 屯门码头,4.50,1862,DATA.GOV.HK pt-headway GTFS
1862-2-288-0550,1862,05:50:00,06:11:00,[LRTFeeder] 兆麟,[CTB] 屯门码头,4.50,1862,DATA.GOV.HK pt-headway GTFS
1862-2-288-0600,1862,06:00:00,06:21:00,[LRTFeeder] 兆麟,[CTB] 屯门码头,4.50,1862,DATA.GOV.HK pt-headway GTFS
1862-2-288-0605,1862,06:05:00,06:26:00,[LRTFeeder] 兆麟,[CTB] 屯门码头,4.50,1862,DATA.GOV.HK pt-headway GTFS
1862-2-288-0615,1862,06:15:00,06:36:00,[LRTFeeder] 兆麟,[CTB] 屯门码头,4.50,1862,DATA.GOV.HK pt-headway GTFS
1862-2-288-0620,1862,06:20:00,06:41:00,[LRTFeeder] 兆麟,[CTB] 屯门码头,4.50,1862,DATA.GOV.HK pt-headway GTFS
1862-2-288-0630,1862,06:30:00,06:51:00,[LRTFeeder] 兆麟,[CTB] 屯门码头,4.50,1862,DATA.GOV.HK pt-headway GTFS
1862-2-288-0635,1862,06:35:00,06:56:00,[LRTFeeder] 兆麟,[CTB] 屯门码头,4.50,1862,DATA.GOV.HK pt-headway GTFS
1862-2-288-0645,1862,06:45:00,07:06:00,[LRTFeeder] 兆麟,[CTB] 屯门码头,4.50,1862,DATA.GOV.HK pt-headway GTFS
1862-2-288-0650,1862,06:50:00,07:11:00,[LRTFeeder] 兆麟,[CTB] 屯门码头,4.50,1862,DATA.GOV.HK pt-headway GTFS
1862-2-288-0700,1862,07:00:00,07:21:00,[LRTFeeder] 兆麟,[CTB] 屯门码头,4.50,1862,DATA.GOV.HK pt-headway GTFS
1862-2-288-0705,1862,07:05:00,07:26:00,[LRTFeeder] 兆麟,[CTB] 屯门码头,4.50,1862,DATA.GOV.HK pt-headway GTFS
1862-2-288-0715,1862,07:15:00,07:36:00,[LRTFeeder] 兆麟,[CTB] 屯门码头,4.50,1862,DATA.GOV.HK pt-headway GTFS
1862-2-288-0720,1862,07:20:00,07:41:00,[LRTFeeder] 兆麟,[CTB] 屯门码头,4.50,1862,DATA.GOV.HK pt-headway GTFS
1862-2-288-0730,1862,07:30:00,07:51:00,[LRTFeeder] 兆麟,[CTB] 屯门码头,4.50,1862,DATA.GOV.HK pt-headway GTFS
1862-2-288-0735,1862,07:35:00,07:56:00,[LRTFeeder] 兆麟,[CTB] 屯门码头,4.50,1862,DATA.GOV.HK pt-headway GTFS
1862-2-288-0745,1862,07:45:00,08:06:00,[LRTFeeder] 兆麟,[CTB] 屯门码头,4.50,1862,DATA.GOV.HK pt-headway GTFS
1862-2-288-0750,1862,07:50:00,08:11:00,[LRTFeeder] 兆麟,[CTB] 屯门码头,4.50,1862,DATA.GOV.HK pt-headway GTFS
1862-2-288-0800,1862,08:00:00,08:21:00,[LRTFeeder] 兆麟,[CTB] 屯门码头,4.50,1862,DATA.GOV.HK pt-headway GTFS
1862-2-288-0805,1862,08:05:00,08:26:00,[LRTFeeder] 兆麟,[CTB] 屯门码头,4.50,1862,DATA.GOV.HK pt-headway GTFS
1862-2-288-0815,1862,08:15:00,08:36:00,[LRTFeeder] 兆麟,[CTB] 屯门码头,4.50,1862,DATA.GOV.HK pt-headway GTFS
1862-2-288-0820,1862,08:20:00,08:41:00,[LRTFeeder] 兆麟,[CTB] 屯门码头,4.50,1862,DATA.GOV.HK pt-headway GTFS
1862-2-288-0830,1862,08:30:00,08:51:00,[LRTFeeder] 兆麟,[CTB] 屯门码头,4.50,1862,DATA.GOV.HK pt-headway GTFS
1862-2-288-0835,1862,08:35:00,08:56:00,[LRTFeeder] 兆麟,[CTB] 屯门码头,4.50,1862,DATA.GOV.HK pt-headway GTFS
1862-2-288-0845,1862,08:45:00,09:06:00,[LRTFeeder] 兆麟,[CTB] 屯门码头,4.50,1862,DATA.GOV.HK pt-headway GTFS
1862-2-288-0850,1862,08:50:00,09:11:00,[LRTFeeder] 兆麟,[CTB] 屯门码头,4.50,1862,DATA.GOV.HK pt-headway GTFS
1862-2-288-0900,1862,09:00:00,09:21:00,[LRTFeeder] 兆麟,[CTB] 屯门码头,4.50,1862,DATA.GOV.HK pt-headway GTFS
1862-2-288-0905,1862,09:05:00,09:26:00,[LRTFeeder] 兆麟,[CTB] 屯门码头,4.50,1862,DATA.GOV.HK pt-headway GTFS
1862-2-288-0915,1862,09:15:00,09:36:00,[LRTFeeder] 兆麟,[CTB] 屯门码头,4.50,1862,DATA.GOV.HK pt-headway GTFS
1862-2-288-0920,1862,09:20:00,09:41:00,[LRTFeeder] 兆麟,[CTB] 屯门码头,4.50,1862,DATA.GOV.HK pt-headway GTFS
1862-2-288-0930,1862,09:30:00,09:51:00,[LRTFeeder] 兆麟,[CTB] 屯门码头,4.50,1862,DATA.GOV.HK pt-headway GTFS
1862-2-288-0935,1862,09:35:00,09:56:00,[LRTFeeder] 兆麟,[CTB] 屯门码头,4.50,1862,DATA.GOV.HK pt-headway GTFS
1862-2-288-0945,1862,09:45:00,10:06:00,[LRTFeeder] 兆麟,[CTB] 屯门码头,4.50,1862,DATA.GOV.HK pt-headway GTFS
1862-2-288-0950,1862,09:50:00,10:11:00,[LRTFeeder] 兆麟,[CTB] 屯门码头,4.50,1862,DATA.GOV.HK pt-headway GTFS
1862-2-288-1000,1862,10:00:00,10:21:00,[LRTFeeder] 兆麟,[CTB] 屯门码头,4.50,1862,DATA.GOV.HK pt-headway GTFS
1862-2-288-1005,1862,10:05:00,10:26:00,[LRTFeeder] 兆麟,[CTB] 屯门码头,4.50,1862,DATA.GOV.HK pt-headway GTFS
1862-2-288-1015,1862,10:15:00,10:36:00,[LRTFeeder] 兆麟,[CTB] 屯门码头,4.50,1862,DATA.GOV.HK pt-headway GTFS
1862-2-288-1020,1862,10:20:00,10:41:00,[LRTFeeder] 兆麟,[CTB] 屯门码头,4.50,1862,DATA.GOV.HK pt-headway GTFS
1862-2-288-1030,1862,10:30:00,10:51:00,[LRTFeeder] 兆麟,[CTB] 屯门码头,4.50,1862,DATA.GOV.HK pt-headway GTFS
1862-2-288-1035,1862,10:35:00,10:56:00,[LRTFeeder] 兆麟,[CTB] 屯门码头,4.50,1862,DATA.GOV.HK pt-headway GTFS
1862-2-288-1045,1862,10:45:00,11:06:00,[LRTFeeder] 兆麟,[CTB] 屯门码头,4.50,1862,DATA.GOV.HK pt-headway GTFS
1862-2-288-1050,1862,10:50:00,11:11:00,[LRTFeeder] 兆麟,[CTB] 屯门码头,4.50,1862,DATA.GOV.HK pt-headway GTFS
1862-2-288-1100,1862,11:00:00,11:21:00,[LRTFeeder] 兆麟,[CTB] 屯门码头,4.50,1862,DATA.GOV.HK pt-headway GTFS
1862-2-288-1105,1862,11:05:00,11:26:00,[LRTFeeder] 兆麟,[CTB] 屯门码头,4.50,1862,DATA.GOV.HK pt-headway GTFS
1862-2-288-1115,1862,11:15:00,11:36:00,[LRTFeeder] 兆麟,[CTB] 屯门码头,4.50,1862,DATA.GOV.HK pt-headway GTFS
1862-2-288-1120,1862,11:20:00,11:41:00,[LRTFeeder] 兆麟,[CTB] 屯门码头,4.50,1862,DATA.GOV.HK pt-headway GTFS
1862-2-288-1130,1862,11:30:00,11:51:00,[LRTFeeder] 兆麟,[CTB] 屯门码头,4.50,1862,DATA.GOV.HK pt-headway GTFS
1862-2-288-1135,1862,11:35:00,11:56:00,[LRTFeeder] 兆麟,[CTB] 屯门码头,4.50,1862,DATA.GOV.HK pt-headway GTFS
1862-2-288-1145,1862,11:45:00,12:06:00,[LRTFeeder] 兆麟,[CTB] 屯门码头,4.50,1862,DATA.GOV.HK pt-headway GTFS
1862-2-288-1150,1862,11:50:00,12:11:00,[LRTFeeder] 兆麟,[CTB] 屯门码头,4.50,1862,DATA.GOV.HK pt-headway GTFS
1862-2-288-1200,1862,12:00:00,12:21:00,[LRTFeeder] 兆麟,[CTB] 屯门码头,4.50,1862,DATA.GOV.HK pt-headway GTFS
1862-2-288-1205,1862,12:05:00,12:26:00,[LRTFeeder] 兆麟,[CTB] 屯门码头,4.50,1862,DATA.GOV.HK pt-headway GTFS
1862-2-288-1215,1862,12:15:00,12:36:00,[LRTFeeder] 兆麟,[CTB] 屯门码头,4.50,1862,DATA.GOV.HK pt-headway GTFS
1862-2-288-1220,1862,12:20:00,12:41:00,[LRTFeeder] 兆麟,[CTB] 屯门码头,4.50,1862,DATA.GOV.HK pt-headway GTFS
1862-2-288-1230,1862,12:30:00,12:51:00,[LRTFeeder] 兆麟,[CTB] 屯门码头,4.50,1862,DATA.GOV.HK pt-headway GTFS
1862-2-288-1235,1862,12:35:00,12:56:00,[LRTFeeder] 兆麟,[CTB] 屯门码头,4.50,1862,DATA.GOV.HK pt-headway GTFS
1862-2-288-1245,1862,12:45:00,13:06:00,[LRTFeeder] 兆麟,[CTB] 屯门码头,4.50,1862,DATA.GOV.HK pt-headway GTFS
1862-2-288-1250,1862,12:50:00,13:11:00,[LRTFeeder] 兆麟,[CTB] 屯门码头,4.50,1862,DATA.GOV.HK pt-headway GTFS
1862-2-288-1300,1862,13:00:00,13:21:00,[LRTFeeder] 兆麟,[CTB] 屯门码头,4.50,1862,DATA.GOV.HK pt-headway GTFS
1862-2-288-1305,1862,13:05:00,13:26:00,[LRTFeeder] 兆麟,[CTB] 屯门码头,4.50,1862,DATA.GOV.HK pt-headway GTFS
1862-2-288-1315,1862,13:15:00,13:36:00,[LRTFeeder] 兆麟,[CTB] 屯门码头,4.50,1862,DATA.GOV.HK pt-headway GTFS
1862-2-288-1320,1862,13:20:00,13:41:00,[LRTFeeder] 兆麟,[CTB] 屯门码头,4.50,1862,DATA.GOV.HK pt-headway GTFS
1862-2-288-1330,1862,13:30:00,13:51:00,[LRTFeeder] 兆麟,[CTB] 屯门码头,4.50,1862,DATA.GOV.HK pt-headway GTFS
1862-2-288-1335,1862,13:35:00,13:56:00,[LRTFeeder] 兆麟,[CTB] 屯门码头,4.50,1862,DATA.GOV.HK pt-headway GTFS
1862-2-288-1345,1862,13:45:00,14:06:00,[LRTFeeder] 兆麟,[CTB] 屯门码头,4.50,1862,DATA.GOV.HK pt-headway GTFS
1862-2-288-1350,1862,13:50:00,14:11:00,[LRTFeeder] 兆麟,[CTB] 屯门码头,4.50,1862,DATA.GOV.HK pt-headway GTFS
1862-2-288-1400,1862,14:00:00,14:21:00,[LRTFeeder] 兆麟,[CTB] 屯门码头,4.50,1862,DATA.GOV.HK pt-headway GTFS
1862-2-288-1405,1862,14:05:00,14:26:00,[LRTFeeder] 兆麟,[CTB] 屯门码头,4.50,1862,DATA.GOV.HK pt-headway GTFS
1862-2-288-1415,1862,14:15:00,14:36:00,[LRTFeeder] 兆麟,[CTB] 屯门码头,4.50,1862,DATA.GOV.HK pt-headway GTFS
1862-2-288-1420,1862,14:20:00,14:41:00,[LRTFeeder] 兆麟,[CTB] 屯门码头,4.50,1862,DATA.GOV.HK pt-headway GTFS
1862-2-288-1430,1862,14:30:00,14:51:00,[LRTFeeder] 兆麟,[CTB] 屯门码头,4.50,1862,DATA.GOV.HK pt-headway GTFS
1862-2-288-1435,1862,14:35:00,14:56:00,[LRTFeeder] 兆麟,[CTB] 屯门码头,4.50,1862,DATA.GOV.HK pt-headway GTFS
1862-2-288-1445,1862,14:45:00,15:06:00,[LRTFeeder] 兆麟,[CTB] 屯门码头,4.50,1862,DATA.GOV.HK pt-headway GTFS
1862-2-288-1450,1862,14:50:00,15:11:00,[LRTFeeder] 兆麟,[CTB] 屯门码头,4.50,1862,DATA.GOV.HK pt-headway GTFS
1862-2-288-1500,1862,15:00:00,15:21:00,[LRTFeeder] 兆麟,[CTB] 屯门码头,4.50,1862,DATA.GOV.HK pt-headway GTFS
1862-2-288-1505,1862,15:05:00,15:26:00,[LRTFeeder] 兆麟,[CTB] 屯门码头,4.50,1862,DATA.GOV.HK pt-headway GTFS
1862-2-288-1515,1862,15:15:00,15:36:00,[LRTFeeder] 兆麟,[CTB] 屯门码头,4.50,1862,DATA.GOV.HK pt-headway GTFS
1862-2-288-1520,1862,15:20:00,15:41:00,[LRTFeeder] 兆麟,[CTB] 屯门码头,4.50,1862,DATA.GOV.HK pt-headway GTFS
1862-2-288-1530,1862,15:30:00,15:51:00,[LRTFeeder] 兆麟,[CTB] 屯门码头,4.50,1862,DATA.GOV.HK pt-headway GTFS
1862-2-288-1535,1862,15:35:00,15:56:00,[LRTFeeder] 兆麟,[CTB] 屯门码头,4.50,1862,DATA.GOV.HK pt-headway GTFS
1862-2-288-1545,1862,15:45:00,16:06:00,[LRTFeeder] 兆麟,[CTB] 屯门码头,4.50,1862,DATA.GOV.HK pt-headway GTFS
1862-2-288-1550,1862,15:50:00,16:11:00,[LRTFeeder] 兆麟,[CTB] 屯门码头,4.50,1862,DATA.GOV.HK pt-headway GTFS
1862-2-288-1600,1862,16:00:00,16:21:00,[LRTFeeder] 兆麟,[CTB] 屯门码头,4.50,1862,DATA.GOV.HK pt-headway GTFS
1862-2-288-1605,1862,16:05:00,16:26:00,[LRTFeeder] 兆麟,[CTB] 屯门码头,4.50,1862,DATA.GOV.HK pt-headway GTFS
1862-2-288-1615,1862,16:15:00,16:36:00,[LRTFeeder] 兆麟,[CTB] 屯门码头,4.50,1862,DATA.GOV.HK pt-headway GTFS
1862-2-288-1620,1862,16:20:00,16:41:00,[LRTFeeder] 兆麟,[CTB] 屯门码头,4.50,1862,DATA.GOV.HK pt-headway GTFS
1862-2-288-1630,1862,16:30:00,16:51:00,[LRTFeeder] 兆麟,[CTB] 屯门码头,4.50,1862,DATA.GOV.HK pt-headway GTFS
1862-2-288-1635,1862,16:35:00,16:56:00,[LRTFeeder] 兆麟,[CTB] 屯门码头,4.50,1862,DATA.GOV.HK pt-headway GTFS
1862-2-288-1645,1862,16:45:00,17:06:00,[LRTFeeder] 兆麟,[CTB] 屯门码头,4.50,1862,DATA.GOV.HK pt-headway GTFS
1862-2-288-1650,1862,16:50:00,17:11:00,[LRTFeeder] 兆麟,[CTB] 屯门码头,4.50,1862,DATA.GOV.HK pt-headway GTFS
1862-2-288-1700,1862,17:00:00,17:21:00,[LRTFeeder] 兆麟,[CTB] 屯门码头,4.50,1862,DATA.GOV.HK pt-headway GTFS
1862-2-288-1705,1862,17:05:00,17:26:00,[LRTFeeder] 兆麟,[CTB] 屯门码头,4.50,1862,DATA.GOV.HK pt-headway GTFS
1862-2-288-1715,1862,17:15:00,17:36:00,[LRTFeeder] 兆麟,[CTB] 屯门码头,4.50,1862,DATA.GOV.HK pt-headway GTFS
1862-2-288-1720,1862,17:20:00,17:41:00,[LRTFeeder] 兆麟,[CTB] 屯门码头,4.50,1862,DATA.GOV.HK pt-headway GTFS
1862-2-288-1730,1862,17:30:00,17:51:00,[LRTFeeder] 兆麟,[CTB] 屯门码头,4.50,1862,DATA.GOV.HK pt-headway GTFS
1862-2-288-1735,1862,17:35:00,17:56:00,[LRTFeeder] 兆麟,[CTB] 屯门码头,4.50,1862,DATA.GOV.HK pt-headway GTFS
1862-2-288-1745,1862,17:45:00,18:06:00,[LRTFeeder] 兆麟,[CTB] 屯门码头,4.50,1862,DATA.GOV.HK pt-headway GTFS
1862-2-288-1750,1862,17:50:00,18:11:00,[LRTFeeder] 兆麟,[CTB] 屯门码头,4.50,1862,DATA.GOV.HK pt-headway GTFS
1862-2-288-1800,1862,18:00:00,18:21:00,[LRTFeeder] 兆麟,[CTB] 屯门码头,4.50,1862,DATA.GOV.HK pt-headway GTFS
1862-2-288-1805,1862,18:05:00,18:26:00,[LRTFeeder] 兆麟,[CTB] 屯门码头,4.50,1862,DATA.GOV.HK pt-headway GTFS
1862-2-288-1815,1862,18:15:00,18:36:00,[LRTFeeder] 兆麟,[CTB] 屯门码头,4.50,1862,DATA.GOV.HK pt-headway GTFS
1862-2-288-1820,1862,18:20:00,18:41:00,[LRTFeeder] 兆麟,[CTB] 屯门码头,4.50,1862,DATA.GOV.HK pt-headway GTFS
1862-2-288-1830,1862,18:30:00,18:51:00,[LRTFeeder] 兆麟,[CTB] 屯门码头,4.50,1862,DATA.GOV.HK pt-headway GTFS
1862-2-288-1835,1862,18:35:00,18:56:00,[LRTFeeder] 兆麟,[CTB] 屯门码头,4.50,1862,DATA.GOV.HK pt-headway GTFS
1862-2-288-1845,1862,18:45:00,19:06:00,[LRTFeeder] 兆麟,[CTB] 屯门码头,4.50,1862,DATA.GOV.HK pt-headway GTFS
1862-2-288-1850,1862,18:50:00,19:11:00,[LRTFeeder] 兆麟,[CTB] 屯门码头,4.50,1862,DATA.GOV.HK pt-headway GTFS
1862-2-288-1900,1862,19:00:00,19:21:00,[LRTFeeder] 兆麟,[CTB] 屯门码头,4.50,1862,DATA.GOV.HK pt-headway GTFS
1862-2-288-1905,1862,19:05:00,19:26:00,[LRTFeeder] 兆麟,[CTB] 屯门码头,4.50,1862,DATA.GOV.HK pt-headway GTFS
1862-2-288-1915,1862,19:15:00,19:36:00,[LRTFeeder] 兆麟,[CTB] 屯门码头,4.50,1862,DATA.GOV.HK pt-headway GTFS
1862-2-288-1920,1862,19:20:00,19:41:00,[LRTFeeder] 兆麟,[CTB] 屯门码头,4.50,1862,DATA.GOV.HK pt-headway GTFS
1862-2-288-1930,1862,19:30:00,19:51:00,[LRTFeeder] 兆麟,[CTB] 屯门码头,4.50,1862,DATA.GOV.HK pt-headway GTFS
1862-2-288-1935,1862,19:35:00,19:56:00,[LRTFeeder] 兆麟,[CTB] 屯门码头,4.50,1862,DATA.GOV.HK pt-headway GTFS
1862-2-288-1945,1862,19:45:00,20:06:00,[LRTFeeder] 兆麟,[CTB] 屯门码头,4.50,1862,DATA.GOV.HK pt-headway GTFS
1862-2-288-1950,1862,19:50:00,20:11:00,[LRTFeeder] 兆麟,[CTB] 屯门码头,4.50,1862,DATA.GOV.HK pt-headway GTFS
1862-2-288-2000,1862,20:00:00,20:21:00,[LRTFeeder] 兆麟,[CTB] 屯门码头,4.50,1862,DATA.GOV.HK pt-headway GTFS
1862-2-288-2005,1862,20:05:00,20:26:00,[LRTFeeder] 兆麟,[CTB] 屯门码头,4.50,1862,DATA.GOV.HK pt-headway GTFS
1862-2-288-2015,1862,20:15:00,20:36:00,[LRTFeeder] 兆麟,[CTB] 屯门码头,4.50,1862,DATA.GOV.HK pt-headway GTFS
1862-2-288-2020,1862,20:20:00,20:41:00,[LRTFeeder] 兆麟,[CTB] 屯门码头,4.50,1862,DATA.GOV.HK pt-headway GTFS
1862-2-288-2030,1862,20:30:00,20:51:00,[LRTFeeder] 兆麟,[CTB] 屯门码头,4.50,1862,DATA.GOV.HK pt-headway GTFS
1862-2-288-2035,1862,20:35:00,20:56:00,[LRTFeeder] 兆麟,[CTB] 屯门码头,4.50,1862,DATA.GOV.HK pt-headway GTFS
1862-2-288-2045,1862,20:45:00,21:06:00,[LRTFeeder] 兆麟,[CTB] 屯门码头,4.50,1862,DATA.GOV.HK pt-headway GTFS
1862-2-288-2050,1862,20:50:00,21:11:00,[LRTFeeder] 兆麟,[CTB] 屯门码头,4.50,1862,DATA.GOV.HK pt-headway GTFS
1862-2-288-2100,1862,21:00:00,21:21:00,[LRTFeeder] 兆麟,[CTB] 屯门码头,4.50,1862,DATA.GOV.HK pt-headway GTFS
1862-2-288-2105,1862,21:05:00,21:26:00,[LRTFeeder] 兆麟,[CTB] 屯门码头,4.50,1862,DATA.GOV.HK pt-headway GTFS
1862-2-288-2115,1862,21:15:00,21:36:00,[LRTFeeder] 兆麟,[CTB] 屯门码头,4.50,1862,DATA.GOV.HK pt-headway GTFS
1862-2-288-2120,1862,21:20:00,21:41:00,[LRTFeeder] 兆麟,[CTB] 屯门码头,4.50,1862,DATA.GOV.HK pt-headway GTFS
1862-2-288-2130,1862,21:30:00,21:51:00,[LRTFeeder] 兆麟,[CTB] 屯门码头,4.50,1862,DATA.GOV.HK pt-headway GTFS
1862-2-288-2135,1862,21:35:00,21:56:00,[LRTFeeder] 兆麟,[CTB] 屯门码头,4.50,1862,DATA.GOV.HK pt-headway GTFS
1862-2-288-2145,1862,21:45:00,22:06:00,[LRTFeeder] 兆麟,[CTB] 屯门码头,4.50,1862,DATA.GOV.HK pt-headway GTFS
1862-2-288-2150,1862,21:50:00,22:11:00,[LRTFeeder] 兆麟,[CTB] 屯门码头,4.50,1862,DATA.GOV.HK pt-headway GTFS
1862-2-288-2200,1862,22:00:00,22:21:00,[LRTFeeder] 兆麟,[CTB] 屯门码头,4.50,1862,DATA.GOV.HK pt-headway GTFS
1862-2-288-2205,1862,22:05:00,22:26:00,[LRTFeeder] 兆麟,[CTB] 屯门码头,4.50,1862,DATA.GOV.HK pt-headway GTFS
1862-2-288-2215,1862,22:15:00,22:36:00,[LRTFeeder] 兆麟,[CTB] 屯门码头,4.50,1862,DATA.GOV.HK pt-headway GTFS
1862-2-288-2220,1862,22:20:00,22:41:00,[LRTFeeder] 兆麟,[CTB] 屯门码头,4.50,1862,DATA.GOV.HK pt-headway GTFS
1862-2-288-2230,1862,22:30:00,22:51:00,[LRTFeeder] 兆麟,[CTB] 屯门码头,4.50,1862,DATA.GOV.HK pt-headway GTFS
1862-2-288-2235,1862,22:35:00,22:56:00,[LRTFeeder] 兆麟,[CTB] 屯门码头,4.50,1862,DATA.GOV.HK pt-headway GTFS
1862-2-288-2245,1862,22:45:00,23:06:00,[LRTFeeder] 兆麟,[CTB] 屯门码头,4.50,1862,DATA.GOV.HK pt-headway GTFS
1862-2-288-2250,1862,22:50:00,23:11:00,[LRTFeeder] 兆麟,[CTB] 屯门码头,4.50,1862,DATA.GOV.HK pt-headway GTFS
1862-2-288-2300,1862,23:00:00,23:21:00,[LRTFeeder] 兆麟,[CTB] 屯门码头,4.50,1862,DATA.GOV.HK pt-headway GTFS
1862-2-288-2305,1862,23:05:00,23:26:00,[LRTFeeder] 兆麟,[CTB] 屯门码头,4.50,1862,DATA.GOV.HK pt-headway GTFS
1862-2-288-2315,1862,23:15:00,23:36:00,[LRTFeeder] 兆麟,[CTB] 屯门码头,4.50,1862,DATA.GOV.HK pt-headway GTFS
1862-2-288-2320,1862,23:20:00,23:41:00,[LRTFeeder] 兆麟,[CTB] 屯门码头,4.50,1862,DATA.GOV.HK pt-headway GTFS
1862-2-288-2330,1862,23:30:00,23:51:00,[LRTFeeder] 兆麟,[CTB] 屯门码头,4.50,1862,DATA.GOV.HK pt-headway GTFS
1862-2-288-2335,1862,23:35:00,23:56:00,[LRTFeeder] 兆麟,[CTB] 屯门码头,4.50,1862,DATA.GOV.HK pt-headway GTFS
1862-2-288-2345,1862,23:45:00,24:06:00,[LRTFeeder] 兆麟,[CTB] 屯门码头,4.50,1862,DATA.GOV.HK pt-headway GTFS
1862-2-288-2350,1862,23:50:00,24:11:00,[LRTFeeder] 兆麟,[CTB] 屯门码头,4.50,1862,DATA.GOV.HK pt-headway GTFS
1862-2-288-2400,1862,24:00:00,24:21:00,[LRTFeeder] 兆麟,[CTB] 屯门码头,4.50,1862,DATA.GOV.HK pt-headway GTFS
1862-2-288-2405,1862,24:05:00,24:26:00,[LRTFeeder] 兆麟,[CTB] 屯门码头,4.50,1862,DATA.GOV.HK pt-headway GTFS
1862-2-288-2415,1862,24:15:00,24:36:00,[LRTFeeder] 兆麟,[CTB] 屯门码头,4.50,1862,DATA.GOV.HK pt-headway GTFS
1862-2-288-2420,1862,24:20:00,24:41:00,[LRTFeeder] 兆麟,[CTB] 屯门码头,4.50,1862,DATA.GOV.HK pt-headway GTFS
1862-2-288-2430,1862,24:30:00,24:51:00,[LRTFeeder] 兆麟,[CTB] 屯门码头,4.50,1862,DATA.GOV.HK pt-headway GTFS
1862-2-288-2435,1862,24:35:00,24:56:00,[LRTFeeder] 兆麟,[CTB] 屯门码头,4.50,1862,DATA.GOV.HK pt-headway GTFS
1862-2-288-2445,1862,24:45:00,25:06:00,[LRTFeeder] 兆麟,[CTB] 屯门码头,4.50,1862,DATA.GOV.HK pt-headway GTFS
1862-1-448-0530,1862,05:30:00,05:51:00,[CTB] 屯门码头,[LRTFeeder] 兆麟,5.11,1862,DATA.GOV.HK pt-headway GTFS
1862-1-448-0537,1862,05:37:00,05:58:00,[CTB] 屯门码头,[LRTFeeder] 兆麟,5.11,1862,DATA.GOV.HK pt-headway GTFS
1862-1-448-0547,1862,05:47:00,06:08:00,[CTB] 屯门码头,[LRTFeeder] 兆麟,5.11,1862,DATA.GOV.HK pt-headway GTFS
1862-1-448-0554,1862,05:54:00,06:15:00,[CTB] 屯门码头,[LRTFeeder] 兆麟,5.11,1862,DATA.GOV.HK pt-headway GTFS
1862-1-448-0604,1862,06:04:00,06:25:00,[CTB] 屯门码头,[LRTFeeder] 兆麟,5.11,1862,DATA.GOV.HK pt-headway GTFS
1862-1-448-0611,1862,06:11:00,06:32:00,[CTB] 屯门码头,[LRTFeeder] 兆麟,5.11,1862,DATA.GOV.HK pt-headway GTFS
1862-1-448-0621,1862,06:21:00,06:42:00,[CTB] 屯门码头,[LRTFeeder] 兆麟,5.11,1862,DATA.GOV.HK pt-headway GTFS
1862-1-448-0628,1862,06:28:00,06:49:00,[CTB] 屯门码头,[LRTFeeder] 兆麟,5.11,1862,DATA.GOV.HK pt-headway GTFS
1862-1-448-0638,1862,06:38:00,06:59:00,[CTB] 屯门码头,[LRTFeeder] 兆麟,5.11,1862,DATA.GOV.HK pt-headway GTFS
1862-1-448-0645,1862,06:45:00,07:06:00,[CTB] 屯门码头,[LRTFeeder] 兆麟,5.11,1862,DATA.GOV.HK pt-headway GTFS
1862-1-448-0655,1862,06:55:00,07:16:00,[CTB] 屯门码头,[LRTFeeder] 兆麟,5.11,1862,DATA.GOV.HK pt-headway GTFS
1862-1-448-0702,1862,07:02:00,07:23:00,[CTB] 屯门码头,[LRTFeeder] 兆麟,5.11,1862,DATA.GOV.HK pt-headway GTFS
1862-1-448-0712,1862,07:12:00,07:33:00,[CTB] 屯门码头,[LRTFeeder] 兆麟,5.11,1862,DATA.GOV.HK pt-headway GTFS
1862-1-448-0719,1862,07:19:00,07:40:00,[CTB] 屯门码头,[LRTFeeder] 兆麟,5.11,1862,DATA.GOV.HK pt-headway GTFS
1862-1-448-0729,1862,07:29:00,07:50:00,[CTB] 屯门码头,[LRTFeeder] 兆麟,5.11,1862,DATA.GOV.HK pt-headway GTFS
1862-1-448-0736,1862,07:36:00,07:57:00,[CTB] 屯门码头,[LRTFeeder] 兆麟,5.11,1862,DATA.GOV.HK pt-headway GTFS
1862-1-448-0746,1862,07:46:00,08:07:00,[CTB] 屯门码头,[LRTFeeder] 兆麟,5.11,1862,DATA.GOV.HK pt-headway GTFS
1862-1-448-0753,1862,07:53:00,08:14:00,[CTB] 屯门码头,[LRTFeeder] 兆麟,5.11,1862,DATA.GOV.HK pt-headway GTFS
1862-1-448-0803,1862,08:03:00,08:24:00,[CTB] 屯门码头,[LRTFeeder] 兆麟,5.11,1862,DATA.GOV.HK pt-headway GTFS
1862-1-448-0810,1862,08:10:00,08:31:00,[CTB] 屯门码头,[LRTFeeder] 兆麟,5.11,1862,DATA.GOV.HK pt-headway GTFS
1862-1-448-0820,1862,08:20:00,08:41:00,[CTB] 屯门码头,[LRTFeeder] 兆麟,5.11,1862,DATA.GOV.HK pt-headway GTFS
1862-1-448-0827,1862,08:27:00,08:48:00,[CTB] 屯门码头,[LRTFeeder] 兆麟,5.11,1862,DATA.GOV.HK pt-headway GTFS
1862-1-448-0837,1862,08:37:00,08:58:00,[CTB] 屯门码头,[LRTFeeder] 兆麟,5.11,1862,DATA.GOV.HK pt-headway GTFS
1862-1-448-0844,1862,08:44:00,09:05:00,[CTB] 屯门码头,[LRTFeeder] 兆麟,5.11,1862,DATA.GOV.HK pt-headway GTFS
1862-1-448-0854,1862,08:54:00,09:15:00,[CTB] 屯门码头,[LRTFeeder] 兆麟,5.11,1862,DATA.GOV.HK pt-headway GTFS
1862-1-448-0901,1862,09:01:00,09:22:00,[CTB] 屯门码头,[LRTFeeder] 兆麟,5.11,1862,DATA.GOV.HK pt-headway GTFS
1862-1-448-0911,1862,09:11:00,09:32:00,[CTB] 屯门码头,[LRTFeeder] 兆麟,5.11,1862,DATA.GOV.HK pt-headway GTFS
1862-1-448-0918,1862,09:18:00,09:39:00,[CTB] 屯门码头,[LRTFeeder] 兆麟,5.11,1862,DATA.GOV.HK pt-headway GTFS
1862-1-448-0928,1862,09:28:00,09:49:00,[CTB] 屯门码头,[LRTFeeder] 兆麟,5.11,1862,DATA.GOV.HK pt-headway GTFS
1862-1-448-0935,1862,09:35:00,09:56:00,[CTB] 屯门码头,[LRTFeeder] 兆麟,5.11,1862,DATA.GOV.HK pt-headway GTFS
1862-1-448-0945,1862,09:45:00,10:06:00,[CTB] 屯门码头,[LRTFeeder] 兆麟,5.11,1862,DATA.GOV.HK pt-headway GTFS
1862-1-448-0952,1862,09:52:00,10:13:00,[CTB] 屯门码头,[LRTFeeder] 兆麟,5.11,1862,DATA.GOV.HK pt-headway GTFS
1862-1-448-1002,1862,10:02:00,10:23:00,[CTB] 屯门码头,[LRTFeeder] 兆麟,5.11,1862,DATA.GOV.HK pt-headway GTFS
1862-1-448-1009,1862,10:09:00,10:30:00,[CTB] 屯门码头,[LRTFeeder] 兆麟,5.11,1862,DATA.GOV.HK pt-headway GTFS
1862-1-448-1019,1862,10:19:00,10:40:00,[CTB] 屯门码头,[LRTFeeder] 兆麟,5.11,1862,DATA.GOV.HK pt-headway GTFS
1862-1-448-1026,1862,10:26:00,10:47:00,[CTB] 屯门码头,[LRTFeeder] 兆麟,5.11,1862,DATA.GOV.HK pt-headway GTFS
1862-1-448-1036,1862,10:36:00,10:57:00,[CTB] 屯门码头,[LRTFeeder] 兆麟,5.11,1862,DATA.GOV.HK pt-headway GTFS
1862-1-448-1043,1862,10:43:00,11:04:00,[CTB] 屯门码头,[LRTFeeder] 兆麟,5.11,1862,DATA.GOV.HK pt-headway GTFS
1862-1-448-1053,1862,10:53:00,11:14:00,[CTB] 屯门码头,[LRTFeeder] 兆麟,5.11,1862,DATA.GOV.HK pt-headway GTFS
1862-1-448-1100,1862,11:00:00,11:21:00,[CTB] 屯门码头,[LRTFeeder] 兆麟,5.11,1862,DATA.GOV.HK pt-headway GTFS
1862-1-448-1110,1862,11:10:00,11:31:00,[CTB] 屯门码头,[LRTFeeder] 兆麟,5.11,1862,DATA.GOV.HK pt-headway GTFS
1862-1-448-1117,1862,11:17:00,11:38:00,[CTB] 屯门码头,[LRTFeeder] 兆麟,5.11,1862,DATA.GOV.HK pt-headway GTFS
1862-1-448-1127,1862,11:27:00,11:48:00,[CTB] 屯门码头,[LRTFeeder] 兆麟,5.11,1862,DATA.GOV.HK pt-headway GTFS
1862-1-448-1134,1862,11:34:00,11:55:00,[CTB] 屯门码头,[LRTFeeder] 兆麟,5.11,1862,DATA.GOV.HK pt-headway GTFS
1862-1-448-1144,1862,11:44:00,12:05:00,[CTB] 屯门码头,[LRTFeeder] 兆麟,5.11,1862,DATA.GOV.HK pt-headway GTFS
1862-1-448-1151,1862,11:51:00,12:12:00,[CTB] 屯门码头,[LRTFeeder] 兆麟,5.11,1862,DATA.GOV.HK pt-headway GTFS
1862-1-448-1201,1862,12:01:00,12:22:00,[CTB] 屯门码头,[LRTFeeder] 兆麟,5.11,1862,DATA.GOV.HK pt-headway GTFS
1862-1-448-1208,1862,12:08:00,12:29:00,[CTB] 屯门码头,[LRTFeeder] 兆麟,5.11,1862,DATA.GOV.HK pt-headway GTFS
1862-1-448-1218,1862,12:18:00,12:39:00,[CTB] 屯门码头,[LRTFeeder] 兆麟,5.11,1862,DATA.GOV.HK pt-headway GTFS
1862-1-448-1225,1862,12:25:00,12:46:00,[CTB] 屯门码头,[LRTFeeder] 兆麟,5.11,1862,DATA.GOV.HK pt-headway GTFS
1862-1-448-1235,1862,12:35:00,12:56:00,[CTB] 屯门码头,[LRTFeeder] 兆麟,5.11,1862,DATA.GOV.HK pt-headway GTFS
1862-1-448-1242,1862,12:42:00,13:03:00,[CTB] 屯门码头,[LRTFeeder] 兆麟,5.11,1862,DATA.GOV.HK pt-headway GTFS
1862-1-448-1252,1862,12:52:00,13:13:00,[CTB] 屯门码头,[LRTFeeder] 兆麟,5.11,1862,DATA.GOV.HK pt-headway GTFS
1862-1-448-1259,1862,12:59:00,13:20:00,[CTB] 屯门码头,[LRTFeeder] 兆麟,5.11,1862,DATA.GOV.HK pt-headway GTFS
1862-1-448-1309,1862,13:09:00,13:30:00,[CTB] 屯门码头,[LRTFeeder] 兆麟,5.11,1862,DATA.GOV.HK pt-headway GTFS
1862-1-448-1316,1862,13:16:00,13:37:00,[CTB] 屯门码头,[LRTFeeder] 兆麟,5.11,1862,DATA.GOV.HK pt-headway GTFS
1862-1-448-1326,1862,13:26:00,13:47:00,[CTB] 屯门码头,[LRTFeeder] 兆麟,5.11,1862,DATA.GOV.HK pt-headway GTFS
1862-1-448-1333,1862,13:33:00,13:54:00,[CTB] 屯门码头,[LRTFeeder] 兆麟,5.11,1862,DATA.GOV.HK pt-headway GTFS
1862-1-448-1343,1862,13:43:00,14:04:00,[CTB] 屯门码头,[LRTFeeder] 兆麟,5.11,1862,DATA.GOV.HK pt-headway GTFS
1862-1-448-1350,1862,13:50:00,14:11:00,[CTB] 屯门码头,[LRTFeeder] 兆麟,5.11,1862,DATA.GOV.HK pt-headway GTFS
1862-1-448-1400,1862,14:00:00,14:21:00,[CTB] 屯门码头,[LRTFeeder] 兆麟,5.11,1862,DATA.GOV.HK pt-headway GTFS
1862-1-448-1407,1862,14:07:00,14:28:00,[CTB] 屯门码头,[LRTFeeder] 兆麟,5.11,1862,DATA.GOV.HK pt-headway GTFS
1862-1-448-1417,1862,14:17:00,14:38:00,[CTB] 屯门码头,[LRTFeeder] 兆麟,5.11,1862,DATA.GOV.HK pt-headway GTFS
1862-1-448-1424,1862,14:24:00,14:45:00,[CTB] 屯门码头,[LRTFeeder] 兆麟,5.11,1862,DATA.GOV.HK pt-headway GTFS
1862-1-448-1434,1862,14:34:00,14:55:00,[CTB] 屯门码头,[LRTFeeder] 兆麟,5.11,1862,DATA.GOV.HK pt-headway GTFS
1862-1-448-1441,1862,14:41:00,15:02:00,[CTB] 屯门码头,[LRTFeeder] 兆麟,5.11,1862,DATA.GOV.HK pt-headway GTFS
1862-1-448-1451,1862,14:51:00,15:12:00,[CTB] 屯门码头,[LRTFeeder] 兆麟,5.11,1862,DATA.GOV.HK pt-headway GTFS
1862-1-448-1458,1862,14:58:00,15:19:00,[CTB] 屯门码头,[LRTFeeder] 兆麟,5.11,1862,DATA.GOV.HK pt-headway GTFS
1862-1-448-1508,1862,15:08:00,15:29:00,[CTB] 屯门码头,[LRTFeeder] 兆麟,5.11,1862,DATA.GOV.HK pt-headway GTFS
1862-1-448-1515,1862,15:15:00,15:36:00,[CTB] 屯门码头,[LRTFeeder] 兆麟,5.11,1862,DATA.GOV.HK pt-headway GTFS
1862-1-448-1525,1862,15:25:00,15:46:00,[CTB] 屯门码头,[LRTFeeder] 兆麟,5.11,1862,DATA.GOV.HK pt-headway GTFS
1862-1-448-1532,1862,15:32:00,15:53:00,[CTB] 屯门码头,[LRTFeeder] 兆麟,5.11,1862,DATA.GOV.HK pt-headway GTFS
1862-1-448-1542,1862,15:42:00,16:03:00,[CTB] 屯门码头,[LRTFeeder] 兆麟,5.11,1862,DATA.GOV.HK pt-headway GTFS
1862-1-448-1549,1862,15:49:00,16:10:00,[CTB] 屯门码头,[LRTFeeder] 兆麟,5.11,1862,DATA.GOV.HK pt-headway GTFS
1862-1-448-1559,1862,15:59:00,16:20:00,[CTB] 屯门码头,[LRTFeeder] 兆麟,5.11,1862,DATA.GOV.HK pt-headway GTFS
1862-1-448-1606,1862,16:06:00,16:27:00,[CTB] 屯门码头,[LRTFeeder] 兆麟,5.11,1862,DATA.GOV.HK pt-headway GTFS
1862-1-448-1616,1862,16:16:00,16:37:00,[CTB] 屯门码头,[LRTFeeder] 兆麟,5.11,1862,DATA.GOV.HK pt-headway GTFS
1862-1-448-1623,1862,16:23:00,16:44:00,[CTB] 屯门码头,[LRTFeeder] 兆麟,5.11,1862,DATA.GOV.HK pt-headway GTFS
1862-1-448-1633,1862,16:33:00,16:54:00,[CTB] 屯门码头,[LRTFeeder] 兆麟,5.11,1862,DATA.GOV.HK pt-headway GTFS
1862-1-448-1640,1862,16:40:00,17:01:00,[CTB] 屯门码头,[LRTFeeder] 兆麟,5.11,1862,DATA.GOV.HK pt-headway GTFS
1862-1-448-1650,1862,16:50:00,17:11:00,[CTB] 屯门码头,[LRTFeeder] 兆麟,5.11,1862,DATA.GOV.HK pt-headway GTFS
1862-1-448-1657,1862,16:57:00,17:18:00,[CTB] 屯门码头,[LRTFeeder] 兆麟,5.11,1862,DATA.GOV.HK pt-headway GTFS
1862-1-448-1707,1862,17:07:00,17:28:00,[CTB] 屯门码头,[LRTFeeder] 兆麟,5.11,1862,DATA.GOV.HK pt-headway GTFS
1862-1-448-1714,1862,17:14:00,17:35:00,[CTB] 屯门码头,[LRTFeeder] 兆麟,5.11,1862,DATA.GOV.HK pt-headway GTFS
1862-1-448-1724,1862,17:24:00,17:45:00,[CTB] 屯门码头,[LRTFeeder] 兆麟,5.11,1862,DATA.GOV.HK pt-headway GTFS
1862-1-448-1731,1862,17:31:00,17:52:00,[CTB] 屯门码头,[LRTFeeder] 兆麟,5.11,1862,DATA.GOV.HK pt-headway GTFS
1862-1-448-1741,1862,17:41:00,18:02:00,[CTB] 屯门码头,[LRTFeeder] 兆麟,5.11,1862,DATA.GOV.HK pt-headway GTFS
1862-1-448-1748,1862,17:48:00,18:09:00,[CTB] 屯门码头,[LRTFeeder] 兆麟,5.11,1862,DATA.GOV.HK pt-headway GTFS
1862-1-448-1758,1862,17:58:00,18:19:00,[CTB] 屯门码头,[LRTFeeder] 兆麟,5.11,1862,DATA.GOV.HK pt-headway GTFS
1862-1-448-1805,1862,18:05:00,18:26:00,[CTB] 屯门码头,[LRTFeeder] 兆麟,5.11,1862,DATA.GOV.HK pt-headway GTFS
1862-1-448-1815,1862,18:15:00,18:36:00,[CTB] 屯门码头,[LRTFeeder] 兆麟,5.11,1862,DATA.GOV.HK pt-headway GTFS
1862-1-448-1822,1862,18:22:00,18:43:00,[CTB] 屯门码头,[LRTFeeder] 兆麟,5.11,1862,DATA.GOV.HK pt-headway GTFS
1862-1-448-1832,1862,18:32:00,18:53:00,[CTB] 屯门码头,[LRTFeeder] 兆麟,5.11,1862,DATA.GOV.HK pt-headway GTFS
1862-1-448-1839,1862,18:39:00,19:00:00,[CTB] 屯门码头,[LRTFeeder] 兆麟,5.11,1862,DATA.GOV.HK pt-headway GTFS
1862-1-448-1849,1862,18:49:00,19:10:00,[CTB] 屯门码头,[LRTFeeder] 兆麟,5.11,1862,DATA.GOV.HK pt-headway GTFS
1862-1-448-1856,1862,18:56:00,19:17:00,[CTB] 屯门码头,[LRTFeeder] 兆麟,5.11,1862,DATA.GOV.HK pt-headway GTFS
1862-1-448-1906,1862,19:06:00,19:27:00,[CTB] 屯门码头,[LRTFeeder] 兆麟,5.11,1862,DATA.GOV.HK pt-headway GTFS
1862-1-448-1913,1862,19:13:00,19:34:00,[CTB] 屯门码头,[LRTFeeder] 兆麟,5.11,1862,DATA.GOV.HK pt-headway GTFS
1862-1-448-1923,1862,19:23:00,19:44:00,[CTB] 屯门码头,[LRTFeeder] 兆麟,5.11,1862,DATA.GOV.HK pt-headway GTFS
1862-1-448-1930,1862,19:30:00,19:51:00,[CTB] 屯门码头,[LRTFeeder] 兆麟,5.11,1862,DATA.GOV.HK pt-headway GTFS
1862-1-448-1940,1862,19:40:00,20:01:00,[CTB] 屯门码头,[LRTFeeder] 兆麟,5.11,1862,DATA.GOV.HK pt-headway GTFS
1862-1-448-1947,1862,19:47:00,20:08:00,[CTB] 屯门码头,[LRTFeeder] 兆麟,5.11,1862,DATA.GOV.HK pt-headway GTFS
1862-1-448-1957,1862,19:57:00,20:18:00,[CTB] 屯门码头,[LRTFeeder] 兆麟,5.11,1862,DATA.GOV.HK pt-headway GTFS
1862-1-448-2004,1862,20:04:00,20:25:00,[CTB] 屯门码头,[LRTFeeder] 兆麟,5.11,1862,DATA.GOV.HK pt-headway GTFS
1862-1-448-2014,1862,20:14:00,20:35:00,[CTB] 屯门码头,[LRTFeeder] 兆麟,5.11,1862,DATA.GOV.HK pt-headway GTFS
1862-1-448-2021,1862,20:21:00,20:42:00,[CTB] 屯门码头,[LRTFeeder] 兆麟,5.11,1862,DATA.GOV.HK pt-headway GTFS
1862-1-448-2031,1862,20:31:00,20:52:00,[CTB] 屯门码头,[LRTFeeder] 兆麟,5.11,1862,DATA.GOV.HK pt-headway GTFS
1862-1-448-2038,1862,20:38:00,20:59:00,[CTB] 屯门码头,[LRTFeeder] 兆麟,5.11,1862,DATA.GOV.HK pt-headway GTFS
1862-1-448-2048,1862,20:48:00,21:09:00,[CTB] 屯门码头,[LRTFeeder] 兆麟,5.11,1862,DATA.GOV.HK pt-headway GTFS
1862-1-448-2055,1862,20:55:00,21:16:00,[CTB] 屯门码头,[LRTFeeder] 兆麟,5.11,1862,DATA.GOV.HK pt-headway GTFS
1862-1-448-2105,1862,21:05:00,21:26:00,[CTB] 屯门码头,[LRTFeeder] 兆麟,5.11,1862,DATA.GOV.HK pt-headway GTFS
1862-1-448-2112,1862,21:12:00,21:33:00,[CTB] 屯门码头,[LRTFeeder] 兆麟,5.11,1862,DATA.GOV.HK pt-headway GTFS
1862-1-448-2122,1862,21:22:00,21:43:00,[CTB] 屯门码头,[LRTFeeder] 兆麟,5.11,1862,DATA.GOV.HK pt-headway GTFS
1862-1-448-2129,1862,21:29:00,21:50:00,[CTB] 屯门码头,[LRTFeeder] 兆麟,5.11,1862,DATA.GOV.HK pt-headway GTFS
1862-1-448-2139,1862,21:39:00,22:00:00,[CTB] 屯门码头,[LRTFeeder] 兆麟,5.11,1862,DATA.GOV.HK pt-headway GTFS
1862-1-448-2146,1862,21:46:00,22:07:00,[CTB] 屯门码头,[LRTFeeder] 兆麟,5.11,1862,DATA.GOV.HK pt-headway GTFS
1862-1-448-2156,1862,21:56:00,22:17:00,[CTB] 屯门码头,[LRTFeeder] 兆麟,5.11,1862,DATA.GOV.HK pt-headway GTFS
1862-1-448-2203,1862,22:03:00,22:24:00,[CTB] 屯门码头,[LRTFeeder] 兆麟,5.11,1862,DATA.GOV.HK pt-headway GTFS
1862-1-448-2213,1862,22:13:00,22:34:00,[CTB] 屯门码头,[LRTFeeder] 兆麟,5.11,1862,DATA.GOV.HK pt-headway GTFS
1862-1-448-2220,1862,22:20:00,22:41:00,[CTB] 屯门码头,[LRTFeeder] 兆麟,5.11,1862,DATA.GOV.HK pt-headway GTFS
1862-1-448-2230,1862,22:30:00,22:51:00,[CTB] 屯门码头,[LRTFeeder] 兆麟,5.11,1862,DATA.GOV.HK pt-headway GTFS
1862-1-448-2237,1862,22:37:00,22:58:00,[CTB] 屯门码头,[LRTFeeder] 兆麟,5.11,1862,DATA.GOV.HK pt-headway GTFS
1862-1-448-2247,1862,22:47:00,23:08:00,[CTB] 屯门码头,[LRTFeeder] 兆麟,5.11,1862,DATA.GOV.HK pt-headway GTFS
1862-1-448-2254,1862,22:54:00,23:15:00,[CTB] 屯门码头,[LRTFeeder] 兆麟,5.11,1862,DATA.GOV.HK pt-headway GTFS
1862-1-448-2304,1862,23:04:00,23:25:00,[CTB] 屯门码头,[LRTFeeder] 兆麟,5.11,1862,DATA.GOV.HK pt-headway GTFS
1862-1-448-2311,1862,23:11:00,23:32:00,[CTB] 屯门码头,[LRTFeeder] 兆麟,5.11,1862,DATA.GOV.HK pt-headway GTFS
1862-1-448-2321,1862,23:21:00,23:42:00,[CTB] 屯门码头,[LRTFeeder] 兆麟,5.11,1862,DATA.GOV.HK pt-headway GTFS
1862-1-448-2328,1862,23:28:00,23:49:00,[CTB] 屯门码头,[LRTFeeder] 兆麟,5.11,1862,DATA.GOV.HK pt-headway GTFS
1862-1-448-2338,1862,23:38:00,23:59:00,[CTB] 屯门码头,[LRTFeeder] 兆麟,5.11,1862,DATA.GOV.HK pt-headway GTFS
1862-1-448-2345,1862,23:45:00,24:06:00,[CTB] 屯门码头,[LRTFeeder] 兆麟,5.11,1862,DATA.GOV.HK pt-headway GTFS
1862-1-448-2355,1862,23:55:00,24:16:00,[CTB] 屯门码头,[LRTFeeder] 兆麟,5.11,1862,DATA.GOV.HK pt-headway GTFS
1862-1-448-2402,1862,24:02:00,24:23:00,[CTB] 屯门码头,[LRTFeeder] 兆麟,5.11,1862,DATA.GOV.HK pt-headway GTFS
1862-1-448-2412,1862,24:12:00,24:33:00,[CTB] 屯门码头,[LRTFeeder] 兆麟,5.11,1862,DATA.GOV.HK pt-headway GTFS
1862-1-448-2419,1862,24:19:00,24:40:00,[CTB] 屯门码头,[LRTFeeder] 兆麟,5.11,1862,DATA.GOV.HK pt-headway GTFS
1862-1-448-2429,1862,24:29:00,24:50:00,[CTB] 屯门码头,[LRTFeeder] 兆麟,5.11,1862,DATA.GOV.HK pt-headway GTFS
1862-2-448-0545,1862,05:45:00,06:06:00,[LRTFeeder] 兆麟,[CTB] 屯门码头,4.50,1862,DATA.GOV.HK pt-headway GTFS
1862-2-448-0552,1862,05:52:00,06:13:00,[LRTFeeder] 兆麟,[CTB] 屯门码头,4.50,1862,DATA.GOV.HK pt-headway GTFS
1862-2-448-0602,1862,06:02:00,06:23:00,[LRTFeeder] 兆麟,[CTB] 屯门码头,4.50,1862,DATA.GOV.HK pt-headway GTFS
1862-2-448-0609,1862,06:09:00,06:30:00,[LRTFeeder] 兆麟,[CTB] 屯门码头,4.50,1862,DATA.GOV.HK pt-headway GTFS
1862-2-448-0619,1862,06:19:00,06:40:00,[LRTFeeder] 兆麟,[CTB] 屯门码头,4.50,1862,DATA.GOV.HK pt-headway GTFS
1862-2-448-0626,1862,06:26:00,06:47:00,[LRTFeeder] 兆麟,[CTB] 屯门码头,4.50,1862,DATA.GOV.HK pt-headway GTFS
1862-2-448-0636,1862,06:36:00,06:57:00,[LRTFeeder] 兆麟,[CTB] 屯门码头,4.50,1862,DATA.GOV.HK pt-headway GTFS
1862-2-448-0643,1862,06:43:00,07:04:00,[LRTFeeder] 兆麟,[CTB] 屯门码头,4.50,1862,DATA.GOV.HK pt-headway GTFS
1862-2-448-0653,1862,06:53:00,07:14:00,[LRTFeeder] 兆麟,[CTB] 屯门码头,4.50,1862,DATA.GOV.HK pt-headway GTFS
1862-2-448-0700,1862,07:00:00,07:21:00,[LRTFeeder] 兆麟,[CTB] 屯门码头,4.50,1862,DATA.GOV.HK pt-headway GTFS
1862-2-448-0710,1862,07:10:00,07:31:00,[LRTFeeder] 兆麟,[CTB] 屯门码头,4.50,1862,DATA.GOV.HK pt-headway GTFS
1862-2-448-0717,1862,07:17:00,07:38:00,[LRTFeeder] 兆麟,[CTB] 屯门码头,4.50,1862,DATA.GOV.HK pt-headway GTFS
1862-2-448-0727,1862,07:27:00,07:48:00,[LRTFeeder] 兆麟,[CTB] 屯门码头,4.50,1862,DATA.GOV.HK pt-headway GTFS
1862-2-448-0734,1862,07:34:00,07:55:00,[LRTFeeder] 兆麟,[CTB] 屯门码头,4.50,1862,DATA.GOV.HK pt-headway GTFS
1862-2-448-0744,1862,07:44:00,08:05:00,[LRTFeeder] 兆麟,[CTB] 屯门码头,4.50,1862,DATA.GOV.HK pt-headway GTFS
1862-2-448-0751,1862,07:51:00,08:12:00,[LRTFeeder] 兆麟,[CTB] 屯门码头,4.50,1862,DATA.GOV.HK pt-headway GTFS
1862-2-448-0801,1862,08:01:00,08:22:00,[LRTFeeder] 兆麟,[CTB] 屯门码头,4.50,1862,DATA.GOV.HK pt-headway GTFS
1862-2-448-0808,1862,08:08:00,08:29:00,[LRTFeeder] 兆麟,[CTB] 屯门码头,4.50,1862,DATA.GOV.HK pt-headway GTFS
1862-2-448-0818,1862,08:18:00,08:39:00,[LRTFeeder] 兆麟,[CTB] 屯门码头,4.50,1862,DATA.GOV.HK pt-headway GTFS
1862-2-448-0825,1862,08:25:00,08:46:00,[LRTFeeder] 兆麟,[CTB] 屯门码头,4.50,1862,DATA.GOV.HK pt-headway GTFS
1862-2-448-0835,1862,08:35:00,08:56:00,[LRTFeeder] 兆麟,[CTB] 屯门码头,4.50,1862,DATA.GOV.HK pt-headway GTFS
1862-2-448-0842,1862,08:42:00,09:03:00,[LRTFeeder] 兆麟,[CTB] 屯门码头,4.50,1862,DATA.GOV.HK pt-headway GTFS
1862-2-448-0852,1862,08:52:00,09:13:00,[LRTFeeder] 兆麟,[CTB] 屯门码头,4.50,1862,DATA.GOV.HK pt-headway GTFS
1862-2-448-0859,1862,08:59:00,09:20:00,[LRTFeeder] 兆麟,[CTB] 屯门码头,4.50,1862,DATA.GOV.HK pt-headway GTFS
1862-2-448-0909,1862,09:09:00,09:30:00,[LRTFeeder] 兆麟,[CTB] 屯门码头,4.50,1862,DATA.GOV.HK pt-headway GTFS
1862-2-448-0916,1862,09:16:00,09:37:00,[LRTFeeder] 兆麟,[CTB] 屯门码头,4.50,1862,DATA.GOV.HK pt-headway GTFS
1862-2-448-0926,1862,09:26:00,09:47:00,[LRTFeeder] 兆麟,[CTB] 屯门码头,4.50,1862,DATA.GOV.HK pt-headway GTFS
1862-2-448-0933,1862,09:33:00,09:54:00,[LRTFeeder] 兆麟,[CTB] 屯门码头,4.50,1862,DATA.GOV.HK pt-headway GTFS
1862-2-448-0943,1862,09:43:00,10:04:00,[LRTFeeder] 兆麟,[CTB] 屯门码头,4.50,1862,DATA.GOV.HK pt-headway GTFS
1862-2-448-0950,1862,09:50:00,10:11:00,[LRTFeeder] 兆麟,[CTB] 屯门码头,4.50,1862,DATA.GOV.HK pt-headway GTFS
1862-2-448-1000,1862,10:00:00,10:21:00,[LRTFeeder] 兆麟,[CTB] 屯门码头,4.50,1862,DATA.GOV.HK pt-headway GTFS
1862-2-448-1007,1862,10:07:00,10:28:00,[LRTFeeder] 兆麟,[CTB] 屯门码头,4.50,1862,DATA.GOV.HK pt-headway GTFS
1862-2-448-1017,1862,10:17:00,10:38:00,[LRTFeeder] 兆麟,[CTB] 屯门码头,4.50,1862,DATA.GOV.HK pt-headway GTFS
1862-2-448-1024,1862,10:24:00,10:45:00,[LRTFeeder] 兆麟,[CTB] 屯门码头,4.50,1862,DATA.GOV.HK pt-headway GTFS
1862-2-448-1034,1862,10:34:00,10:55:00,[LRTFeeder] 兆麟,[CTB] 屯门码头,4.50,1862,DATA.GOV.HK pt-headway GTFS
1862-2-448-1041,1862,10:41:00,11:02:00,[LRTFeeder] 兆麟,[CTB] 屯门码头,4.50,1862,DATA.GOV.HK pt-headway GTFS
1862-2-448-1051,1862,10:51:00,11:12:00,[LRTFeeder] 兆麟,[CTB] 屯门码头,4.50,1862,DATA.GOV.HK pt-headway GTFS
1862-2-448-1058,1862,10:58:00,11:19:00,[LRTFeeder] 兆麟,[CTB] 屯门码头,4.50,1862,DATA.GOV.HK pt-headway GTFS
1862-2-448-1108,1862,11:08:00,11:29:00,[LRTFeeder] 兆麟,[CTB] 屯门码头,4.50,1862,DATA.GOV.HK pt-headway GTFS
1862-2-448-1115,1862,11:15:00,11:36:00,[LRTFeeder] 兆麟,[CTB] 屯门码头,4.50,1862,DATA.GOV.HK pt-headway GTFS
1862-2-448-1125,1862,11:25:00,11:46:00,[LRTFeeder] 兆麟,[CTB] 屯门码头,4.50,1862,DATA.GOV.HK pt-headway GTFS
1862-2-448-1132,1862,11:32:00,11:53:00,[LRTFeeder] 兆麟,[CTB] 屯门码头,4.50,1862,DATA.GOV.HK pt-headway GTFS
1862-2-448-1142,1862,11:42:00,12:03:00,[LRTFeeder] 兆麟,[CTB] 屯门码头,4.50,1862,DATA.GOV.HK pt-headway GTFS
1862-2-448-1149,1862,11:49:00,12:10:00,[LRTFeeder] 兆麟,[CTB] 屯门码头,4.50,1862,DATA.GOV.HK pt-headway GTFS
1862-2-448-1159,1862,11:59:00,12:20:00,[LRTFeeder] 兆麟,[CTB] 屯门码头,4.50,1862,DATA.GOV.HK pt-headway GTFS
1862-2-448-1206,1862,12:06:00,12:27:00,[LRTFeeder] 兆麟,[CTB] 屯门码头,4.50,1862,DATA.GOV.HK pt-headway GTFS
1862-2-448-1216,1862,12:16:00,12:37:00,[LRTFeeder] 兆麟,[CTB] 屯门码头,4.50,1862,DATA.GOV.HK pt-headway GTFS
1862-2-448-1223,1862,12:23:00,12:44:00,[LRTFeeder] 兆麟,[CTB] 屯门码头,4.50,1862,DATA.GOV.HK pt-headway GTFS
1862-2-448-1233,1862,12:33:00,12:54:00,[LRTFeeder] 兆麟,[CTB] 屯门码头,4.50,1862,DATA.GOV.HK pt-headway GTFS
1862-2-448-1240,1862,12:40:00,13:01:00,[LRTFeeder] 兆麟,[CTB] 屯门码头,4.50,1862,DATA.GOV.HK pt-headway GTFS
1862-2-448-1250,1862,12:50:00,13:11:00,[LRTFeeder] 兆麟,[CTB] 屯门码头,4.50,1862,DATA.GOV.HK pt-headway GTFS
1862-2-448-1257,1862,12:57:00,13:18:00,[LRTFeeder] 兆麟,[CTB] 屯门码头,4.50,1862,DATA.GOV.HK pt-headway GTFS
1862-2-448-1307,1862,13:07:00,13:28:00,[LRTFeeder] 兆麟,[CTB] 屯门码头,4.50,1862,DATA.GOV.HK pt-headway GTFS
1862-2-448-1314,1862,13:14:00,13:35:00,[LRTFeeder] 兆麟,[CTB] 屯门码头,4.50,1862,DATA.GOV.HK pt-headway GTFS
1862-2-448-1324,1862,13:24:00,13:45:00,[LRTFeeder] 兆麟,[CTB] 屯门码头,4.50,1862,DATA.GOV.HK pt-headway GTFS
1862-2-448-1331,1862,13:31:00,13:52:00,[LRTFeeder] 兆麟,[CTB] 屯门码头,4.50,1862,DATA.GOV.HK pt-headway GTFS
1862-2-448-1341,1862,13:41:00,14:02:00,[LRTFeeder] 兆麟,[CTB] 屯门码头,4.50,1862,DATA.GOV.HK pt-headway GTFS
1862-2-448-1348,1862,13:48:00,14:09:00,[LRTFeeder] 兆麟,[CTB] 屯门码头,4.50,1862,DATA.GOV.HK pt-headway GTFS
1862-2-448-1358,1862,13:58:00,14:19:00,[LRTFeeder] 兆麟,[CTB] 屯门码头,4.50,1862,DATA.GOV.HK pt-headway GTFS
1862-2-448-1405,1862,14:05:00,14:26:00,[LRTFeeder] 兆麟,[CTB] 屯门码头,4.50,1862,DATA.GOV.HK pt-headway GTFS
1862-2-448-1415,1862,14:15:00,14:36:00,[LRTFeeder] 兆麟,[CTB] 屯门码头,4.50,1862,DATA.GOV.HK pt-headway GTFS
1862-2-448-1422,1862,14:22:00,14:43:00,[LRTFeeder] 兆麟,[CTB] 屯门码头,4.50,1862,DATA.GOV.HK pt-headway GTFS
1862-2-448-1432,1862,14:32:00,14:53:00,[LRTFeeder] 兆麟,[CTB] 屯门码头,4.50,1862,DATA.GOV.HK pt-headway GTFS
1862-2-448-1439,1862,14:39:00,15:00:00,[LRTFeeder] 兆麟,[CTB] 屯门码头,4.50,1862,DATA.GOV.HK pt-headway GTFS
1862-2-448-1449,1862,14:49:00,15:10:00,[LRTFeeder] 兆麟,[CTB] 屯门码头,4.50,1862,DATA.GOV.HK pt-headway GTFS
1862-2-448-1456,1862,14:56:00,15:17:00,[LRTFeeder] 兆麟,[CTB] 屯门码头,4.50,1862,DATA.GOV.HK pt-headway GTFS
1862-2-448-1506,1862,15:06:00,15:27:00,[LRTFeeder] 兆麟,[CTB] 屯门码头,4.50,1862,DATA.GOV.HK pt-headway GTFS
1862-2-448-1513,1862,15:13:00,15:34:00,[LRTFeeder] 兆麟,[CTB] 屯门码头,4.50,1862,DATA.GOV.HK pt-headway GTFS
1862-2-448-1523,1862,15:23:00,15:44:00,[LRTFeeder] 兆麟,[CTB] 屯门码头,4.50,1862,DATA.GOV.HK pt-headway GTFS
1862-2-448-1530,1862,15:30:00,15:51:00,[LRTFeeder] 兆麟,[CTB] 屯门码头,4.50,1862,DATA.GOV.HK pt-headway GTFS
1862-2-448-1540,1862,15:40:00,16:01:00,[LRTFeeder] 兆麟,[CTB] 屯门码头,4.50,1862,DATA.GOV.HK pt-headway GTFS
1862-2-448-1547,1862,15:47:00,16:08:00,[LRTFeeder] 兆麟,[CTB] 屯门码头,4.50,1862,DATA.GOV.HK pt-headway GTFS
1862-2-448-1557,1862,15:57:00,16:18:00,[LRTFeeder] 兆麟,[CTB] 屯门码头,4.50,1862,DATA.GOV.HK pt-headway GTFS
1862-2-448-1604,1862,16:04:00,16:25:00,[LRTFeeder] 兆麟,[CTB] 屯门码头,4.50,1862,DATA.GOV.HK pt-headway GTFS
1862-2-448-1614,1862,16:14:00,16:35:00,[LRTFeeder] 兆麟,[CTB] 屯门码头,4.50,1862,DATA.GOV.HK pt-headway GTFS
1862-2-448-1621,1862,16:21:00,16:42:00,[LRTFeeder] 兆麟,[CTB] 屯门码头,4.50,1862,DATA.GOV.HK pt-headway GTFS
1862-2-448-1631,1862,16:31:00,16:52:00,[LRTFeeder] 兆麟,[CTB] 屯门码头,4.50,1862,DATA.GOV.HK pt-headway GTFS
1862-2-448-1638,1862,16:38:00,16:59:00,[LRTFeeder] 兆麟,[CTB] 屯门码头,4.50,1862,DATA.GOV.HK pt-headway GTFS
1862-2-448-1648,1862,16:48:00,17:09:00,[LRTFeeder] 兆麟,[CTB] 屯门码头,4.50,1862,DATA.GOV.HK pt-headway GTFS
1862-2-448-1655,1862,16:55:00,17:16:00,[LRTFeeder] 兆麟,[CTB] 屯门码头,4.50,1862,DATA.GOV.HK pt-headway GTFS
1862-2-448-1705,1862,17:05:00,17:26:00,[LRTFeeder] 兆麟,[CTB] 屯门码头,4.50,1862,DATA.GOV.HK pt-headway GTFS
1862-2-448-1712,1862,17:12:00,17:33:00,[LRTFeeder] 兆麟,[CTB] 屯门码头,4.50,1862,DATA.GOV.HK pt-headway GTFS
1862-2-448-1722,1862,17:22:00,17:43:00,[LRTFeeder] 兆麟,[CTB] 屯门码头,4.50,1862,DATA.GOV.HK pt-headway GTFS
1862-2-448-1729,1862,17:29:00,17:50:00,[LRTFeeder] 兆麟,[CTB] 屯门码头,4.50,1862,DATA.GOV.HK pt-headway GTFS
1862-2-448-1739,1862,17:39:00,18:00:00,[LRTFeeder] 兆麟,[CTB] 屯门码头,4.50,1862,DATA.GOV.HK pt-headway GTFS
1862-2-448-1746,1862,17:46:00,18:07:00,[LRTFeeder] 兆麟,[CTB] 屯门码头,4.50,1862,DATA.GOV.HK pt-headway GTFS
1862-2-448-1756,1862,17:56:00,18:17:00,[LRTFeeder] 兆麟,[CTB] 屯门码头,4.50,1862,DATA.GOV.HK pt-headway GTFS
1862-2-448-1803,1862,18:03:00,18:24:00,[LRTFeeder] 兆麟,[CTB] 屯门码头,4.50,1862,DATA.GOV.HK pt-headway GTFS
1862-2-448-1813,1862,18:13:00,18:34:00,[LRTFeeder] 兆麟,[CTB] 屯门码头,4.50,1862,DATA.GOV.HK pt-headway GTFS
1862-2-448-1820,1862,18:20:00,18:41:00,[LRTFeeder] 兆麟,[CTB] 屯门码头,4.50,1862,DATA.GOV.HK pt-headway GTFS
1862-2-448-1830,1862,18:30:00,18:51:00,[LRTFeeder] 兆麟,[CTB] 屯门码头,4.50,1862,DATA.GOV.HK pt-headway GTFS
1862-2-448-1837,1862,18:37:00,18:58:00,[LRTFeeder] 兆麟,[CTB] 屯门码头,4.50,1862,DATA.GOV.HK pt-headway GTFS
1862-2-448-1847,1862,18:47:00,19:08:00,[LRTFeeder] 兆麟,[CTB] 屯门码头,4.50,1862,DATA.GOV.HK pt-headway GTFS
1862-2-448-1854,1862,18:54:00,19:15:00,[LRTFeeder] 兆麟,[CTB] 屯门码头,4.50,1862,DATA.GOV.HK pt-headway GTFS
1862-2-448-1904,1862,19:04:00,19:25:00,[LRTFeeder] 兆麟,[CTB] 屯门码头,4.50,1862,DATA.GOV.HK pt-headway GTFS
1862-2-448-1911,1862,19:11:00,19:32:00,[LRTFeeder] 兆麟,[CTB] 屯门码头,4.50,1862,DATA.GOV.HK pt-headway GTFS
1862-2-448-1921,1862,19:21:00,19:42:00,[LRTFeeder] 兆麟,[CTB] 屯门码头,4.50,1862,DATA.GOV.HK pt-headway GTFS
1862-2-448-1928,1862,19:28:00,19:49:00,[LRTFeeder] 兆麟,[CTB] 屯门码头,4.50,1862,DATA.GOV.HK pt-headway GTFS
1862-2-448-1938,1862,19:38:00,19:59:00,[LRTFeeder] 兆麟,[CTB] 屯门码头,4.50,1862,DATA.GOV.HK pt-headway GTFS
1862-2-448-1945,1862,19:45:00,20:06:00,[LRTFeeder] 兆麟,[CTB] 屯门码头,4.50,1862,DATA.GOV.HK pt-headway GTFS
1862-2-448-1955,1862,19:55:00,20:16:00,[LRTFeeder] 兆麟,[CTB] 屯门码头,4.50,1862,DATA.GOV.HK pt-headway GTFS
1862-2-448-2002,1862,20:02:00,20:23:00,[LRTFeeder] 兆麟,[CTB] 屯门码头,4.50,1862,DATA.GOV.HK pt-headway GTFS
1862-2-448-2012,1862,20:12:00,20:33:00,[LRTFeeder] 兆麟,[CTB] 屯门码头,4.50,1862,DATA.GOV.HK pt-headway GTFS
1862-2-448-2019,1862,20:19:00,20:40:00,[LRTFeeder] 兆麟,[CTB] 屯门码头,4.50,1862,DATA.GOV.HK pt-headway GTFS
1862-2-448-2029,1862,20:29:00,20:50:00,[LRTFeeder] 兆麟,[CTB] 屯门码头,4.50,1862,DATA.GOV.HK pt-headway GTFS
1862-2-448-2036,1862,20:36:00,20:57:00,[LRTFeeder] 兆麟,[CTB] 屯门码头,4.50,1862,DATA.GOV.HK pt-headway GTFS
1862-2-448-2046,1862,20:46:00,21:07:00,[LRTFeeder] 兆麟,[CTB] 屯门码头,4.50,1862,DATA.GOV.HK pt-headway GTFS
1862-2-448-2053,1862,20:53:00,21:14:00,[LRTFeeder] 兆麟,[CTB] 屯门码头,4.50,1862,DATA.GOV.HK pt-headway GTFS
1862-2-448-2103,1862,21:03:00,21:24:00,[LRTFeeder] 兆麟,[CTB] 屯门码头,4.50,1862,DATA.GOV.HK pt-headway GTFS
1862-2-448-2110,1862,21:10:00,21:31:00,[LRTFeeder] 兆麟,[CTB] 屯门码头,4.50,1862,DATA.GOV.HK pt-headway GTFS
1862-2-448-2120,1862,21:20:00,21:41:00,[LRTFeeder] 兆麟,[CTB] 屯门码头,4.50,1862,DATA.GOV.HK pt-headway GTFS
1862-2-448-2127,1862,21:27:00,21:48:00,[LRTFeeder] 兆麟,[CTB] 屯门码头,4.50,1862,DATA.GOV.HK pt-headway GTFS
1862-2-448-2137,1862,21:37:00,21:58:00,[LRTFeeder] 兆麟,[CTB] 屯门码头,4.50,1862,DATA.GOV.HK pt-headway GTFS
1862-2-448-2144,1862,21:44:00,22:05:00,[LRTFeeder] 兆麟,[CTB] 屯门码头,4.50,1862,DATA.GOV.HK pt-headway GTFS
1862-2-448-2154,1862,21:54:00,22:15:00,[LRTFeeder] 兆麟,[CTB] 屯门码头,4.50,1862,DATA.GOV.HK pt-headway GTFS
1862-2-448-2201,1862,22:01:00,22:22:00,[LRTFeeder] 兆麟,[CTB] 屯门码头,4.50,1862,DATA.GOV.HK pt-headway GTFS
1862-2-448-2211,1862,22:11:00,22:32:00,[LRTFeeder] 兆麟,[CTB] 屯门码头,4.50,1862,DATA.GOV.HK pt-headway GTFS
1862-2-448-2218,1862,22:18:00,22:39:00,[LRTFeeder] 兆麟,[CTB] 屯门码头,4.50,1862,DATA.GOV.HK pt-headway GTFS
1862-2-448-2228,1862,22:28:00,22:49:00,[LRTFeeder] 兆麟,[CTB] 屯门码头,4.50,1862,DATA.GOV.HK pt-headway GTFS
1862-2-448-2235,1862,22:35:00,22:56:00,[LRTFeeder] 兆麟,[CTB] 屯门码头,4.50,1862,DATA.GOV.HK pt-headway GTFS
1862-2-448-2245,1862,22:45:00,23:06:00,[LRTFeeder] 兆麟,[CTB] 屯门码头,4.50,1862,DATA.GOV.HK pt-headway GTFS
1862-2-448-2252,1862,22:52:00,23:13:00,[LRTFeeder] 兆麟,[CTB] 屯门码头,4.50,1862,DATA.GOV.HK pt-headway GTFS
1862-2-448-2302,1862,23:02:00,23:23:00,[LRTFeeder] 兆麟,[CTB] 屯门码头,4.50,1862,DATA.GOV.HK pt-headway GTFS
1862-2-448-2309,1862,23:09:00,23:30:00,[LRTFeeder] 兆麟,[CTB] 屯门码头,4.50,1862,DATA.GOV.HK pt-headway GTFS
1862-2-448-2319,1862,23:19:00,23:40:00,[LRTFeeder] 兆麟,[CTB] 屯门码头,4.50,1862,DATA.GOV.HK pt-headway GTFS
1862-2-448-2326,1862,23:26:00,23:47:00,[LRTFeeder] 兆麟,[CTB] 屯门码头,4.50,1862,DATA.GOV.HK pt-headway GTFS
1862-2-448-2336,1862,23:36:00,23:57:00,[LRTFeeder] 兆麟,[CTB] 屯门码头,4.50,1862,DATA.GOV.HK pt-headway GTFS
1862-2-448-2343,1862,23:43:00,24:04:00,[LRTFeeder] 兆麟,[CTB] 屯门码头,4.50,1862,DATA.GOV.HK pt-headway GTFS
1862-2-448-2353,1862,23:53:00,24:14:00,[LRTFeeder] 兆麟,[CTB] 屯门码头,4.50,1862,DATA.GOV.HK pt-headway GTFS
1862-2-448-2400,1862,24:00:00,24:21:00,[LRTFeeder] 兆麟,[CTB] 屯门码头,4.50,1862,DATA.GOV.HK pt-headway GTFS
1862-2-448-2410,1862,24:10:00,24:31:00,[LRTFeeder] 兆麟,[CTB] 屯门码头,4.50,1862,DATA.GOV.HK pt-headway GTFS
1862-2-448-2417,1862,24:17:00,24:38:00,[LRTFeeder] 兆麟,[CTB] 屯门码头,4.50,1862,DATA.GOV.HK pt-headway GTFS
1862-2-448-2427,1862,24:27:00,24:48:00,[LRTFeeder] 兆麟,[CTB] 屯门码头,4.50,1862,DATA.GOV.HK pt-headway GTFS
1862-2-448-2434,1862,24:34:00,24:55:00,[LRTFeeder] 兆麟,[CTB] 屯门码头,4.50,1862,DATA.GOV.HK pt-headway GTFS
1862-2-448-2444,1862,24:44:00,25:05:00,[LRTFeeder] 兆麟,[CTB] 屯门码头,4.50,1862,DATA.GOV.HK pt-headway GTFS
1884-1-287-0600,1884,06:00:00,06:18:00,[KMB] 天恒邨总站,[CTB] 天水围站 - 屏欣苑,2.71,1884,DATA.GOV.HK pt-headway GTFS
1884-1-287-0603,1884,06:03:00,06:21:00,[KMB] 天恒邨总站,[CTB] 天水围站 - 屏欣苑,2.71,1884,DATA.GOV.HK pt-headway GTFS
1884-1-287-0613,1884,06:13:00,06:31:00,[KMB] 天恒邨总站,[CTB] 天水围站 - 屏欣苑,2.71,1884,DATA.GOV.HK pt-headway GTFS
1884-1-287-0616,1884,06:16:00,06:34:00,[KMB] 天恒邨总站,[CTB] 天水围站 - 屏欣苑,2.71,1884,DATA.GOV.HK pt-headway GTFS
1884-1-287-0626,1884,06:26:00,06:44:00,[KMB] 天恒邨总站,[CTB] 天水围站 - 屏欣苑,2.71,1884,DATA.GOV.HK pt-headway GTFS
1884-1-287-0629,1884,06:29:00,06:47:00,[KMB] 天恒邨总站,[CTB] 天水围站 - 屏欣苑,2.71,1884,DATA.GOV.HK pt-headway GTFS
1884-1-287-0639,1884,06:39:00,06:57:00,[KMB] 天恒邨总站,[CTB] 天水围站 - 屏欣苑,2.71,1884,DATA.GOV.HK pt-headway GTFS
1884-1-287-0642,1884,06:42:00,07:00:00,[KMB] 天恒邨总站,[CTB] 天水围站 - 屏欣苑,2.71,1884,DATA.GOV.HK pt-headway GTFS
1884-1-287-0652,1884,06:52:00,07:10:00,[KMB] 天恒邨总站,[CTB] 天水围站 - 屏欣苑,2.71,1884,DATA.GOV.HK pt-headway GTFS
1884-1-287-0655,1884,06:55:00,07:13:00,[KMB] 天恒邨总站,[CTB] 天水围站 - 屏欣苑,2.71,1884,DATA.GOV.HK pt-headway GTFS
1884-1-287-0705,1884,07:05:00,07:23:00,[KMB] 天恒邨总站,[CTB] 天水围站 - 屏欣苑,2.71,1884,DATA.GOV.HK pt-headway GTFS
1884-1-287-0708,1884,07:08:00,07:26:00,[KMB] 天恒邨总站,[CTB] 天水围站 - 屏欣苑,2.71,1884,DATA.GOV.HK pt-headway GTFS
1884-1-287-0718,1884,07:18:00,07:36:00,[KMB] 天恒邨总站,[CTB] 天水围站 - 屏欣苑,2.71,1884,DATA.GOV.HK pt-headway GTFS
1884-1-287-0721,1884,07:21:00,07:39:00,[KMB] 天恒邨总站,[CTB] 天水围站 - 屏欣苑,2.71,1884,DATA.GOV.HK pt-headway GTFS
1884-1-287-0731,1884,07:31:00,07:49:00,[KMB] 天恒邨总站,[CTB] 天水围站 - 屏欣苑,2.71,1884,DATA.GOV.HK pt-headway GTFS
1884-1-287-0734,1884,07:34:00,07:52:00,[KMB] 天恒邨总站,[CTB] 天水围站 - 屏欣苑,2.71,1884,DATA.GOV.HK pt-headway GTFS
1884-1-287-0744,1884,07:44:00,08:02:00,[KMB] 天恒邨总站,[CTB] 天水围站 - 屏欣苑,2.71,1884,DATA.GOV.HK pt-headway GTFS
1884-1-287-0747,1884,07:47:00,08:05:00,[KMB] 天恒邨总站,[CTB] 天水围站 - 屏欣苑,2.71,1884,DATA.GOV.HK pt-headway GTFS
1884-1-287-0757,1884,07:57:00,08:15:00,[KMB] 天恒邨总站,[CTB] 天水围站 - 屏欣苑,2.71,1884,DATA.GOV.HK pt-headway GTFS
1884-1-287-0800,1884,08:00:00,08:18:00,[KMB] 天恒邨总站,[CTB] 天水围站 - 屏欣苑,2.71,1884,DATA.GOV.HK pt-headway GTFS
1884-1-287-0810,1884,08:10:00,08:28:00,[KMB] 天恒邨总站,[CTB] 天水围站 - 屏欣苑,2.71,1884,DATA.GOV.HK pt-headway GTFS
1884-1-287-0813,1884,08:13:00,08:31:00,[KMB] 天恒邨总站,[CTB] 天水围站 - 屏欣苑,2.71,1884,DATA.GOV.HK pt-headway GTFS
1884-1-287-0823,1884,08:23:00,08:41:00,[KMB] 天恒邨总站,[CTB] 天水围站 - 屏欣苑,2.71,1884,DATA.GOV.HK pt-headway GTFS
1884-1-287-0826,1884,08:26:00,08:44:00,[KMB] 天恒邨总站,[CTB] 天水围站 - 屏欣苑,2.71,1884,DATA.GOV.HK pt-headway GTFS
1884-1-287-0836,1884,08:36:00,08:54:00,[KMB] 天恒邨总站,[CTB] 天水围站 - 屏欣苑,2.71,1884,DATA.GOV.HK pt-headway GTFS
1884-1-287-0839,1884,08:39:00,08:57:00,[KMB] 天恒邨总站,[CTB] 天水围站 - 屏欣苑,2.71,1884,DATA.GOV.HK pt-headway GTFS
1884-1-287-0849,1884,08:49:00,09:07:00,[KMB] 天恒邨总站,[CTB] 天水围站 - 屏欣苑,2.71,1884,DATA.GOV.HK pt-headway GTFS
1884-1-287-0852,1884,08:52:00,09:10:00,[KMB] 天恒邨总站,[CTB] 天水围站 - 屏欣苑,2.71,1884,DATA.GOV.HK pt-headway GTFS
1884-1-287-0902,1884,09:02:00,09:20:00,[KMB] 天恒邨总站,[CTB] 天水围站 - 屏欣苑,2.71,1884,DATA.GOV.HK pt-headway GTFS
1884-1-287-0905,1884,09:05:00,09:23:00,[KMB] 天恒邨总站,[CTB] 天水围站 - 屏欣苑,2.71,1884,DATA.GOV.HK pt-headway GTFS
1884-1-287-0915,1884,09:15:00,09:33:00,[KMB] 天恒邨总站,[CTB] 天水围站 - 屏欣苑,2.71,1884,DATA.GOV.HK pt-headway GTFS
1884-1-287-0918,1884,09:18:00,09:36:00,[KMB] 天恒邨总站,[CTB] 天水围站 - 屏欣苑,2.71,1884,DATA.GOV.HK pt-headway GTFS
1884-1-287-0928,1884,09:28:00,09:46:00,[KMB] 天恒邨总站,[CTB] 天水围站 - 屏欣苑,2.71,1884,DATA.GOV.HK pt-headway GTFS
1884-1-287-0931,1884,09:31:00,09:49:00,[KMB] 天恒邨总站,[CTB] 天水围站 - 屏欣苑,2.71,1884,DATA.GOV.HK pt-headway GTFS
1884-1-287-0941,1884,09:41:00,09:59:00,[KMB] 天恒邨总站,[CTB] 天水围站 - 屏欣苑,2.71,1884,DATA.GOV.HK pt-headway GTFS
1884-1-287-0944,1884,09:44:00,10:02:00,[KMB] 天恒邨总站,[CTB] 天水围站 - 屏欣苑,2.71,1884,DATA.GOV.HK pt-headway GTFS
1884-1-287-0954,1884,09:54:00,10:12:00,[KMB] 天恒邨总站,[CTB] 天水围站 - 屏欣苑,2.71,1884,DATA.GOV.HK pt-headway GTFS
1884-1-287-0957,1884,09:57:00,10:15:00,[KMB] 天恒邨总站,[CTB] 天水围站 - 屏欣苑,2.71,1884,DATA.GOV.HK pt-headway GTFS
1884-1-287-1007,1884,10:07:00,10:25:00,[KMB] 天恒邨总站,[CTB] 天水围站 - 屏欣苑,2.71,1884,DATA.GOV.HK pt-headway GTFS
1884-1-287-1010,1884,10:10:00,10:28:00,[KMB] 天恒邨总站,[CTB] 天水围站 - 屏欣苑,2.71,1884,DATA.GOV.HK pt-headway GTFS
1884-1-287-1020,1884,10:20:00,10:38:00,[KMB] 天恒邨总站,[CTB] 天水围站 - 屏欣苑,2.71,1884,DATA.GOV.HK pt-headway GTFS
1884-1-287-1023,1884,10:23:00,10:41:00,[KMB] 天恒邨总站,[CTB] 天水围站 - 屏欣苑,2.71,1884,DATA.GOV.HK pt-headway GTFS
1884-1-287-1033,1884,10:33:00,10:51:00,[KMB] 天恒邨总站,[CTB] 天水围站 - 屏欣苑,2.71,1884,DATA.GOV.HK pt-headway GTFS
1884-1-287-1036,1884,10:36:00,10:54:00,[KMB] 天恒邨总站,[CTB] 天水围站 - 屏欣苑,2.71,1884,DATA.GOV.HK pt-headway GTFS
1884-1-287-1046,1884,10:46:00,11:04:00,[KMB] 天恒邨总站,[CTB] 天水围站 - 屏欣苑,2.71,1884,DATA.GOV.HK pt-headway GTFS
1884-1-287-1049,1884,10:49:00,11:07:00,[KMB] 天恒邨总站,[CTB] 天水围站 - 屏欣苑,2.71,1884,DATA.GOV.HK pt-headway GTFS
1884-1-287-1059,1884,10:59:00,11:17:00,[KMB] 天恒邨总站,[CTB] 天水围站 - 屏欣苑,2.71,1884,DATA.GOV.HK pt-headway GTFS
1884-1-287-1102,1884,11:02:00,11:20:00,[KMB] 天恒邨总站,[CTB] 天水围站 - 屏欣苑,2.71,1884,DATA.GOV.HK pt-headway GTFS
1884-1-287-1112,1884,11:12:00,11:30:00,[KMB] 天恒邨总站,[CTB] 天水围站 - 屏欣苑,2.71,1884,DATA.GOV.HK pt-headway GTFS
1884-1-287-1115,1884,11:15:00,11:33:00,[KMB] 天恒邨总站,[CTB] 天水围站 - 屏欣苑,2.71,1884,DATA.GOV.HK pt-headway GTFS
1884-1-287-1125,1884,11:25:00,11:43:00,[KMB] 天恒邨总站,[CTB] 天水围站 - 屏欣苑,2.71,1884,DATA.GOV.HK pt-headway GTFS
1884-1-287-1128,1884,11:28:00,11:46:00,[KMB] 天恒邨总站,[CTB] 天水围站 - 屏欣苑,2.71,1884,DATA.GOV.HK pt-headway GTFS
1884-1-287-1138,1884,11:38:00,11:56:00,[KMB] 天恒邨总站,[CTB] 天水围站 - 屏欣苑,2.71,1884,DATA.GOV.HK pt-headway GTFS
1884-1-287-1141,1884,11:41:00,11:59:00,[KMB] 天恒邨总站,[CTB] 天水围站 - 屏欣苑,2.71,1884,DATA.GOV.HK pt-headway GTFS
1884-1-287-1151,1884,11:51:00,12:09:00,[KMB] 天恒邨总站,[CTB] 天水围站 - 屏欣苑,2.71,1884,DATA.GOV.HK pt-headway GTFS
1884-1-287-1154,1884,11:54:00,12:12:00,[KMB] 天恒邨总站,[CTB] 天水围站 - 屏欣苑,2.71,1884,DATA.GOV.HK pt-headway GTFS
1884-1-287-1204,1884,12:04:00,12:22:00,[KMB] 天恒邨总站,[CTB] 天水围站 - 屏欣苑,2.71,1884,DATA.GOV.HK pt-headway GTFS
1884-1-287-1207,1884,12:07:00,12:25:00,[KMB] 天恒邨总站,[CTB] 天水围站 - 屏欣苑,2.71,1884,DATA.GOV.HK pt-headway GTFS
1884-1-287-1217,1884,12:17:00,12:35:00,[KMB] 天恒邨总站,[CTB] 天水围站 - 屏欣苑,2.71,1884,DATA.GOV.HK pt-headway GTFS
1884-1-287-1220,1884,12:20:00,12:38:00,[KMB] 天恒邨总站,[CTB] 天水围站 - 屏欣苑,2.71,1884,DATA.GOV.HK pt-headway GTFS
1884-1-287-1230,1884,12:30:00,12:48:00,[KMB] 天恒邨总站,[CTB] 天水围站 - 屏欣苑,2.71,1884,DATA.GOV.HK pt-headway GTFS
1884-1-287-1233,1884,12:33:00,12:51:00,[KMB] 天恒邨总站,[CTB] 天水围站 - 屏欣苑,2.71,1884,DATA.GOV.HK pt-headway GTFS
1884-1-287-1243,1884,12:43:00,13:01:00,[KMB] 天恒邨总站,[CTB] 天水围站 - 屏欣苑,2.71,1884,DATA.GOV.HK pt-headway GTFS
1884-1-287-1246,1884,12:46:00,13:04:00,[KMB] 天恒邨总站,[CTB] 天水围站 - 屏欣苑,2.71,1884,DATA.GOV.HK pt-headway GTFS
1884-1-287-1256,1884,12:56:00,13:14:00,[KMB] 天恒邨总站,[CTB] 天水围站 - 屏欣苑,2.71,1884,DATA.GOV.HK pt-headway GTFS
1884-1-287-1259,1884,12:59:00,13:17:00,[KMB] 天恒邨总站,[CTB] 天水围站 - 屏欣苑,2.71,1884,DATA.GOV.HK pt-headway GTFS
1884-1-287-1309,1884,13:09:00,13:27:00,[KMB] 天恒邨总站,[CTB] 天水围站 - 屏欣苑,2.71,1884,DATA.GOV.HK pt-headway GTFS
1884-1-287-1312,1884,13:12:00,13:30:00,[KMB] 天恒邨总站,[CTB] 天水围站 - 屏欣苑,2.71,1884,DATA.GOV.HK pt-headway GTFS
1884-1-287-1322,1884,13:22:00,13:40:00,[KMB] 天恒邨总站,[CTB] 天水围站 - 屏欣苑,2.71,1884,DATA.GOV.HK pt-headway GTFS
1884-1-287-1325,1884,13:25:00,13:43:00,[KMB] 天恒邨总站,[CTB] 天水围站 - 屏欣苑,2.71,1884,DATA.GOV.HK pt-headway GTFS
1884-1-287-1335,1884,13:35:00,13:53:00,[KMB] 天恒邨总站,[CTB] 天水围站 - 屏欣苑,2.71,1884,DATA.GOV.HK pt-headway GTFS
1884-1-287-1338,1884,13:38:00,13:56:00,[KMB] 天恒邨总站,[CTB] 天水围站 - 屏欣苑,2.71,1884,DATA.GOV.HK pt-headway GTFS
1884-1-287-1348,1884,13:48:00,14:06:00,[KMB] 天恒邨总站,[CTB] 天水围站 - 屏欣苑,2.71,1884,DATA.GOV.HK pt-headway GTFS
1884-1-287-1351,1884,13:51:00,14:09:00,[KMB] 天恒邨总站,[CTB] 天水围站 - 屏欣苑,2.71,1884,DATA.GOV.HK pt-headway GTFS
1884-1-287-1401,1884,14:01:00,14:19:00,[KMB] 天恒邨总站,[CTB] 天水围站 - 屏欣苑,2.71,1884,DATA.GOV.HK pt-headway GTFS
1884-1-287-1404,1884,14:04:00,14:22:00,[KMB] 天恒邨总站,[CTB] 天水围站 - 屏欣苑,2.71,1884,DATA.GOV.HK pt-headway GTFS
1884-1-287-1414,1884,14:14:00,14:32:00,[KMB] 天恒邨总站,[CTB] 天水围站 - 屏欣苑,2.71,1884,DATA.GOV.HK pt-headway GTFS
1884-1-287-1417,1884,14:17:00,14:35:00,[KMB] 天恒邨总站,[CTB] 天水围站 - 屏欣苑,2.71,1884,DATA.GOV.HK pt-headway GTFS
1884-1-287-1427,1884,14:27:00,14:45:00,[KMB] 天恒邨总站,[CTB] 天水围站 - 屏欣苑,2.71,1884,DATA.GOV.HK pt-headway GTFS
1884-1-287-1430,1884,14:30:00,14:48:00,[KMB] 天恒邨总站,[CTB] 天水围站 - 屏欣苑,2.71,1884,DATA.GOV.HK pt-headway GTFS
1884-1-287-1440,1884,14:40:00,14:58:00,[KMB] 天恒邨总站,[CTB] 天水围站 - 屏欣苑,2.71,1884,DATA.GOV.HK pt-headway GTFS
1884-1-287-1443,1884,14:43:00,15:01:00,[KMB] 天恒邨总站,[CTB] 天水围站 - 屏欣苑,2.71,1884,DATA.GOV.HK pt-headway GTFS
1884-1-287-1453,1884,14:53:00,15:11:00,[KMB] 天恒邨总站,[CTB] 天水围站 - 屏欣苑,2.71,1884,DATA.GOV.HK pt-headway GTFS
1884-1-287-1456,1884,14:56:00,15:14:00,[KMB] 天恒邨总站,[CTB] 天水围站 - 屏欣苑,2.71,1884,DATA.GOV.HK pt-headway GTFS
1884-1-287-1506,1884,15:06:00,15:24:00,[KMB] 天恒邨总站,[CTB] 天水围站 - 屏欣苑,2.71,1884,DATA.GOV.HK pt-headway GTFS
1884-1-287-1509,1884,15:09:00,15:27:00,[KMB] 天恒邨总站,[CTB] 天水围站 - 屏欣苑,2.71,1884,DATA.GOV.HK pt-headway GTFS
1884-1-287-1519,1884,15:19:00,15:37:00,[KMB] 天恒邨总站,[CTB] 天水围站 - 屏欣苑,2.71,1884,DATA.GOV.HK pt-headway GTFS
1884-1-287-1522,1884,15:22:00,15:40:00,[KMB] 天恒邨总站,[CTB] 天水围站 - 屏欣苑,2.71,1884,DATA.GOV.HK pt-headway GTFS
1884-1-287-1532,1884,15:32:00,15:50:00,[KMB] 天恒邨总站,[CTB] 天水围站 - 屏欣苑,2.71,1884,DATA.GOV.HK pt-headway GTFS
1884-1-287-1535,1884,15:35:00,15:53:00,[KMB] 天恒邨总站,[CTB] 天水围站 - 屏欣苑,2.71,1884,DATA.GOV.HK pt-headway GTFS
1884-1-287-1545,1884,15:45:00,16:03:00,[KMB] 天恒邨总站,[CTB] 天水围站 - 屏欣苑,2.71,1884,DATA.GOV.HK pt-headway GTFS
1884-1-287-1548,1884,15:48:00,16:06:00,[KMB] 天恒邨总站,[CTB] 天水围站 - 屏欣苑,2.71,1884,DATA.GOV.HK pt-headway GTFS
1884-1-287-1558,1884,15:58:00,16:16:00,[KMB] 天恒邨总站,[CTB] 天水围站 - 屏欣苑,2.71,1884,DATA.GOV.HK pt-headway GTFS
1884-1-287-1601,1884,16:01:00,16:19:00,[KMB] 天恒邨总站,[CTB] 天水围站 - 屏欣苑,2.71,1884,DATA.GOV.HK pt-headway GTFS
1884-1-287-1611,1884,16:11:00,16:29:00,[KMB] 天恒邨总站,[CTB] 天水围站 - 屏欣苑,2.71,1884,DATA.GOV.HK pt-headway GTFS
1884-1-287-1614,1884,16:14:00,16:32:00,[KMB] 天恒邨总站,[CTB] 天水围站 - 屏欣苑,2.71,1884,DATA.GOV.HK pt-headway GTFS
1884-1-287-1624,1884,16:24:00,16:42:00,[KMB] 天恒邨总站,[CTB] 天水围站 - 屏欣苑,2.71,1884,DATA.GOV.HK pt-headway GTFS
1884-1-287-1627,1884,16:27:00,16:45:00,[KMB] 天恒邨总站,[CTB] 天水围站 - 屏欣苑,2.71,1884,DATA.GOV.HK pt-headway GTFS
1884-1-287-1637,1884,16:37:00,16:55:00,[KMB] 天恒邨总站,[CTB] 天水围站 - 屏欣苑,2.71,1884,DATA.GOV.HK pt-headway GTFS
1884-1-287-1640,1884,16:40:00,16:58:00,[KMB] 天恒邨总站,[CTB] 天水围站 - 屏欣苑,2.71,1884,DATA.GOV.HK pt-headway GTFS
1884-1-287-1650,1884,16:50:00,17:08:00,[KMB] 天恒邨总站,[CTB] 天水围站 - 屏欣苑,2.71,1884,DATA.GOV.HK pt-headway GTFS
1884-1-287-1653,1884,16:53:00,17:11:00,[KMB] 天恒邨总站,[CTB] 天水围站 - 屏欣苑,2.71,1884,DATA.GOV.HK pt-headway GTFS
1884-1-287-1703,1884,17:03:00,17:21:00,[KMB] 天恒邨总站,[CTB] 天水围站 - 屏欣苑,2.71,1884,DATA.GOV.HK pt-headway GTFS
1884-1-287-1706,1884,17:06:00,17:24:00,[KMB] 天恒邨总站,[CTB] 天水围站 - 屏欣苑,2.71,1884,DATA.GOV.HK pt-headway GTFS
1884-1-287-1716,1884,17:16:00,17:34:00,[KMB] 天恒邨总站,[CTB] 天水围站 - 屏欣苑,2.71,1884,DATA.GOV.HK pt-headway GTFS
1884-1-287-1719,1884,17:19:00,17:37:00,[KMB] 天恒邨总站,[CTB] 天水围站 - 屏欣苑,2.71,1884,DATA.GOV.HK pt-headway GTFS
1884-1-287-1729,1884,17:29:00,17:47:00,[KMB] 天恒邨总站,[CTB] 天水围站 - 屏欣苑,2.71,1884,DATA.GOV.HK pt-headway GTFS
1884-1-287-1732,1884,17:32:00,17:50:00,[KMB] 天恒邨总站,[CTB] 天水围站 - 屏欣苑,2.71,1884,DATA.GOV.HK pt-headway GTFS
1884-1-287-1742,1884,17:42:00,18:00:00,[KMB] 天恒邨总站,[CTB] 天水围站 - 屏欣苑,2.71,1884,DATA.GOV.HK pt-headway GTFS
1884-1-287-1745,1884,17:45:00,18:03:00,[KMB] 天恒邨总站,[CTB] 天水围站 - 屏欣苑,2.71,1884,DATA.GOV.HK pt-headway GTFS
1884-1-287-1755,1884,17:55:00,18:13:00,[KMB] 天恒邨总站,[CTB] 天水围站 - 屏欣苑,2.71,1884,DATA.GOV.HK pt-headway GTFS
1884-1-287-1758,1884,17:58:00,18:16:00,[KMB] 天恒邨总站,[CTB] 天水围站 - 屏欣苑,2.71,1884,DATA.GOV.HK pt-headway GTFS
1884-1-287-1808,1884,18:08:00,18:26:00,[KMB] 天恒邨总站,[CTB] 天水围站 - 屏欣苑,2.71,1884,DATA.GOV.HK pt-headway GTFS
1884-1-287-1811,1884,18:11:00,18:29:00,[KMB] 天恒邨总站,[CTB] 天水围站 - 屏欣苑,2.71,1884,DATA.GOV.HK pt-headway GTFS
1884-1-287-1821,1884,18:21:00,18:39:00,[KMB] 天恒邨总站,[CTB] 天水围站 - 屏欣苑,2.71,1884,DATA.GOV.HK pt-headway GTFS
1884-1-287-1824,1884,18:24:00,18:42:00,[KMB] 天恒邨总站,[CTB] 天水围站 - 屏欣苑,2.71,1884,DATA.GOV.HK pt-headway GTFS
1884-1-287-1834,1884,18:34:00,18:52:00,[KMB] 天恒邨总站,[CTB] 天水围站 - 屏欣苑,2.71,1884,DATA.GOV.HK pt-headway GTFS
1884-1-287-1837,1884,18:37:00,18:55:00,[KMB] 天恒邨总站,[CTB] 天水围站 - 屏欣苑,2.71,1884,DATA.GOV.HK pt-headway GTFS
1884-1-287-1847,1884,18:47:00,19:05:00,[KMB] 天恒邨总站,[CTB] 天水围站 - 屏欣苑,2.71,1884,DATA.GOV.HK pt-headway GTFS
1884-1-287-1850,1884,18:50:00,19:08:00,[KMB] 天恒邨总站,[CTB] 天水围站 - 屏欣苑,2.71,1884,DATA.GOV.HK pt-headway GTFS
1884-1-287-1900,1884,19:00:00,19:18:00,[KMB] 天恒邨总站,[CTB] 天水围站 - 屏欣苑,2.71,1884,DATA.GOV.HK pt-headway GTFS
1884-1-287-1903,1884,19:03:00,19:21:00,[KMB] 天恒邨总站,[CTB] 天水围站 - 屏欣苑,2.71,1884,DATA.GOV.HK pt-headway GTFS
1884-1-287-1913,1884,19:13:00,19:31:00,[KMB] 天恒邨总站,[CTB] 天水围站 - 屏欣苑,2.71,1884,DATA.GOV.HK pt-headway GTFS
1884-1-287-1916,1884,19:16:00,19:34:00,[KMB] 天恒邨总站,[CTB] 天水围站 - 屏欣苑,2.71,1884,DATA.GOV.HK pt-headway GTFS
1884-1-287-1926,1884,19:26:00,19:44:00,[KMB] 天恒邨总站,[CTB] 天水围站 - 屏欣苑,2.71,1884,DATA.GOV.HK pt-headway GTFS
1884-1-287-1929,1884,19:29:00,19:47:00,[KMB] 天恒邨总站,[CTB] 天水围站 - 屏欣苑,2.71,1884,DATA.GOV.HK pt-headway GTFS
1884-1-287-1939,1884,19:39:00,19:57:00,[KMB] 天恒邨总站,[CTB] 天水围站 - 屏欣苑,2.71,1884,DATA.GOV.HK pt-headway GTFS
1884-1-287-1942,1884,19:42:00,20:00:00,[KMB] 天恒邨总站,[CTB] 天水围站 - 屏欣苑,2.71,1884,DATA.GOV.HK pt-headway GTFS
1884-1-287-1952,1884,19:52:00,20:10:00,[KMB] 天恒邨总站,[CTB] 天水围站 - 屏欣苑,2.71,1884,DATA.GOV.HK pt-headway GTFS
1884-1-287-1955,1884,19:55:00,20:13:00,[KMB] 天恒邨总站,[CTB] 天水围站 - 屏欣苑,2.71,1884,DATA.GOV.HK pt-headway GTFS
1884-1-287-2005,1884,20:05:00,20:23:00,[KMB] 天恒邨总站,[CTB] 天水围站 - 屏欣苑,2.71,1884,DATA.GOV.HK pt-headway GTFS
1884-1-287-2008,1884,20:08:00,20:26:00,[KMB] 天恒邨总站,[CTB] 天水围站 - 屏欣苑,2.71,1884,DATA.GOV.HK pt-headway GTFS
1884-1-287-2018,1884,20:18:00,20:36:00,[KMB] 天恒邨总站,[CTB] 天水围站 - 屏欣苑,2.71,1884,DATA.GOV.HK pt-headway GTFS
1884-1-287-2021,1884,20:21:00,20:39:00,[KMB] 天恒邨总站,[CTB] 天水围站 - 屏欣苑,2.71,1884,DATA.GOV.HK pt-headway GTFS
1884-1-287-2031,1884,20:31:00,20:49:00,[KMB] 天恒邨总站,[CTB] 天水围站 - 屏欣苑,2.71,1884,DATA.GOV.HK pt-headway GTFS
1884-1-287-2034,1884,20:34:00,20:52:00,[KMB] 天恒邨总站,[CTB] 天水围站 - 屏欣苑,2.71,1884,DATA.GOV.HK pt-headway GTFS
1884-1-287-2044,1884,20:44:00,21:02:00,[KMB] 天恒邨总站,[CTB] 天水围站 - 屏欣苑,2.71,1884,DATA.GOV.HK pt-headway GTFS
1884-1-287-2047,1884,20:47:00,21:05:00,[KMB] 天恒邨总站,[CTB] 天水围站 - 屏欣苑,2.71,1884,DATA.GOV.HK pt-headway GTFS
1884-1-287-2057,1884,20:57:00,21:15:00,[KMB] 天恒邨总站,[CTB] 天水围站 - 屏欣苑,2.71,1884,DATA.GOV.HK pt-headway GTFS
1884-1-287-2100,1884,21:00:00,21:18:00,[KMB] 天恒邨总站,[CTB] 天水围站 - 屏欣苑,2.71,1884,DATA.GOV.HK pt-headway GTFS
1884-1-287-2110,1884,21:10:00,21:28:00,[KMB] 天恒邨总站,[CTB] 天水围站 - 屏欣苑,2.71,1884,DATA.GOV.HK pt-headway GTFS
1884-1-287-2113,1884,21:13:00,21:31:00,[KMB] 天恒邨总站,[CTB] 天水围站 - 屏欣苑,2.71,1884,DATA.GOV.HK pt-headway GTFS
1884-1-287-2123,1884,21:23:00,21:41:00,[KMB] 天恒邨总站,[CTB] 天水围站 - 屏欣苑,2.71,1884,DATA.GOV.HK pt-headway GTFS
1884-1-287-2126,1884,21:26:00,21:44:00,[KMB] 天恒邨总站,[CTB] 天水围站 - 屏欣苑,2.71,1884,DATA.GOV.HK pt-headway GTFS
1884-1-287-2136,1884,21:36:00,21:54:00,[KMB] 天恒邨总站,[CTB] 天水围站 - 屏欣苑,2.71,1884,DATA.GOV.HK pt-headway GTFS
1884-1-287-2139,1884,21:39:00,21:57:00,[KMB] 天恒邨总站,[CTB] 天水围站 - 屏欣苑,2.71,1884,DATA.GOV.HK pt-headway GTFS
1884-1-287-2149,1884,21:49:00,22:07:00,[KMB] 天恒邨总站,[CTB] 天水围站 - 屏欣苑,2.71,1884,DATA.GOV.HK pt-headway GTFS
1884-1-287-2152,1884,21:52:00,22:10:00,[KMB] 天恒邨总站,[CTB] 天水围站 - 屏欣苑,2.71,1884,DATA.GOV.HK pt-headway GTFS
1884-1-287-2202,1884,22:02:00,22:20:00,[KMB] 天恒邨总站,[CTB] 天水围站 - 屏欣苑,2.71,1884,DATA.GOV.HK pt-headway GTFS
1884-1-287-2205,1884,22:05:00,22:23:00,[KMB] 天恒邨总站,[CTB] 天水围站 - 屏欣苑,2.71,1884,DATA.GOV.HK pt-headway GTFS
1884-1-287-2215,1884,22:15:00,22:33:00,[KMB] 天恒邨总站,[CTB] 天水围站 - 屏欣苑,2.71,1884,DATA.GOV.HK pt-headway GTFS
1884-1-287-2218,1884,22:18:00,22:36:00,[KMB] 天恒邨总站,[CTB] 天水围站 - 屏欣苑,2.71,1884,DATA.GOV.HK pt-headway GTFS
1884-1-287-2228,1884,22:28:00,22:46:00,[KMB] 天恒邨总站,[CTB] 天水围站 - 屏欣苑,2.71,1884,DATA.GOV.HK pt-headway GTFS
1884-1-287-2231,1884,22:31:00,22:49:00,[KMB] 天恒邨总站,[CTB] 天水围站 - 屏欣苑,2.71,1884,DATA.GOV.HK pt-headway GTFS
1884-1-287-2241,1884,22:41:00,22:59:00,[KMB] 天恒邨总站,[CTB] 天水围站 - 屏欣苑,2.71,1884,DATA.GOV.HK pt-headway GTFS
1884-1-287-2244,1884,22:44:00,23:02:00,[KMB] 天恒邨总站,[CTB] 天水围站 - 屏欣苑,2.71,1884,DATA.GOV.HK pt-headway GTFS
1884-2-287-0600,1884,06:00:00,06:18:00,[CTB] 天水围站 - 屏欣苑,[KMB] 天恒邨总站,2.67,1884,DATA.GOV.HK pt-headway GTFS
1884-2-287-0603,1884,06:03:00,06:21:00,[CTB] 天水围站 - 屏欣苑,[KMB] 天恒邨总站,2.67,1884,DATA.GOV.HK pt-headway GTFS
1884-2-287-0613,1884,06:13:00,06:31:00,[CTB] 天水围站 - 屏欣苑,[KMB] 天恒邨总站,2.67,1884,DATA.GOV.HK pt-headway GTFS
1884-2-287-0616,1884,06:16:00,06:34:00,[CTB] 天水围站 - 屏欣苑,[KMB] 天恒邨总站,2.67,1884,DATA.GOV.HK pt-headway GTFS
1884-2-287-0626,1884,06:26:00,06:44:00,[CTB] 天水围站 - 屏欣苑,[KMB] 天恒邨总站,2.67,1884,DATA.GOV.HK pt-headway GTFS
1884-2-287-0629,1884,06:29:00,06:47:00,[CTB] 天水围站 - 屏欣苑,[KMB] 天恒邨总站,2.67,1884,DATA.GOV.HK pt-headway GTFS
1884-2-287-0639,1884,06:39:00,06:57:00,[CTB] 天水围站 - 屏欣苑,[KMB] 天恒邨总站,2.67,1884,DATA.GOV.HK pt-headway GTFS
1884-2-287-0642,1884,06:42:00,07:00:00,[CTB] 天水围站 - 屏欣苑,[KMB] 天恒邨总站,2.67,1884,DATA.GOV.HK pt-headway GTFS
1884-2-287-0652,1884,06:52:00,07:10:00,[CTB] 天水围站 - 屏欣苑,[KMB] 天恒邨总站,2.67,1884,DATA.GOV.HK pt-headway GTFS
1884-2-287-0655,1884,06:55:00,07:13:00,[CTB] 天水围站 - 屏欣苑,[KMB] 天恒邨总站,2.67,1884,DATA.GOV.HK pt-headway GTFS
1884-2-287-0705,1884,07:05:00,07:23:00,[CTB] 天水围站 - 屏欣苑,[KMB] 天恒邨总站,2.67,1884,DATA.GOV.HK pt-headway GTFS
1884-2-287-0708,1884,07:08:00,07:26:00,[CTB] 天水围站 - 屏欣苑,[KMB] 天恒邨总站,2.67,1884,DATA.GOV.HK pt-headway GTFS
1884-2-287-0718,1884,07:18:00,07:36:00,[CTB] 天水围站 - 屏欣苑,[KMB] 天恒邨总站,2.67,1884,DATA.GOV.HK pt-headway GTFS
1884-2-287-0721,1884,07:21:00,07:39:00,[CTB] 天水围站 - 屏欣苑,[KMB] 天恒邨总站,2.67,1884,DATA.GOV.HK pt-headway GTFS
1884-2-287-0731,1884,07:31:00,07:49:00,[CTB] 天水围站 - 屏欣苑,[KMB] 天恒邨总站,2.67,1884,DATA.GOV.HK pt-headway GTFS
1884-2-287-0734,1884,07:34:00,07:52:00,[CTB] 天水围站 - 屏欣苑,[KMB] 天恒邨总站,2.67,1884,DATA.GOV.HK pt-headway GTFS
1884-2-287-0744,1884,07:44:00,08:02:00,[CTB] 天水围站 - 屏欣苑,[KMB] 天恒邨总站,2.67,1884,DATA.GOV.HK pt-headway GTFS
1884-2-287-0747,1884,07:47:00,08:05:00,[CTB] 天水围站 - 屏欣苑,[KMB] 天恒邨总站,2.67,1884,DATA.GOV.HK pt-headway GTFS
1884-2-287-0757,1884,07:57:00,08:15:00,[CTB] 天水围站 - 屏欣苑,[KMB] 天恒邨总站,2.67,1884,DATA.GOV.HK pt-headway GTFS
1884-2-287-0800,1884,08:00:00,08:18:00,[CTB] 天水围站 - 屏欣苑,[KMB] 天恒邨总站,2.67,1884,DATA.GOV.HK pt-headway GTFS
1884-2-287-0810,1884,08:10:00,08:28:00,[CTB] 天水围站 - 屏欣苑,[KMB] 天恒邨总站,2.67,1884,DATA.GOV.HK pt-headway GTFS
1884-2-287-0813,1884,08:13:00,08:31:00,[CTB] 天水围站 - 屏欣苑,[KMB] 天恒邨总站,2.67,1884,DATA.GOV.HK pt-headway GTFS
1884-2-287-0823,1884,08:23:00,08:41:00,[CTB] 天水围站 - 屏欣苑,[KMB] 天恒邨总站,2.67,1884,DATA.GOV.HK pt-headway GTFS
1884-2-287-0826,1884,08:26:00,08:44:00,[CTB] 天水围站 - 屏欣苑,[KMB] 天恒邨总站,2.67,1884,DATA.GOV.HK pt-headway GTFS
1884-2-287-0836,1884,08:36:00,08:54:00,[CTB] 天水围站 - 屏欣苑,[KMB] 天恒邨总站,2.67,1884,DATA.GOV.HK pt-headway GTFS
1884-2-287-0839,1884,08:39:00,08:57:00,[CTB] 天水围站 - 屏欣苑,[KMB] 天恒邨总站,2.67,1884,DATA.GOV.HK pt-headway GTFS
1884-2-287-0849,1884,08:49:00,09:07:00,[CTB] 天水围站 - 屏欣苑,[KMB] 天恒邨总站,2.67,1884,DATA.GOV.HK pt-headway GTFS
1884-2-287-0852,1884,08:52:00,09:10:00,[CTB] 天水围站 - 屏欣苑,[KMB] 天恒邨总站,2.67,1884,DATA.GOV.HK pt-headway GTFS
1884-2-287-0902,1884,09:02:00,09:20:00,[CTB] 天水围站 - 屏欣苑,[KMB] 天恒邨总站,2.67,1884,DATA.GOV.HK pt-headway GTFS
1884-2-287-0905,1884,09:05:00,09:23:00,[CTB] 天水围站 - 屏欣苑,[KMB] 天恒邨总站,2.67,1884,DATA.GOV.HK pt-headway GTFS
1884-2-287-0915,1884,09:15:00,09:33:00,[CTB] 天水围站 - 屏欣苑,[KMB] 天恒邨总站,2.67,1884,DATA.GOV.HK pt-headway GTFS
1884-2-287-0918,1884,09:18:00,09:36:00,[CTB] 天水围站 - 屏欣苑,[KMB] 天恒邨总站,2.67,1884,DATA.GOV.HK pt-headway GTFS
1884-2-287-0928,1884,09:28:00,09:46:00,[CTB] 天水围站 - 屏欣苑,[KMB] 天恒邨总站,2.67,1884,DATA.GOV.HK pt-headway GTFS
1884-2-287-0931,1884,09:31:00,09:49:00,[CTB] 天水围站 - 屏欣苑,[KMB] 天恒邨总站,2.67,1884,DATA.GOV.HK pt-headway GTFS
1884-2-287-0941,1884,09:41:00,09:59:00,[CTB] 天水围站 - 屏欣苑,[KMB] 天恒邨总站,2.67,1884,DATA.GOV.HK pt-headway GTFS
1884-2-287-0944,1884,09:44:00,10:02:00,[CTB] 天水围站 - 屏欣苑,[KMB] 天恒邨总站,2.67,1884,DATA.GOV.HK pt-headway GTFS
1884-2-287-0954,1884,09:54:00,10:12:00,[CTB] 天水围站 - 屏欣苑,[KMB] 天恒邨总站,2.67,1884,DATA.GOV.HK pt-headway GTFS
1884-2-287-0957,1884,09:57:00,10:15:00,[CTB] 天水围站 - 屏欣苑,[KMB] 天恒邨总站,2.67,1884,DATA.GOV.HK pt-headway GTFS
1884-2-287-1007,1884,10:07:00,10:25:00,[CTB] 天水围站 - 屏欣苑,[KMB] 天恒邨总站,2.67,1884,DATA.GOV.HK pt-headway GTFS
1884-2-287-1010,1884,10:10:00,10:28:00,[CTB] 天水围站 - 屏欣苑,[KMB] 天恒邨总站,2.67,1884,DATA.GOV.HK pt-headway GTFS
1884-2-287-1020,1884,10:20:00,10:38:00,[CTB] 天水围站 - 屏欣苑,[KMB] 天恒邨总站,2.67,1884,DATA.GOV.HK pt-headway GTFS
1884-2-287-1023,1884,10:23:00,10:41:00,[CTB] 天水围站 - 屏欣苑,[KMB] 天恒邨总站,2.67,1884,DATA.GOV.HK pt-headway GTFS
1884-2-287-1033,1884,10:33:00,10:51:00,[CTB] 天水围站 - 屏欣苑,[KMB] 天恒邨总站,2.67,1884,DATA.GOV.HK pt-headway GTFS
1884-2-287-1036,1884,10:36:00,10:54:00,[CTB] 天水围站 - 屏欣苑,[KMB] 天恒邨总站,2.67,1884,DATA.GOV.HK pt-headway GTFS
1884-2-287-1046,1884,10:46:00,11:04:00,[CTB] 天水围站 - 屏欣苑,[KMB] 天恒邨总站,2.67,1884,DATA.GOV.HK pt-headway GTFS
1884-2-287-1049,1884,10:49:00,11:07:00,[CTB] 天水围站 - 屏欣苑,[KMB] 天恒邨总站,2.67,1884,DATA.GOV.HK pt-headway GTFS
1884-2-287-1059,1884,10:59:00,11:17:00,[CTB] 天水围站 - 屏欣苑,[KMB] 天恒邨总站,2.67,1884,DATA.GOV.HK pt-headway GTFS
1884-2-287-1102,1884,11:02:00,11:20:00,[CTB] 天水围站 - 屏欣苑,[KMB] 天恒邨总站,2.67,1884,DATA.GOV.HK pt-headway GTFS
1884-2-287-1112,1884,11:12:00,11:30:00,[CTB] 天水围站 - 屏欣苑,[KMB] 天恒邨总站,2.67,1884,DATA.GOV.HK pt-headway GTFS
1884-2-287-1115,1884,11:15:00,11:33:00,[CTB] 天水围站 - 屏欣苑,[KMB] 天恒邨总站,2.67,1884,DATA.GOV.HK pt-headway GTFS
1884-2-287-1125,1884,11:25:00,11:43:00,[CTB] 天水围站 - 屏欣苑,[KMB] 天恒邨总站,2.67,1884,DATA.GOV.HK pt-headway GTFS
1884-2-287-1128,1884,11:28:00,11:46:00,[CTB] 天水围站 - 屏欣苑,[KMB] 天恒邨总站,2.67,1884,DATA.GOV.HK pt-headway GTFS
1884-2-287-1138,1884,11:38:00,11:56:00,[CTB] 天水围站 - 屏欣苑,[KMB] 天恒邨总站,2.67,1884,DATA.GOV.HK pt-headway GTFS
1884-2-287-1141,1884,11:41:00,11:59:00,[CTB] 天水围站 - 屏欣苑,[KMB] 天恒邨总站,2.67,1884,DATA.GOV.HK pt-headway GTFS
1884-2-287-1151,1884,11:51:00,12:09:00,[CTB] 天水围站 - 屏欣苑,[KMB] 天恒邨总站,2.67,1884,DATA.GOV.HK pt-headway GTFS
1884-2-287-1154,1884,11:54:00,12:12:00,[CTB] 天水围站 - 屏欣苑,[KMB] 天恒邨总站,2.67,1884,DATA.GOV.HK pt-headway GTFS
1884-2-287-1204,1884,12:04:00,12:22:00,[CTB] 天水围站 - 屏欣苑,[KMB] 天恒邨总站,2.67,1884,DATA.GOV.HK pt-headway GTFS
1884-2-287-1207,1884,12:07:00,12:25:00,[CTB] 天水围站 - 屏欣苑,[KMB] 天恒邨总站,2.67,1884,DATA.GOV.HK pt-headway GTFS
1884-2-287-1217,1884,12:17:00,12:35:00,[CTB] 天水围站 - 屏欣苑,[KMB] 天恒邨总站,2.67,1884,DATA.GOV.HK pt-headway GTFS
1884-2-287-1220,1884,12:20:00,12:38:00,[CTB] 天水围站 - 屏欣苑,[KMB] 天恒邨总站,2.67,1884,DATA.GOV.HK pt-headway GTFS
1884-2-287-1230,1884,12:30:00,12:48:00,[CTB] 天水围站 - 屏欣苑,[KMB] 天恒邨总站,2.67,1884,DATA.GOV.HK pt-headway GTFS
1884-2-287-1233,1884,12:33:00,12:51:00,[CTB] 天水围站 - 屏欣苑,[KMB] 天恒邨总站,2.67,1884,DATA.GOV.HK pt-headway GTFS
1884-2-287-1243,1884,12:43:00,13:01:00,[CTB] 天水围站 - 屏欣苑,[KMB] 天恒邨总站,2.67,1884,DATA.GOV.HK pt-headway GTFS
1884-2-287-1246,1884,12:46:00,13:04:00,[CTB] 天水围站 - 屏欣苑,[KMB] 天恒邨总站,2.67,1884,DATA.GOV.HK pt-headway GTFS
1884-2-287-1256,1884,12:56:00,13:14:00,[CTB] 天水围站 - 屏欣苑,[KMB] 天恒邨总站,2.67,1884,DATA.GOV.HK pt-headway GTFS
1884-2-287-1259,1884,12:59:00,13:17:00,[CTB] 天水围站 - 屏欣苑,[KMB] 天恒邨总站,2.67,1884,DATA.GOV.HK pt-headway GTFS
1884-2-287-1309,1884,13:09:00,13:27:00,[CTB] 天水围站 - 屏欣苑,[KMB] 天恒邨总站,2.67,1884,DATA.GOV.HK pt-headway GTFS
1884-2-287-1312,1884,13:12:00,13:30:00,[CTB] 天水围站 - 屏欣苑,[KMB] 天恒邨总站,2.67,1884,DATA.GOV.HK pt-headway GTFS
1884-2-287-1322,1884,13:22:00,13:40:00,[CTB] 天水围站 - 屏欣苑,[KMB] 天恒邨总站,2.67,1884,DATA.GOV.HK pt-headway GTFS
1884-2-287-1325,1884,13:25:00,13:43:00,[CTB] 天水围站 - 屏欣苑,[KMB] 天恒邨总站,2.67,1884,DATA.GOV.HK pt-headway GTFS
1884-2-287-1335,1884,13:35:00,13:53:00,[CTB] 天水围站 - 屏欣苑,[KMB] 天恒邨总站,2.67,1884,DATA.GOV.HK pt-headway GTFS
1884-2-287-1338,1884,13:38:00,13:56:00,[CTB] 天水围站 - 屏欣苑,[KMB] 天恒邨总站,2.67,1884,DATA.GOV.HK pt-headway GTFS
1884-2-287-1348,1884,13:48:00,14:06:00,[CTB] 天水围站 - 屏欣苑,[KMB] 天恒邨总站,2.67,1884,DATA.GOV.HK pt-headway GTFS
1884-2-287-1351,1884,13:51:00,14:09:00,[CTB] 天水围站 - 屏欣苑,[KMB] 天恒邨总站,2.67,1884,DATA.GOV.HK pt-headway GTFS
1884-2-287-1401,1884,14:01:00,14:19:00,[CTB] 天水围站 - 屏欣苑,[KMB] 天恒邨总站,2.67,1884,DATA.GOV.HK pt-headway GTFS
1884-2-287-1404,1884,14:04:00,14:22:00,[CTB] 天水围站 - 屏欣苑,[KMB] 天恒邨总站,2.67,1884,DATA.GOV.HK pt-headway GTFS
1884-2-287-1414,1884,14:14:00,14:32:00,[CTB] 天水围站 - 屏欣苑,[KMB] 天恒邨总站,2.67,1884,DATA.GOV.HK pt-headway GTFS
1884-2-287-1417,1884,14:17:00,14:35:00,[CTB] 天水围站 - 屏欣苑,[KMB] 天恒邨总站,2.67,1884,DATA.GOV.HK pt-headway GTFS
1884-2-287-1427,1884,14:27:00,14:45:00,[CTB] 天水围站 - 屏欣苑,[KMB] 天恒邨总站,2.67,1884,DATA.GOV.HK pt-headway GTFS
1884-2-287-1430,1884,14:30:00,14:48:00,[CTB] 天水围站 - 屏欣苑,[KMB] 天恒邨总站,2.67,1884,DATA.GOV.HK pt-headway GTFS
1884-2-287-1440,1884,14:40:00,14:58:00,[CTB] 天水围站 - 屏欣苑,[KMB] 天恒邨总站,2.67,1884,DATA.GOV.HK pt-headway GTFS
1884-2-287-1443,1884,14:43:00,15:01:00,[CTB] 天水围站 - 屏欣苑,[KMB] 天恒邨总站,2.67,1884,DATA.GOV.HK pt-headway GTFS
1884-2-287-1453,1884,14:53:00,15:11:00,[CTB] 天水围站 - 屏欣苑,[KMB] 天恒邨总站,2.67,1884,DATA.GOV.HK pt-headway GTFS
1884-2-287-1456,1884,14:56:00,15:14:00,[CTB] 天水围站 - 屏欣苑,[KMB] 天恒邨总站,2.67,1884,DATA.GOV.HK pt-headway GTFS
1884-2-287-1506,1884,15:06:00,15:24:00,[CTB] 天水围站 - 屏欣苑,[KMB] 天恒邨总站,2.67,1884,DATA.GOV.HK pt-headway GTFS
1884-2-287-1509,1884,15:09:00,15:27:00,[CTB] 天水围站 - 屏欣苑,[KMB] 天恒邨总站,2.67,1884,DATA.GOV.HK pt-headway GTFS
1884-2-287-1519,1884,15:19:00,15:37:00,[CTB] 天水围站 - 屏欣苑,[KMB] 天恒邨总站,2.67,1884,DATA.GOV.HK pt-headway GTFS
1884-2-287-1522,1884,15:22:00,15:40:00,[CTB] 天水围站 - 屏欣苑,[KMB] 天恒邨总站,2.67,1884,DATA.GOV.HK pt-headway GTFS
1884-2-287-1532,1884,15:32:00,15:50:00,[CTB] 天水围站 - 屏欣苑,[KMB] 天恒邨总站,2.67,1884,DATA.GOV.HK pt-headway GTFS
1884-2-287-1535,1884,15:35:00,15:53:00,[CTB] 天水围站 - 屏欣苑,[KMB] 天恒邨总站,2.67,1884,DATA.GOV.HK pt-headway GTFS
1884-2-287-1545,1884,15:45:00,16:03:00,[CTB] 天水围站 - 屏欣苑,[KMB] 天恒邨总站,2.67,1884,DATA.GOV.HK pt-headway GTFS
1884-2-287-1548,1884,15:48:00,16:06:00,[CTB] 天水围站 - 屏欣苑,[KMB] 天恒邨总站,2.67,1884,DATA.GOV.HK pt-headway GTFS
1884-2-287-1558,1884,15:58:00,16:16:00,[CTB] 天水围站 - 屏欣苑,[KMB] 天恒邨总站,2.67,1884,DATA.GOV.HK pt-headway GTFS
1884-2-287-1601,1884,16:01:00,16:19:00,[CTB] 天水围站 - 屏欣苑,[KMB] 天恒邨总站,2.67,1884,DATA.GOV.HK pt-headway GTFS
1884-2-287-1611,1884,16:11:00,16:29:00,[CTB] 天水围站 - 屏欣苑,[KMB] 天恒邨总站,2.67,1884,DATA.GOV.HK pt-headway GTFS
1884-2-287-1614,1884,16:14:00,16:32:00,[CTB] 天水围站 - 屏欣苑,[KMB] 天恒邨总站,2.67,1884,DATA.GOV.HK pt-headway GTFS
1884-2-287-1624,1884,16:24:00,16:42:00,[CTB] 天水围站 - 屏欣苑,[KMB] 天恒邨总站,2.67,1884,DATA.GOV.HK pt-headway GTFS
1884-2-287-1627,1884,16:27:00,16:45:00,[CTB] 天水围站 - 屏欣苑,[KMB] 天恒邨总站,2.67,1884,DATA.GOV.HK pt-headway GTFS
1884-2-287-1637,1884,16:37:00,16:55:00,[CTB] 天水围站 - 屏欣苑,[KMB] 天恒邨总站,2.67,1884,DATA.GOV.HK pt-headway GTFS
1884-2-287-1640,1884,16:40:00,16:58:00,[CTB] 天水围站 - 屏欣苑,[KMB] 天恒邨总站,2.67,1884,DATA.GOV.HK pt-headway GTFS
1884-2-287-1650,1884,16:50:00,17:08:00,[CTB] 天水围站 - 屏欣苑,[KMB] 天恒邨总站,2.67,1884,DATA.GOV.HK pt-headway GTFS
1884-2-287-1653,1884,16:53:00,17:11:00,[CTB] 天水围站 - 屏欣苑,[KMB] 天恒邨总站,2.67,1884,DATA.GOV.HK pt-headway GTFS
1884-2-287-1703,1884,17:03:00,17:21:00,[CTB] 天水围站 - 屏欣苑,[KMB] 天恒邨总站,2.67,1884,DATA.GOV.HK pt-headway GTFS
1884-2-287-1706,1884,17:06:00,17:24:00,[CTB] 天水围站 - 屏欣苑,[KMB] 天恒邨总站,2.67,1884,DATA.GOV.HK pt-headway GTFS
1884-2-287-1716,1884,17:16:00,17:34:00,[CTB] 天水围站 - 屏欣苑,[KMB] 天恒邨总站,2.67,1884,DATA.GOV.HK pt-headway GTFS
1884-2-287-1719,1884,17:19:00,17:37:00,[CTB] 天水围站 - 屏欣苑,[KMB] 天恒邨总站,2.67,1884,DATA.GOV.HK pt-headway GTFS
1884-2-287-1729,1884,17:29:00,17:47:00,[CTB] 天水围站 - 屏欣苑,[KMB] 天恒邨总站,2.67,1884,DATA.GOV.HK pt-headway GTFS
1884-2-287-1732,1884,17:32:00,17:50:00,[CTB] 天水围站 - 屏欣苑,[KMB] 天恒邨总站,2.67,1884,DATA.GOV.HK pt-headway GTFS
1884-2-287-1742,1884,17:42:00,18:00:00,[CTB] 天水围站 - 屏欣苑,[KMB] 天恒邨总站,2.67,1884,DATA.GOV.HK pt-headway GTFS
1884-2-287-1745,1884,17:45:00,18:03:00,[CTB] 天水围站 - 屏欣苑,[KMB] 天恒邨总站,2.67,1884,DATA.GOV.HK pt-headway GTFS
1884-2-287-1755,1884,17:55:00,18:13:00,[CTB] 天水围站 - 屏欣苑,[KMB] 天恒邨总站,2.67,1884,DATA.GOV.HK pt-headway GTFS
1884-2-287-1758,1884,17:58:00,18:16:00,[CTB] 天水围站 - 屏欣苑,[KMB] 天恒邨总站,2.67,1884,DATA.GOV.HK pt-headway GTFS
1884-2-287-1808,1884,18:08:00,18:26:00,[CTB] 天水围站 - 屏欣苑,[KMB] 天恒邨总站,2.67,1884,DATA.GOV.HK pt-headway GTFS
1884-2-287-1811,1884,18:11:00,18:29:00,[CTB] 天水围站 - 屏欣苑,[KMB] 天恒邨总站,2.67,1884,DATA.GOV.HK pt-headway GTFS
1884-2-287-1821,1884,18:21:00,18:39:00,[CTB] 天水围站 - 屏欣苑,[KMB] 天恒邨总站,2.67,1884,DATA.GOV.HK pt-headway GTFS
1884-2-287-1824,1884,18:24:00,18:42:00,[CTB] 天水围站 - 屏欣苑,[KMB] 天恒邨总站,2.67,1884,DATA.GOV.HK pt-headway GTFS
1884-2-287-1834,1884,18:34:00,18:52:00,[CTB] 天水围站 - 屏欣苑,[KMB] 天恒邨总站,2.67,1884,DATA.GOV.HK pt-headway GTFS
1884-2-287-1837,1884,18:37:00,18:55:00,[CTB] 天水围站 - 屏欣苑,[KMB] 天恒邨总站,2.67,1884,DATA.GOV.HK pt-headway GTFS
1884-2-287-1847,1884,18:47:00,19:05:00,[CTB] 天水围站 - 屏欣苑,[KMB] 天恒邨总站,2.67,1884,DATA.GOV.HK pt-headway GTFS
1884-2-287-1850,1884,18:50:00,19:08:00,[CTB] 天水围站 - 屏欣苑,[KMB] 天恒邨总站,2.67,1884,DATA.GOV.HK pt-headway GTFS
1884-2-287-1900,1884,19:00:00,19:18:00,[CTB] 天水围站 - 屏欣苑,[KMB] 天恒邨总站,2.67,1884,DATA.GOV.HK pt-headway GTFS
1884-2-287-1903,1884,19:03:00,19:21:00,[CTB] 天水围站 - 屏欣苑,[KMB] 天恒邨总站,2.67,1884,DATA.GOV.HK pt-headway GTFS
1884-2-287-1913,1884,19:13:00,19:31:00,[CTB] 天水围站 - 屏欣苑,[KMB] 天恒邨总站,2.67,1884,DATA.GOV.HK pt-headway GTFS
1884-2-287-1916,1884,19:16:00,19:34:00,[CTB] 天水围站 - 屏欣苑,[KMB] 天恒邨总站,2.67,1884,DATA.GOV.HK pt-headway GTFS
1884-2-287-1926,1884,19:26:00,19:44:00,[CTB] 天水围站 - 屏欣苑,[KMB] 天恒邨总站,2.67,1884,DATA.GOV.HK pt-headway GTFS
1884-2-287-1929,1884,19:29:00,19:47:00,[CTB] 天水围站 - 屏欣苑,[KMB] 天恒邨总站,2.67,1884,DATA.GOV.HK pt-headway GTFS
1884-2-287-1939,1884,19:39:00,19:57:00,[CTB] 天水围站 - 屏欣苑,[KMB] 天恒邨总站,2.67,1884,DATA.GOV.HK pt-headway GTFS
1884-2-287-1942,1884,19:42:00,20:00:00,[CTB] 天水围站 - 屏欣苑,[KMB] 天恒邨总站,2.67,1884,DATA.GOV.HK pt-headway GTFS
1884-2-287-1952,1884,19:52:00,20:10:00,[CTB] 天水围站 - 屏欣苑,[KMB] 天恒邨总站,2.67,1884,DATA.GOV.HK pt-headway GTFS
1884-2-287-1955,1884,19:55:00,20:13:00,[CTB] 天水围站 - 屏欣苑,[KMB] 天恒邨总站,2.67,1884,DATA.GOV.HK pt-headway GTFS
1884-2-287-2005,1884,20:05:00,20:23:00,[CTB] 天水围站 - 屏欣苑,[KMB] 天恒邨总站,2.67,1884,DATA.GOV.HK pt-headway GTFS
1884-2-287-2008,1884,20:08:00,20:26:00,[CTB] 天水围站 - 屏欣苑,[KMB] 天恒邨总站,2.67,1884,DATA.GOV.HK pt-headway GTFS
1884-2-287-2018,1884,20:18:00,20:36:00,[CTB] 天水围站 - 屏欣苑,[KMB] 天恒邨总站,2.67,1884,DATA.GOV.HK pt-headway GTFS
1884-2-287-2021,1884,20:21:00,20:39:00,[CTB] 天水围站 - 屏欣苑,[KMB] 天恒邨总站,2.67,1884,DATA.GOV.HK pt-headway GTFS
1884-2-287-2031,1884,20:31:00,20:49:00,[CTB] 天水围站 - 屏欣苑,[KMB] 天恒邨总站,2.67,1884,DATA.GOV.HK pt-headway GTFS
1884-2-287-2034,1884,20:34:00,20:52:00,[CTB] 天水围站 - 屏欣苑,[KMB] 天恒邨总站,2.67,1884,DATA.GOV.HK pt-headway GTFS
1884-2-287-2044,1884,20:44:00,21:02:00,[CTB] 天水围站 - 屏欣苑,[KMB] 天恒邨总站,2.67,1884,DATA.GOV.HK pt-headway GTFS
1884-2-287-2047,1884,20:47:00,21:05:00,[CTB] 天水围站 - 屏欣苑,[KMB] 天恒邨总站,2.67,1884,DATA.GOV.HK pt-headway GTFS
1884-2-287-2057,1884,20:57:00,21:15:00,[CTB] 天水围站 - 屏欣苑,[KMB] 天恒邨总站,2.67,1884,DATA.GOV.HK pt-headway GTFS
1884-2-287-2100,1884,21:00:00,21:18:00,[CTB] 天水围站 - 屏欣苑,[KMB] 天恒邨总站,2.67,1884,DATA.GOV.HK pt-headway GTFS
1884-2-287-2110,1884,21:10:00,21:28:00,[CTB] 天水围站 - 屏欣苑,[KMB] 天恒邨总站,2.67,1884,DATA.GOV.HK pt-headway GTFS
1884-2-287-2113,1884,21:13:00,21:31:00,[CTB] 天水围站 - 屏欣苑,[KMB] 天恒邨总站,2.67,1884,DATA.GOV.HK pt-headway GTFS
1884-2-287-2123,1884,21:23:00,21:41:00,[CTB] 天水围站 - 屏欣苑,[KMB] 天恒邨总站,2.67,1884,DATA.GOV.HK pt-headway GTFS
1884-2-287-2126,1884,21:26:00,21:44:00,[CTB] 天水围站 - 屏欣苑,[KMB] 天恒邨总站,2.67,1884,DATA.GOV.HK pt-headway GTFS
1884-2-287-2136,1884,21:36:00,21:54:00,[CTB] 天水围站 - 屏欣苑,[KMB] 天恒邨总站,2.67,1884,DATA.GOV.HK pt-headway GTFS
1884-2-287-2139,1884,21:39:00,21:57:00,[CTB] 天水围站 - 屏欣苑,[KMB] 天恒邨总站,2.67,1884,DATA.GOV.HK pt-headway GTFS
1884-2-287-2149,1884,21:49:00,22:07:00,[CTB] 天水围站 - 屏欣苑,[KMB] 天恒邨总站,2.67,1884,DATA.GOV.HK pt-headway GTFS
1884-2-287-2152,1884,21:52:00,22:10:00,[CTB] 天水围站 - 屏欣苑,[KMB] 天恒邨总站,2.67,1884,DATA.GOV.HK pt-headway GTFS
1884-2-287-2202,1884,22:02:00,22:20:00,[CTB] 天水围站 - 屏欣苑,[KMB] 天恒邨总站,2.67,1884,DATA.GOV.HK pt-headway GTFS
1884-2-287-2205,1884,22:05:00,22:23:00,[CTB] 天水围站 - 屏欣苑,[KMB] 天恒邨总站,2.67,1884,DATA.GOV.HK pt-headway GTFS
1884-2-287-2215,1884,22:15:00,22:33:00,[CTB] 天水围站 - 屏欣苑,[KMB] 天恒邨总站,2.67,1884,DATA.GOV.HK pt-headway GTFS
1884-2-287-2218,1884,22:18:00,22:36:00,[CTB] 天水围站 - 屏欣苑,[KMB] 天恒邨总站,2.67,1884,DATA.GOV.HK pt-headway GTFS
1884-2-287-2228,1884,22:28:00,22:46:00,[CTB] 天水围站 - 屏欣苑,[KMB] 天恒邨总站,2.67,1884,DATA.GOV.HK pt-headway GTFS
1884-2-287-2231,1884,22:31:00,22:49:00,[CTB] 天水围站 - 屏欣苑,[KMB] 天恒邨总站,2.67,1884,DATA.GOV.HK pt-headway GTFS
1884-2-287-2241,1884,22:41:00,22:59:00,[CTB] 天水围站 - 屏欣苑,[KMB] 天恒邨总站,2.67,1884,DATA.GOV.HK pt-headway GTFS
1884-2-287-2244,1884,22:44:00,23:02:00,[CTB] 天水围站 - 屏欣苑,[KMB] 天恒邨总站,2.67,1884,DATA.GOV.HK pt-headway GTFS
1884-2-287-2254,1884,22:54:00,23:12:00,[CTB] 天水围站 - 屏欣苑,[KMB] 天恒邨总站,2.67,1884,DATA.GOV.HK pt-headway GTFS
1884-2-287-2257,1884,22:57:00,23:15:00,[CTB] 天水围站 - 屏欣苑,[KMB] 天恒邨总站,2.67,1884,DATA.GOV.HK pt-headway GTFS
1884-1-288-0600,1884,06:00:00,06:18:00,[KMB] 天恒邨总站,[CTB] 天水围站 - 屏欣苑,2.71,1884,DATA.GOV.HK pt-headway GTFS
1884-1-288-0606,1884,06:06:00,06:24:00,[KMB] 天恒邨总站,[CTB] 天水围站 - 屏欣苑,2.71,1884,DATA.GOV.HK pt-headway GTFS
1884-1-288-0616,1884,06:16:00,06:34:00,[KMB] 天恒邨总站,[CTB] 天水围站 - 屏欣苑,2.71,1884,DATA.GOV.HK pt-headway GTFS
1884-1-288-0622,1884,06:22:00,06:40:00,[KMB] 天恒邨总站,[CTB] 天水围站 - 屏欣苑,2.71,1884,DATA.GOV.HK pt-headway GTFS
1884-1-288-0632,1884,06:32:00,06:50:00,[KMB] 天恒邨总站,[CTB] 天水围站 - 屏欣苑,2.71,1884,DATA.GOV.HK pt-headway GTFS
1884-1-288-0638,1884,06:38:00,06:56:00,[KMB] 天恒邨总站,[CTB] 天水围站 - 屏欣苑,2.71,1884,DATA.GOV.HK pt-headway GTFS
1884-1-288-0648,1884,06:48:00,07:06:00,[KMB] 天恒邨总站,[CTB] 天水围站 - 屏欣苑,2.71,1884,DATA.GOV.HK pt-headway GTFS
1884-1-288-0654,1884,06:54:00,07:12:00,[KMB] 天恒邨总站,[CTB] 天水围站 - 屏欣苑,2.71,1884,DATA.GOV.HK pt-headway GTFS
1884-1-288-0704,1884,07:04:00,07:22:00,[KMB] 天恒邨总站,[CTB] 天水围站 - 屏欣苑,2.71,1884,DATA.GOV.HK pt-headway GTFS
1884-1-288-0710,1884,07:10:00,07:28:00,[KMB] 天恒邨总站,[CTB] 天水围站 - 屏欣苑,2.71,1884,DATA.GOV.HK pt-headway GTFS
1884-1-288-0720,1884,07:20:00,07:38:00,[KMB] 天恒邨总站,[CTB] 天水围站 - 屏欣苑,2.71,1884,DATA.GOV.HK pt-headway GTFS
1884-1-288-0726,1884,07:26:00,07:44:00,[KMB] 天恒邨总站,[CTB] 天水围站 - 屏欣苑,2.71,1884,DATA.GOV.HK pt-headway GTFS
1884-1-288-0736,1884,07:36:00,07:54:00,[KMB] 天恒邨总站,[CTB] 天水围站 - 屏欣苑,2.71,1884,DATA.GOV.HK pt-headway GTFS
1884-1-288-0742,1884,07:42:00,08:00:00,[KMB] 天恒邨总站,[CTB] 天水围站 - 屏欣苑,2.71,1884,DATA.GOV.HK pt-headway GTFS
1884-1-288-0752,1884,07:52:00,08:10:00,[KMB] 天恒邨总站,[CTB] 天水围站 - 屏欣苑,2.71,1884,DATA.GOV.HK pt-headway GTFS
1884-1-288-0758,1884,07:58:00,08:16:00,[KMB] 天恒邨总站,[CTB] 天水围站 - 屏欣苑,2.71,1884,DATA.GOV.HK pt-headway GTFS
1884-1-288-0808,1884,08:08:00,08:26:00,[KMB] 天恒邨总站,[CTB] 天水围站 - 屏欣苑,2.71,1884,DATA.GOV.HK pt-headway GTFS
1884-1-288-0814,1884,08:14:00,08:32:00,[KMB] 天恒邨总站,[CTB] 天水围站 - 屏欣苑,2.71,1884,DATA.GOV.HK pt-headway GTFS
1884-1-288-0824,1884,08:24:00,08:42:00,[KMB] 天恒邨总站,[CTB] 天水围站 - 屏欣苑,2.71,1884,DATA.GOV.HK pt-headway GTFS
1884-1-288-0830,1884,08:30:00,08:48:00,[KMB] 天恒邨总站,[CTB] 天水围站 - 屏欣苑,2.71,1884,DATA.GOV.HK pt-headway GTFS
1884-1-288-0840,1884,08:40:00,08:58:00,[KMB] 天恒邨总站,[CTB] 天水围站 - 屏欣苑,2.71,1884,DATA.GOV.HK pt-headway GTFS
1884-1-288-0846,1884,08:46:00,09:04:00,[KMB] 天恒邨总站,[CTB] 天水围站 - 屏欣苑,2.71,1884,DATA.GOV.HK pt-headway GTFS
1884-1-288-0856,1884,08:56:00,09:14:00,[KMB] 天恒邨总站,[CTB] 天水围站 - 屏欣苑,2.71,1884,DATA.GOV.HK pt-headway GTFS
1884-1-288-0902,1884,09:02:00,09:20:00,[KMB] 天恒邨总站,[CTB] 天水围站 - 屏欣苑,2.71,1884,DATA.GOV.HK pt-headway GTFS
1884-1-288-0912,1884,09:12:00,09:30:00,[KMB] 天恒邨总站,[CTB] 天水围站 - 屏欣苑,2.71,1884,DATA.GOV.HK pt-headway GTFS
1884-1-288-0918,1884,09:18:00,09:36:00,[KMB] 天恒邨总站,[CTB] 天水围站 - 屏欣苑,2.71,1884,DATA.GOV.HK pt-headway GTFS
1884-1-288-0928,1884,09:28:00,09:46:00,[KMB] 天恒邨总站,[CTB] 天水围站 - 屏欣苑,2.71,1884,DATA.GOV.HK pt-headway GTFS
1884-1-288-0934,1884,09:34:00,09:52:00,[KMB] 天恒邨总站,[CTB] 天水围站 - 屏欣苑,2.71,1884,DATA.GOV.HK pt-headway GTFS
1884-1-288-0944,1884,09:44:00,10:02:00,[KMB] 天恒邨总站,[CTB] 天水围站 - 屏欣苑,2.71,1884,DATA.GOV.HK pt-headway GTFS
1884-1-288-0950,1884,09:50:00,10:08:00,[KMB] 天恒邨总站,[CTB] 天水围站 - 屏欣苑,2.71,1884,DATA.GOV.HK pt-headway GTFS
1884-1-288-1000,1884,10:00:00,10:18:00,[KMB] 天恒邨总站,[CTB] 天水围站 - 屏欣苑,2.71,1884,DATA.GOV.HK pt-headway GTFS
1884-1-288-1006,1884,10:06:00,10:24:00,[KMB] 天恒邨总站,[CTB] 天水围站 - 屏欣苑,2.71,1884,DATA.GOV.HK pt-headway GTFS
1884-1-288-1016,1884,10:16:00,10:34:00,[KMB] 天恒邨总站,[CTB] 天水围站 - 屏欣苑,2.71,1884,DATA.GOV.HK pt-headway GTFS
1884-1-288-1022,1884,10:22:00,10:40:00,[KMB] 天恒邨总站,[CTB] 天水围站 - 屏欣苑,2.71,1884,DATA.GOV.HK pt-headway GTFS
1884-1-288-1032,1884,10:32:00,10:50:00,[KMB] 天恒邨总站,[CTB] 天水围站 - 屏欣苑,2.71,1884,DATA.GOV.HK pt-headway GTFS
1884-1-288-1038,1884,10:38:00,10:56:00,[KMB] 天恒邨总站,[CTB] 天水围站 - 屏欣苑,2.71,1884,DATA.GOV.HK pt-headway GTFS
1884-1-288-1048,1884,10:48:00,11:06:00,[KMB] 天恒邨总站,[CTB] 天水围站 - 屏欣苑,2.71,1884,DATA.GOV.HK pt-headway GTFS
1884-1-288-1054,1884,10:54:00,11:12:00,[KMB] 天恒邨总站,[CTB] 天水围站 - 屏欣苑,2.71,1884,DATA.GOV.HK pt-headway GTFS
1884-1-288-1104,1884,11:04:00,11:22:00,[KMB] 天恒邨总站,[CTB] 天水围站 - 屏欣苑,2.71,1884,DATA.GOV.HK pt-headway GTFS
1884-1-288-1110,1884,11:10:00,11:28:00,[KMB] 天恒邨总站,[CTB] 天水围站 - 屏欣苑,2.71,1884,DATA.GOV.HK pt-headway GTFS
1884-1-288-1120,1884,11:20:00,11:38:00,[KMB] 天恒邨总站,[CTB] 天水围站 - 屏欣苑,2.71,1884,DATA.GOV.HK pt-headway GTFS
1884-1-288-1126,1884,11:26:00,11:44:00,[KMB] 天恒邨总站,[CTB] 天水围站 - 屏欣苑,2.71,1884,DATA.GOV.HK pt-headway GTFS
1884-1-288-1136,1884,11:36:00,11:54:00,[KMB] 天恒邨总站,[CTB] 天水围站 - 屏欣苑,2.71,1884,DATA.GOV.HK pt-headway GTFS
1884-1-288-1142,1884,11:42:00,12:00:00,[KMB] 天恒邨总站,[CTB] 天水围站 - 屏欣苑,2.71,1884,DATA.GOV.HK pt-headway GTFS
1884-1-288-1152,1884,11:52:00,12:10:00,[KMB] 天恒邨总站,[CTB] 天水围站 - 屏欣苑,2.71,1884,DATA.GOV.HK pt-headway GTFS
1884-1-288-1158,1884,11:58:00,12:16:00,[KMB] 天恒邨总站,[CTB] 天水围站 - 屏欣苑,2.71,1884,DATA.GOV.HK pt-headway GTFS
1884-1-288-1208,1884,12:08:00,12:26:00,[KMB] 天恒邨总站,[CTB] 天水围站 - 屏欣苑,2.71,1884,DATA.GOV.HK pt-headway GTFS
1884-1-288-1214,1884,12:14:00,12:32:00,[KMB] 天恒邨总站,[CTB] 天水围站 - 屏欣苑,2.71,1884,DATA.GOV.HK pt-headway GTFS
1884-1-288-1224,1884,12:24:00,12:42:00,[KMB] 天恒邨总站,[CTB] 天水围站 - 屏欣苑,2.71,1884,DATA.GOV.HK pt-headway GTFS
1884-1-288-1230,1884,12:30:00,12:48:00,[KMB] 天恒邨总站,[CTB] 天水围站 - 屏欣苑,2.71,1884,DATA.GOV.HK pt-headway GTFS
1884-1-288-1240,1884,12:40:00,12:58:00,[KMB] 天恒邨总站,[CTB] 天水围站 - 屏欣苑,2.71,1884,DATA.GOV.HK pt-headway GTFS
1884-1-288-1246,1884,12:46:00,13:04:00,[KMB] 天恒邨总站,[CTB] 天水围站 - 屏欣苑,2.71,1884,DATA.GOV.HK pt-headway GTFS
1884-1-288-1256,1884,12:56:00,13:14:00,[KMB] 天恒邨总站,[CTB] 天水围站 - 屏欣苑,2.71,1884,DATA.GOV.HK pt-headway GTFS
1884-1-288-1302,1884,13:02:00,13:20:00,[KMB] 天恒邨总站,[CTB] 天水围站 - 屏欣苑,2.71,1884,DATA.GOV.HK pt-headway GTFS
1884-1-288-1312,1884,13:12:00,13:30:00,[KMB] 天恒邨总站,[CTB] 天水围站 - 屏欣苑,2.71,1884,DATA.GOV.HK pt-headway GTFS
1884-1-288-1318,1884,13:18:00,13:36:00,[KMB] 天恒邨总站,[CTB] 天水围站 - 屏欣苑,2.71,1884,DATA.GOV.HK pt-headway GTFS
1884-1-288-1328,1884,13:28:00,13:46:00,[KMB] 天恒邨总站,[CTB] 天水围站 - 屏欣苑,2.71,1884,DATA.GOV.HK pt-headway GTFS
1884-1-288-1334,1884,13:34:00,13:52:00,[KMB] 天恒邨总站,[CTB] 天水围站 - 屏欣苑,2.71,1884,DATA.GOV.HK pt-headway GTFS
1884-1-288-1344,1884,13:44:00,14:02:00,[KMB] 天恒邨总站,[CTB] 天水围站 - 屏欣苑,2.71,1884,DATA.GOV.HK pt-headway GTFS
1884-1-288-1350,1884,13:50:00,14:08:00,[KMB] 天恒邨总站,[CTB] 天水围站 - 屏欣苑,2.71,1884,DATA.GOV.HK pt-headway GTFS
1884-1-288-1400,1884,14:00:00,14:18:00,[KMB] 天恒邨总站,[CTB] 天水围站 - 屏欣苑,2.71,1884,DATA.GOV.HK pt-headway GTFS
1884-1-288-1406,1884,14:06:00,14:24:00,[KMB] 天恒邨总站,[CTB] 天水围站 - 屏欣苑,2.71,1884,DATA.GOV.HK pt-headway GTFS
1884-1-288-1416,1884,14:16:00,14:34:00,[KMB] 天恒邨总站,[CTB] 天水围站 - 屏欣苑,2.71,1884,DATA.GOV.HK pt-headway GTFS
1884-1-288-1422,1884,14:22:00,14:40:00,[KMB] 天恒邨总站,[CTB] 天水围站 - 屏欣苑,2.71,1884,DATA.GOV.HK pt-headway GTFS
1884-1-288-1432,1884,14:32:00,14:50:00,[KMB] 天恒邨总站,[CTB] 天水围站 - 屏欣苑,2.71,1884,DATA.GOV.HK pt-headway GTFS
1884-1-288-1438,1884,14:38:00,14:56:00,[KMB] 天恒邨总站,[CTB] 天水围站 - 屏欣苑,2.71,1884,DATA.GOV.HK pt-headway GTFS
1884-1-288-1448,1884,14:48:00,15:06:00,[KMB] 天恒邨总站,[CTB] 天水围站 - 屏欣苑,2.71,1884,DATA.GOV.HK pt-headway GTFS
1884-1-288-1454,1884,14:54:00,15:12:00,[KMB] 天恒邨总站,[CTB] 天水围站 - 屏欣苑,2.71,1884,DATA.GOV.HK pt-headway GTFS
1884-1-288-1504,1884,15:04:00,15:22:00,[KMB] 天恒邨总站,[CTB] 天水围站 - 屏欣苑,2.71,1884,DATA.GOV.HK pt-headway GTFS
1884-1-288-1510,1884,15:10:00,15:28:00,[KMB] 天恒邨总站,[CTB] 天水围站 - 屏欣苑,2.71,1884,DATA.GOV.HK pt-headway GTFS
1884-1-288-1520,1884,15:20:00,15:38:00,[KMB] 天恒邨总站,[CTB] 天水围站 - 屏欣苑,2.71,1884,DATA.GOV.HK pt-headway GTFS
1884-1-288-1526,1884,15:26:00,15:44:00,[KMB] 天恒邨总站,[CTB] 天水围站 - 屏欣苑,2.71,1884,DATA.GOV.HK pt-headway GTFS
1884-1-288-1536,1884,15:36:00,15:54:00,[KMB] 天恒邨总站,[CTB] 天水围站 - 屏欣苑,2.71,1884,DATA.GOV.HK pt-headway GTFS
1884-1-288-1542,1884,15:42:00,16:00:00,[KMB] 天恒邨总站,[CTB] 天水围站 - 屏欣苑,2.71,1884,DATA.GOV.HK pt-headway GTFS
1884-1-288-1552,1884,15:52:00,16:10:00,[KMB] 天恒邨总站,[CTB] 天水围站 - 屏欣苑,2.71,1884,DATA.GOV.HK pt-headway GTFS
1884-1-288-1558,1884,15:58:00,16:16:00,[KMB] 天恒邨总站,[CTB] 天水围站 - 屏欣苑,2.71,1884,DATA.GOV.HK pt-headway GTFS
1884-1-288-1608,1884,16:08:00,16:26:00,[KMB] 天恒邨总站,[CTB] 天水围站 - 屏欣苑,2.71,1884,DATA.GOV.HK pt-headway GTFS
1884-1-288-1614,1884,16:14:00,16:32:00,[KMB] 天恒邨总站,[CTB] 天水围站 - 屏欣苑,2.71,1884,DATA.GOV.HK pt-headway GTFS
1884-1-288-1624,1884,16:24:00,16:42:00,[KMB] 天恒邨总站,[CTB] 天水围站 - 屏欣苑,2.71,1884,DATA.GOV.HK pt-headway GTFS
1884-1-288-1630,1884,16:30:00,16:48:00,[KMB] 天恒邨总站,[CTB] 天水围站 - 屏欣苑,2.71,1884,DATA.GOV.HK pt-headway GTFS
1884-1-288-1640,1884,16:40:00,16:58:00,[KMB] 天恒邨总站,[CTB] 天水围站 - 屏欣苑,2.71,1884,DATA.GOV.HK pt-headway GTFS
1884-1-288-1646,1884,16:46:00,17:04:00,[KMB] 天恒邨总站,[CTB] 天水围站 - 屏欣苑,2.71,1884,DATA.GOV.HK pt-headway GTFS
1884-1-288-1656,1884,16:56:00,17:14:00,[KMB] 天恒邨总站,[CTB] 天水围站 - 屏欣苑,2.71,1884,DATA.GOV.HK pt-headway GTFS
1884-1-288-1702,1884,17:02:00,17:20:00,[KMB] 天恒邨总站,[CTB] 天水围站 - 屏欣苑,2.71,1884,DATA.GOV.HK pt-headway GTFS
1884-1-288-1712,1884,17:12:00,17:30:00,[KMB] 天恒邨总站,[CTB] 天水围站 - 屏欣苑,2.71,1884,DATA.GOV.HK pt-headway GTFS
1884-1-288-1718,1884,17:18:00,17:36:00,[KMB] 天恒邨总站,[CTB] 天水围站 - 屏欣苑,2.71,1884,DATA.GOV.HK pt-headway GTFS
1884-1-288-1728,1884,17:28:00,17:46:00,[KMB] 天恒邨总站,[CTB] 天水围站 - 屏欣苑,2.71,1884,DATA.GOV.HK pt-headway GTFS
1884-1-288-1734,1884,17:34:00,17:52:00,[KMB] 天恒邨总站,[CTB] 天水围站 - 屏欣苑,2.71,1884,DATA.GOV.HK pt-headway GTFS
1884-1-288-1744,1884,17:44:00,18:02:00,[KMB] 天恒邨总站,[CTB] 天水围站 - 屏欣苑,2.71,1884,DATA.GOV.HK pt-headway GTFS
1884-1-288-1750,1884,17:50:00,18:08:00,[KMB] 天恒邨总站,[CTB] 天水围站 - 屏欣苑,2.71,1884,DATA.GOV.HK pt-headway GTFS
1884-1-288-1800,1884,18:00:00,18:18:00,[KMB] 天恒邨总站,[CTB] 天水围站 - 屏欣苑,2.71,1884,DATA.GOV.HK pt-headway GTFS
1884-1-288-1806,1884,18:06:00,18:24:00,[KMB] 天恒邨总站,[CTB] 天水围站 - 屏欣苑,2.71,1884,DATA.GOV.HK pt-headway GTFS
1884-1-288-1816,1884,18:16:00,18:34:00,[KMB] 天恒邨总站,[CTB] 天水围站 - 屏欣苑,2.71,1884,DATA.GOV.HK pt-headway GTFS
1884-1-288-1822,1884,18:22:00,18:40:00,[KMB] 天恒邨总站,[CTB] 天水围站 - 屏欣苑,2.71,1884,DATA.GOV.HK pt-headway GTFS
1884-1-288-1832,1884,18:32:00,18:50:00,[KMB] 天恒邨总站,[CTB] 天水围站 - 屏欣苑,2.71,1884,DATA.GOV.HK pt-headway GTFS
1884-1-288-1838,1884,18:38:00,18:56:00,[KMB] 天恒邨总站,[CTB] 天水围站 - 屏欣苑,2.71,1884,DATA.GOV.HK pt-headway GTFS
1884-1-288-1848,1884,18:48:00,19:06:00,[KMB] 天恒邨总站,[CTB] 天水围站 - 屏欣苑,2.71,1884,DATA.GOV.HK pt-headway GTFS
1884-1-288-1854,1884,18:54:00,19:12:00,[KMB] 天恒邨总站,[CTB] 天水围站 - 屏欣苑,2.71,1884,DATA.GOV.HK pt-headway GTFS
1884-1-288-1904,1884,19:04:00,19:22:00,[KMB] 天恒邨总站,[CTB] 天水围站 - 屏欣苑,2.71,1884,DATA.GOV.HK pt-headway GTFS
1884-1-288-1910,1884,19:10:00,19:28:00,[KMB] 天恒邨总站,[CTB] 天水围站 - 屏欣苑,2.71,1884,DATA.GOV.HK pt-headway GTFS
1884-1-288-1920,1884,19:20:00,19:38:00,[KMB] 天恒邨总站,[CTB] 天水围站 - 屏欣苑,2.71,1884,DATA.GOV.HK pt-headway GTFS
1884-1-288-1926,1884,19:26:00,19:44:00,[KMB] 天恒邨总站,[CTB] 天水围站 - 屏欣苑,2.71,1884,DATA.GOV.HK pt-headway GTFS
1884-1-288-1936,1884,19:36:00,19:54:00,[KMB] 天恒邨总站,[CTB] 天水围站 - 屏欣苑,2.71,1884,DATA.GOV.HK pt-headway GTFS
1884-1-288-1942,1884,19:42:00,20:00:00,[KMB] 天恒邨总站,[CTB] 天水围站 - 屏欣苑,2.71,1884,DATA.GOV.HK pt-headway GTFS
1884-1-288-1952,1884,19:52:00,20:10:00,[KMB] 天恒邨总站,[CTB] 天水围站 - 屏欣苑,2.71,1884,DATA.GOV.HK pt-headway GTFS
1884-1-288-1958,1884,19:58:00,20:16:00,[KMB] 天恒邨总站,[CTB] 天水围站 - 屏欣苑,2.71,1884,DATA.GOV.HK pt-headway GTFS
1884-1-288-2008,1884,20:08:00,20:26:00,[KMB] 天恒邨总站,[CTB] 天水围站 - 屏欣苑,2.71,1884,DATA.GOV.HK pt-headway GTFS
1884-1-288-2014,1884,20:14:00,20:32:00,[KMB] 天恒邨总站,[CTB] 天水围站 - 屏欣苑,2.71,1884,DATA.GOV.HK pt-headway GTFS
1884-1-288-2024,1884,20:24:00,20:42:00,[KMB] 天恒邨总站,[CTB] 天水围站 - 屏欣苑,2.71,1884,DATA.GOV.HK pt-headway GTFS
1884-1-288-2030,1884,20:30:00,20:48:00,[KMB] 天恒邨总站,[CTB] 天水围站 - 屏欣苑,2.71,1884,DATA.GOV.HK pt-headway GTFS
1884-1-288-2040,1884,20:40:00,20:58:00,[KMB] 天恒邨总站,[CTB] 天水围站 - 屏欣苑,2.71,1884,DATA.GOV.HK pt-headway GTFS
1884-1-288-2046,1884,20:46:00,21:04:00,[KMB] 天恒邨总站,[CTB] 天水围站 - 屏欣苑,2.71,1884,DATA.GOV.HK pt-headway GTFS
1884-1-288-2056,1884,20:56:00,21:14:00,[KMB] 天恒邨总站,[CTB] 天水围站 - 屏欣苑,2.71,1884,DATA.GOV.HK pt-headway GTFS
1884-1-288-2102,1884,21:02:00,21:20:00,[KMB] 天恒邨总站,[CTB] 天水围站 - 屏欣苑,2.71,1884,DATA.GOV.HK pt-headway GTFS
1884-1-288-2112,1884,21:12:00,21:30:00,[KMB] 天恒邨总站,[CTB] 天水围站 - 屏欣苑,2.71,1884,DATA.GOV.HK pt-headway GTFS
1884-1-288-2118,1884,21:18:00,21:36:00,[KMB] 天恒邨总站,[CTB] 天水围站 - 屏欣苑,2.71,1884,DATA.GOV.HK pt-headway GTFS
1884-1-288-2128,1884,21:28:00,21:46:00,[KMB] 天恒邨总站,[CTB] 天水围站 - 屏欣苑,2.71,1884,DATA.GOV.HK pt-headway GTFS
1884-1-288-2134,1884,21:34:00,21:52:00,[KMB] 天恒邨总站,[CTB] 天水围站 - 屏欣苑,2.71,1884,DATA.GOV.HK pt-headway GTFS
1884-1-288-2144,1884,21:44:00,22:02:00,[KMB] 天恒邨总站,[CTB] 天水围站 - 屏欣苑,2.71,1884,DATA.GOV.HK pt-headway GTFS
1884-1-288-2150,1884,21:50:00,22:08:00,[KMB] 天恒邨总站,[CTB] 天水围站 - 屏欣苑,2.71,1884,DATA.GOV.HK pt-headway GTFS
1884-1-288-2200,1884,22:00:00,22:18:00,[KMB] 天恒邨总站,[CTB] 天水围站 - 屏欣苑,2.71,1884,DATA.GOV.HK pt-headway GTFS
1884-1-288-2206,1884,22:06:00,22:24:00,[KMB] 天恒邨总站,[CTB] 天水围站 - 屏欣苑,2.71,1884,DATA.GOV.HK pt-headway GTFS
1884-1-288-2216,1884,22:16:00,22:34:00,[KMB] 天恒邨总站,[CTB] 天水围站 - 屏欣苑,2.71,1884,DATA.GOV.HK pt-headway GTFS
1884-1-288-2222,1884,22:22:00,22:40:00,[KMB] 天恒邨总站,[CTB] 天水围站 - 屏欣苑,2.71,1884,DATA.GOV.HK pt-headway GTFS
1884-1-288-2232,1884,22:32:00,22:50:00,[KMB] 天恒邨总站,[CTB] 天水围站 - 屏欣苑,2.71,1884,DATA.GOV.HK pt-headway GTFS
1884-1-288-2238,1884,22:38:00,22:56:00,[KMB] 天恒邨总站,[CTB] 天水围站 - 屏欣苑,2.71,1884,DATA.GOV.HK pt-headway GTFS
1884-1-288-2248,1884,22:48:00,23:06:00,[KMB] 天恒邨总站,[CTB] 天水围站 - 屏欣苑,2.71,1884,DATA.GOV.HK pt-headway GTFS
1884-2-288-0600,1884,06:00:00,06:18:00,[CTB] 天水围站 - 屏欣苑,[KMB] 天恒邨总站,2.67,1884,DATA.GOV.HK pt-headway GTFS
1884-2-288-0606,1884,06:06:00,06:24:00,[CTB] 天水围站 - 屏欣苑,[KMB] 天恒邨总站,2.67,1884,DATA.GOV.HK pt-headway GTFS
1884-2-288-0616,1884,06:16:00,06:34:00,[CTB] 天水围站 - 屏欣苑,[KMB] 天恒邨总站,2.67,1884,DATA.GOV.HK pt-headway GTFS
1884-2-288-0622,1884,06:22:00,06:40:00,[CTB] 天水围站 - 屏欣苑,[KMB] 天恒邨总站,2.67,1884,DATA.GOV.HK pt-headway GTFS
1884-2-288-0632,1884,06:32:00,06:50:00,[CTB] 天水围站 - 屏欣苑,[KMB] 天恒邨总站,2.67,1884,DATA.GOV.HK pt-headway GTFS
1884-2-288-0638,1884,06:38:00,06:56:00,[CTB] 天水围站 - 屏欣苑,[KMB] 天恒邨总站,2.67,1884,DATA.GOV.HK pt-headway GTFS
1884-2-288-0648,1884,06:48:00,07:06:00,[CTB] 天水围站 - 屏欣苑,[KMB] 天恒邨总站,2.67,1884,DATA.GOV.HK pt-headway GTFS
1884-2-288-0654,1884,06:54:00,07:12:00,[CTB] 天水围站 - 屏欣苑,[KMB] 天恒邨总站,2.67,1884,DATA.GOV.HK pt-headway GTFS
1884-2-288-0704,1884,07:04:00,07:22:00,[CTB] 天水围站 - 屏欣苑,[KMB] 天恒邨总站,2.67,1884,DATA.GOV.HK pt-headway GTFS
1884-2-288-0710,1884,07:10:00,07:28:00,[CTB] 天水围站 - 屏欣苑,[KMB] 天恒邨总站,2.67,1884,DATA.GOV.HK pt-headway GTFS
1884-2-288-0720,1884,07:20:00,07:38:00,[CTB] 天水围站 - 屏欣苑,[KMB] 天恒邨总站,2.67,1884,DATA.GOV.HK pt-headway GTFS
1884-2-288-0726,1884,07:26:00,07:44:00,[CTB] 天水围站 - 屏欣苑,[KMB] 天恒邨总站,2.67,1884,DATA.GOV.HK pt-headway GTFS
1884-2-288-0736,1884,07:36:00,07:54:00,[CTB] 天水围站 - 屏欣苑,[KMB] 天恒邨总站,2.67,1884,DATA.GOV.HK pt-headway GTFS
1884-2-288-0742,1884,07:42:00,08:00:00,[CTB] 天水围站 - 屏欣苑,[KMB] 天恒邨总站,2.67,1884,DATA.GOV.HK pt-headway GTFS
1884-2-288-0752,1884,07:52:00,08:10:00,[CTB] 天水围站 - 屏欣苑,[KMB] 天恒邨总站,2.67,1884,DATA.GOV.HK pt-headway GTFS
1884-2-288-0758,1884,07:58:00,08:16:00,[CTB] 天水围站 - 屏欣苑,[KMB] 天恒邨总站,2.67,1884,DATA.GOV.HK pt-headway GTFS
1884-2-288-0808,1884,08:08:00,08:26:00,[CTB] 天水围站 - 屏欣苑,[KMB] 天恒邨总站,2.67,1884,DATA.GOV.HK pt-headway GTFS
1884-2-288-0814,1884,08:14:00,08:32:00,[CTB] 天水围站 - 屏欣苑,[KMB] 天恒邨总站,2.67,1884,DATA.GOV.HK pt-headway GTFS
1884-2-288-0824,1884,08:24:00,08:42:00,[CTB] 天水围站 - 屏欣苑,[KMB] 天恒邨总站,2.67,1884,DATA.GOV.HK pt-headway GTFS
1884-2-288-0830,1884,08:30:00,08:48:00,[CTB] 天水围站 - 屏欣苑,[KMB] 天恒邨总站,2.67,1884,DATA.GOV.HK pt-headway GTFS
1884-2-288-0840,1884,08:40:00,08:58:00,[CTB] 天水围站 - 屏欣苑,[KMB] 天恒邨总站,2.67,1884,DATA.GOV.HK pt-headway GTFS
1884-2-288-0846,1884,08:46:00,09:04:00,[CTB] 天水围站 - 屏欣苑,[KMB] 天恒邨总站,2.67,1884,DATA.GOV.HK pt-headway GTFS
1884-2-288-0856,1884,08:56:00,09:14:00,[CTB] 天水围站 - 屏欣苑,[KMB] 天恒邨总站,2.67,1884,DATA.GOV.HK pt-headway GTFS
1884-2-288-0902,1884,09:02:00,09:20:00,[CTB] 天水围站 - 屏欣苑,[KMB] 天恒邨总站,2.67,1884,DATA.GOV.HK pt-headway GTFS
1884-2-288-0912,1884,09:12:00,09:30:00,[CTB] 天水围站 - 屏欣苑,[KMB] 天恒邨总站,2.67,1884,DATA.GOV.HK pt-headway GTFS
1884-2-288-0918,1884,09:18:00,09:36:00,[CTB] 天水围站 - 屏欣苑,[KMB] 天恒邨总站,2.67,1884,DATA.GOV.HK pt-headway GTFS
1884-2-288-0928,1884,09:28:00,09:46:00,[CTB] 天水围站 - 屏欣苑,[KMB] 天恒邨总站,2.67,1884,DATA.GOV.HK pt-headway GTFS
1884-2-288-0934,1884,09:34:00,09:52:00,[CTB] 天水围站 - 屏欣苑,[KMB] 天恒邨总站,2.67,1884,DATA.GOV.HK pt-headway GTFS
1884-2-288-0944,1884,09:44:00,10:02:00,[CTB] 天水围站 - 屏欣苑,[KMB] 天恒邨总站,2.67,1884,DATA.GOV.HK pt-headway GTFS
1884-2-288-0950,1884,09:50:00,10:08:00,[CTB] 天水围站 - 屏欣苑,[KMB] 天恒邨总站,2.67,1884,DATA.GOV.HK pt-headway GTFS
1884-2-288-1000,1884,10:00:00,10:18:00,[CTB] 天水围站 - 屏欣苑,[KMB] 天恒邨总站,2.67,1884,DATA.GOV.HK pt-headway GTFS
1884-2-288-1006,1884,10:06:00,10:24:00,[CTB] 天水围站 - 屏欣苑,[KMB] 天恒邨总站,2.67,1884,DATA.GOV.HK pt-headway GTFS
1884-2-288-1016,1884,10:16:00,10:34:00,[CTB] 天水围站 - 屏欣苑,[KMB] 天恒邨总站,2.67,1884,DATA.GOV.HK pt-headway GTFS
1884-2-288-1022,1884,10:22:00,10:40:00,[CTB] 天水围站 - 屏欣苑,[KMB] 天恒邨总站,2.67,1884,DATA.GOV.HK pt-headway GTFS
1884-2-288-1032,1884,10:32:00,10:50:00,[CTB] 天水围站 - 屏欣苑,[KMB] 天恒邨总站,2.67,1884,DATA.GOV.HK pt-headway GTFS
1884-2-288-1038,1884,10:38:00,10:56:00,[CTB] 天水围站 - 屏欣苑,[KMB] 天恒邨总站,2.67,1884,DATA.GOV.HK pt-headway GTFS
1884-2-288-1048,1884,10:48:00,11:06:00,[CTB] 天水围站 - 屏欣苑,[KMB] 天恒邨总站,2.67,1884,DATA.GOV.HK pt-headway GTFS
1884-2-288-1054,1884,10:54:00,11:12:00,[CTB] 天水围站 - 屏欣苑,[KMB] 天恒邨总站,2.67,1884,DATA.GOV.HK pt-headway GTFS
1884-2-288-1104,1884,11:04:00,11:22:00,[CTB] 天水围站 - 屏欣苑,[KMB] 天恒邨总站,2.67,1884,DATA.GOV.HK pt-headway GTFS
1884-2-288-1110,1884,11:10:00,11:28:00,[CTB] 天水围站 - 屏欣苑,[KMB] 天恒邨总站,2.67,1884,DATA.GOV.HK pt-headway GTFS
1884-2-288-1120,1884,11:20:00,11:38:00,[CTB] 天水围站 - 屏欣苑,[KMB] 天恒邨总站,2.67,1884,DATA.GOV.HK pt-headway GTFS
1884-2-288-1126,1884,11:26:00,11:44:00,[CTB] 天水围站 - 屏欣苑,[KMB] 天恒邨总站,2.67,1884,DATA.GOV.HK pt-headway GTFS
1884-2-288-1136,1884,11:36:00,11:54:00,[CTB] 天水围站 - 屏欣苑,[KMB] 天恒邨总站,2.67,1884,DATA.GOV.HK pt-headway GTFS
1884-2-288-1142,1884,11:42:00,12:00:00,[CTB] 天水围站 - 屏欣苑,[KMB] 天恒邨总站,2.67,1884,DATA.GOV.HK pt-headway GTFS
1884-2-288-1152,1884,11:52:00,12:10:00,[CTB] 天水围站 - 屏欣苑,[KMB] 天恒邨总站,2.67,1884,DATA.GOV.HK pt-headway GTFS
1884-2-288-1158,1884,11:58:00,12:16:00,[CTB] 天水围站 - 屏欣苑,[KMB] 天恒邨总站,2.67,1884,DATA.GOV.HK pt-headway GTFS
1884-2-288-1208,1884,12:08:00,12:26:00,[CTB] 天水围站 - 屏欣苑,[KMB] 天恒邨总站,2.67,1884,DATA.GOV.HK pt-headway GTFS
1884-2-288-1214,1884,12:14:00,12:32:00,[CTB] 天水围站 - 屏欣苑,[KMB] 天恒邨总站,2.67,1884,DATA.GOV.HK pt-headway GTFS
1884-2-288-1224,1884,12:24:00,12:42:00,[CTB] 天水围站 - 屏欣苑,[KMB] 天恒邨总站,2.67,1884,DATA.GOV.HK pt-headway GTFS
1884-2-288-1230,1884,12:30:00,12:48:00,[CTB] 天水围站 - 屏欣苑,[KMB] 天恒邨总站,2.67,1884,DATA.GOV.HK pt-headway GTFS
1884-2-288-1240,1884,12:40:00,12:58:00,[CTB] 天水围站 - 屏欣苑,[KMB] 天恒邨总站,2.67,1884,DATA.GOV.HK pt-headway GTFS
1884-2-288-1246,1884,12:46:00,13:04:00,[CTB] 天水围站 - 屏欣苑,[KMB] 天恒邨总站,2.67,1884,DATA.GOV.HK pt-headway GTFS
1884-2-288-1256,1884,12:56:00,13:14:00,[CTB] 天水围站 - 屏欣苑,[KMB] 天恒邨总站,2.67,1884,DATA.GOV.HK pt-headway GTFS
1884-2-288-1302,1884,13:02:00,13:20:00,[CTB] 天水围站 - 屏欣苑,[KMB] 天恒邨总站,2.67,1884,DATA.GOV.HK pt-headway GTFS
1884-2-288-1312,1884,13:12:00,13:30:00,[CTB] 天水围站 - 屏欣苑,[KMB] 天恒邨总站,2.67,1884,DATA.GOV.HK pt-headway GTFS
1884-2-288-1318,1884,13:18:00,13:36:00,[CTB] 天水围站 - 屏欣苑,[KMB] 天恒邨总站,2.67,1884,DATA.GOV.HK pt-headway GTFS
1884-2-288-1328,1884,13:28:00,13:46:00,[CTB] 天水围站 - 屏欣苑,[KMB] 天恒邨总站,2.67,1884,DATA.GOV.HK pt-headway GTFS
1884-2-288-1334,1884,13:34:00,13:52:00,[CTB] 天水围站 - 屏欣苑,[KMB] 天恒邨总站,2.67,1884,DATA.GOV.HK pt-headway GTFS
1884-2-288-1344,1884,13:44:00,14:02:00,[CTB] 天水围站 - 屏欣苑,[KMB] 天恒邨总站,2.67,1884,DATA.GOV.HK pt-headway GTFS
1884-2-288-1350,1884,13:50:00,14:08:00,[CTB] 天水围站 - 屏欣苑,[KMB] 天恒邨总站,2.67,1884,DATA.GOV.HK pt-headway GTFS
1884-2-288-1400,1884,14:00:00,14:18:00,[CTB] 天水围站 - 屏欣苑,[KMB] 天恒邨总站,2.67,1884,DATA.GOV.HK pt-headway GTFS
1884-2-288-1406,1884,14:06:00,14:24:00,[CTB] 天水围站 - 屏欣苑,[KMB] 天恒邨总站,2.67,1884,DATA.GOV.HK pt-headway GTFS
1884-2-288-1416,1884,14:16:00,14:34:00,[CTB] 天水围站 - 屏欣苑,[KMB] 天恒邨总站,2.67,1884,DATA.GOV.HK pt-headway GTFS
1884-2-288-1422,1884,14:22:00,14:40:00,[CTB] 天水围站 - 屏欣苑,[KMB] 天恒邨总站,2.67,1884,DATA.GOV.HK pt-headway GTFS
1884-2-288-1432,1884,14:32:00,14:50:00,[CTB] 天水围站 - 屏欣苑,[KMB] 天恒邨总站,2.67,1884,DATA.GOV.HK pt-headway GTFS
1884-2-288-1438,1884,14:38:00,14:56:00,[CTB] 天水围站 - 屏欣苑,[KMB] 天恒邨总站,2.67,1884,DATA.GOV.HK pt-headway GTFS
1884-2-288-1448,1884,14:48:00,15:06:00,[CTB] 天水围站 - 屏欣苑,[KMB] 天恒邨总站,2.67,1884,DATA.GOV.HK pt-headway GTFS
1884-2-288-1454,1884,14:54:00,15:12:00,[CTB] 天水围站 - 屏欣苑,[KMB] 天恒邨总站,2.67,1884,DATA.GOV.HK pt-headway GTFS
1884-2-288-1504,1884,15:04:00,15:22:00,[CTB] 天水围站 - 屏欣苑,[KMB] 天恒邨总站,2.67,1884,DATA.GOV.HK pt-headway GTFS
1884-2-288-1510,1884,15:10:00,15:28:00,[CTB] 天水围站 - 屏欣苑,[KMB] 天恒邨总站,2.67,1884,DATA.GOV.HK pt-headway GTFS
1884-2-288-1520,1884,15:20:00,15:38:00,[CTB] 天水围站 - 屏欣苑,[KMB] 天恒邨总站,2.67,1884,DATA.GOV.HK pt-headway GTFS
1884-2-288-1526,1884,15:26:00,15:44:00,[CTB] 天水围站 - 屏欣苑,[KMB] 天恒邨总站,2.67,1884,DATA.GOV.HK pt-headway GTFS
1884-2-288-1536,1884,15:36:00,15:54:00,[CTB] 天水围站 - 屏欣苑,[KMB] 天恒邨总站,2.67,1884,DATA.GOV.HK pt-headway GTFS
1884-2-288-1542,1884,15:42:00,16:00:00,[CTB] 天水围站 - 屏欣苑,[KMB] 天恒邨总站,2.67,1884,DATA.GOV.HK pt-headway GTFS
1884-2-288-1552,1884,15:52:00,16:10:00,[CTB] 天水围站 - 屏欣苑,[KMB] 天恒邨总站,2.67,1884,DATA.GOV.HK pt-headway GTFS
1884-2-288-1558,1884,15:58:00,16:16:00,[CTB] 天水围站 - 屏欣苑,[KMB] 天恒邨总站,2.67,1884,DATA.GOV.HK pt-headway GTFS
1884-2-288-1608,1884,16:08:00,16:26:00,[CTB] 天水围站 - 屏欣苑,[KMB] 天恒邨总站,2.67,1884,DATA.GOV.HK pt-headway GTFS
1884-2-288-1614,1884,16:14:00,16:32:00,[CTB] 天水围站 - 屏欣苑,[KMB] 天恒邨总站,2.67,1884,DATA.GOV.HK pt-headway GTFS
1884-2-288-1624,1884,16:24:00,16:42:00,[CTB] 天水围站 - 屏欣苑,[KMB] 天恒邨总站,2.67,1884,DATA.GOV.HK pt-headway GTFS
1884-2-288-1630,1884,16:30:00,16:48:00,[CTB] 天水围站 - 屏欣苑,[KMB] 天恒邨总站,2.67,1884,DATA.GOV.HK pt-headway GTFS
1884-2-288-1640,1884,16:40:00,16:58:00,[CTB] 天水围站 - 屏欣苑,[KMB] 天恒邨总站,2.67,1884,DATA.GOV.HK pt-headway GTFS
1884-2-288-1646,1884,16:46:00,17:04:00,[CTB] 天水围站 - 屏欣苑,[KMB] 天恒邨总站,2.67,1884,DATA.GOV.HK pt-headway GTFS
1884-2-288-1656,1884,16:56:00,17:14:00,[CTB] 天水围站 - 屏欣苑,[KMB] 天恒邨总站,2.67,1884,DATA.GOV.HK pt-headway GTFS
1884-2-288-1702,1884,17:02:00,17:20:00,[CTB] 天水围站 - 屏欣苑,[KMB] 天恒邨总站,2.67,1884,DATA.GOV.HK pt-headway GTFS
1884-2-288-1712,1884,17:12:00,17:30:00,[CTB] 天水围站 - 屏欣苑,[KMB] 天恒邨总站,2.67,1884,DATA.GOV.HK pt-headway GTFS
1884-2-288-1718,1884,17:18:00,17:36:00,[CTB] 天水围站 - 屏欣苑,[KMB] 天恒邨总站,2.67,1884,DATA.GOV.HK pt-headway GTFS
1884-2-288-1728,1884,17:28:00,17:46:00,[CTB] 天水围站 - 屏欣苑,[KMB] 天恒邨总站,2.67,1884,DATA.GOV.HK pt-headway GTFS
1884-2-288-1734,1884,17:34:00,17:52:00,[CTB] 天水围站 - 屏欣苑,[KMB] 天恒邨总站,2.67,1884,DATA.GOV.HK pt-headway GTFS
1884-2-288-1744,1884,17:44:00,18:02:00,[CTB] 天水围站 - 屏欣苑,[KMB] 天恒邨总站,2.67,1884,DATA.GOV.HK pt-headway GTFS
1884-2-288-1750,1884,17:50:00,18:08:00,[CTB] 天水围站 - 屏欣苑,[KMB] 天恒邨总站,2.67,1884,DATA.GOV.HK pt-headway GTFS
1884-2-288-1800,1884,18:00:00,18:18:00,[CTB] 天水围站 - 屏欣苑,[KMB] 天恒邨总站,2.67,1884,DATA.GOV.HK pt-headway GTFS
1884-2-288-1806,1884,18:06:00,18:24:00,[CTB] 天水围站 - 屏欣苑,[KMB] 天恒邨总站,2.67,1884,DATA.GOV.HK pt-headway GTFS
1884-2-288-1816,1884,18:16:00,18:34:00,[CTB] 天水围站 - 屏欣苑,[KMB] 天恒邨总站,2.67,1884,DATA.GOV.HK pt-headway GTFS
1884-2-288-1822,1884,18:22:00,18:40:00,[CTB] 天水围站 - 屏欣苑,[KMB] 天恒邨总站,2.67,1884,DATA.GOV.HK pt-headway GTFS
1884-2-288-1832,1884,18:32:00,18:50:00,[CTB] 天水围站 - 屏欣苑,[KMB] 天恒邨总站,2.67,1884,DATA.GOV.HK pt-headway GTFS
1884-2-288-1838,1884,18:38:00,18:56:00,[CTB] 天水围站 - 屏欣苑,[KMB] 天恒邨总站,2.67,1884,DATA.GOV.HK pt-headway GTFS
1884-2-288-1848,1884,18:48:00,19:06:00,[CTB] 天水围站 - 屏欣苑,[KMB] 天恒邨总站,2.67,1884,DATA.GOV.HK pt-headway GTFS
1884-2-288-1854,1884,18:54:00,19:12:00,[CTB] 天水围站 - 屏欣苑,[KMB] 天恒邨总站,2.67,1884,DATA.GOV.HK pt-headway GTFS
1884-2-288-1904,1884,19:04:00,19:22:00,[CTB] 天水围站 - 屏欣苑,[KMB] 天恒邨总站,2.67,1884,DATA.GOV.HK pt-headway GTFS
1884-2-288-1910,1884,19:10:00,19:28:00,[CTB] 天水围站 - 屏欣苑,[KMB] 天恒邨总站,2.67,1884,DATA.GOV.HK pt-headway GTFS
1884-2-288-1920,1884,19:20:00,19:38:00,[CTB] 天水围站 - 屏欣苑,[KMB] 天恒邨总站,2.67,1884,DATA.GOV.HK pt-headway GTFS
1884-2-288-1926,1884,19:26:00,19:44:00,[CTB] 天水围站 - 屏欣苑,[KMB] 天恒邨总站,2.67,1884,DATA.GOV.HK pt-headway GTFS
1884-2-288-1936,1884,19:36:00,19:54:00,[CTB] 天水围站 - 屏欣苑,[KMB] 天恒邨总站,2.67,1884,DATA.GOV.HK pt-headway GTFS
1884-2-288-1942,1884,19:42:00,20:00:00,[CTB] 天水围站 - 屏欣苑,[KMB] 天恒邨总站,2.67,1884,DATA.GOV.HK pt-headway GTFS
1884-2-288-1952,1884,19:52:00,20:10:00,[CTB] 天水围站 - 屏欣苑,[KMB] 天恒邨总站,2.67,1884,DATA.GOV.HK pt-headway GTFS
1884-2-288-1958,1884,19:58:00,20:16:00,[CTB] 天水围站 - 屏欣苑,[KMB] 天恒邨总站,2.67,1884,DATA.GOV.HK pt-headway GTFS
1884-2-288-2008,1884,20:08:00,20:26:00,[CTB] 天水围站 - 屏欣苑,[KMB] 天恒邨总站,2.67,1884,DATA.GOV.HK pt-headway GTFS
1884-2-288-2014,1884,20:14:00,20:32:00,[CTB] 天水围站 - 屏欣苑,[KMB] 天恒邨总站,2.67,1884,DATA.GOV.HK pt-headway GTFS
1884-2-288-2024,1884,20:24:00,20:42:00,[CTB] 天水围站 - 屏欣苑,[KMB] 天恒邨总站,2.67,1884,DATA.GOV.HK pt-headway GTFS
1884-2-288-2030,1884,20:30:00,20:48:00,[CTB] 天水围站 - 屏欣苑,[KMB] 天恒邨总站,2.67,1884,DATA.GOV.HK pt-headway GTFS
1884-2-288-2040,1884,20:40:00,20:58:00,[CTB] 天水围站 - 屏欣苑,[KMB] 天恒邨总站,2.67,1884,DATA.GOV.HK pt-headway GTFS
1884-2-288-2046,1884,20:46:00,21:04:00,[CTB] 天水围站 - 屏欣苑,[KMB] 天恒邨总站,2.67,1884,DATA.GOV.HK pt-headway GTFS
1884-2-288-2056,1884,20:56:00,21:14:00,[CTB] 天水围站 - 屏欣苑,[KMB] 天恒邨总站,2.67,1884,DATA.GOV.HK pt-headway GTFS
1884-2-288-2102,1884,21:02:00,21:20:00,[CTB] 天水围站 - 屏欣苑,[KMB] 天恒邨总站,2.67,1884,DATA.GOV.HK pt-headway GTFS
1884-2-288-2112,1884,21:12:00,21:30:00,[CTB] 天水围站 - 屏欣苑,[KMB] 天恒邨总站,2.67,1884,DATA.GOV.HK pt-headway GTFS
1884-2-288-2118,1884,21:18:00,21:36:00,[CTB] 天水围站 - 屏欣苑,[KMB] 天恒邨总站,2.67,1884,DATA.GOV.HK pt-headway GTFS
1884-2-288-2128,1884,21:28:00,21:46:00,[CTB] 天水围站 - 屏欣苑,[KMB] 天恒邨总站,2.67,1884,DATA.GOV.HK pt-headway GTFS
1884-2-288-2134,1884,21:34:00,21:52:00,[CTB] 天水围站 - 屏欣苑,[KMB] 天恒邨总站,2.67,1884,DATA.GOV.HK pt-headway GTFS
1884-2-288-2144,1884,21:44:00,22:02:00,[CTB] 天水围站 - 屏欣苑,[KMB] 天恒邨总站,2.67,1884,DATA.GOV.HK pt-headway GTFS
1884-2-288-2150,1884,21:50:00,22:08:00,[CTB] 天水围站 - 屏欣苑,[KMB] 天恒邨总站,2.67,1884,DATA.GOV.HK pt-headway GTFS
1884-2-288-2200,1884,22:00:00,22:18:00,[CTB] 天水围站 - 屏欣苑,[KMB] 天恒邨总站,2.67,1884,DATA.GOV.HK pt-headway GTFS
1884-2-288-2206,1884,22:06:00,22:24:00,[CTB] 天水围站 - 屏欣苑,[KMB] 天恒邨总站,2.67,1884,DATA.GOV.HK pt-headway GTFS
1884-2-288-2216,1884,22:16:00,22:34:00,[CTB] 天水围站 - 屏欣苑,[KMB] 天恒邨总站,2.67,1884,DATA.GOV.HK pt-headway GTFS
1884-2-288-2222,1884,22:22:00,22:40:00,[CTB] 天水围站 - 屏欣苑,[KMB] 天恒邨总站,2.67,1884,DATA.GOV.HK pt-headway GTFS
1884-2-288-2232,1884,22:32:00,22:50:00,[CTB] 天水围站 - 屏欣苑,[KMB] 天恒邨总站,2.67,1884,DATA.GOV.HK pt-headway GTFS
1884-2-288-2238,1884,22:38:00,22:56:00,[CTB] 天水围站 - 屏欣苑,[KMB] 天恒邨总站,2.67,1884,DATA.GOV.HK pt-headway GTFS
1884-2-288-2248,1884,22:48:00,23:06:00,[CTB] 天水围站 - 屏欣苑,[KMB] 天恒邨总站,2.67,1884,DATA.GOV.HK pt-headway GTFS
1884-2-288-2254,1884,22:54:00,23:12:00,[CTB] 天水围站 - 屏欣苑,[KMB] 天恒邨总站,2.67,1884,DATA.GOV.HK pt-headway GTFS
1884-2-288-2304,1884,23:04:00,23:22:00,[CTB] 天水围站 - 屏欣苑,[KMB] 天恒邨总站,2.67,1884,DATA.GOV.HK pt-headway GTFS
1884-1-448-0600,1884,06:00:00,06:18:00,[KMB] 天恒邨总站,[CTB] 天水围站 - 屏欣苑,2.71,1884,DATA.GOV.HK pt-headway GTFS
1884-1-448-0607,1884,06:07:00,06:25:00,[KMB] 天恒邨总站,[CTB] 天水围站 - 屏欣苑,2.71,1884,DATA.GOV.HK pt-headway GTFS
1884-1-448-0617,1884,06:17:00,06:35:00,[KMB] 天恒邨总站,[CTB] 天水围站 - 屏欣苑,2.71,1884,DATA.GOV.HK pt-headway GTFS
1884-1-448-0624,1884,06:24:00,06:42:00,[KMB] 天恒邨总站,[CTB] 天水围站 - 屏欣苑,2.71,1884,DATA.GOV.HK pt-headway GTFS
1884-1-448-0634,1884,06:34:00,06:52:00,[KMB] 天恒邨总站,[CTB] 天水围站 - 屏欣苑,2.71,1884,DATA.GOV.HK pt-headway GTFS
1884-1-448-0641,1884,06:41:00,06:59:00,[KMB] 天恒邨总站,[CTB] 天水围站 - 屏欣苑,2.71,1884,DATA.GOV.HK pt-headway GTFS
1884-1-448-0651,1884,06:51:00,07:09:00,[KMB] 天恒邨总站,[CTB] 天水围站 - 屏欣苑,2.71,1884,DATA.GOV.HK pt-headway GTFS
1884-1-448-0658,1884,06:58:00,07:16:00,[KMB] 天恒邨总站,[CTB] 天水围站 - 屏欣苑,2.71,1884,DATA.GOV.HK pt-headway GTFS
1884-1-448-0708,1884,07:08:00,07:26:00,[KMB] 天恒邨总站,[CTB] 天水围站 - 屏欣苑,2.71,1884,DATA.GOV.HK pt-headway GTFS
1884-1-448-0715,1884,07:15:00,07:33:00,[KMB] 天恒邨总站,[CTB] 天水围站 - 屏欣苑,2.71,1884,DATA.GOV.HK pt-headway GTFS
1884-1-448-0725,1884,07:25:00,07:43:00,[KMB] 天恒邨总站,[CTB] 天水围站 - 屏欣苑,2.71,1884,DATA.GOV.HK pt-headway GTFS
1884-1-448-0732,1884,07:32:00,07:50:00,[KMB] 天恒邨总站,[CTB] 天水围站 - 屏欣苑,2.71,1884,DATA.GOV.HK pt-headway GTFS
1884-1-448-0742,1884,07:42:00,08:00:00,[KMB] 天恒邨总站,[CTB] 天水围站 - 屏欣苑,2.71,1884,DATA.GOV.HK pt-headway GTFS
1884-1-448-0749,1884,07:49:00,08:07:00,[KMB] 天恒邨总站,[CTB] 天水围站 - 屏欣苑,2.71,1884,DATA.GOV.HK pt-headway GTFS
1884-1-448-0759,1884,07:59:00,08:17:00,[KMB] 天恒邨总站,[CTB] 天水围站 - 屏欣苑,2.71,1884,DATA.GOV.HK pt-headway GTFS
1884-1-448-0806,1884,08:06:00,08:24:00,[KMB] 天恒邨总站,[CTB] 天水围站 - 屏欣苑,2.71,1884,DATA.GOV.HK pt-headway GTFS
1884-1-448-0816,1884,08:16:00,08:34:00,[KMB] 天恒邨总站,[CTB] 天水围站 - 屏欣苑,2.71,1884,DATA.GOV.HK pt-headway GTFS
1884-1-448-0823,1884,08:23:00,08:41:00,[KMB] 天恒邨总站,[CTB] 天水围站 - 屏欣苑,2.71,1884,DATA.GOV.HK pt-headway GTFS
1884-1-448-0833,1884,08:33:00,08:51:00,[KMB] 天恒邨总站,[CTB] 天水围站 - 屏欣苑,2.71,1884,DATA.GOV.HK pt-headway GTFS
1884-1-448-0840,1884,08:40:00,08:58:00,[KMB] 天恒邨总站,[CTB] 天水围站 - 屏欣苑,2.71,1884,DATA.GOV.HK pt-headway GTFS
1884-1-448-0850,1884,08:50:00,09:08:00,[KMB] 天恒邨总站,[CTB] 天水围站 - 屏欣苑,2.71,1884,DATA.GOV.HK pt-headway GTFS
1884-1-448-0857,1884,08:57:00,09:15:00,[KMB] 天恒邨总站,[CTB] 天水围站 - 屏欣苑,2.71,1884,DATA.GOV.HK pt-headway GTFS
1884-1-448-0907,1884,09:07:00,09:25:00,[KMB] 天恒邨总站,[CTB] 天水围站 - 屏欣苑,2.71,1884,DATA.GOV.HK pt-headway GTFS
1884-1-448-0914,1884,09:14:00,09:32:00,[KMB] 天恒邨总站,[CTB] 天水围站 - 屏欣苑,2.71,1884,DATA.GOV.HK pt-headway GTFS
1884-1-448-0924,1884,09:24:00,09:42:00,[KMB] 天恒邨总站,[CTB] 天水围站 - 屏欣苑,2.71,1884,DATA.GOV.HK pt-headway GTFS
1884-1-448-0931,1884,09:31:00,09:49:00,[KMB] 天恒邨总站,[CTB] 天水围站 - 屏欣苑,2.71,1884,DATA.GOV.HK pt-headway GTFS
1884-1-448-0941,1884,09:41:00,09:59:00,[KMB] 天恒邨总站,[CTB] 天水围站 - 屏欣苑,2.71,1884,DATA.GOV.HK pt-headway GTFS
1884-1-448-0948,1884,09:48:00,10:06:00,[KMB] 天恒邨总站,[CTB] 天水围站 - 屏欣苑,2.71,1884,DATA.GOV.HK pt-headway GTFS
1884-1-448-0958,1884,09:58:00,10:16:00,[KMB] 天恒邨总站,[CTB] 天水围站 - 屏欣苑,2.71,1884,DATA.GOV.HK pt-headway GTFS
1884-1-448-1005,1884,10:05:00,10:23:00,[KMB] 天恒邨总站,[CTB] 天水围站 - 屏欣苑,2.71,1884,DATA.GOV.HK pt-headway GTFS
1884-1-448-1015,1884,10:15:00,10:33:00,[KMB] 天恒邨总站,[CTB] 天水围站 - 屏欣苑,2.71,1884,DATA.GOV.HK pt-headway GTFS
1884-1-448-1022,1884,10:22:00,10:40:00,[KMB] 天恒邨总站,[CTB] 天水围站 - 屏欣苑,2.71,1884,DATA.GOV.HK pt-headway GTFS
1884-1-448-1032,1884,10:32:00,10:50:00,[KMB] 天恒邨总站,[CTB] 天水围站 - 屏欣苑,2.71,1884,DATA.GOV.HK pt-headway GTFS
1884-1-448-1039,1884,10:39:00,10:57:00,[KMB] 天恒邨总站,[CTB] 天水围站 - 屏欣苑,2.71,1884,DATA.GOV.HK pt-headway GTFS
1884-1-448-1049,1884,10:49:00,11:07:00,[KMB] 天恒邨总站,[CTB] 天水围站 - 屏欣苑,2.71,1884,DATA.GOV.HK pt-headway GTFS
1884-1-448-1056,1884,10:56:00,11:14:00,[KMB] 天恒邨总站,[CTB] 天水围站 - 屏欣苑,2.71,1884,DATA.GOV.HK pt-headway GTFS
1884-1-448-1106,1884,11:06:00,11:24:00,[KMB] 天恒邨总站,[CTB] 天水围站 - 屏欣苑,2.71,1884,DATA.GOV.HK pt-headway GTFS
1884-1-448-1113,1884,11:13:00,11:31:00,[KMB] 天恒邨总站,[CTB] 天水围站 - 屏欣苑,2.71,1884,DATA.GOV.HK pt-headway GTFS
1884-1-448-1123,1884,11:23:00,11:41:00,[KMB] 天恒邨总站,[CTB] 天水围站 - 屏欣苑,2.71,1884,DATA.GOV.HK pt-headway GTFS
1884-1-448-1130,1884,11:30:00,11:48:00,[KMB] 天恒邨总站,[CTB] 天水围站 - 屏欣苑,2.71,1884,DATA.GOV.HK pt-headway GTFS
1884-1-448-1140,1884,11:40:00,11:58:00,[KMB] 天恒邨总站,[CTB] 天水围站 - 屏欣苑,2.71,1884,DATA.GOV.HK pt-headway GTFS
1884-1-448-1147,1884,11:47:00,12:05:00,[KMB] 天恒邨总站,[CTB] 天水围站 - 屏欣苑,2.71,1884,DATA.GOV.HK pt-headway GTFS
1884-1-448-1157,1884,11:57:00,12:15:00,[KMB] 天恒邨总站,[CTB] 天水围站 - 屏欣苑,2.71,1884,DATA.GOV.HK pt-headway GTFS
1884-1-448-1204,1884,12:04:00,12:22:00,[KMB] 天恒邨总站,[CTB] 天水围站 - 屏欣苑,2.71,1884,DATA.GOV.HK pt-headway GTFS
1884-1-448-1214,1884,12:14:00,12:32:00,[KMB] 天恒邨总站,[CTB] 天水围站 - 屏欣苑,2.71,1884,DATA.GOV.HK pt-headway GTFS
1884-1-448-1221,1884,12:21:00,12:39:00,[KMB] 天恒邨总站,[CTB] 天水围站 - 屏欣苑,2.71,1884,DATA.GOV.HK pt-headway GTFS
1884-1-448-1231,1884,12:31:00,12:49:00,[KMB] 天恒邨总站,[CTB] 天水围站 - 屏欣苑,2.71,1884,DATA.GOV.HK pt-headway GTFS
1884-1-448-1238,1884,12:38:00,12:56:00,[KMB] 天恒邨总站,[CTB] 天水围站 - 屏欣苑,2.71,1884,DATA.GOV.HK pt-headway GTFS
1884-1-448-1248,1884,12:48:00,13:06:00,[KMB] 天恒邨总站,[CTB] 天水围站 - 屏欣苑,2.71,1884,DATA.GOV.HK pt-headway GTFS
1884-1-448-1255,1884,12:55:00,13:13:00,[KMB] 天恒邨总站,[CTB] 天水围站 - 屏欣苑,2.71,1884,DATA.GOV.HK pt-headway GTFS
1884-1-448-1305,1884,13:05:00,13:23:00,[KMB] 天恒邨总站,[CTB] 天水围站 - 屏欣苑,2.71,1884,DATA.GOV.HK pt-headway GTFS
1884-1-448-1312,1884,13:12:00,13:30:00,[KMB] 天恒邨总站,[CTB] 天水围站 - 屏欣苑,2.71,1884,DATA.GOV.HK pt-headway GTFS
1884-1-448-1322,1884,13:22:00,13:40:00,[KMB] 天恒邨总站,[CTB] 天水围站 - 屏欣苑,2.71,1884,DATA.GOV.HK pt-headway GTFS
1884-1-448-1329,1884,13:29:00,13:47:00,[KMB] 天恒邨总站,[CTB] 天水围站 - 屏欣苑,2.71,1884,DATA.GOV.HK pt-headway GTFS
1884-1-448-1339,1884,13:39:00,13:57:00,[KMB] 天恒邨总站,[CTB] 天水围站 - 屏欣苑,2.71,1884,DATA.GOV.HK pt-headway GTFS
1884-1-448-1346,1884,13:46:00,14:04:00,[KMB] 天恒邨总站,[CTB] 天水围站 - 屏欣苑,2.71,1884,DATA.GOV.HK pt-headway GTFS
1884-1-448-1356,1884,13:56:00,14:14:00,[KMB] 天恒邨总站,[CTB] 天水围站 - 屏欣苑,2.71,1884,DATA.GOV.HK pt-headway GTFS
1884-1-448-1403,1884,14:03:00,14:21:00,[KMB] 天恒邨总站,[CTB] 天水围站 - 屏欣苑,2.71,1884,DATA.GOV.HK pt-headway GTFS
1884-1-448-1413,1884,14:13:00,14:31:00,[KMB] 天恒邨总站,[CTB] 天水围站 - 屏欣苑,2.71,1884,DATA.GOV.HK pt-headway GTFS
1884-1-448-1420,1884,14:20:00,14:38:00,[KMB] 天恒邨总站,[CTB] 天水围站 - 屏欣苑,2.71,1884,DATA.GOV.HK pt-headway GTFS
1884-1-448-1430,1884,14:30:00,14:48:00,[KMB] 天恒邨总站,[CTB] 天水围站 - 屏欣苑,2.71,1884,DATA.GOV.HK pt-headway GTFS
1884-1-448-1437,1884,14:37:00,14:55:00,[KMB] 天恒邨总站,[CTB] 天水围站 - 屏欣苑,2.71,1884,DATA.GOV.HK pt-headway GTFS
1884-1-448-1447,1884,14:47:00,15:05:00,[KMB] 天恒邨总站,[CTB] 天水围站 - 屏欣苑,2.71,1884,DATA.GOV.HK pt-headway GTFS
1884-1-448-1454,1884,14:54:00,15:12:00,[KMB] 天恒邨总站,[CTB] 天水围站 - 屏欣苑,2.71,1884,DATA.GOV.HK pt-headway GTFS
1884-1-448-1504,1884,15:04:00,15:22:00,[KMB] 天恒邨总站,[CTB] 天水围站 - 屏欣苑,2.71,1884,DATA.GOV.HK pt-headway GTFS
1884-1-448-1511,1884,15:11:00,15:29:00,[KMB] 天恒邨总站,[CTB] 天水围站 - 屏欣苑,2.71,1884,DATA.GOV.HK pt-headway GTFS
1884-1-448-1521,1884,15:21:00,15:39:00,[KMB] 天恒邨总站,[CTB] 天水围站 - 屏欣苑,2.71,1884,DATA.GOV.HK pt-headway GTFS
1884-1-448-1528,1884,15:28:00,15:46:00,[KMB] 天恒邨总站,[CTB] 天水围站 - 屏欣苑,2.71,1884,DATA.GOV.HK pt-headway GTFS
1884-1-448-1538,1884,15:38:00,15:56:00,[KMB] 天恒邨总站,[CTB] 天水围站 - 屏欣苑,2.71,1884,DATA.GOV.HK pt-headway GTFS
1884-1-448-1545,1884,15:45:00,16:03:00,[KMB] 天恒邨总站,[CTB] 天水围站 - 屏欣苑,2.71,1884,DATA.GOV.HK pt-headway GTFS
1884-1-448-1555,1884,15:55:00,16:13:00,[KMB] 天恒邨总站,[CTB] 天水围站 - 屏欣苑,2.71,1884,DATA.GOV.HK pt-headway GTFS
1884-1-448-1602,1884,16:02:00,16:20:00,[KMB] 天恒邨总站,[CTB] 天水围站 - 屏欣苑,2.71,1884,DATA.GOV.HK pt-headway GTFS
1884-1-448-1612,1884,16:12:00,16:30:00,[KMB] 天恒邨总站,[CTB] 天水围站 - 屏欣苑,2.71,1884,DATA.GOV.HK pt-headway GTFS
1884-1-448-1619,1884,16:19:00,16:37:00,[KMB] 天恒邨总站,[CTB] 天水围站 - 屏欣苑,2.71,1884,DATA.GOV.HK pt-headway GTFS
1884-1-448-1629,1884,16:29:00,16:47:00,[KMB] 天恒邨总站,[CTB] 天水围站 - 屏欣苑,2.71,1884,DATA.GOV.HK pt-headway GTFS
1884-1-448-1636,1884,16:36:00,16:54:00,[KMB] 天恒邨总站,[CTB] 天水围站 - 屏欣苑,2.71,1884,DATA.GOV.HK pt-headway GTFS
1884-1-448-1646,1884,16:46:00,17:04:00,[KMB] 天恒邨总站,[CTB] 天水围站 - 屏欣苑,2.71,1884,DATA.GOV.HK pt-headway GTFS
1884-1-448-1653,1884,16:53:00,17:11:00,[KMB] 天恒邨总站,[CTB] 天水围站 - 屏欣苑,2.71,1884,DATA.GOV.HK pt-headway GTFS
1884-1-448-1703,1884,17:03:00,17:21:00,[KMB] 天恒邨总站,[CTB] 天水围站 - 屏欣苑,2.71,1884,DATA.GOV.HK pt-headway GTFS
1884-1-448-1710,1884,17:10:00,17:28:00,[KMB] 天恒邨总站,[CTB] 天水围站 - 屏欣苑,2.71,1884,DATA.GOV.HK pt-headway GTFS
1884-1-448-1720,1884,17:20:00,17:38:00,[KMB] 天恒邨总站,[CTB] 天水围站 - 屏欣苑,2.71,1884,DATA.GOV.HK pt-headway GTFS
1884-1-448-1727,1884,17:27:00,17:45:00,[KMB] 天恒邨总站,[CTB] 天水围站 - 屏欣苑,2.71,1884,DATA.GOV.HK pt-headway GTFS
1884-1-448-1737,1884,17:37:00,17:55:00,[KMB] 天恒邨总站,[CTB] 天水围站 - 屏欣苑,2.71,1884,DATA.GOV.HK pt-headway GTFS
1884-1-448-1744,1884,17:44:00,18:02:00,[KMB] 天恒邨总站,[CTB] 天水围站 - 屏欣苑,2.71,1884,DATA.GOV.HK pt-headway GTFS
1884-1-448-1754,1884,17:54:00,18:12:00,[KMB] 天恒邨总站,[CTB] 天水围站 - 屏欣苑,2.71,1884,DATA.GOV.HK pt-headway GTFS
1884-1-448-1801,1884,18:01:00,18:19:00,[KMB] 天恒邨总站,[CTB] 天水围站 - 屏欣苑,2.71,1884,DATA.GOV.HK pt-headway GTFS
1884-1-448-1811,1884,18:11:00,18:29:00,[KMB] 天恒邨总站,[CTB] 天水围站 - 屏欣苑,2.71,1884,DATA.GOV.HK pt-headway GTFS
1884-1-448-1818,1884,18:18:00,18:36:00,[KMB] 天恒邨总站,[CTB] 天水围站 - 屏欣苑,2.71,1884,DATA.GOV.HK pt-headway GTFS
1884-1-448-1828,1884,18:28:00,18:46:00,[KMB] 天恒邨总站,[CTB] 天水围站 - 屏欣苑,2.71,1884,DATA.GOV.HK pt-headway GTFS
1884-1-448-1835,1884,18:35:00,18:53:00,[KMB] 天恒邨总站,[CTB] 天水围站 - 屏欣苑,2.71,1884,DATA.GOV.HK pt-headway GTFS
1884-1-448-1845,1884,18:45:00,19:03:00,[KMB] 天恒邨总站,[CTB] 天水围站 - 屏欣苑,2.71,1884,DATA.GOV.HK pt-headway GTFS
1884-1-448-1852,1884,18:52:00,19:10:00,[KMB] 天恒邨总站,[CTB] 天水围站 - 屏欣苑,2.71,1884,DATA.GOV.HK pt-headway GTFS
1884-1-448-1902,1884,19:02:00,19:20:00,[KMB] 天恒邨总站,[CTB] 天水围站 - 屏欣苑,2.71,1884,DATA.GOV.HK pt-headway GTFS
1884-1-448-1909,1884,19:09:00,19:27:00,[KMB] 天恒邨总站,[CTB] 天水围站 - 屏欣苑,2.71,1884,DATA.GOV.HK pt-headway GTFS
1884-1-448-1919,1884,19:19:00,19:37:00,[KMB] 天恒邨总站,[CTB] 天水围站 - 屏欣苑,2.71,1884,DATA.GOV.HK pt-headway GTFS
1884-1-448-1926,1884,19:26:00,19:44:00,[KMB] 天恒邨总站,[CTB] 天水围站 - 屏欣苑,2.71,1884,DATA.GOV.HK pt-headway GTFS
1884-1-448-1936,1884,19:36:00,19:54:00,[KMB] 天恒邨总站,[CTB] 天水围站 - 屏欣苑,2.71,1884,DATA.GOV.HK pt-headway GTFS
1884-1-448-1943,1884,19:43:00,20:01:00,[KMB] 天恒邨总站,[CTB] 天水围站 - 屏欣苑,2.71,1884,DATA.GOV.HK pt-headway GTFS
1884-1-448-1953,1884,19:53:00,20:11:00,[KMB] 天恒邨总站,[CTB] 天水围站 - 屏欣苑,2.71,1884,DATA.GOV.HK pt-headway GTFS
1884-1-448-2000,1884,20:00:00,20:18:00,[KMB] 天恒邨总站,[CTB] 天水围站 - 屏欣苑,2.71,1884,DATA.GOV.HK pt-headway GTFS
1884-1-448-2010,1884,20:10:00,20:28:00,[KMB] 天恒邨总站,[CTB] 天水围站 - 屏欣苑,2.71,1884,DATA.GOV.HK pt-headway GTFS
1884-1-448-2017,1884,20:17:00,20:35:00,[KMB] 天恒邨总站,[CTB] 天水围站 - 屏欣苑,2.71,1884,DATA.GOV.HK pt-headway GTFS
1884-1-448-2027,1884,20:27:00,20:45:00,[KMB] 天恒邨总站,[CTB] 天水围站 - 屏欣苑,2.71,1884,DATA.GOV.HK pt-headway GTFS
1884-1-448-2034,1884,20:34:00,20:52:00,[KMB] 天恒邨总站,[CTB] 天水围站 - 屏欣苑,2.71,1884,DATA.GOV.HK pt-headway GTFS
1884-1-448-2044,1884,20:44:00,21:02:00,[KMB] 天恒邨总站,[CTB] 天水围站 - 屏欣苑,2.71,1884,DATA.GOV.HK pt-headway GTFS
1884-1-448-2051,1884,20:51:00,21:09:00,[KMB] 天恒邨总站,[CTB] 天水围站 - 屏欣苑,2.71,1884,DATA.GOV.HK pt-headway GTFS
1884-1-448-2101,1884,21:01:00,21:19:00,[KMB] 天恒邨总站,[CTB] 天水围站 - 屏欣苑,2.71,1884,DATA.GOV.HK pt-headway GTFS
1884-1-448-2108,1884,21:08:00,21:26:00,[KMB] 天恒邨总站,[CTB] 天水围站 - 屏欣苑,2.71,1884,DATA.GOV.HK pt-headway GTFS
1884-1-448-2118,1884,21:18:00,21:36:00,[KMB] 天恒邨总站,[CTB] 天水围站 - 屏欣苑,2.71,1884,DATA.GOV.HK pt-headway GTFS
1884-1-448-2125,1884,21:25:00,21:43:00,[KMB] 天恒邨总站,[CTB] 天水围站 - 屏欣苑,2.71,1884,DATA.GOV.HK pt-headway GTFS
1884-1-448-2135,1884,21:35:00,21:53:00,[KMB] 天恒邨总站,[CTB] 天水围站 - 屏欣苑,2.71,1884,DATA.GOV.HK pt-headway GTFS
1884-1-448-2142,1884,21:42:00,22:00:00,[KMB] 天恒邨总站,[CTB] 天水围站 - 屏欣苑,2.71,1884,DATA.GOV.HK pt-headway GTFS
1884-1-448-2152,1884,21:52:00,22:10:00,[KMB] 天恒邨总站,[CTB] 天水围站 - 屏欣苑,2.71,1884,DATA.GOV.HK pt-headway GTFS
1884-1-448-2159,1884,21:59:00,22:17:00,[KMB] 天恒邨总站,[CTB] 天水围站 - 屏欣苑,2.71,1884,DATA.GOV.HK pt-headway GTFS
1884-1-448-2209,1884,22:09:00,22:27:00,[KMB] 天恒邨总站,[CTB] 天水围站 - 屏欣苑,2.71,1884,DATA.GOV.HK pt-headway GTFS
1884-1-448-2216,1884,22:16:00,22:34:00,[KMB] 天恒邨总站,[CTB] 天水围站 - 屏欣苑,2.71,1884,DATA.GOV.HK pt-headway GTFS
1884-1-448-2226,1884,22:26:00,22:44:00,[KMB] 天恒邨总站,[CTB] 天水围站 - 屏欣苑,2.71,1884,DATA.GOV.HK pt-headway GTFS
1884-1-448-2233,1884,22:33:00,22:51:00,[KMB] 天恒邨总站,[CTB] 天水围站 - 屏欣苑,2.71,1884,DATA.GOV.HK pt-headway GTFS
1884-1-448-2243,1884,22:43:00,23:01:00,[KMB] 天恒邨总站,[CTB] 天水围站 - 屏欣苑,2.71,1884,DATA.GOV.HK pt-headway GTFS
1884-2-448-0600,1884,06:00:00,06:18:00,[CTB] 天水围站 - 屏欣苑,[KMB] 天恒邨总站,2.67,1884,DATA.GOV.HK pt-headway GTFS
1884-2-448-0607,1884,06:07:00,06:25:00,[CTB] 天水围站 - 屏欣苑,[KMB] 天恒邨总站,2.67,1884,DATA.GOV.HK pt-headway GTFS
1884-2-448-0617,1884,06:17:00,06:35:00,[CTB] 天水围站 - 屏欣苑,[KMB] 天恒邨总站,2.67,1884,DATA.GOV.HK pt-headway GTFS
1884-2-448-0624,1884,06:24:00,06:42:00,[CTB] 天水围站 - 屏欣苑,[KMB] 天恒邨总站,2.67,1884,DATA.GOV.HK pt-headway GTFS
1884-2-448-0634,1884,06:34:00,06:52:00,[CTB] 天水围站 - 屏欣苑,[KMB] 天恒邨总站,2.67,1884,DATA.GOV.HK pt-headway GTFS
1884-2-448-0641,1884,06:41:00,06:59:00,[CTB] 天水围站 - 屏欣苑,[KMB] 天恒邨总站,2.67,1884,DATA.GOV.HK pt-headway GTFS
1884-2-448-0651,1884,06:51:00,07:09:00,[CTB] 天水围站 - 屏欣苑,[KMB] 天恒邨总站,2.67,1884,DATA.GOV.HK pt-headway GTFS
1884-2-448-0658,1884,06:58:00,07:16:00,[CTB] 天水围站 - 屏欣苑,[KMB] 天恒邨总站,2.67,1884,DATA.GOV.HK pt-headway GTFS
1884-2-448-0708,1884,07:08:00,07:26:00,[CTB] 天水围站 - 屏欣苑,[KMB] 天恒邨总站,2.67,1884,DATA.GOV.HK pt-headway GTFS
1884-2-448-0715,1884,07:15:00,07:33:00,[CTB] 天水围站 - 屏欣苑,[KMB] 天恒邨总站,2.67,1884,DATA.GOV.HK pt-headway GTFS
1884-2-448-0725,1884,07:25:00,07:43:00,[CTB] 天水围站 - 屏欣苑,[KMB] 天恒邨总站,2.67,1884,DATA.GOV.HK pt-headway GTFS
1884-2-448-0732,1884,07:32:00,07:50:00,[CTB] 天水围站 - 屏欣苑,[KMB] 天恒邨总站,2.67,1884,DATA.GOV.HK pt-headway GTFS
1884-2-448-0742,1884,07:42:00,08:00:00,[CTB] 天水围站 - 屏欣苑,[KMB] 天恒邨总站,2.67,1884,DATA.GOV.HK pt-headway GTFS
1884-2-448-0749,1884,07:49:00,08:07:00,[CTB] 天水围站 - 屏欣苑,[KMB] 天恒邨总站,2.67,1884,DATA.GOV.HK pt-headway GTFS
1884-2-448-0759,1884,07:59:00,08:17:00,[CTB] 天水围站 - 屏欣苑,[KMB] 天恒邨总站,2.67,1884,DATA.GOV.HK pt-headway GTFS
1884-2-448-0806,1884,08:06:00,08:24:00,[CTB] 天水围站 - 屏欣苑,[KMB] 天恒邨总站,2.67,1884,DATA.GOV.HK pt-headway GTFS
1884-2-448-0816,1884,08:16:00,08:34:00,[CTB] 天水围站 - 屏欣苑,[KMB] 天恒邨总站,2.67,1884,DATA.GOV.HK pt-headway GTFS
1884-2-448-0823,1884,08:23:00,08:41:00,[CTB] 天水围站 - 屏欣苑,[KMB] 天恒邨总站,2.67,1884,DATA.GOV.HK pt-headway GTFS
1884-2-448-0833,1884,08:33:00,08:51:00,[CTB] 天水围站 - 屏欣苑,[KMB] 天恒邨总站,2.67,1884,DATA.GOV.HK pt-headway GTFS
1884-2-448-0840,1884,08:40:00,08:58:00,[CTB] 天水围站 - 屏欣苑,[KMB] 天恒邨总站,2.67,1884,DATA.GOV.HK pt-headway GTFS
1884-2-448-0850,1884,08:50:00,09:08:00,[CTB] 天水围站 - 屏欣苑,[KMB] 天恒邨总站,2.67,1884,DATA.GOV.HK pt-headway GTFS
1884-2-448-0857,1884,08:57:00,09:15:00,[CTB] 天水围站 - 屏欣苑,[KMB] 天恒邨总站,2.67,1884,DATA.GOV.HK pt-headway GTFS
1884-2-448-0907,1884,09:07:00,09:25:00,[CTB] 天水围站 - 屏欣苑,[KMB] 天恒邨总站,2.67,1884,DATA.GOV.HK pt-headway GTFS
1884-2-448-0914,1884,09:14:00,09:32:00,[CTB] 天水围站 - 屏欣苑,[KMB] 天恒邨总站,2.67,1884,DATA.GOV.HK pt-headway GTFS
1884-2-448-0924,1884,09:24:00,09:42:00,[CTB] 天水围站 - 屏欣苑,[KMB] 天恒邨总站,2.67,1884,DATA.GOV.HK pt-headway GTFS
1884-2-448-0931,1884,09:31:00,09:49:00,[CTB] 天水围站 - 屏欣苑,[KMB] 天恒邨总站,2.67,1884,DATA.GOV.HK pt-headway GTFS
1884-2-448-0941,1884,09:41:00,09:59:00,[CTB] 天水围站 - 屏欣苑,[KMB] 天恒邨总站,2.67,1884,DATA.GOV.HK pt-headway GTFS
1884-2-448-0948,1884,09:48:00,10:06:00,[CTB] 天水围站 - 屏欣苑,[KMB] 天恒邨总站,2.67,1884,DATA.GOV.HK pt-headway GTFS
1884-2-448-0958,1884,09:58:00,10:16:00,[CTB] 天水围站 - 屏欣苑,[KMB] 天恒邨总站,2.67,1884,DATA.GOV.HK pt-headway GTFS
1884-2-448-1005,1884,10:05:00,10:23:00,[CTB] 天水围站 - 屏欣苑,[KMB] 天恒邨总站,2.67,1884,DATA.GOV.HK pt-headway GTFS
1884-2-448-1015,1884,10:15:00,10:33:00,[CTB] 天水围站 - 屏欣苑,[KMB] 天恒邨总站,2.67,1884,DATA.GOV.HK pt-headway GTFS
1884-2-448-1022,1884,10:22:00,10:40:00,[CTB] 天水围站 - 屏欣苑,[KMB] 天恒邨总站,2.67,1884,DATA.GOV.HK pt-headway GTFS
1884-2-448-1032,1884,10:32:00,10:50:00,[CTB] 天水围站 - 屏欣苑,[KMB] 天恒邨总站,2.67,1884,DATA.GOV.HK pt-headway GTFS
1884-2-448-1039,1884,10:39:00,10:57:00,[CTB] 天水围站 - 屏欣苑,[KMB] 天恒邨总站,2.67,1884,DATA.GOV.HK pt-headway GTFS
1884-2-448-1049,1884,10:49:00,11:07:00,[CTB] 天水围站 - 屏欣苑,[KMB] 天恒邨总站,2.67,1884,DATA.GOV.HK pt-headway GTFS
1884-2-448-1056,1884,10:56:00,11:14:00,[CTB] 天水围站 - 屏欣苑,[KMB] 天恒邨总站,2.67,1884,DATA.GOV.HK pt-headway GTFS
1884-2-448-1106,1884,11:06:00,11:24:00,[CTB] 天水围站 - 屏欣苑,[KMB] 天恒邨总站,2.67,1884,DATA.GOV.HK pt-headway GTFS
1884-2-448-1113,1884,11:13:00,11:31:00,[CTB] 天水围站 - 屏欣苑,[KMB] 天恒邨总站,2.67,1884,DATA.GOV.HK pt-headway GTFS
1884-2-448-1123,1884,11:23:00,11:41:00,[CTB] 天水围站 - 屏欣苑,[KMB] 天恒邨总站,2.67,1884,DATA.GOV.HK pt-headway GTFS
1884-2-448-1130,1884,11:30:00,11:48:00,[CTB] 天水围站 - 屏欣苑,[KMB] 天恒邨总站,2.67,1884,DATA.GOV.HK pt-headway GTFS
1884-2-448-1140,1884,11:40:00,11:58:00,[CTB] 天水围站 - 屏欣苑,[KMB] 天恒邨总站,2.67,1884,DATA.GOV.HK pt-headway GTFS
1884-2-448-1147,1884,11:47:00,12:05:00,[CTB] 天水围站 - 屏欣苑,[KMB] 天恒邨总站,2.67,1884,DATA.GOV.HK pt-headway GTFS
1884-2-448-1157,1884,11:57:00,12:15:00,[CTB] 天水围站 - 屏欣苑,[KMB] 天恒邨总站,2.67,1884,DATA.GOV.HK pt-headway GTFS
1884-2-448-1204,1884,12:04:00,12:22:00,[CTB] 天水围站 - 屏欣苑,[KMB] 天恒邨总站,2.67,1884,DATA.GOV.HK pt-headway GTFS
1884-2-448-1214,1884,12:14:00,12:32:00,[CTB] 天水围站 - 屏欣苑,[KMB] 天恒邨总站,2.67,1884,DATA.GOV.HK pt-headway GTFS
1884-2-448-1221,1884,12:21:00,12:39:00,[CTB] 天水围站 - 屏欣苑,[KMB] 天恒邨总站,2.67,1884,DATA.GOV.HK pt-headway GTFS
1884-2-448-1231,1884,12:31:00,12:49:00,[CTB] 天水围站 - 屏欣苑,[KMB] 天恒邨总站,2.67,1884,DATA.GOV.HK pt-headway GTFS
1884-2-448-1238,1884,12:38:00,12:56:00,[CTB] 天水围站 - 屏欣苑,[KMB] 天恒邨总站,2.67,1884,DATA.GOV.HK pt-headway GTFS
1884-2-448-1248,1884,12:48:00,13:06:00,[CTB] 天水围站 - 屏欣苑,[KMB] 天恒邨总站,2.67,1884,DATA.GOV.HK pt-headway GTFS
1884-2-448-1255,1884,12:55:00,13:13:00,[CTB] 天水围站 - 屏欣苑,[KMB] 天恒邨总站,2.67,1884,DATA.GOV.HK pt-headway GTFS
1884-2-448-1305,1884,13:05:00,13:23:00,[CTB] 天水围站 - 屏欣苑,[KMB] 天恒邨总站,2.67,1884,DATA.GOV.HK pt-headway GTFS
1884-2-448-1312,1884,13:12:00,13:30:00,[CTB] 天水围站 - 屏欣苑,[KMB] 天恒邨总站,2.67,1884,DATA.GOV.HK pt-headway GTFS
1884-2-448-1322,1884,13:22:00,13:40:00,[CTB] 天水围站 - 屏欣苑,[KMB] 天恒邨总站,2.67,1884,DATA.GOV.HK pt-headway GTFS
1884-2-448-1329,1884,13:29:00,13:47:00,[CTB] 天水围站 - 屏欣苑,[KMB] 天恒邨总站,2.67,1884,DATA.GOV.HK pt-headway GTFS
1884-2-448-1339,1884,13:39:00,13:57:00,[CTB] 天水围站 - 屏欣苑,[KMB] 天恒邨总站,2.67,1884,DATA.GOV.HK pt-headway GTFS
1884-2-448-1346,1884,13:46:00,14:04:00,[CTB] 天水围站 - 屏欣苑,[KMB] 天恒邨总站,2.67,1884,DATA.GOV.HK pt-headway GTFS
1884-2-448-1356,1884,13:56:00,14:14:00,[CTB] 天水围站 - 屏欣苑,[KMB] 天恒邨总站,2.67,1884,DATA.GOV.HK pt-headway GTFS
1884-2-448-1403,1884,14:03:00,14:21:00,[CTB] 天水围站 - 屏欣苑,[KMB] 天恒邨总站,2.67,1884,DATA.GOV.HK pt-headway GTFS
1884-2-448-1413,1884,14:13:00,14:31:00,[CTB] 天水围站 - 屏欣苑,[KMB] 天恒邨总站,2.67,1884,DATA.GOV.HK pt-headway GTFS
1884-2-448-1420,1884,14:20:00,14:38:00,[CTB] 天水围站 - 屏欣苑,[KMB] 天恒邨总站,2.67,1884,DATA.GOV.HK pt-headway GTFS
1884-2-448-1430,1884,14:30:00,14:48:00,[CTB] 天水围站 - 屏欣苑,[KMB] 天恒邨总站,2.67,1884,DATA.GOV.HK pt-headway GTFS
1884-2-448-1437,1884,14:37:00,14:55:00,[CTB] 天水围站 - 屏欣苑,[KMB] 天恒邨总站,2.67,1884,DATA.GOV.HK pt-headway GTFS
1884-2-448-1447,1884,14:47:00,15:05:00,[CTB] 天水围站 - 屏欣苑,[KMB] 天恒邨总站,2.67,1884,DATA.GOV.HK pt-headway GTFS
1884-2-448-1454,1884,14:54:00,15:12:00,[CTB] 天水围站 - 屏欣苑,[KMB] 天恒邨总站,2.67,1884,DATA.GOV.HK pt-headway GTFS
1884-2-448-1504,1884,15:04:00,15:22:00,[CTB] 天水围站 - 屏欣苑,[KMB] 天恒邨总站,2.67,1884,DATA.GOV.HK pt-headway GTFS
1884-2-448-1511,1884,15:11:00,15:29:00,[CTB] 天水围站 - 屏欣苑,[KMB] 天恒邨总站,2.67,1884,DATA.GOV.HK pt-headway GTFS
1884-2-448-1521,1884,15:21:00,15:39:00,[CTB] 天水围站 - 屏欣苑,[KMB] 天恒邨总站,2.67,1884,DATA.GOV.HK pt-headway GTFS
1884-2-448-1528,1884,15:28:00,15:46:00,[CTB] 天水围站 - 屏欣苑,[KMB] 天恒邨总站,2.67,1884,DATA.GOV.HK pt-headway GTFS
1884-2-448-1538,1884,15:38:00,15:56:00,[CTB] 天水围站 - 屏欣苑,[KMB] 天恒邨总站,2.67,1884,DATA.GOV.HK pt-headway GTFS
1884-2-448-1545,1884,15:45:00,16:03:00,[CTB] 天水围站 - 屏欣苑,[KMB] 天恒邨总站,2.67,1884,DATA.GOV.HK pt-headway GTFS
1884-2-448-1555,1884,15:55:00,16:13:00,[CTB] 天水围站 - 屏欣苑,[KMB] 天恒邨总站,2.67,1884,DATA.GOV.HK pt-headway GTFS
1884-2-448-1602,1884,16:02:00,16:20:00,[CTB] 天水围站 - 屏欣苑,[KMB] 天恒邨总站,2.67,1884,DATA.GOV.HK pt-headway GTFS
1884-2-448-1612,1884,16:12:00,16:30:00,[CTB] 天水围站 - 屏欣苑,[KMB] 天恒邨总站,2.67,1884,DATA.GOV.HK pt-headway GTFS
1884-2-448-1619,1884,16:19:00,16:37:00,[CTB] 天水围站 - 屏欣苑,[KMB] 天恒邨总站,2.67,1884,DATA.GOV.HK pt-headway GTFS
1884-2-448-1629,1884,16:29:00,16:47:00,[CTB] 天水围站 - 屏欣苑,[KMB] 天恒邨总站,2.67,1884,DATA.GOV.HK pt-headway GTFS
1884-2-448-1636,1884,16:36:00,16:54:00,[CTB] 天水围站 - 屏欣苑,[KMB] 天恒邨总站,2.67,1884,DATA.GOV.HK pt-headway GTFS
1884-2-448-1646,1884,16:46:00,17:04:00,[CTB] 天水围站 - 屏欣苑,[KMB] 天恒邨总站,2.67,1884,DATA.GOV.HK pt-headway GTFS
1884-2-448-1653,1884,16:53:00,17:11:00,[CTB] 天水围站 - 屏欣苑,[KMB] 天恒邨总站,2.67,1884,DATA.GOV.HK pt-headway GTFS
1884-2-448-1703,1884,17:03:00,17:21:00,[CTB] 天水围站 - 屏欣苑,[KMB] 天恒邨总站,2.67,1884,DATA.GOV.HK pt-headway GTFS
1884-2-448-1710,1884,17:10:00,17:28:00,[CTB] 天水围站 - 屏欣苑,[KMB] 天恒邨总站,2.67,1884,DATA.GOV.HK pt-headway GTFS
1884-2-448-1720,1884,17:20:00,17:38:00,[CTB] 天水围站 - 屏欣苑,[KMB] 天恒邨总站,2.67,1884,DATA.GOV.HK pt-headway GTFS
1884-2-448-1727,1884,17:27:00,17:45:00,[CTB] 天水围站 - 屏欣苑,[KMB] 天恒邨总站,2.67,1884,DATA.GOV.HK pt-headway GTFS
1884-2-448-1737,1884,17:37:00,17:55:00,[CTB] 天水围站 - 屏欣苑,[KMB] 天恒邨总站,2.67,1884,DATA.GOV.HK pt-headway GTFS
1884-2-448-1744,1884,17:44:00,18:02:00,[CTB] 天水围站 - 屏欣苑,[KMB] 天恒邨总站,2.67,1884,DATA.GOV.HK pt-headway GTFS
1884-2-448-1754,1884,17:54:00,18:12:00,[CTB] 天水围站 - 屏欣苑,[KMB] 天恒邨总站,2.67,1884,DATA.GOV.HK pt-headway GTFS
1884-2-448-1801,1884,18:01:00,18:19:00,[CTB] 天水围站 - 屏欣苑,[KMB] 天恒邨总站,2.67,1884,DATA.GOV.HK pt-headway GTFS
1884-2-448-1811,1884,18:11:00,18:29:00,[CTB] 天水围站 - 屏欣苑,[KMB] 天恒邨总站,2.67,1884,DATA.GOV.HK pt-headway GTFS
1884-2-448-1818,1884,18:18:00,18:36:00,[CTB] 天水围站 - 屏欣苑,[KMB] 天恒邨总站,2.67,1884,DATA.GOV.HK pt-headway GTFS
1884-2-448-1828,1884,18:28:00,18:46:00,[CTB] 天水围站 - 屏欣苑,[KMB] 天恒邨总站,2.67,1884,DATA.GOV.HK pt-headway GTFS
1884-2-448-1835,1884,18:35:00,18:53:00,[CTB] 天水围站 - 屏欣苑,[KMB] 天恒邨总站,2.67,1884,DATA.GOV.HK pt-headway GTFS
1884-2-448-1845,1884,18:45:00,19:03:00,[CTB] 天水围站 - 屏欣苑,[KMB] 天恒邨总站,2.67,1884,DATA.GOV.HK pt-headway GTFS
1884-2-448-1852,1884,18:52:00,19:10:00,[CTB] 天水围站 - 屏欣苑,[KMB] 天恒邨总站,2.67,1884,DATA.GOV.HK pt-headway GTFS
1884-2-448-1902,1884,19:02:00,19:20:00,[CTB] 天水围站 - 屏欣苑,[KMB] 天恒邨总站,2.67,1884,DATA.GOV.HK pt-headway GTFS
1884-2-448-1909,1884,19:09:00,19:27:00,[CTB] 天水围站 - 屏欣苑,[KMB] 天恒邨总站,2.67,1884,DATA.GOV.HK pt-headway GTFS
1884-2-448-1919,1884,19:19:00,19:37:00,[CTB] 天水围站 - 屏欣苑,[KMB] 天恒邨总站,2.67,1884,DATA.GOV.HK pt-headway GTFS
1884-2-448-1926,1884,19:26:00,19:44:00,[CTB] 天水围站 - 屏欣苑,[KMB] 天恒邨总站,2.67,1884,DATA.GOV.HK pt-headway GTFS
1884-2-448-1936,1884,19:36:00,19:54:00,[CTB] 天水围站 - 屏欣苑,[KMB] 天恒邨总站,2.67,1884,DATA.GOV.HK pt-headway GTFS
1884-2-448-1943,1884,19:43:00,20:01:00,[CTB] 天水围站 - 屏欣苑,[KMB] 天恒邨总站,2.67,1884,DATA.GOV.HK pt-headway GTFS
1884-2-448-1953,1884,19:53:00,20:11:00,[CTB] 天水围站 - 屏欣苑,[KMB] 天恒邨总站,2.67,1884,DATA.GOV.HK pt-headway GTFS
1884-2-448-2000,1884,20:00:00,20:18:00,[CTB] 天水围站 - 屏欣苑,[KMB] 天恒邨总站,2.67,1884,DATA.GOV.HK pt-headway GTFS
1884-2-448-2010,1884,20:10:00,20:28:00,[CTB] 天水围站 - 屏欣苑,[KMB] 天恒邨总站,2.67,1884,DATA.GOV.HK pt-headway GTFS
1884-2-448-2017,1884,20:17:00,20:35:00,[CTB] 天水围站 - 屏欣苑,[KMB] 天恒邨总站,2.67,1884,DATA.GOV.HK pt-headway GTFS
1884-2-448-2027,1884,20:27:00,20:45:00,[CTB] 天水围站 - 屏欣苑,[KMB] 天恒邨总站,2.67,1884,DATA.GOV.HK pt-headway GTFS
1884-2-448-2034,1884,20:34:00,20:52:00,[CTB] 天水围站 - 屏欣苑,[KMB] 天恒邨总站,2.67,1884,DATA.GOV.HK pt-headway GTFS
1884-2-448-2044,1884,20:44:00,21:02:00,[CTB] 天水围站 - 屏欣苑,[KMB] 天恒邨总站,2.67,1884,DATA.GOV.HK pt-headway GTFS
1884-2-448-2051,1884,20:51:00,21:09:00,[CTB] 天水围站 - 屏欣苑,[KMB] 天恒邨总站,2.67,1884,DATA.GOV.HK pt-headway GTFS
1884-2-448-2101,1884,21:01:00,21:19:00,[CTB] 天水围站 - 屏欣苑,[KMB] 天恒邨总站,2.67,1884,DATA.GOV.HK pt-headway GTFS
1884-2-448-2108,1884,21:08:00,21:26:00,[CTB] 天水围站 - 屏欣苑,[KMB] 天恒邨总站,2.67,1884,DATA.GOV.HK pt-headway GTFS
1884-2-448-2118,1884,21:18:00,21:36:00,[CTB] 天水围站 - 屏欣苑,[KMB] 天恒邨总站,2.67,1884,DATA.GOV.HK pt-headway GTFS
1884-2-448-2125,1884,21:25:00,21:43:00,[CTB] 天水围站 - 屏欣苑,[KMB] 天恒邨总站,2.67,1884,DATA.GOV.HK pt-headway GTFS
1884-2-448-2135,1884,21:35:00,21:53:00,[CTB] 天水围站 - 屏欣苑,[KMB] 天恒邨总站,2.67,1884,DATA.GOV.HK pt-headway GTFS
1884-2-448-2142,1884,21:42:00,22:00:00,[CTB] 天水围站 - 屏欣苑,[KMB] 天恒邨总站,2.67,1884,DATA.GOV.HK pt-headway GTFS
1884-2-448-2152,1884,21:52:00,22:10:00,[CTB] 天水围站 - 屏欣苑,[KMB] 天恒邨总站,2.67,1884,DATA.GOV.HK pt-headway GTFS
1884-2-448-2159,1884,21:59:00,22:17:00,[CTB] 天水围站 - 屏欣苑,[KMB] 天恒邨总站,2.67,1884,DATA.GOV.HK pt-headway GTFS
1884-2-448-2209,1884,22:09:00,22:27:00,[CTB] 天水围站 - 屏欣苑,[KMB] 天恒邨总站,2.67,1884,DATA.GOV.HK pt-headway GTFS
1884-2-448-2216,1884,22:16:00,22:34:00,[CTB] 天水围站 - 屏欣苑,[KMB] 天恒邨总站,2.67,1884,DATA.GOV.HK pt-headway GTFS
1884-2-448-2226,1884,22:26:00,22:44:00,[CTB] 天水围站 - 屏欣苑,[KMB] 天恒邨总站,2.67,1884,DATA.GOV.HK pt-headway GTFS
1884-2-448-2233,1884,22:33:00,22:51:00,[CTB] 天水围站 - 屏欣苑,[KMB] 天恒邨总站,2.67,1884,DATA.GOV.HK pt-headway GTFS
1884-2-448-2243,1884,22:43:00,23:01:00,[CTB] 天水围站 - 屏欣苑,[KMB] 天恒邨总站,2.67,1884,DATA.GOV.HK pt-headway GTFS
1884-2-448-2250,1884,22:50:00,23:08:00,[CTB] 天水围站 - 屏欣苑,[KMB] 天恒邨总站,2.67,1884,DATA.GOV.HK pt-headway GTFS
1884-2-448-2300,1884,23:00:00,23:18:00,[CTB] 天水围站 - 屏欣苑,[KMB] 天恒邨总站,2.67,1884,DATA.GOV.HK pt-headway GTFS
