bus_id,battery_capacity,initial_soc,max_soc,min_soc,assigned_route,source
FULLBUS00001,300,0.85,0.9,0.2,1862,Full e-bus coverage scenario; route assignment weighted by selected GTFS trip frequency
FULLBUS00002,300,0.765,0.9,0.2,1862,Full e-bus coverage scenario; route assignment weighted by selected GTFS trip frequency
FULLBUS00003,300,0.806,0.9,0.2,1862,Full e-bus coverage scenario; route assignment weighted by selected GTFS trip frequency
FULLBUS00004,300,0.793,0.9,0.2,1862,Full e-bus coverage scenario; route assignment weighted by selected GTFS trip frequency
FULLBUS00005,300,0.822,0.9,0.2,1862,Full e-bus coverage scenario; route assignment weighted by selected GTFS trip frequency
FULLBUS00006,300,0.835,0.9,0.2,1862,Full e-bus coverage scenario; route assignment weighted by selected GTFS trip frequency
FULLBUS00007,300,0.812,0.9,0.2,1862,Full e-bus coverage scenario; route assignment weighted by selected GTFS trip frequency
FULLBUS00008,300,0.84,0.9,0.2,1862,Full e-bus coverage scenario; route assignment weighted by selected GTFS trip frequency
FULLBUS00009,300,0.793,0.9,0.2,1862,Full e-bus coverage scenario; route assignment weighted by selected GTFS trip frequency
FULLBUS00010,300,0.863,0.9,0.2,1862,Full e-bus coverage scenario; route assignment weighted by selected GTFS trip frequency
FULLBUS00011,300,0.758,0.9,0.2,1862,Full e-bus coverage scenario; route assignment weighted by selected GTFS trip frequency
FULLBUS00012,300,0.734,0.9,0.2,1862,Full e-bus coverage scenario; route assignment weighted by selected GTFS trip frequency
FULLBUS00013,300,0.75,0.9,0.2,1862,Full e-bus coverage scenario; route assignment weighted by selected GTFS trip frequency
FULLBUS00014,300,0.811,0.9,0.2,1862,Full e-bus coverage scenario; route assignment weighted by selected GTFS trip frequency
FULLBUS00015,300,0.812,0.9,0.2,1862,Full e-bus coverage scenario; route assignment weighted by selected GTFS trip frequency
FULLBUS00016,300,0.853,0.9,0.2,1862,Full e-bus coverage scenario; route assignment weighted by selected GTFS trip frequency
FULLBUS00017,300,0.74,0.9,0.2,1862,Full e-bus coverage scenario; route assignment weighted by selected GTFS trip frequency
FULLBUS00018,300,0.757,0.9,0.2,1862,Full e-bus coverage scenario; route assignment weighted by selected GTFS trip frequency
FULLBUS00019,300,0.871,0.9,0.2,1862,Full e-bus coverage scenario; route assignment weighted by selected GTFS trip frequency
FULLBUS00020,300,0.767,0.9,0.2,1862,Full e-bus coverage scenario; route assignment weighted by selected GTFS trip frequency
FULLBUS00021,300,0.742,0.9,0.2,1862,Full e-bus coverage scenario; route assignment weighted by selected GTFS trip frequency
FULLBUS00022,300,0.721,0.9,0.2,1862,Full e-bus coverage scenario; route assignment weighted by selected GTFS trip frequency
FULLBUS00023,300,0.735,0.9,0.2,1862,Full e-bus coverage scenario; route assignment weighted by selected GTFS trip frequency
FULLBUS00024,300,0.746,0.9,0.2,1862,Full e-bus coverage scenario; route assignment weighted by selected GTFS trip frequency
FULLBUS00025,300,0.744,0.9,0.2,1862,Full e-bus coverage scenario; route assignment weighted by selected GTFS trip frequency
FULLBUS00026,300,0.743,0.9,0.2,1862,Full e-bus coverage scenario; route assignment weighted by selected GTFS trip frequency
FULLBUS00027,300,0.846,0.9,0.2,1862,Full e-bus coverage scenario; route assignment weighted by selected GTFS trip frequency
FULLBUS00028,300,0.737,0.9,0.2,1862,Full e-bus coverage scenario; route assignment weighted by selected GTFS trip frequency
FULLBUS00029,300,0.754,0.9,0.2,1862,Full e-bus coverage scenario; route assignment weighted by selected GTFS trip frequency
FULLBUS00030,300,0.723,0.9,0.2,1862,Full e-bus coverage scenario; route assignment weighted by selected GTFS trip frequency
FULLBUS00031,300,0.751,0.9,0.2,1862,Full e-bus coverage scenario; route assignment weighted by selected GTFS trip frequency
FULLBUS00032,300,0.877,0.9,0.2,1862,Full e-bus coverage scenario; route assignment weighted by selected GTFS trip frequency
FULLBUS00033,300,0.854,0.9,0.2,1862,Full e-bus coverage scenario; route assignment weighted by selected GTFS trip frequency
FULLBUS00034,300,0.8,0.9,0.2,1862,Full e-bus coverage scenario; route assignment weighted by selected GTFS trip frequency
FULLBUS00035,300,0.85,0.9,0.2,1862,Full e-bus coverage scenario; route assignment weighted by selected GTFS trip frequency
FULLBUS00036,300,0.82,0.9,0.2,1862,Full e-bus coverage scenario; route assignment weighted by selected GTFS trip frequency
FULLBUS00037,300,0.845,0.9,0.2,1862,Full e-bus coverage scenario; route assignment weighted by selected GTFS trip frequency
FULLBUS00038,300,0.735,0.9,0.2,1862,Full e-bus coverage scenario; route assignment weighted by selected GTFS trip frequency
FULLBUS00039,300,0.813,0.9,0.2,1862,Full e-bus coverage scenario; route assignment weighted by selected GTFS trip frequency
FULLBUS00040,300,0.764,0.9,0.2,1862,Full e-bus coverage scenario; route assignment weighted by selected GTFS trip frequency
FULLBUS00041,300,0.842,0.9,0.2,1862,Full e-bus coverage scenario; route assignment weighted by selected GTFS trip frequency
FULLBUS00042,300,0.798,0.9,0.2,1862,Full e-bus coverage scenario; route assignment weighted by selected GTFS trip frequency
FULLBUS00043,300,0.742,0.9,0.2,1884,Full e-bus coverage scenario; route assignment weighted by selected GTFS trip frequency
FULLBUS00044,300,0.739,0.9,0.2,1884,Full e-bus coverage scenario; route assignment weighted by selected GTFS trip frequency
FULLBUS00045,300,0.831,0.9,0.2,1884,Full e-bus coverage scenario; route assignment weighted by selected GTFS trip frequency
FULLBUS00046,300,0.804,0.9,0.2,1884,Full e-bus coverage scenario; route assignment weighted by selected GTFS trip frequency
FULLBUS00047,300,0.871,0.9,0.2,1884,Full e-bus coverage scenario; route assignment weighted by selected GTFS trip frequency
FULLBUS00048,300,0.817,0.9,0.2,1884,Full e-bus coverage scenario; route assignment weighted by selected GTFS trip frequency
FULLBUS00049,300,0.733,0.9,0.2,1884,Full e-bus coverage scenario; route assignment weighted by selected GTFS trip frequency
FULLBUS00050,300,0.791,0.9,0.2,1884,Full e-bus coverage scenario; route assignment weighted by selected GTFS trip frequency
FULLBUS00051,300,0.743,0.9,0.2,1884,Full e-bus coverage scenario; route assignment weighted by selected GTFS trip frequency
FULLBUS00052,300,0.735,0.9,0.2,1884,Full e-bus coverage scenario; route assignment weighted by selected GTFS trip frequency
FULLBUS00053,300,0.85,0.9,0.2,1884,Full e-bus coverage scenario; route assignment weighted by selected GTFS trip frequency
FULLBUS00054,300,0.726,0.9,0.2,1884,Full e-bus coverage scenario; route assignment weighted by selected GTFS trip frequency
FULLBUS00055,300,0.775,0.9,0.2,1884,Full e-bus coverage scenario; route assignment weighted by selected GTFS trip frequency
FULLBUS00056,300,0.78,0.9,0.2,1884,Full e-bus coverage scenario; route assignment weighted by selected GTFS trip frequency
FULLBUS00057,300,0.81,0.9,0.2,1884,Full e-bus coverage scenario; route assignment weighted by selected GTFS trip frequency
FULLBUS00058,300,0.834,0.9,0.2,1884,Full e-bus coverage scenario; route assignment weighted by selected GTFS trip frequency
FULLBUS00059,300,0.813,0.9,0.2,1884,Full e-bus coverage scenario; route assignment weighted by selected GTFS trip frequency
FULLBUS00060,300,0.754,0.9,0.2,1884,Full e-bus coverage scenario; route assignment weighted by selected GTFS trip frequency
FULLBUS00061,300,0.879,0.9,0.2,1884,Full e-bus coverage scenario; route assignment weighted by selected GTFS trip frequency
FULLBUS00062,300,0.723,0.9,0.2,1884,Full e-bus coverage scenario; route assignment weighted by selected GTFS trip frequency
FULLBUS00063,300,0.796,0.9,0.2,1884,Full e-bus coverage scenario; route assignment weighted by selected GTFS trip frequency
FULLBUS00064,300,0.789,0.9,0.2,1884,Full e-bus coverage scenario; route assignment weighted by selected GTFS trip frequency
FULLBUS00065,300,0.786,0.9,0.2,1884,Full e-bus coverage scenario; route assignment weighted by selected GTFS trip frequency
FULLBUS00066,300,0.868,0.9,0.2,1884,Full e-bus coverage scenario; route assignment weighted by selected GTFS trip frequency
FULLBUS00067,300,0.799,0.9,0.2,1884,Full e-bus coverage scenario; route assignment weighted by selected GTFS trip frequency
FULLBUS00068,300,0.759,0.9,0.2,1884,Full e-bus coverage scenario; route assignment weighted by selected GTFS trip frequency
FULLBUS00069,300,0.865,0.9,0.2,1884,Full e-bus coverage scenario; route assignment weighted by selected GTFS trip frequency
FULLBUS00070,300,0.72,0.9,0.2,1884,Full e-bus coverage scenario; route assignment weighted by selected GTFS trip frequency
FULLBUS00071,300,0.836,0.9,0.2,1884,Full e-bus coverage scenario; route assignment weighted by selected GTFS trip frequency
FULLBUS00072,300,0.76,0.9,0.2,1884,Full e-bus coverage scenario; route assignment weighted by selected GTFS trip frequency
FULLBUS00073,300,0.741,0.9,0.2,1884,Full e-bus coverage scenario; route assignment weighted by selected GTFS trip frequency
FULLBUS00074,300,0.788,0.9,0.2,1884,Full e-bus coverage scenario; route assignment weighted by selected GTFS trip frequency
FULLBUS00075,300,0.843,0.9,0.2,1884,Full e-bus coverage scenario; route assignment weighted by selected GTFS trip frequency
FULLBUS00076,300,0.791,0.9,0.2,1884,Full e-bus coverage scenario; route assignment weighted by selected GTFS trip frequency
FULLBUS00077,300,0.745,0.9,0.2,1884,Full e-bus coverage scenario; route assignment weighted by selected GTFS trip frequency
FULLBUS00078,300,0.85,0.9,0.2,1884,Full e-bus coverage scenario; route assignment weighted by selected GTFS trip frequency
FULLBUS00079,300,0.813,0.9,0.2,1884,Full e-bus coverage scenario; route assignment weighted by selected GTFS trip frequency
FULLBUS00080,300,0.809,0.9,0.2,1884,Full e-bus coverage scenario; route assignment weighted by selected GTFS trip frequency
FULLBUS00081,300,0.862,0.9,0.2,1879,Full e-bus coverage scenario; route assignment weighted by selected GTFS trip frequency
FULLBUS00082,300,0.772,0.9,0.2,1879,Full e-bus coverage scenario; route assignment weighted by selected GTFS trip frequency
FULLBUS00083,300,0.863,0.9,0.2,1879,Full e-bus coverage scenario; route assignment weighted by selected GTFS trip frequency
FULLBUS00084,300,0.783,0.9,0.2,1879,Full e-bus coverage scenario; route assignment weighted by selected GTFS trip frequency
FULLBUS00085,300,0.843,0.9,0.2,1879,Full e-bus coverage scenario; route assignment weighted by selected GTFS trip frequency
FULLBUS00086,300,0.814,0.9,0.2,1879,Full e-bus coverage scenario; route assignment weighted by selected GTFS trip frequency
FULLBUS00087,300,0.758,0.9,0.2,1879,Full e-bus coverage scenario; route assignment weighted by selected GTFS trip frequency
FULLBUS00088,300,0.752,0.9,0.2,1879,Full e-bus coverage scenario; route assignment weighted by selected GTFS trip frequency
FULLBUS00089,300,0.776,0.9,0.2,1879,Full e-bus coverage scenario; route assignment weighted by selected GTFS trip frequency
FULLBUS00090,300,0.743,0.9,0.2,1879,Full e-bus coverage scenario; route assignment weighted by selected GTFS trip frequency
FULLBUS00091,300,0.864,0.9,0.2,1879,Full e-bus coverage scenario; route assignment weighted by selected GTFS trip frequency
FULLBUS00092,300,0.742,0.9,0.2,1879,Full e-bus coverage scenario; route assignment weighted by selected GTFS trip frequency
FULLBUS00093,300,0.75,0.9,0.2,1879,Full e-bus coverage scenario; route assignment weighted by selected GTFS trip frequency
FULLBUS00094,300,0.858,0.9,0.2,1879,Full e-bus coverage scenario; route assignment weighted by selected GTFS trip frequency
FULLBUS00095,300,0.867,0.9,0.2,1879,Full e-bus coverage scenario; route assignment weighted by selected GTFS trip frequency
FULLBUS00096,300,0.834,0.9,0.2,1879,Full e-bus coverage scenario; route assignment weighted by selected GTFS trip frequency
FULLBUS00097,300,0.847,0.9,0.2,1879,Full e-bus coverage scenario; route assignment weighted by selected GTFS trip frequency
FULLBUS00098,300,0.724,0.9,0.2,1879,Full e-bus coverage scenario; route assignment weighted by selected GTFS trip frequency
FULLBUS00099,300,0.789,0.9,0.2,1879,Full e-bus coverage scenario; route assignment weighted by selected GTFS trip frequency
FULLBUS00100,300,0.861,0.9,0.2,1879,Full e-bus coverage scenario; route assignment weighted by selected GTFS trip frequency
FULLBUS00101,300,0.744,0.9,0.2,1879,Full e-bus coverage scenario; route assignment weighted by selected GTFS trip frequency
FULLBUS00102,300,0.768,0.9,0.2,1879,Full e-bus coverage scenario; route assignment weighted by selected GTFS trip frequency
FULLBUS00103,300,0.847,0.9,0.2,1879,Full e-bus coverage scenario; route assignment weighted by selected GTFS trip frequency
FULLBUS00104,300,0.803,0.9,0.2,1879,Full e-bus coverage scenario; route assignment weighted by selected GTFS trip frequency
FULLBUS00105,300,0.812,0.9,0.2,1879,Full e-bus coverage scenario; route assignment weighted by selected GTFS trip frequency
FULLBUS00106,300,0.818,0.9,0.2,1879,Full e-bus coverage scenario; route assignment weighted by selected GTFS trip frequency
FULLBUS00107,300,0.805,0.9,0.2,1879,Full e-bus coverage scenario; route assignment weighted by selected GTFS trip frequency
FULLBUS00108,300,0.764,0.9,0.2,1879,Full e-bus coverage scenario; route assignment weighted by selected GTFS trip frequency
FULLBUS00109,300,0.778,0.9,0.2,1879,Full e-bus coverage scenario; route assignment weighted by selected GTFS trip frequency
FULLBUS00110,300,0.867,0.9,0.2,1879,Full e-bus coverage scenario; route assignment weighted by selected GTFS trip frequency
FULLBUS00111,300,0.73,0.9,0.2,1879,Full e-bus coverage scenario; route assignment weighted by selected GTFS trip frequency
FULLBUS00112,300,0.727,0.9,0.2,1879,Full e-bus coverage scenario; route assignment weighted by selected GTFS trip frequency
FULLBUS00113,300,0.81,0.9,0.2,1879,Full e-bus coverage scenario; route assignment weighted by selected GTFS trip frequency
FULLBUS00114,300,0.82,0.9,0.2,1879,Full e-bus coverage scenario; route assignment weighted by selected GTFS trip frequency
FULLBUS00115,300,0.874,0.9,0.2,1879,Full e-bus coverage scenario; route assignment weighted by selected GTFS trip frequency
FULLBUS00116,300,0.86,0.9,0.2,1879,Full e-bus coverage scenario; route assignment weighted by selected GTFS trip frequency
FULLBUS00117,300,0.753,0.9,0.2,1879,Full e-bus coverage scenario; route assignment weighted by selected GTFS trip frequency
FULLBUS00118,300,0.828,0.9,0.2,1879,Full e-bus coverage scenario; route assignment weighted by selected GTFS trip frequency
FULLBUS00119,300,0.806,0.9,0.2,2008629,Full e-bus coverage scenario; route assignment weighted by selected GTFS trip frequency
FULLBUS00120,300,0.852,0.9,0.2,2008629,Full e-bus coverage scenario; route assignment weighted by selected GTFS trip frequency
FULLBUS00121,300,0.801,0.9,0.2,2008629,Full e-bus coverage scenario; route assignment weighted by selected GTFS trip frequency
FULLBUS00122,300,0.812,0.9,0.2,2008629,Full e-bus coverage scenario; route assignment weighted by selected GTFS trip frequency
FULLBUS00123,300,0.821,0.9,0.2,2008629,Full e-bus coverage scenario; route assignment weighted by selected GTFS trip frequency
FULLBUS00124,300,0.83,0.9,0.2,2008629,Full e-bus coverage scenario; route assignment weighted by selected GTFS trip frequency
FULLBUS00125,300,0.834,0.9,0.2,2008629,Full e-bus coverage scenario; route assignment weighted by selected GTFS trip frequency
FULLBUS00126,300,0.824,0.9,0.2,2008629,Full e-bus coverage scenario; route assignment weighted by selected GTFS trip frequency
FULLBUS00127,300,0.854,0.9,0.2,2008629,Full e-bus coverage scenario; route assignment weighted by selected GTFS trip frequency
FULLBUS00128,300,0.839,0.9,0.2,2008629,Full e-bus coverage scenario; route assignment weighted by selected GTFS trip frequency
FULLBUS00129,300,0.786,0.9,0.2,2008629,Full e-bus coverage scenario; route assignment weighted by selected GTFS trip frequency
FULLBUS00130,300,0.811,0.9,0.2,2008629,Full e-bus coverage scenario; route assignment weighted by selected GTFS trip frequency
FULLBUS00131,300,0.755,0.9,0.2,2008629,Full e-bus coverage scenario; route assignment weighted by selected GTFS trip frequency
FULLBUS00132,300,0.85,0.9,0.2,2008629,Full e-bus coverage scenario; route assignment weighted by selected GTFS trip frequency
FULLBUS00133,300,0.854,0.9,0.2,2008629,Full e-bus coverage scenario; route assignment weighted by selected GTFS trip frequency
FULLBUS00134,300,0.79,0.9,0.2,2008629,Full e-bus coverage scenario; route assignment weighted by selected GTFS trip frequency
FULLBUS00135,300,0.869,0.9,0.2,2008629,Full e-bus coverage scenario; route assignment weighted by selected GTFS trip frequency
FULLBUS00136,300,0.878,0.9,0.2,2008629,Full e-bus coverage scenario; route assignment weighted by selected GTFS trip frequency
FULLBUS00137,300,0.841,0.9,0.2,2008629,Full e-bus coverage scenario; route assignment weighted by selected GTFS trip frequency
FULLBUS00138,300,0.762,0.9,0.2,2008629,Full e-bus coverage scenario; route assignment weighted by selected GTFS trip frequency
FULLBUS00139,300,0.73,0.9,0.2,2008629,Full e-bus coverage scenario; route assignment weighted by selected GTFS trip frequency
FULLBUS00140,300,0.825,0.9,0.2,2008629,Full e-bus coverage scenario; route assignment weighted by selected GTFS trip frequency
FULLBUS00141,300,0.722,0.9,0.2,2008629,Full e-bus coverage scenario; route assignment weighted by selected GTFS trip frequency
FULLBUS00142,300,0.836,0.9,0.2,2008629,Full e-bus coverage scenario; route assignment weighted by selected GTFS trip frequency
FULLBUS00143,300,0.818,0.9,0.2,2008629,Full e-bus coverage scenario; route assignment weighted by selected GTFS trip frequency
FULLBUS00144,300,0.83,0.9,0.2,2008629,Full e-bus coverage scenario; route assignment weighted by selected GTFS trip frequency
FULLBUS00145,300,0.805,0.9,0.2,2008629,Full e-bus coverage scenario; route assignment weighted by selected GTFS trip frequency
FULLBUS00146,300,0.729,0.9,0.2,2008629,Full e-bus coverage scenario; route assignment weighted by selected GTFS trip frequency
FULLBUS00147,300,0.725,0.9,0.2,2008629,Full e-bus coverage scenario; route assignment weighted by selected GTFS trip frequency
FULLBUS00148,300,0.788,0.9,0.2,2008629,Full e-bus coverage scenario; route assignment weighted by selected GTFS trip frequency
FULLBUS00149,300,0.861,0.9,0.2,2008629,Full e-bus coverage scenario; route assignment weighted by selected GTFS trip frequency
FULLBUS00150,300,0.832,0.9,0.2,2008629,Full e-bus coverage scenario; route assignment weighted by selected GTFS trip frequency
FULLBUS00151,300,0.788,0.9,0.2,2008629,Full e-bus coverage scenario; route assignment weighted by selected GTFS trip frequency
FULLBUS00152,300,0.732,0.9,0.2,2008629,Full e-bus coverage scenario; route assignment weighted by selected GTFS trip frequency
FULLBUS00153,300,0.796,0.9,0.2,2008629,Full e-bus coverage scenario; route assignment weighted by selected GTFS trip frequency
FULLBUS00154,300,0.725,0.9,0.2,2008629,Full e-bus coverage scenario; route assignment weighted by selected GTFS trip frequency
FULLBUS00155,300,0.749,0.9,0.2,2000511,Full e-bus coverage scenario; route assignment weighted by selected GTFS trip frequency
FULLBUS00156,300,0.795,0.9,0.2,2000511,Full e-bus coverage scenario; route assignment weighted by selected GTFS trip frequency
FULLBUS00157,300,0.727,0.9,0.2,2000511,Full e-bus coverage scenario; route assignment weighted by selected GTFS trip frequency
FULLBUS00158,300,0.814,0.9,0.2,2000511,Full e-bus coverage scenario; route assignment weighted by selected GTFS trip frequency
FULLBUS00159,300,0.728,0.9,0.2,2000511,Full e-bus coverage scenario; route assignment weighted by selected GTFS trip frequency
FULLBUS00160,300,0.877,0.9,0.2,2000511,Full e-bus coverage scenario; route assignment weighted by selected GTFS trip frequency
FULLBUS00161,300,0.877,0.9,0.2,2000511,Full e-bus coverage scenario; route assignment weighted by selected GTFS trip frequency
FULLBUS00162,300,0.859,0.9,0.2,2000511,Full e-bus coverage scenario; route assignment weighted by selected GTFS trip frequency
FULLBUS00163,300,0.721,0.9,0.2,2000511,Full e-bus coverage scenario; route assignment weighted by selected GTFS trip frequency
FULLBUS00164,300,0.762,0.9,0.2,2000511,Full e-bus coverage scenario; route assignment weighted by selected GTFS trip frequency
FULLBUS00165,300,0.747,0.9,0.2,2000511,Full e-bus coverage scenario; route assignment weighted by selected GTFS trip frequency
FULLBUS00166,300,0.731,0.9,0.2,2000511,Full e-bus coverage scenario; route assignment weighted by selected GTFS trip frequency
FULLBUS00167,300,0.817,0.9,0.2,2000511,Full e-bus coverage scenario; route assignment weighted by selected GTFS trip frequency
FULLBUS00168,300,0.872,0.9,0.2,2000511,Full e-bus coverage scenario; route assignment weighted by selected GTFS trip frequency
FULLBUS00169,300,0.77,0.9,0.2,2000511,Full e-bus coverage scenario; route assignment weighted by selected GTFS trip frequency
FULLBUS00170,300,0.82,0.9,0.2,2000511,Full e-bus coverage scenario; route assignment weighted by selected GTFS trip frequency
FULLBUS00171,300,0.813,0.9,0.2,2000511,Full e-bus coverage scenario; route assignment weighted by selected GTFS trip frequency
FULLBUS00172,300,0.863,0.9,0.2,2000511,Full e-bus coverage scenario; route assignment weighted by selected GTFS trip frequency
FULLBUS00173,300,0.856,0.9,0.2,2000511,Full e-bus coverage scenario; route assignment weighted by selected GTFS trip frequency
FULLBUS00174,300,0.816,0.9,0.2,2000511,Full e-bus coverage scenario; route assignment weighted by selected GTFS trip frequency
FULLBUS00175,300,0.72,0.9,0.2,2000511,Full e-bus coverage scenario; route assignment weighted by selected GTFS trip frequency
FULLBUS00176,300,0.729,0.9,0.2,2000511,Full e-bus coverage scenario; route assignment weighted by selected GTFS trip frequency
FULLBUS00177,300,0.835,0.9,0.2,2000511,Full e-bus coverage scenario; route assignment weighted by selected GTFS trip frequency
FULLBUS00178,300,0.732,0.9,0.2,2000511,Full e-bus coverage scenario; route assignment weighted by selected GTFS trip frequency
FULLBUS00179,300,0.806,0.9,0.2,2000511,Full e-bus coverage scenario; route assignment weighted by selected GTFS trip frequency
FULLBUS00180,300,0.86,0.9,0.2,2000511,Full e-bus coverage scenario; route assignment weighted by selected GTFS trip frequency
FULLBUS00181,300,0.789,0.9,0.2,2000511,Full e-bus coverage scenario; route assignment weighted by selected GTFS trip frequency
FULLBUS00182,300,0.796,0.9,0.2,2000511,Full e-bus coverage scenario; route assignment weighted by selected GTFS trip frequency
FULLBUS00183,300,0.819,0.9,0.2,2000511,Full e-bus coverage scenario; route assignment weighted by selected GTFS trip frequency
FULLBUS00184,300,0.821,0.9,0.2,2000511,Full e-bus coverage scenario; route assignment weighted by selected GTFS trip frequency
FULLBUS00185,300,0.857,0.9,0.2,2000511,Full e-bus coverage scenario; route assignment weighted by selected GTFS trip frequency
FULLBUS00186,300,0.735,0.9,0.2,2000511,Full e-bus coverage scenario; route assignment weighted by selected GTFS trip frequency
FULLBUS00187,300,0.841,0.9,0.2,2000511,Full e-bus coverage scenario; route assignment weighted by selected GTFS trip frequency
FULLBUS00188,300,0.807,0.9,0.2,2000511,Full e-bus coverage scenario; route assignment weighted by selected GTFS trip frequency
FULLBUS00189,300,0.76,0.9,0.2,2003801,Full e-bus coverage scenario; route assignment weighted by selected GTFS trip frequency
FULLBUS00190,300,0.738,0.9,0.2,2003801,Full e-bus coverage scenario; route assignment weighted by selected GTFS trip frequency
FULLBUS00191,300,0.763,0.9,0.2,2003801,Full e-bus coverage scenario; route assignment weighted by selected GTFS trip frequency
FULLBUS00192,300,0.729,0.9,0.2,2003801,Full e-bus coverage scenario; route assignment weighted by selected GTFS trip frequency
FULLBUS00193,300,0.84,0.9,0.2,2003801,Full e-bus coverage scenario; route assignment weighted by selected GTFS trip frequency
FULLBUS00194,300,0.861,0.9,0.2,2003801,Full e-bus coverage scenario; route assignment weighted by selected GTFS trip frequency
FULLBUS00195,300,0.879,0.9,0.2,2003801,Full e-bus coverage scenario; route assignment weighted by selected GTFS trip frequency
FULLBUS00196,300,0.743,0.9,0.2,2003801,Full e-bus coverage scenario; route assignment weighted by selected GTFS trip frequency
FULLBUS00197,300,0.859,0.9,0.2,2003801,Full e-bus coverage scenario; route assignment weighted by selected GTFS trip frequency
FULLBUS00198,300,0.737,0.9,0.2,2003801,Full e-bus coverage scenario; route assignment weighted by selected GTFS trip frequency
FULLBUS00199,300,0.733,0.9,0.2,2003801,Full e-bus coverage scenario; route assignment weighted by selected GTFS trip frequency
FULLBUS00200,300,0.83,0.9,0.2,2003801,Full e-bus coverage scenario; route assignment weighted by selected GTFS trip frequency
FULLBUS00201,300,0.722,0.9,0.2,2003801,Full e-bus coverage scenario; route assignment weighted by selected GTFS trip frequency
FULLBUS00202,300,0.83,0.9,0.2,2003801,Full e-bus coverage scenario; route assignment weighted by selected GTFS trip frequency
FULLBUS00203,300,0.879,0.9,0.2,2003801,Full e-bus coverage scenario; route assignment weighted by selected GTFS trip frequency
FULLBUS00204,300,0.88,0.9,0.2,2003801,Full e-bus coverage scenario; route assignment weighted by selected GTFS trip frequency
FULLBUS00205,300,0.877,0.9,0.2,2003801,Full e-bus coverage scenario; route assignment weighted by selected GTFS trip frequency
FULLBUS00206,300,0.748,0.9,0.2,2003801,Full e-bus coverage scenario; route assignment weighted by selected GTFS trip frequency
FULLBUS00207,300,0.745,0.9,0.2,2003801,Full e-bus coverage scenario; route assignment weighted by selected GTFS trip frequency
FULLBUS00208,300,0.835,0.9,0.2,2003801,Full e-bus coverage scenario; route assignment weighted by selected GTFS trip frequency
FULLBUS00209,300,0.829,0.9,0.2,2003801,Full e-bus coverage scenario; route assignment weighted by selected GTFS trip frequency
FULLBUS00210,300,0.727,0.9,0.2,2003801,Full e-bus coverage scenario; route assignment weighted by selected GTFS trip frequency
FULLBUS00211,300,0.782,0.9,0.2,2003801,Full e-bus coverage scenario; route assignment weighted by selected GTFS trip frequency
FULLBUS00212,300,0.855,0.9,0.2,2003801,Full e-bus coverage scenario; route assignment weighted by selected GTFS trip frequency
FULLBUS00213,300,0.827,0.9,0.2,2003801,Full e-bus coverage scenario; route assignment weighted by selected GTFS trip frequency
FULLBUS00214,300,0.791,0.9,0.2,2003801,Full e-bus coverage scenario; route assignment weighted by selected GTFS trip frequency
FULLBUS00215,300,0.818,0.9,0.2,2003801,Full e-bus coverage scenario; route assignment weighted by selected GTFS trip frequency
FULLBUS00216,300,0.838,0.9,0.2,2003801,Full e-bus coverage scenario; route assignment weighted by selected GTFS trip frequency
FULLBUS00217,300,0.845,0.9,0.2,2003801,Full e-bus coverage scenario; route assignment weighted by selected GTFS trip frequency
FULLBUS00218,300,0.766,0.9,0.2,2003801,Full e-bus coverage scenario; route assignment weighted by selected GTFS trip frequency
FULLBUS00219,300,0.85,0.9,0.2,2003801,Full e-bus coverage scenario; route assignment weighted by selected GTFS trip frequency
FULLBUS00220,300,0.789,0.9,0.2,2003801,Full e-bus coverage scenario; route assignment weighted by selected GTFS trip frequency
FULLBUS00221,300,0.722,0.9,0.2,2003801,Full e-bus coverage scenario; route assignment weighted by selected GTFS trip frequency
FULLBUS00222,300,0.761,0.9,0.2,2004825,Full e-bus coverage scenario; route assignment weighted by selected GTFS trip frequency
FULLBUS00223,300,0.869,0.9,0.2,2004825,Full e-bus coverage scenario; route assignment weighted by selected GTFS trip frequency
FULLBUS00224,300,0.77,0.9,0.2,2004825,Full e-bus coverage scenario; route assignment weighted by selected GTFS trip frequency
FULLBUS00225,300,0.766,0.9,0.2,2004825,Full e-bus coverage scenario; route assignment weighted by selected GTFS trip frequency
FULLBUS00226,300,0.788,0.9,0.2,2004825,Full e-bus coverage scenario; route assignment weighted by selected GTFS trip frequency
FULLBUS00227,300,0.796,0.9,0.2,2004825,Full e-bus coverage scenario; route assignment weighted by selected GTFS trip frequency
FULLBUS00228,300,0.732,0.9,0.2,2004825,Full e-bus coverage scenario; route assignment weighted by selected GTFS trip frequency
FULLBUS00229,300,0.867,0.9,0.2,2004825,Full e-bus coverage scenario; route assignment weighted by selected GTFS trip frequency
FULLBUS00230,300,0.794,0.9,0.2,2004825,Full e-bus coverage scenario; route assignment weighted by selected GTFS trip frequency
FULLBUS00231,300,0.834,0.9,0.2,2004825,Full e-bus coverage scenario; route assignment weighted by selected GTFS trip frequency
FULLBUS00232,300,0.73,0.9,0.2,2004825,Full e-bus coverage scenario; route assignment weighted by selected GTFS trip frequency
FULLBUS00233,300,0.739,0.9,0.2,2004825,Full e-bus coverage scenario; route assignment weighted by selected GTFS trip frequency
FULLBUS00234,300,0.809,0.9,0.2,2004825,Full e-bus coverage scenario; route assignment weighted by selected GTFS trip frequency
FULLBUS00235,300,0.798,0.9,0.2,2004825,Full e-bus coverage scenario; route assignment weighted by selected GTFS trip frequency
FULLBUS00236,300,0.835,0.9,0.2,2004825,Full e-bus coverage scenario; route assignment weighted by selected GTFS trip frequency
FULLBUS00237,300,0.793,0.9,0.2,2004825,Full e-bus coverage scenario; route assignment weighted by selected GTFS trip frequency
FULLBUS00238,300,0.866,0.9,0.2,2004825,Full e-bus coverage scenario; route assignment weighted by selected GTFS trip frequency
FULLBUS00239,300,0.746,0.9,0.2,2004825,Full e-bus coverage scenario; route assignment weighted by selected GTFS trip frequency
FULLBUS00240,300,0.818,0.9,0.2,2004825,Full e-bus coverage scenario; route assignment weighted by selected GTFS trip frequency
FULLBUS00241,300,0.742,0.9,0.2,2004825,Full e-bus coverage scenario; route assignment weighted by selected GTFS trip frequency
FULLBUS00242,300,0.784,0.9,0.2,2004825,Full e-bus coverage scenario; route assignment weighted by selected GTFS trip frequency
FULLBUS00243,300,0.741,0.9,0.2,2004825,Full e-bus coverage scenario; route assignment weighted by selected GTFS trip frequency
FULLBUS00244,300,0.732,0.9,0.2,2004825,Full e-bus coverage scenario; route assignment weighted by selected GTFS trip frequency
FULLBUS00245,300,0.839,0.9,0.2,2004825,Full e-bus coverage scenario; route assignment weighted by selected GTFS trip frequency
FULLBUS00246,300,0.774,0.9,0.2,2004825,Full e-bus coverage scenario; route assignment weighted by selected GTFS trip frequency
FULLBUS00247,300,0.837,0.9,0.2,2004825,Full e-bus coverage scenario; route assignment weighted by selected GTFS trip frequency
FULLBUS00248,300,0.72,0.9,0.2,2004825,Full e-bus coverage scenario; route assignment weighted by selected GTFS trip frequency
FULLBUS00249,300,0.866,0.9,0.2,2004825,Full e-bus coverage scenario; route assignment weighted by selected GTFS trip frequency
FULLBUS00250,300,0.793,0.9,0.2,2004825,Full e-bus coverage scenario; route assignment weighted by selected GTFS trip frequency
FULLBUS00251,300,0.814,0.9,0.2,2004825,Full e-bus coverage scenario; route assignment weighted by selected GTFS trip frequency
FULLBUS00252,300,0.732,0.9,0.2,2004825,Full e-bus coverage scenario; route assignment weighted by selected GTFS trip frequency
FULLBUS00253,300,0.858,0.9,0.2,2004825,Full e-bus coverage scenario; route assignment weighted by selected GTFS trip frequency
FULLBUS00254,300,0.786,0.9,0.2,1991,Full e-bus coverage scenario; route assignment weighted by selected GTFS trip frequency
FULLBUS00255,300,0.846,0.9,0.2,1991,Full e-bus coverage scenario; route assignment weighted by selected GTFS trip frequency
FULLBUS00256,300,0.818,0.9,0.2,1991,Full e-bus coverage scenario; route assignment weighted by selected GTFS trip frequency
FULLBUS00257,300,0.815,0.9,0.2,1991,Full e-bus coverage scenario; route assignment weighted by selected GTFS trip frequency
FULLBUS00258,300,0.812,0.9,0.2,1991,Full e-bus coverage scenario; route assignment weighted by selected GTFS trip frequency
FULLBUS00259,300,0.799,0.9,0.2,1991,Full e-bus coverage scenario; route assignment weighted by selected GTFS trip frequency
FULLBUS00260,300,0.88,0.9,0.2,1991,Full e-bus coverage scenario; route assignment weighted by selected GTFS trip frequency
FULLBUS00261,300,0.762,0.9,0.2,1991,Full e-bus coverage scenario; route assignment weighted by selected GTFS trip frequency
FULLBUS00262,300,0.769,0.9,0.2,1991,Full e-bus coverage scenario; route assignment weighted by selected GTFS trip frequency
FULLBUS00263,300,0.75,0.9,0.2,1991,Full e-bus coverage scenario; route assignment weighted by selected GTFS trip frequency
FULLBUS00264,300,0.767,0.9,0.2,1991,Full e-bus coverage scenario; route assignment weighted by selected GTFS trip frequency
FULLBUS00265,300,0.848,0.9,0.2,1991,Full e-bus coverage scenario; route assignment weighted by selected GTFS trip frequency
FULLBUS00266,300,0.818,0.9,0.2,1991,Full e-bus coverage scenario; route assignment weighted by selected GTFS trip frequency
FULLBUS00267,300,0.829,0.9,0.2,1991,Full e-bus coverage scenario; route assignment weighted by selected GTFS trip frequency
FULLBUS00268,300,0.792,0.9,0.2,1991,Full e-bus coverage scenario; route assignment weighted by selected GTFS trip frequency
FULLBUS00269,300,0.791,0.9,0.2,1991,Full e-bus coverage scenario; route assignment weighted by selected GTFS trip frequency
FULLBUS00270,300,0.801,0.9,0.2,1991,Full e-bus coverage scenario; route assignment weighted by selected GTFS trip frequency
FULLBUS00271,300,0.801,0.9,0.2,1991,Full e-bus coverage scenario; route assignment weighted by selected GTFS trip frequency
FULLBUS00272,300,0.879,0.9,0.2,1991,Full e-bus coverage scenario; route assignment weighted by selected GTFS trip frequency
FULLBUS00273,300,0.761,0.9,0.2,1991,Full e-bus coverage scenario; route assignment weighted by selected GTFS trip frequency
FULLBUS00274,300,0.732,0.9,0.2,1991,Full e-bus coverage scenario; route assignment weighted by selected GTFS trip frequency
FULLBUS00275,300,0.763,0.9,0.2,1991,Full e-bus coverage scenario; route assignment weighted by selected GTFS trip frequency
FULLBUS00276,300,0.879,0.9,0.2,1991,Full e-bus coverage scenario; route assignment weighted by selected GTFS trip frequency
FULLBUS00277,300,0.75,0.9,0.2,1991,Full e-bus coverage scenario; route assignment weighted by selected GTFS trip frequency
FULLBUS00278,300,0.786,0.9,0.2,1991,Full e-bus coverage scenario; route assignment weighted by selected GTFS trip frequency
FULLBUS00279,300,0.847,0.9,0.2,1991,Full e-bus coverage scenario; route assignment weighted by selected GTFS trip frequency
FULLBUS00280,300,0.819,0.9,0.2,1991,Full e-bus coverage scenario; route assignment weighted by selected GTFS trip frequency
FULLBUS00281,300,0.804,0.9,0.2,1991,Full e-bus coverage scenario; route assignment weighted by selected GTFS trip frequency
FULLBUS00282,300,0.734,0.9,0.2,1991,Full e-bus coverage scenario; route assignment weighted by selected GTFS trip frequency
FULLBUS00283,300,0.774,0.9,0.2,1991,Full e-bus coverage scenario; route assignment weighted by selected GTFS trip frequency
FULLBUS00284,300,0.845,0.9,0.2,2008058,Full e-bus coverage scenario; route assignment weighted by selected GTFS trip frequency
FULLBUS00285,300,0.729,0.9,0.2,2008058,Full e-bus coverage scenario; route assignment weighted by selected GTFS trip frequency
FULLBUS00286,300,0.865,0.9,0.2,2008058,Full e-bus coverage scenario; route assignment weighted by selected GTFS trip frequency
FULLBUS00287,300,0.749,0.9,0.2,2008058,Full e-bus coverage scenario; route assignment weighted by selected GTFS trip frequency
FULLBUS00288,300,0.762,0.9,0.2,2008058,Full e-bus coverage scenario; route assignment weighted by selected GTFS trip frequency
FULLBUS00289,300,0.759,0.9,0.2,2008058,Full e-bus coverage scenario; route assignment weighted by selected GTFS trip frequency
FULLBUS00290,300,0.786,0.9,0.2,2008058,Full e-bus coverage scenario; route assignment weighted by selected GTFS trip frequency
FULLBUS00291,300,0.767,0.9,0.2,2008058,Full e-bus coverage scenario; route assignment weighted by selected GTFS trip frequency
FULLBUS00292,300,0.763,0.9,0.2,2008058,Full e-bus coverage scenario; route assignment weighted by selected GTFS trip frequency
FULLBUS00293,300,0.77,0.9,0.2,2008058,Full e-bus coverage scenario; route assignment weighted by selected GTFS trip frequency
FULLBUS00294,300,0.801,0.9,0.2,2008058,Full e-bus coverage scenario; route assignment weighted by selected GTFS trip frequency
FULLBUS00295,300,0.859,0.9,0.2,2008058,Full e-bus coverage scenario; route assignment weighted by selected GTFS trip frequency
FULLBUS00296,300,0.828,0.9,0.2,2008058,Full e-bus coverage scenario; route assignment weighted by selected GTFS trip frequency
FULLBUS00297,300,0.879,0.9,0.2,2008058,Full e-bus coverage scenario; route assignment weighted by selected GTFS trip frequency
FULLBUS00298,300,0.844,0.9,0.2,2008058,Full e-bus coverage scenario; route assignment weighted by selected GTFS trip frequency
FULLBUS00299,300,0.858,0.9,0.2,2008058,Full e-bus coverage scenario; route assignment weighted by selected GTFS trip frequency
FULLBUS00300,300,0.841,0.9,0.2,2008058,Full e-bus coverage scenario; route assignment weighted by selected GTFS trip frequency
FULLBUS00301,300,0.843,0.9,0.2,2008058,Full e-bus coverage scenario; route assignment weighted by selected GTFS trip frequency
FULLBUS00302,300,0.826,0.9,0.2,2008058,Full e-bus coverage scenario; route assignment weighted by selected GTFS trip frequency
FULLBUS00303,300,0.864,0.9,0.2,2008058,Full e-bus coverage scenario; route assignment weighted by selected GTFS trip frequency
FULLBUS00304,300,0.833,0.9,0.2,2008058,Full e-bus coverage scenario; route assignment weighted by selected GTFS trip frequency
FULLBUS00305,300,0.741,0.9,0.2,2008058,Full e-bus coverage scenario; route assignment weighted by selected GTFS trip frequency
FULLBUS00306,300,0.829,0.9,0.2,2008058,Full e-bus coverage scenario; route assignment weighted by selected GTFS trip frequency
FULLBUS00307,300,0.77,0.9,0.2,2008058,Full e-bus coverage scenario; route assignment weighted by selected GTFS trip frequency
FULLBUS00308,300,0.865,0.9,0.2,2008058,Full e-bus coverage scenario; route assignment weighted by selected GTFS trip frequency
FULLBUS00309,300,0.866,0.9,0.2,2008058,Full e-bus coverage scenario; route assignment weighted by selected GTFS trip frequency
FULLBUS00310,300,0.835,0.9,0.2,2008058,Full e-bus coverage scenario; route assignment weighted by selected GTFS trip frequency
FULLBUS00311,300,0.742,0.9,0.2,2008058,Full e-bus coverage scenario; route assignment weighted by selected GTFS trip frequency
FULLBUS00312,300,0.757,0.9,0.2,2008058,Full e-bus coverage scenario; route assignment weighted by selected GTFS trip frequency
FULLBUS00313,300,0.77,0.9,0.2,2003209,Full e-bus coverage scenario; route assignment weighted by selected GTFS trip frequency
FULLBUS00314,300,0.815,0.9,0.2,2003209,Full e-bus coverage scenario; route assignment weighted by selected GTFS trip frequency
FULLBUS00315,300,0.852,0.9,0.2,2003209,Full e-bus coverage scenario; route assignment weighted by selected GTFS trip frequency
FULLBUS00316,300,0.831,0.9,0.2,2003209,Full e-bus coverage scenario; route assignment weighted by selected GTFS trip frequency
FULLBUS00317,300,0.869,0.9,0.2,2003209,Full e-bus coverage scenario; route assignment weighted by selected GTFS trip frequency
FULLBUS00318,300,0.832,0.9,0.2,2003209,Full e-bus coverage scenario; route assignment weighted by selected GTFS trip frequency
FULLBUS00319,300,0.847,0.9,0.2,2003209,Full e-bus coverage scenario; route assignment weighted by selected GTFS trip frequency
FULLBUS00320,300,0.73,0.9,0.2,2003209,Full e-bus coverage scenario; route assignment weighted by selected GTFS trip frequency
FULLBUS00321,300,0.762,0.9,0.2,2003209,Full e-bus coverage scenario; route assignment weighted by selected GTFS trip frequency
FULLBUS00322,300,0.823,0.9,0.2,2003209,Full e-bus coverage scenario; route assignment weighted by selected GTFS trip frequency
FULLBUS00323,300,0.838,0.9,0.2,2003209,Full e-bus coverage scenario; route assignment weighted by selected GTFS trip frequency
FULLBUS00324,300,0.833,0.9,0.2,2003209,Full e-bus coverage scenario; route assignment weighted by selected GTFS trip frequency
FULLBUS00325,300,0.828,0.9,0.2,2003209,Full e-bus coverage scenario; route assignment weighted by selected GTFS trip frequency
FULLBUS00326,300,0.786,0.9,0.2,2003209,Full e-bus coverage scenario; route assignment weighted by selected GTFS trip frequency
FULLBUS00327,300,0.866,0.9,0.2,2003209,Full e-bus coverage scenario; route assignment weighted by selected GTFS trip frequency
FULLBUS00328,300,0.854,0.9,0.2,2003209,Full e-bus coverage scenario; route assignment weighted by selected GTFS trip frequency
FULLBUS00329,300,0.826,0.9,0.2,2003209,Full e-bus coverage scenario; route assignment weighted by selected GTFS trip frequency
FULLBUS00330,300,0.759,0.9,0.2,2003209,Full e-bus coverage scenario; route assignment weighted by selected GTFS trip frequency
FULLBUS00331,300,0.861,0.9,0.2,2003209,Full e-bus coverage scenario; route assignment weighted by selected GTFS trip frequency
FULLBUS00332,300,0.853,0.9,0.2,2003209,Full e-bus coverage scenario; route assignment weighted by selected GTFS trip frequency
FULLBUS00333,300,0.82,0.9,0.2,2003209,Full e-bus coverage scenario; route assignment weighted by selected GTFS trip frequency
FULLBUS00334,300,0.726,0.9,0.2,2003209,Full e-bus coverage scenario; route assignment weighted by selected GTFS trip frequency
FULLBUS00335,300,0.872,0.9,0.2,2003209,Full e-bus coverage scenario; route assignment weighted by selected GTFS trip frequency
FULLBUS00336,300,0.784,0.9,0.2,2003209,Full e-bus coverage scenario; route assignment weighted by selected GTFS trip frequency
FULLBUS00337,300,0.864,0.9,0.2,2003209,Full e-bus coverage scenario; route assignment weighted by selected GTFS trip frequency
FULLBUS00338,300,0.804,0.9,0.2,2003209,Full e-bus coverage scenario; route assignment weighted by selected GTFS trip frequency
FULLBUS00339,300,0.869,0.9,0.2,2003209,Full e-bus coverage scenario; route assignment weighted by selected GTFS trip frequency
FULLBUS00340,300,0.877,0.9,0.2,2003209,Full e-bus coverage scenario; route assignment weighted by selected GTFS trip frequency
FULLBUS00341,300,0.836,0.9,0.2,1877,Full e-bus coverage scenario; route assignment weighted by selected GTFS trip frequency
FULLBUS00342,300,0.826,0.9,0.2,1877,Full e-bus coverage scenario; route assignment weighted by selected GTFS trip frequency
FULLBUS00343,300,0.749,0.9,0.2,1877,Full e-bus coverage scenario; route assignment weighted by selected GTFS trip frequency
FULLBUS00344,300,0.764,0.9,0.2,1877,Full e-bus coverage scenario; route assignment weighted by selected GTFS trip frequency
FULLBUS00345,300,0.874,0.9,0.2,1877,Full e-bus coverage scenario; route assignment weighted by selected GTFS trip frequency
FULLBUS00346,300,0.873,0.9,0.2,1877,Full e-bus coverage scenario; route assignment weighted by selected GTFS trip frequency
FULLBUS00347,300,0.771,0.9,0.2,1877,Full e-bus coverage scenario; route assignment weighted by selected GTFS trip frequency
FULLBUS00348,300,0.788,0.9,0.2,1877,Full e-bus coverage scenario; route assignment weighted by selected GTFS trip frequency
FULLBUS00349,300,0.765,0.9,0.2,1877,Full e-bus coverage scenario; route assignment weighted by selected GTFS trip frequency
FULLBUS00350,300,0.731,0.9,0.2,1877,Full e-bus coverage scenario; route assignment weighted by selected GTFS trip frequency
FULLBUS00351,300,0.837,0.9,0.2,1877,Full e-bus coverage scenario; route assignment weighted by selected GTFS trip frequency
FULLBUS00352,300,0.73,0.9,0.2,1877,Full e-bus coverage scenario; route assignment weighted by selected GTFS trip frequency
FULLBUS00353,300,0.851,0.9,0.2,1877,Full e-bus coverage scenario; route assignment weighted by selected GTFS trip frequency
FULLBUS00354,300,0.846,0.9,0.2,1877,Full e-bus coverage scenario; route assignment weighted by selected GTFS trip frequency
FULLBUS00355,300,0.81,0.9,0.2,1877,Full e-bus coverage scenario; route assignment weighted by selected GTFS trip frequency
FULLBUS00356,300,0.828,0.9,0.2,1877,Full e-bus coverage scenario; route assignment weighted by selected GTFS trip frequency
FULLBUS00357,300,0.768,0.9,0.2,1877,Full e-bus coverage scenario; route assignment weighted by selected GTFS trip frequency
FULLBUS00358,300,0.741,0.9,0.2,1877,Full e-bus coverage scenario; route assignment weighted by selected GTFS trip frequency
FULLBUS00359,300,0.827,0.9,0.2,1877,Full e-bus coverage scenario; route assignment weighted by selected GTFS trip frequency
FULLBUS00360,300,0.873,0.9,0.2,1877,Full e-bus coverage scenario; route assignment weighted by selected GTFS trip frequency
FULLBUS00361,300,0.728,0.9,0.2,1877,Full e-bus coverage scenario; route assignment weighted by selected GTFS trip frequency
FULLBUS00362,300,0.737,0.9,0.2,1877,Full e-bus coverage scenario; route assignment weighted by selected GTFS trip frequency
FULLBUS00363,300,0.789,0.9,0.2,1877,Full e-bus coverage scenario; route assignment weighted by selected GTFS trip frequency
FULLBUS00364,300,0.832,0.9,0.2,1877,Full e-bus coverage scenario; route assignment weighted by selected GTFS trip frequency
FULLBUS00365,300,0.745,0.9,0.2,1877,Full e-bus coverage scenario; route assignment weighted by selected GTFS trip frequency
FULLBUS00366,300,0.817,0.9,0.2,1877,Full e-bus coverage scenario; route assignment weighted by selected GTFS trip frequency
FULLBUS00367,300,0.849,0.9,0.2,1877,Full e-bus coverage scenario; route assignment weighted by selected GTFS trip frequency
FULLBUS00368,300,0.735,0.9,0.2,2008594,Full e-bus coverage scenario; route assignment weighted by selected GTFS trip frequency
FULLBUS00369,300,0.857,0.9,0.2,2008594,Full e-bus coverage scenario; route assignment weighted by selected GTFS trip frequency
FULLBUS00370,300,0.82,0.9,0.2,2008594,Full e-bus coverage scenario; route assignment weighted by selected GTFS trip frequency
FULLBUS00371,300,0.736,0.9,0.2,2008594,Full e-bus coverage scenario; route assignment weighted by selected GTFS trip frequency
FULLBUS00372,300,0.735,0.9,0.2,2008594,Full e-bus coverage scenario; route assignment weighted by selected GTFS trip frequency
FULLBUS00373,300,0.793,0.9,0.2,2008594,Full e-bus coverage scenario; route assignment weighted by selected GTFS trip frequency
FULLBUS00374,300,0.874,0.9,0.2,2008594,Full e-bus coverage scenario; route assignment weighted by selected GTFS trip frequency
FULLBUS00375,300,0.859,0.9,0.2,2008594,Full e-bus coverage scenario; route assignment weighted by selected GTFS trip frequency
FULLBUS00376,300,0.821,0.9,0.2,2008594,Full e-bus coverage scenario; route assignment weighted by selected GTFS trip frequency
FULLBUS00377,300,0.869,0.9,0.2,2008594,Full e-bus coverage scenario; route assignment weighted by selected GTFS trip frequency
FULLBUS00378,300,0.782,0.9,0.2,2008594,Full e-bus coverage scenario; route assignment weighted by selected GTFS trip frequency
FULLBUS00379,300,0.869,0.9,0.2,2008594,Full e-bus coverage scenario; route assignment weighted by selected GTFS trip frequency
FULLBUS00380,300,0.795,0.9,0.2,2008594,Full e-bus coverage scenario; route assignment weighted by selected GTFS trip frequency
FULLBUS00381,300,0.872,0.9,0.2,2008594,Full e-bus coverage scenario; route assignment weighted by selected GTFS trip frequency
FULLBUS00382,300,0.77,0.9,0.2,2008594,Full e-bus coverage scenario; route assignment weighted by selected GTFS trip frequency
FULLBUS00383,300,0.867,0.9,0.2,2008594,Full e-bus coverage scenario; route assignment weighted by selected GTFS trip frequency
FULLBUS00384,300,0.856,0.9,0.2,2008594,Full e-bus coverage scenario; route assignment weighted by selected GTFS trip frequency
FULLBUS00385,300,0.806,0.9,0.2,2008594,Full e-bus coverage scenario; route assignment weighted by selected GTFS trip frequency
FULLBUS00386,300,0.869,0.9,0.2,2008594,Full e-bus coverage scenario; route assignment weighted by selected GTFS trip frequency
FULLBUS00387,300,0.849,0.9,0.2,2008594,Full e-bus coverage scenario; route assignment weighted by selected GTFS trip frequency
FULLBUS00388,300,0.755,0.9,0.2,2008594,Full e-bus coverage scenario; route assignment weighted by selected GTFS trip frequency
FULLBUS00389,300,0.852,0.9,0.2,2008594,Full e-bus coverage scenario; route assignment weighted by selected GTFS trip frequency
FULLBUS00390,300,0.854,0.9,0.2,2008594,Full e-bus coverage scenario; route assignment weighted by selected GTFS trip frequency
FULLBUS00391,300,0.876,0.9,0.2,1871,Full e-bus coverage scenario; route assignment weighted by selected GTFS trip frequency
FULLBUS00392,300,0.793,0.9,0.2,1871,Full e-bus coverage scenario; route assignment weighted by selected GTFS trip frequency
FULLBUS00393,300,0.802,0.9,0.2,1871,Full e-bus coverage scenario; route assignment weighted by selected GTFS trip frequency
FULLBUS00394,300,0.849,0.9,0.2,1871,Full e-bus coverage scenario; route assignment weighted by selected GTFS trip frequency
FULLBUS00395,300,0.73,0.9,0.2,1871,Full e-bus coverage scenario; route assignment weighted by selected GTFS trip frequency
FULLBUS00396,300,0.841,0.9,0.2,1871,Full e-bus coverage scenario; route assignment weighted by selected GTFS trip frequency
FULLBUS00397,300,0.831,0.9,0.2,1871,Full e-bus coverage scenario; route assignment weighted by selected GTFS trip frequency
FULLBUS00398,300,0.756,0.9,0.2,1871,Full e-bus coverage scenario; route assignment weighted by selected GTFS trip frequency
FULLBUS00399,300,0.817,0.9,0.2,1871,Full e-bus coverage scenario; route assignment weighted by selected GTFS trip frequency
FULLBUS00400,300,0.854,0.9,0.2,1871,Full e-bus coverage scenario; route assignment weighted by selected GTFS trip frequency
FULLBUS00401,300,0.856,0.9,0.2,1871,Full e-bus coverage scenario; route assignment weighted by selected GTFS trip frequency
FULLBUS00402,300,0.763,0.9,0.2,1871,Full e-bus coverage scenario; route assignment weighted by selected GTFS trip frequency
FULLBUS00403,300,0.785,0.9,0.2,1871,Full e-bus coverage scenario; route assignment weighted by selected GTFS trip frequency
FULLBUS00404,300,0.861,0.9,0.2,1871,Full e-bus coverage scenario; route assignment weighted by selected GTFS trip frequency
FULLBUS00405,300,0.827,0.9,0.2,1871,Full e-bus coverage scenario; route assignment weighted by selected GTFS trip frequency
FULLBUS00406,300,0.796,0.9,0.2,1871,Full e-bus coverage scenario; route assignment weighted by selected GTFS trip frequency
FULLBUS00407,300,0.86,0.9,0.2,1871,Full e-bus coverage scenario; route assignment weighted by selected GTFS trip frequency
FULLBUS00408,300,0.878,0.9,0.2,1871,Full e-bus coverage scenario; route assignment weighted by selected GTFS trip frequency
FULLBUS00409,300,0.872,0.9,0.2,1871,Full e-bus coverage scenario; route assignment weighted by selected GTFS trip frequency
FULLBUS00410,300,0.728,0.9,0.2,1871,Full e-bus coverage scenario; route assignment weighted by selected GTFS trip frequency
FULLBUS00411,300,0.847,0.9,0.2,1871,Full e-bus coverage scenario; route assignment weighted by selected GTFS trip frequency
FULLBUS00412,300,0.757,0.9,0.2,1871,Full e-bus coverage scenario; route assignment weighted by selected GTFS trip frequency
FULLBUS00413,300,0.815,0.9,0.2,1871,Full e-bus coverage scenario; route assignment weighted by selected GTFS trip frequency
FULLBUS00414,300,0.836,0.9,0.2,2000990,Full e-bus coverage scenario; route assignment weighted by selected GTFS trip frequency
FULLBUS00415,300,0.806,0.9,0.2,2000990,Full e-bus coverage scenario; route assignment weighted by selected GTFS trip frequency
FULLBUS00416,300,0.794,0.9,0.2,2000990,Full e-bus coverage scenario; route assignment weighted by selected GTFS trip frequency
FULLBUS00417,300,0.786,0.9,0.2,2000990,Full e-bus coverage scenario; route assignment weighted by selected GTFS trip frequency
FULLBUS00418,300,0.794,0.9,0.2,2000990,Full e-bus coverage scenario; route assignment weighted by selected GTFS trip frequency
FULLBUS00419,300,0.791,0.9,0.2,2000990,Full e-bus coverage scenario; route assignment weighted by selected GTFS trip frequency
FULLBUS00420,300,0.807,0.9,0.2,2000990,Full e-bus coverage scenario; route assignment weighted by selected GTFS trip frequency
FULLBUS00421,300,0.732,0.9,0.2,2000990,Full e-bus coverage scenario; route assignment weighted by selected GTFS trip frequency
FULLBUS00422,300,0.76,0.9,0.2,2000990,Full e-bus coverage scenario; route assignment weighted by selected GTFS trip frequency
FULLBUS00423,300,0.755,0.9,0.2,2000990,Full e-bus coverage scenario; route assignment weighted by selected GTFS trip frequency
FULLBUS00424,300,0.776,0.9,0.2,2000990,Full e-bus coverage scenario; route assignment weighted by selected GTFS trip frequency
FULLBUS00425,300,0.742,0.9,0.2,2000990,Full e-bus coverage scenario; route assignment weighted by selected GTFS trip frequency
FULLBUS00426,300,0.807,0.9,0.2,2000990,Full e-bus coverage scenario; route assignment weighted by selected GTFS trip frequency
FULLBUS00427,300,0.751,0.9,0.2,2000990,Full e-bus coverage scenario; route assignment weighted by selected GTFS trip frequency
FULLBUS00428,300,0.829,0.9,0.2,2000990,Full e-bus coverage scenario; route assignment weighted by selected GTFS trip frequency
FULLBUS00429,300,0.781,0.9,0.2,2000990,Full e-bus coverage scenario; route assignment weighted by selected GTFS trip frequency
FULLBUS00430,300,0.726,0.9,0.2,2000990,Full e-bus coverage scenario; route assignment weighted by selected GTFS trip frequency
FULLBUS00431,300,0.877,0.9,0.2,2000990,Full e-bus coverage scenario; route assignment weighted by selected GTFS trip frequency
FULLBUS00432,300,0.797,0.9,0.2,2000990,Full e-bus coverage scenario; route assignment weighted by selected GTFS trip frequency
FULLBUS00433,300,0.74,0.9,0.2,2000990,Full e-bus coverage scenario; route assignment weighted by selected GTFS trip frequency
FULLBUS00434,300,0.804,0.9,0.2,2000990,Full e-bus coverage scenario; route assignment weighted by selected GTFS trip frequency
FULLBUS00435,300,0.763,0.9,0.2,2000990,Full e-bus coverage scenario; route assignment weighted by selected GTFS trip frequency
FULLBUS00436,300,0.833,0.9,0.2,1993,Full e-bus coverage scenario; route assignment weighted by selected GTFS trip frequency
FULLBUS00437,300,0.736,0.9,0.2,1993,Full e-bus coverage scenario; route assignment weighted by selected GTFS trip frequency
FULLBUS00438,300,0.744,0.9,0.2,1993,Full e-bus coverage scenario; route assignment weighted by selected GTFS trip frequency
FULLBUS00439,300,0.835,0.9,0.2,1993,Full e-bus coverage scenario; route assignment weighted by selected GTFS trip frequency
FULLBUS00440,300,0.734,0.9,0.2,1993,Full e-bus coverage scenario; route assignment weighted by selected GTFS trip frequency
FULLBUS00441,300,0.777,0.9,0.2,1993,Full e-bus coverage scenario; route assignment weighted by selected GTFS trip frequency
FULLBUS00442,300,0.752,0.9,0.2,1993,Full e-bus coverage scenario; route assignment weighted by selected GTFS trip frequency
FULLBUS00443,300,0.879,0.9,0.2,1993,Full e-bus coverage scenario; route assignment weighted by selected GTFS trip frequency
FULLBUS00444,300,0.771,0.9,0.2,1993,Full e-bus coverage scenario; route assignment weighted by selected GTFS trip frequency
FULLBUS00445,300,0.823,0.9,0.2,1993,Full e-bus coverage scenario; route assignment weighted by selected GTFS trip frequency
FULLBUS00446,300,0.822,0.9,0.2,1993,Full e-bus coverage scenario; route assignment weighted by selected GTFS trip frequency
FULLBUS00447,300,0.85,0.9,0.2,1993,Full e-bus coverage scenario; route assignment weighted by selected GTFS trip frequency
FULLBUS00448,300,0.795,0.9,0.2,1993,Full e-bus coverage scenario; route assignment weighted by selected GTFS trip frequency
FULLBUS00449,300,0.866,0.9,0.2,1993,Full e-bus coverage scenario; route assignment weighted by selected GTFS trip frequency
FULLBUS00450,300,0.822,0.9,0.2,1993,Full e-bus coverage scenario; route assignment weighted by selected GTFS trip frequency
FULLBUS00451,300,0.734,0.9,0.2,1993,Full e-bus coverage scenario; route assignment weighted by selected GTFS trip frequency
FULLBUS00452,300,0.832,0.9,0.2,1993,Full e-bus coverage scenario; route assignment weighted by selected GTFS trip frequency
FULLBUS00453,300,0.795,0.9,0.2,1993,Full e-bus coverage scenario; route assignment weighted by selected GTFS trip frequency
FULLBUS00454,300,0.851,0.9,0.2,1993,Full e-bus coverage scenario; route assignment weighted by selected GTFS trip frequency
FULLBUS00455,300,0.852,0.9,0.2,1993,Full e-bus coverage scenario; route assignment weighted by selected GTFS trip frequency
FULLBUS00456,300,0.815,0.9,0.2,1993,Full e-bus coverage scenario; route assignment weighted by selected GTFS trip frequency
FULLBUS00457,300,0.789,0.9,0.2,1993,Full e-bus coverage scenario; route assignment weighted by selected GTFS trip frequency
FULLBUS00458,300,0.788,0.9,0.2,2005329,Full e-bus coverage scenario; route assignment weighted by selected GTFS trip frequency
FULLBUS00459,300,0.813,0.9,0.2,2005329,Full e-bus coverage scenario; route assignment weighted by selected GTFS trip frequency
FULLBUS00460,300,0.837,0.9,0.2,2005329,Full e-bus coverage scenario; route assignment weighted by selected GTFS trip frequency
FULLBUS00461,300,0.795,0.9,0.2,2005329,Full e-bus coverage scenario; route assignment weighted by selected GTFS trip frequency
FULLBUS00462,300,0.763,0.9,0.2,2005329,Full e-bus coverage scenario; route assignment weighted by selected GTFS trip frequency
FULLBUS00463,300,0.757,0.9,0.2,2005329,Full e-bus coverage scenario; route assignment weighted by selected GTFS trip frequency
FULLBUS00464,300,0.791,0.9,0.2,2005329,Full e-bus coverage scenario; route assignment weighted by selected GTFS trip frequency
FULLBUS00465,300,0.821,0.9,0.2,2005329,Full e-bus coverage scenario; route assignment weighted by selected GTFS trip frequency
FULLBUS00466,300,0.775,0.9,0.2,2005329,Full e-bus coverage scenario; route assignment weighted by selected GTFS trip frequency
FULLBUS00467,300,0.752,0.9,0.2,2005329,Full e-bus coverage scenario; route assignment weighted by selected GTFS trip frequency
FULLBUS00468,300,0.833,0.9,0.2,2005329,Full e-bus coverage scenario; route assignment weighted by selected GTFS trip frequency
FULLBUS00469,300,0.822,0.9,0.2,2005329,Full e-bus coverage scenario; route assignment weighted by selected GTFS trip frequency
FULLBUS00470,300,0.805,0.9,0.2,2005329,Full e-bus coverage scenario; route assignment weighted by selected GTFS trip frequency
FULLBUS00471,300,0.733,0.9,0.2,2005329,Full e-bus coverage scenario; route assignment weighted by selected GTFS trip frequency
FULLBUS00472,300,0.757,0.9,0.2,2005329,Full e-bus coverage scenario; route assignment weighted by selected GTFS trip frequency
FULLBUS00473,300,0.817,0.9,0.2,2005329,Full e-bus coverage scenario; route assignment weighted by selected GTFS trip frequency
FULLBUS00474,300,0.842,0.9,0.2,2005329,Full e-bus coverage scenario; route assignment weighted by selected GTFS trip frequency
FULLBUS00475,300,0.793,0.9,0.2,2005329,Full e-bus coverage scenario; route assignment weighted by selected GTFS trip frequency
FULLBUS00476,300,0.728,0.9,0.2,2005329,Full e-bus coverage scenario; route assignment weighted by selected GTFS trip frequency
FULLBUS00477,300,0.873,0.9,0.2,2005329,Full e-bus coverage scenario; route assignment weighted by selected GTFS trip frequency
FULLBUS00478,300,0.756,0.9,0.2,2005329,Full e-bus coverage scenario; route assignment weighted by selected GTFS trip frequency
FULLBUS00479,300,0.869,0.9,0.2,2008850,Full e-bus coverage scenario; route assignment weighted by selected GTFS trip frequency
FULLBUS00480,300,0.847,0.9,0.2,2008850,Full e-bus coverage scenario; route assignment weighted by selected GTFS trip frequency
FULLBUS00481,300,0.855,0.9,0.2,2008850,Full e-bus coverage scenario; route assignment weighted by selected GTFS trip frequency
FULLBUS00482,300,0.789,0.9,0.2,2008850,Full e-bus coverage scenario; route assignment weighted by selected GTFS trip frequency
FULLBUS00483,300,0.854,0.9,0.2,2008850,Full e-bus coverage scenario; route assignment weighted by selected GTFS trip frequency
FULLBUS00484,300,0.806,0.9,0.2,2008850,Full e-bus coverage scenario; route assignment weighted by selected GTFS trip frequency
FULLBUS00485,300,0.871,0.9,0.2,2008850,Full e-bus coverage scenario; route assignment weighted by selected GTFS trip frequency
FULLBUS00486,300,0.782,0.9,0.2,2008850,Full e-bus coverage scenario; route assignment weighted by selected GTFS trip frequency
FULLBUS00487,300,0.779,0.9,0.2,2008850,Full e-bus coverage scenario; route assignment weighted by selected GTFS trip frequency
FULLBUS00488,300,0.791,0.9,0.2,2008850,Full e-bus coverage scenario; route assignment weighted by selected GTFS trip frequency
FULLBUS00489,300,0.855,0.9,0.2,2008850,Full e-bus coverage scenario; route assignment weighted by selected GTFS trip frequency
FULLBUS00490,300,0.821,0.9,0.2,2008850,Full e-bus coverage scenario; route assignment weighted by selected GTFS trip frequency
FULLBUS00491,300,0.75,0.9,0.2,2008850,Full e-bus coverage scenario; route assignment weighted by selected GTFS trip frequency
FULLBUS00492,300,0.855,0.9,0.2,2008850,Full e-bus coverage scenario; route assignment weighted by selected GTFS trip frequency
FULLBUS00493,300,0.755,0.9,0.2,2008850,Full e-bus coverage scenario; route assignment weighted by selected GTFS trip frequency
FULLBUS00494,300,0.736,0.9,0.2,2008850,Full e-bus coverage scenario; route assignment weighted by selected GTFS trip frequency
FULLBUS00495,300,0.782,0.9,0.2,2008850,Full e-bus coverage scenario; route assignment weighted by selected GTFS trip frequency
FULLBUS00496,300,0.827,0.9,0.2,2008850,Full e-bus coverage scenario; route assignment weighted by selected GTFS trip frequency
FULLBUS00497,300,0.807,0.9,0.2,2008850,Full e-bus coverage scenario; route assignment weighted by selected GTFS trip frequency
FULLBUS00498,300,0.856,0.9,0.2,2008850,Full e-bus coverage scenario; route assignment weighted by selected GTFS trip frequency
FULLBUS00499,300,0.758,0.9,0.2,2008850,Full e-bus coverage scenario; route assignment weighted by selected GTFS trip frequency
FULLBUS00500,300,0.836,0.9,0.2,2006609,Full e-bus coverage scenario; route assignment weighted by selected GTFS trip frequency
FULLBUS00501,300,0.792,0.9,0.2,2006609,Full e-bus coverage scenario; route assignment weighted by selected GTFS trip frequency
FULLBUS00502,300,0.831,0.9,0.2,2006609,Full e-bus coverage scenario; route assignment weighted by selected GTFS trip frequency
FULLBUS00503,300,0.737,0.9,0.2,2006609,Full e-bus coverage scenario; route assignment weighted by selected GTFS trip frequency
FULLBUS00504,300,0.876,0.9,0.2,2006609,Full e-bus coverage scenario; route assignment weighted by selected GTFS trip frequency
FULLBUS00505,300,0.749,0.9,0.2,2006609,Full e-bus coverage scenario; route assignment weighted by selected GTFS trip frequency
FULLBUS00506,300,0.771,0.9,0.2,2006609,Full e-bus coverage scenario; route assignment weighted by selected GTFS trip frequency
FULLBUS00507,300,0.774,0.9,0.2,2006609,Full e-bus coverage scenario; route assignment weighted by selected GTFS trip frequency
FULLBUS00508,300,0.875,0.9,0.2,2006609,Full e-bus coverage scenario; route assignment weighted by selected GTFS trip frequency
FULLBUS00509,300,0.879,0.9,0.2,2006609,Full e-bus coverage scenario; route assignment weighted by selected GTFS trip frequency
FULLBUS00510,300,0.813,0.9,0.2,2006609,Full e-bus coverage scenario; route assignment weighted by selected GTFS trip frequency
FULLBUS00511,300,0.875,0.9,0.2,2006609,Full e-bus coverage scenario; route assignment weighted by selected GTFS trip frequency
FULLBUS00512,300,0.841,0.9,0.2,2006609,Full e-bus coverage scenario; route assignment weighted by selected GTFS trip frequency
FULLBUS00513,300,0.775,0.9,0.2,2006609,Full e-bus coverage scenario; route assignment weighted by selected GTFS trip frequency
FULLBUS00514,300,0.789,0.9,0.2,2006609,Full e-bus coverage scenario; route assignment weighted by selected GTFS trip frequency
FULLBUS00515,300,0.738,0.9,0.2,2006609,Full e-bus coverage scenario; route assignment weighted by selected GTFS trip frequency
FULLBUS00516,300,0.866,0.9,0.2,2006609,Full e-bus coverage scenario; route assignment weighted by selected GTFS trip frequency
FULLBUS00517,300,0.864,0.9,0.2,2006609,Full e-bus coverage scenario; route assignment weighted by selected GTFS trip frequency
FULLBUS00518,300,0.745,0.9,0.2,2006609,Full e-bus coverage scenario; route assignment weighted by selected GTFS trip frequency
FULLBUS00519,300,0.863,0.9,0.2,2006609,Full e-bus coverage scenario; route assignment weighted by selected GTFS trip frequency
FULLBUS00520,300,0.84,0.9,0.2,2006609,Full e-bus coverage scenario; route assignment weighted by selected GTFS trip frequency
FULLBUS00521,300,0.876,0.9,0.2,2003685,Full e-bus coverage scenario; route assignment weighted by selected GTFS trip frequency
FULLBUS00522,300,0.807,0.9,0.2,2003685,Full e-bus coverage scenario; route assignment weighted by selected GTFS trip frequency
FULLBUS00523,300,0.779,0.9,0.2,2003685,Full e-bus coverage scenario; route assignment weighted by selected GTFS trip frequency
FULLBUS00524,300,0.82,0.9,0.2,2003685,Full e-bus coverage scenario; route assignment weighted by selected GTFS trip frequency
FULLBUS00525,300,0.832,0.9,0.2,2003685,Full e-bus coverage scenario; route assignment weighted by selected GTFS trip frequency
FULLBUS00526,300,0.778,0.9,0.2,2003685,Full e-bus coverage scenario; route assignment weighted by selected GTFS trip frequency
FULLBUS00527,300,0.82,0.9,0.2,2003685,Full e-bus coverage scenario; route assignment weighted by selected GTFS trip frequency
FULLBUS00528,300,0.781,0.9,0.2,2003685,Full e-bus coverage scenario; route assignment weighted by selected GTFS trip frequency
FULLBUS00529,300,0.874,0.9,0.2,2003685,Full e-bus coverage scenario; route assignment weighted by selected GTFS trip frequency
FULLBUS00530,300,0.783,0.9,0.2,2003685,Full e-bus coverage scenario; route assignment weighted by selected GTFS trip frequency
FULLBUS00531,300,0.747,0.9,0.2,2003685,Full e-bus coverage scenario; route assignment weighted by selected GTFS trip frequency
FULLBUS00532,300,0.801,0.9,0.2,2003685,Full e-bus coverage scenario; route assignment weighted by selected GTFS trip frequency
FULLBUS00533,300,0.785,0.9,0.2,2003685,Full e-bus coverage scenario; route assignment weighted by selected GTFS trip frequency
FULLBUS00534,300,0.783,0.9,0.2,2003685,Full e-bus coverage scenario; route assignment weighted by selected GTFS trip frequency
FULLBUS00535,300,0.775,0.9,0.2,2003685,Full e-bus coverage scenario; route assignment weighted by selected GTFS trip frequency
FULLBUS00536,300,0.75,0.9,0.2,2003685,Full e-bus coverage scenario; route assignment weighted by selected GTFS trip frequency
FULLBUS00537,300,0.825,0.9,0.2,2003685,Full e-bus coverage scenario; route assignment weighted by selected GTFS trip frequency
FULLBUS00538,300,0.866,0.9,0.2,2003685,Full e-bus coverage scenario; route assignment weighted by selected GTFS trip frequency
FULLBUS00539,300,0.748,0.9,0.2,2003685,Full e-bus coverage scenario; route assignment weighted by selected GTFS trip frequency
FULLBUS00540,300,0.793,0.9,0.2,2003685,Full e-bus coverage scenario; route assignment weighted by selected GTFS trip frequency
FULLBUS00541,300,0.853,0.9,0.2,2003966,Full e-bus coverage scenario; route assignment weighted by selected GTFS trip frequency
FULLBUS00542,300,0.845,0.9,0.2,2003966,Full e-bus coverage scenario; route assignment weighted by selected GTFS trip frequency
FULLBUS00543,300,0.724,0.9,0.2,2003966,Full e-bus coverage scenario; route assignment weighted by selected GTFS trip frequency
FULLBUS00544,300,0.778,0.9,0.2,2003966,Full e-bus coverage scenario; route assignment weighted by selected GTFS trip frequency
FULLBUS00545,300,0.745,0.9,0.2,2003966,Full e-bus coverage scenario; route assignment weighted by selected GTFS trip frequency
FULLBUS00546,300,0.782,0.9,0.2,2003966,Full e-bus coverage scenario; route assignment weighted by selected GTFS trip frequency
FULLBUS00547,300,0.867,0.9,0.2,2003966,Full e-bus coverage scenario; route assignment weighted by selected GTFS trip frequency
FULLBUS00548,300,0.835,0.9,0.2,2003966,Full e-bus coverage scenario; route assignment weighted by selected GTFS trip frequency
FULLBUS00549,300,0.827,0.9,0.2,2003966,Full e-bus coverage scenario; route assignment weighted by selected GTFS trip frequency
FULLBUS00550,300,0.759,0.9,0.2,2003966,Full e-bus coverage scenario; route assignment weighted by selected GTFS trip frequency
FULLBUS00551,300,0.771,0.9,0.2,2003966,Full e-bus coverage scenario; route assignment weighted by selected GTFS trip frequency
FULLBUS00552,300,0.856,0.9,0.2,2003966,Full e-bus coverage scenario; route assignment weighted by selected GTFS trip frequency
FULLBUS00553,300,0.777,0.9,0.2,2003966,Full e-bus coverage scenario; route assignment weighted by selected GTFS trip frequency
FULLBUS00554,300,0.816,0.9,0.2,2003966,Full e-bus coverage scenario; route assignment weighted by selected GTFS trip frequency
FULLBUS00555,300,0.79,0.9,0.2,2003966,Full e-bus coverage scenario; route assignment weighted by selected GTFS trip frequency
FULLBUS00556,300,0.839,0.9,0.2,2003966,Full e-bus coverage scenario; route assignment weighted by selected GTFS trip frequency
FULLBUS00557,300,0.823,0.9,0.2,2003966,Full e-bus coverage scenario; route assignment weighted by selected GTFS trip frequency
FULLBUS00558,300,0.815,0.9,0.2,2003966,Full e-bus coverage scenario; route assignment weighted by selected GTFS trip frequency
FULLBUS00559,300,0.772,0.9,0.2,2003966,Full e-bus coverage scenario; route assignment weighted by selected GTFS trip frequency
FULLBUS00560,300,0.812,0.9,0.2,2003966,Full e-bus coverage scenario; route assignment weighted by selected GTFS trip frequency
FULLBUS00561,300,0.735,0.9,0.2,1249,Full e-bus coverage scenario; route assignment weighted by selected GTFS trip frequency
FULLBUS00562,300,0.842,0.9,0.2,1249,Full e-bus coverage scenario; route assignment weighted by selected GTFS trip frequency
FULLBUS00563,300,0.786,0.9,0.2,1249,Full e-bus coverage scenario; route assignment weighted by selected GTFS trip frequency
FULLBUS00564,300,0.872,0.9,0.2,1249,Full e-bus coverage scenario; route assignment weighted by selected GTFS trip frequency
FULLBUS00565,300,0.877,0.9,0.2,1249,Full e-bus coverage scenario; route assignment weighted by selected GTFS trip frequency
FULLBUS00566,300,0.772,0.9,0.2,1249,Full e-bus coverage scenario; route assignment weighted by selected GTFS trip frequency
FULLBUS00567,300,0.839,0.9,0.2,1249,Full e-bus coverage scenario; route assignment weighted by selected GTFS trip frequency
FULLBUS00568,300,0.736,0.9,0.2,1249,Full e-bus coverage scenario; route assignment weighted by selected GTFS trip frequency
FULLBUS00569,300,0.87,0.9,0.2,1249,Full e-bus coverage scenario; route assignment weighted by selected GTFS trip frequency
FULLBUS00570,300,0.819,0.9,0.2,1249,Full e-bus coverage scenario; route assignment weighted by selected GTFS trip frequency
FULLBUS00571,300,0.734,0.9,0.2,1249,Full e-bus coverage scenario; route assignment weighted by selected GTFS trip frequency
FULLBUS00572,300,0.823,0.9,0.2,1249,Full e-bus coverage scenario; route assignment weighted by selected GTFS trip frequency
FULLBUS00573,300,0.827,0.9,0.2,1249,Full e-bus coverage scenario; route assignment weighted by selected GTFS trip frequency
FULLBUS00574,300,0.823,0.9,0.2,1249,Full e-bus coverage scenario; route assignment weighted by selected GTFS trip frequency
FULLBUS00575,300,0.831,0.9,0.2,1249,Full e-bus coverage scenario; route assignment weighted by selected GTFS trip frequency
FULLBUS00576,300,0.792,0.9,0.2,1249,Full e-bus coverage scenario; route assignment weighted by selected GTFS trip frequency
FULLBUS00577,300,0.738,0.9,0.2,1249,Full e-bus coverage scenario; route assignment weighted by selected GTFS trip frequency
FULLBUS00578,300,0.775,0.9,0.2,1249,Full e-bus coverage scenario; route assignment weighted by selected GTFS trip frequency
FULLBUS00579,300,0.877,0.9,0.2,1249,Full e-bus coverage scenario; route assignment weighted by selected GTFS trip frequency
FULLBUS00580,300,0.821,0.9,0.2,1424,Full e-bus coverage scenario; route assignment weighted by selected GTFS trip frequency
FULLBUS00581,300,0.753,0.9,0.2,1424,Full e-bus coverage scenario; route assignment weighted by selected GTFS trip frequency
FULLBUS00582,300,0.804,0.9,0.2,1424,Full e-bus coverage scenario; route assignment weighted by selected GTFS trip frequency
FULLBUS00583,300,0.826,0.9,0.2,1424,Full e-bus coverage scenario; route assignment weighted by selected GTFS trip frequency
FULLBUS00584,300,0.797,0.9,0.2,1424,Full e-bus coverage scenario; route assignment weighted by selected GTFS trip frequency
FULLBUS00585,300,0.853,0.9,0.2,1424,Full e-bus coverage scenario; route assignment weighted by selected GTFS trip frequency
FULLBUS00586,300,0.812,0.9,0.2,1424,Full e-bus coverage scenario; route assignment weighted by selected GTFS trip frequency
FULLBUS00587,300,0.867,0.9,0.2,1424,Full e-bus coverage scenario; route assignment weighted by selected GTFS trip frequency
FULLBUS00588,300,0.84,0.9,0.2,1424,Full e-bus coverage scenario; route assignment weighted by selected GTFS trip frequency
FULLBUS00589,300,0.848,0.9,0.2,1424,Full e-bus coverage scenario; route assignment weighted by selected GTFS trip frequency
FULLBUS00590,300,0.854,0.9,0.2,1424,Full e-bus coverage scenario; route assignment weighted by selected GTFS trip frequency
FULLBUS00591,300,0.802,0.9,0.2,1424,Full e-bus coverage scenario; route assignment weighted by selected GTFS trip frequency
FULLBUS00592,300,0.8,0.9,0.2,1424,Full e-bus coverage scenario; route assignment weighted by selected GTFS trip frequency
FULLBUS00593,300,0.832,0.9,0.2,1424,Full e-bus coverage scenario; route assignment weighted by selected GTFS trip frequency
FULLBUS00594,300,0.727,0.9,0.2,1424,Full e-bus coverage scenario; route assignment weighted by selected GTFS trip frequency
FULLBUS00595,300,0.805,0.9,0.2,1424,Full e-bus coverage scenario; route assignment weighted by selected GTFS trip frequency
FULLBUS00596,300,0.864,0.9,0.2,1424,Full e-bus coverage scenario; route assignment weighted by selected GTFS trip frequency
FULLBUS00597,300,0.865,0.9,0.2,1424,Full e-bus coverage scenario; route assignment weighted by selected GTFS trip frequency
FULLBUS00598,300,0.861,0.9,0.2,1424,Full e-bus coverage scenario; route assignment weighted by selected GTFS trip frequency
FULLBUS00599,300,0.778,0.9,0.2,2008062,Full e-bus coverage scenario; route assignment weighted by selected GTFS trip frequency
FULLBUS00600,300,0.853,0.9,0.2,2008062,Full e-bus coverage scenario; route assignment weighted by selected GTFS trip frequency
FULLBUS00601,300,0.799,0.9,0.2,2008062,Full e-bus coverage scenario; route assignment weighted by selected GTFS trip frequency
FULLBUS00602,300,0.813,0.9,0.2,2008062,Full e-bus coverage scenario; route assignment weighted by selected GTFS trip frequency
FULLBUS00603,300,0.878,0.9,0.2,2008062,Full e-bus coverage scenario; route assignment weighted by selected GTFS trip frequency
FULLBUS00604,300,0.824,0.9,0.2,2008062,Full e-bus coverage scenario; route assignment weighted by selected GTFS trip frequency
FULLBUS00605,300,0.73,0.9,0.2,2008062,Full e-bus coverage scenario; route assignment weighted by selected GTFS trip frequency
FULLBUS00606,300,0.772,0.9,0.2,2008062,Full e-bus coverage scenario; route assignment weighted by selected GTFS trip frequency
FULLBUS00607,300,0.741,0.9,0.2,2008062,Full e-bus coverage scenario; route assignment weighted by selected GTFS trip frequency
FULLBUS00608,300,0.753,0.9,0.2,2008062,Full e-bus coverage scenario; route assignment weighted by selected GTFS trip frequency
FULLBUS00609,300,0.774,0.9,0.2,2008062,Full e-bus coverage scenario; route assignment weighted by selected GTFS trip frequency
FULLBUS00610,300,0.85,0.9,0.2,2008062,Full e-bus coverage scenario; route assignment weighted by selected GTFS trip frequency
FULLBUS00611,300,0.813,0.9,0.2,2008062,Full e-bus coverage scenario; route assignment weighted by selected GTFS trip frequency
FULLBUS00612,300,0.818,0.9,0.2,2008062,Full e-bus coverage scenario; route assignment weighted by selected GTFS trip frequency
FULLBUS00613,300,0.781,0.9,0.2,2008062,Full e-bus coverage scenario; route assignment weighted by selected GTFS trip frequency
FULLBUS00614,300,0.871,0.9,0.2,2008062,Full e-bus coverage scenario; route assignment weighted by selected GTFS trip frequency
FULLBUS00615,300,0.766,0.9,0.2,2008062,Full e-bus coverage scenario; route assignment weighted by selected GTFS trip frequency
FULLBUS00616,300,0.867,0.9,0.2,2008062,Full e-bus coverage scenario; route assignment weighted by selected GTFS trip frequency
FULLBUS00617,300,0.847,0.9,0.2,2008062,Full e-bus coverage scenario; route assignment weighted by selected GTFS trip frequency
FULLBUS00618,300,0.833,0.9,0.2,2008002,Full e-bus coverage scenario; route assignment weighted by selected GTFS trip frequency
FULLBUS00619,300,0.746,0.9,0.2,2008002,Full e-bus coverage scenario; route assignment weighted by selected GTFS trip frequency
FULLBUS00620,300,0.798,0.9,0.2,2008002,Full e-bus coverage scenario; route assignment weighted by selected GTFS trip frequency
FULLBUS00621,300,0.758,0.9,0.2,2008002,Full e-bus coverage scenario; route assignment weighted by selected GTFS trip frequency
FULLBUS00622,300,0.84,0.9,0.2,2008002,Full e-bus coverage scenario; route assignment weighted by selected GTFS trip frequency
FULLBUS00623,300,0.812,0.9,0.2,2008002,Full e-bus coverage scenario; route assignment weighted by selected GTFS trip frequency
FULLBUS00624,300,0.789,0.9,0.2,2008002,Full e-bus coverage scenario; route assignment weighted by selected GTFS trip frequency
FULLBUS00625,300,0.824,0.9,0.2,2008002,Full e-bus coverage scenario; route assignment weighted by selected GTFS trip frequency
FULLBUS00626,300,0.789,0.9,0.2,2008002,Full e-bus coverage scenario; route assignment weighted by selected GTFS trip frequency
FULLBUS00627,300,0.879,0.9,0.2,2008002,Full e-bus coverage scenario; route assignment weighted by selected GTFS trip frequency
FULLBUS00628,300,0.759,0.9,0.2,2008002,Full e-bus coverage scenario; route assignment weighted by selected GTFS trip frequency
FULLBUS00629,300,0.876,0.9,0.2,2008002,Full e-bus coverage scenario; route assignment weighted by selected GTFS trip frequency
FULLBUS00630,300,0.798,0.9,0.2,2008002,Full e-bus coverage scenario; route assignment weighted by selected GTFS trip frequency
FULLBUS00631,300,0.807,0.9,0.2,2008002,Full e-bus coverage scenario; route assignment weighted by selected GTFS trip frequency
FULLBUS00632,300,0.858,0.9,0.2,2008002,Full e-bus coverage scenario; route assignment weighted by selected GTFS trip frequency
FULLBUS00633,300,0.784,0.9,0.2,2008002,Full e-bus coverage scenario; route assignment weighted by selected GTFS trip frequency
FULLBUS00634,300,0.867,0.9,0.2,2008002,Full e-bus coverage scenario; route assignment weighted by selected GTFS trip frequency
FULLBUS00635,300,0.871,0.9,0.2,2008002,Full e-bus coverage scenario; route assignment weighted by selected GTFS trip frequency
FULLBUS00636,300,0.783,0.9,0.2,2000988,Full e-bus coverage scenario; route assignment weighted by selected GTFS trip frequency
FULLBUS00637,300,0.829,0.9,0.2,2000988,Full e-bus coverage scenario; route assignment weighted by selected GTFS trip frequency
FULLBUS00638,300,0.769,0.9,0.2,2000988,Full e-bus coverage scenario; route assignment weighted by selected GTFS trip frequency
FULLBUS00639,300,0.794,0.9,0.2,2000988,Full e-bus coverage scenario; route assignment weighted by selected GTFS trip frequency
FULLBUS00640,300,0.731,0.9,0.2,2000988,Full e-bus coverage scenario; route assignment weighted by selected GTFS trip frequency
FULLBUS00641,300,0.787,0.9,0.2,2000988,Full e-bus coverage scenario; route assignment weighted by selected GTFS trip frequency
FULLBUS00642,300,0.792,0.9,0.2,2000988,Full e-bus coverage scenario; route assignment weighted by selected GTFS trip frequency
FULLBUS00643,300,0.747,0.9,0.2,2000988,Full e-bus coverage scenario; route assignment weighted by selected GTFS trip frequency
FULLBUS00644,300,0.841,0.9,0.2,2000988,Full e-bus coverage scenario; route assignment weighted by selected GTFS trip frequency
FULLBUS00645,300,0.864,0.9,0.2,2000988,Full e-bus coverage scenario; route assignment weighted by selected GTFS trip frequency
FULLBUS00646,300,0.849,0.9,0.2,2000988,Full e-bus coverage scenario; route assignment weighted by selected GTFS trip frequency
FULLBUS00647,300,0.858,0.9,0.2,2000988,Full e-bus coverage scenario; route assignment weighted by selected GTFS trip frequency
FULLBUS00648,300,0.856,0.9,0.2,2000988,Full e-bus coverage scenario; route assignment weighted by selected GTFS trip frequency
FULLBUS00649,300,0.731,0.9,0.2,2000988,Full e-bus coverage scenario; route assignment weighted by selected GTFS trip frequency
FULLBUS00650,300,0.763,0.9,0.2,2000988,Full e-bus coverage scenario; route assignment weighted by selected GTFS trip frequency
FULLBUS00651,300,0.825,0.9,0.2,2000988,Full e-bus coverage scenario; route assignment weighted by selected GTFS trip frequency
FULLBUS00652,300,0.727,0.9,0.2,2000988,Full e-bus coverage scenario; route assignment weighted by selected GTFS trip frequency
FULLBUS00653,300,0.811,0.9,0.2,2000988,Full e-bus coverage scenario; route assignment weighted by selected GTFS trip frequency
FULLBUS00654,300,0.82,0.9,0.2,2003273,Full e-bus coverage scenario; route assignment weighted by selected GTFS trip frequency
FULLBUS00655,300,0.784,0.9,0.2,2003273,Full e-bus coverage scenario; route assignment weighted by selected GTFS trip frequency
FULLBUS00656,300,0.769,0.9,0.2,2003273,Full e-bus coverage scenario; route assignment weighted by selected GTFS trip frequency
FULLBUS00657,300,0.768,0.9,0.2,2003273,Full e-bus coverage scenario; route assignment weighted by selected GTFS trip frequency
FULLBUS00658,300,0.769,0.9,0.2,2003273,Full e-bus coverage scenario; route assignment weighted by selected GTFS trip frequency
FULLBUS00659,300,0.844,0.9,0.2,2003273,Full e-bus coverage scenario; route assignment weighted by selected GTFS trip frequency
FULLBUS00660,300,0.791,0.9,0.2,2003273,Full e-bus coverage scenario; route assignment weighted by selected GTFS trip frequency
FULLBUS00661,300,0.842,0.9,0.2,2003273,Full e-bus coverage scenario; route assignment weighted by selected GTFS trip frequency
FULLBUS00662,300,0.877,0.9,0.2,2003273,Full e-bus coverage scenario; route assignment weighted by selected GTFS trip frequency
FULLBUS00663,300,0.798,0.9,0.2,2003273,Full e-bus coverage scenario; route assignment weighted by selected GTFS trip frequency
FULLBUS00664,300,0.851,0.9,0.2,2003273,Full e-bus coverage scenario; route assignment weighted by selected GTFS trip frequency
FULLBUS00665,300,0.85,0.9,0.2,2003273,Full e-bus coverage scenario; route assignment weighted by selected GTFS trip frequency
FULLBUS00666,300,0.864,0.9,0.2,2003273,Full e-bus coverage scenario; route assignment weighted by selected GTFS trip frequency
FULLBUS00667,300,0.802,0.9,0.2,2003273,Full e-bus coverage scenario; route assignment weighted by selected GTFS trip frequency
FULLBUS00668,300,0.721,0.9,0.2,2003273,Full e-bus coverage scenario; route assignment weighted by selected GTFS trip frequency
FULLBUS00669,300,0.847,0.9,0.2,2003273,Full e-bus coverage scenario; route assignment weighted by selected GTFS trip frequency
FULLBUS00670,300,0.816,0.9,0.2,2003273,Full e-bus coverage scenario; route assignment weighted by selected GTFS trip frequency
FULLBUS00671,300,0.827,0.9,0.2,2003273,Full e-bus coverage scenario; route assignment weighted by selected GTFS trip frequency
FULLBUS00672,300,0.782,0.9,0.2,2003999,Full e-bus coverage scenario; route assignment weighted by selected GTFS trip frequency
FULLBUS00673,300,0.747,0.9,0.2,2003999,Full e-bus coverage scenario; route assignment weighted by selected GTFS trip frequency
FULLBUS00674,300,0.794,0.9,0.2,2003999,Full e-bus coverage scenario; route assignment weighted by selected GTFS trip frequency
FULLBUS00675,300,0.725,0.9,0.2,2003999,Full e-bus coverage scenario; route assignment weighted by selected GTFS trip frequency
FULLBUS00676,300,0.789,0.9,0.2,2003999,Full e-bus coverage scenario; route assignment weighted by selected GTFS trip frequency
FULLBUS00677,300,0.873,0.9,0.2,2003999,Full e-bus coverage scenario; route assignment weighted by selected GTFS trip frequency
FULLBUS00678,300,0.852,0.9,0.2,2003999,Full e-bus coverage scenario; route assignment weighted by selected GTFS trip frequency
FULLBUS00679,300,0.852,0.9,0.2,2003999,Full e-bus coverage scenario; route assignment weighted by selected GTFS trip frequency
FULLBUS00680,300,0.862,0.9,0.2,2003999,Full e-bus coverage scenario; route assignment weighted by selected GTFS trip frequency
FULLBUS00681,300,0.87,0.9,0.2,2003999,Full e-bus coverage scenario; route assignment weighted by selected GTFS trip frequency
FULLBUS00682,300,0.841,0.9,0.2,2003999,Full e-bus coverage scenario; route assignment weighted by selected GTFS trip frequency
FULLBUS00683,300,0.78,0.9,0.2,2003999,Full e-bus coverage scenario; route assignment weighted by selected GTFS trip frequency
FULLBUS00684,300,0.752,0.9,0.2,2003999,Full e-bus coverage scenario; route assignment weighted by selected GTFS trip frequency
FULLBUS00685,300,0.803,0.9,0.2,2003999,Full e-bus coverage scenario; route assignment weighted by selected GTFS trip frequency
FULLBUS00686,300,0.877,0.9,0.2,2003999,Full e-bus coverage scenario; route assignment weighted by selected GTFS trip frequency
FULLBUS00687,300,0.87,0.9,0.2,2003999,Full e-bus coverage scenario; route assignment weighted by selected GTFS trip frequency
FULLBUS00688,300,0.82,0.9,0.2,2003999,Full e-bus coverage scenario; route assignment weighted by selected GTFS trip frequency
FULLBUS00689,300,0.735,0.9,0.2,2003999,Full e-bus coverage scenario; route assignment weighted by selected GTFS trip frequency
FULLBUS00690,300,0.794,0.9,0.2,2003505,Full e-bus coverage scenario; route assignment weighted by selected GTFS trip frequency
FULLBUS00691,300,0.799,0.9,0.2,2003505,Full e-bus coverage scenario; route assignment weighted by selected GTFS trip frequency
FULLBUS00692,300,0.761,0.9,0.2,2003505,Full e-bus coverage scenario; route assignment weighted by selected GTFS trip frequency
FULLBUS00693,300,0.769,0.9,0.2,2003505,Full e-bus coverage scenario; route assignment weighted by selected GTFS trip frequency
FULLBUS00694,300,0.801,0.9,0.2,2003505,Full e-bus coverage scenario; route assignment weighted by selected GTFS trip frequency
FULLBUS00695,300,0.781,0.9,0.2,2003505,Full e-bus coverage scenario; route assignment weighted by selected GTFS trip frequency
FULLBUS00696,300,0.759,0.9,0.2,2003505,Full e-bus coverage scenario; route assignment weighted by selected GTFS trip frequency
FULLBUS00697,300,0.741,0.9,0.2,2003505,Full e-bus coverage scenario; route assignment weighted by selected GTFS trip frequency
FULLBUS00698,300,0.763,0.9,0.2,2003505,Full e-bus coverage scenario; route assignment weighted by selected GTFS trip frequency
FULLBUS00699,300,0.785,0.9,0.2,2003505,Full e-bus coverage scenario; route assignment weighted by selected GTFS trip frequency
FULLBUS00700,300,0.732,0.9,0.2,2003505,Full e-bus coverage scenario; route assignment weighted by selected GTFS trip frequency
FULLBUS00701,300,0.876,0.9,0.2,2003505,Full e-bus coverage scenario; route assignment weighted by selected GTFS trip frequency
FULLBUS00702,300,0.852,0.9,0.2,2003505,Full e-bus coverage scenario; route assignment weighted by selected GTFS trip frequency
FULLBUS00703,300,0.753,0.9,0.2,2003505,Full e-bus coverage scenario; route assignment weighted by selected GTFS trip frequency
FULLBUS00704,300,0.848,0.9,0.2,2003505,Full e-bus coverage scenario; route assignment weighted by selected GTFS trip frequency
FULLBUS00705,300,0.849,0.9,0.2,2003505,Full e-bus coverage scenario; route assignment weighted by selected GTFS trip frequency
FULLBUS00706,300,0.806,0.9,0.2,2003505,Full e-bus coverage scenario; route assignment weighted by selected GTFS trip frequency
FULLBUS00707,300,0.804,0.9,0.2,2003505,Full e-bus coverage scenario; route assignment weighted by selected GTFS trip frequency
FULLBUS00708,300,0.836,0.9,0.2,2002320,Full e-bus coverage scenario; route assignment weighted by selected GTFS trip frequency
FULLBUS00709,300,0.864,0.9,0.2,2002320,Full e-bus coverage scenario; route assignment weighted by selected GTFS trip frequency
FULLBUS00710,300,0.854,0.9,0.2,2002320,Full e-bus coverage scenario; route assignment weighted by selected GTFS trip frequency
FULLBUS00711,300,0.813,0.9,0.2,2002320,Full e-bus coverage scenario; route assignment weighted by selected GTFS trip frequency
FULLBUS00712,300,0.8,0.9,0.2,2002320,Full e-bus coverage scenario; route assignment weighted by selected GTFS trip frequency
FULLBUS00713,300,0.797,0.9,0.2,2002320,Full e-bus coverage scenario; route assignment weighted by selected GTFS trip frequency
FULLBUS00714,300,0.727,0.9,0.2,2002320,Full e-bus coverage scenario; route assignment weighted by selected GTFS trip frequency
FULLBUS00715,300,0.809,0.9,0.2,2002320,Full e-bus coverage scenario; route assignment weighted by selected GTFS trip frequency
FULLBUS00716,300,0.864,0.9,0.2,2002320,Full e-bus coverage scenario; route assignment weighted by selected GTFS trip frequency
FULLBUS00717,300,0.805,0.9,0.2,2002320,Full e-bus coverage scenario; route assignment weighted by selected GTFS trip frequency
FULLBUS00718,300,0.813,0.9,0.2,2002320,Full e-bus coverage scenario; route assignment weighted by selected GTFS trip frequency
FULLBUS00719,300,0.851,0.9,0.2,2002320,Full e-bus coverage scenario; route assignment weighted by selected GTFS trip frequency
FULLBUS00720,300,0.77,0.9,0.2,2002320,Full e-bus coverage scenario; route assignment weighted by selected GTFS trip frequency
FULLBUS00721,300,0.813,0.9,0.2,2002320,Full e-bus coverage scenario; route assignment weighted by selected GTFS trip frequency
FULLBUS00722,300,0.789,0.9,0.2,2002320,Full e-bus coverage scenario; route assignment weighted by selected GTFS trip frequency
FULLBUS00723,300,0.855,0.9,0.2,2002320,Full e-bus coverage scenario; route assignment weighted by selected GTFS trip frequency
FULLBUS00724,300,0.858,0.9,0.2,2002320,Full e-bus coverage scenario; route assignment weighted by selected GTFS trip frequency
FULLBUS00725,300,0.73,0.9,0.2,2002320,Full e-bus coverage scenario; route assignment weighted by selected GTFS trip frequency
FULLBUS00726,300,0.797,0.9,0.2,2003504,Full e-bus coverage scenario; route assignment weighted by selected GTFS trip frequency
FULLBUS00727,300,0.872,0.9,0.2,2003504,Full e-bus coverage scenario; route assignment weighted by selected GTFS trip frequency
FULLBUS00728,300,0.771,0.9,0.2,2003504,Full e-bus coverage scenario; route assignment weighted by selected GTFS trip frequency
FULLBUS00729,300,0.877,0.9,0.2,2003504,Full e-bus coverage scenario; route assignment weighted by selected GTFS trip frequency
FULLBUS00730,300,0.842,0.9,0.2,2003504,Full e-bus coverage scenario; route assignment weighted by selected GTFS trip frequency
FULLBUS00731,300,0.871,0.9,0.2,2003504,Full e-bus coverage scenario; route assignment weighted by selected GTFS trip frequency
FULLBUS00732,300,0.858,0.9,0.2,2003504,Full e-bus coverage scenario; route assignment weighted by selected GTFS trip frequency
FULLBUS00733,300,0.766,0.9,0.2,2003504,Full e-bus coverage scenario; route assignment weighted by selected GTFS trip frequency
FULLBUS00734,300,0.747,0.9,0.2,2003504,Full e-bus coverage scenario; route assignment weighted by selected GTFS trip frequency
FULLBUS00735,300,0.777,0.9,0.2,2003504,Full e-bus coverage scenario; route assignment weighted by selected GTFS trip frequency
FULLBUS00736,300,0.821,0.9,0.2,2003504,Full e-bus coverage scenario; route assignment weighted by selected GTFS trip frequency
FULLBUS00737,300,0.867,0.9,0.2,2003504,Full e-bus coverage scenario; route assignment weighted by selected GTFS trip frequency
FULLBUS00738,300,0.739,0.9,0.2,2003504,Full e-bus coverage scenario; route assignment weighted by selected GTFS trip frequency
FULLBUS00739,300,0.872,0.9,0.2,2003504,Full e-bus coverage scenario; route assignment weighted by selected GTFS trip frequency
FULLBUS00740,300,0.728,0.9,0.2,2003504,Full e-bus coverage scenario; route assignment weighted by selected GTFS trip frequency
FULLBUS00741,300,0.736,0.9,0.2,2003504,Full e-bus coverage scenario; route assignment weighted by selected GTFS trip frequency
FULLBUS00742,300,0.762,0.9,0.2,2003504,Full e-bus coverage scenario; route assignment weighted by selected GTFS trip frequency
FULLBUS00743,300,0.88,0.9,0.2,2003504,Full e-bus coverage scenario; route assignment weighted by selected GTFS trip frequency
FULLBUS00744,300,0.768,0.9,0.2,2008003,Full e-bus coverage scenario; route assignment weighted by selected GTFS trip frequency
FULLBUS00745,300,0.864,0.9,0.2,2008003,Full e-bus coverage scenario; route assignment weighted by selected GTFS trip frequency
FULLBUS00746,300,0.829,0.9,0.2,2008003,Full e-bus coverage scenario; route assignment weighted by selected GTFS trip frequency
FULLBUS00747,300,0.785,0.9,0.2,2008003,Full e-bus coverage scenario; route assignment weighted by selected GTFS trip frequency
FULLBUS00748,300,0.806,0.9,0.2,2008003,Full e-bus coverage scenario; route assignment weighted by selected GTFS trip frequency
FULLBUS00749,300,0.84,0.9,0.2,2008003,Full e-bus coverage scenario; route assignment weighted by selected GTFS trip frequency
FULLBUS00750,300,0.826,0.9,0.2,2008003,Full e-bus coverage scenario; route assignment weighted by selected GTFS trip frequency
FULLBUS00751,300,0.731,0.9,0.2,2008003,Full e-bus coverage scenario; route assignment weighted by selected GTFS trip frequency
FULLBUS00752,300,0.795,0.9,0.2,2008003,Full e-bus coverage scenario; route assignment weighted by selected GTFS trip frequency
FULLBUS00753,300,0.837,0.9,0.2,2008003,Full e-bus coverage scenario; route assignment weighted by selected GTFS trip frequency
FULLBUS00754,300,0.746,0.9,0.2,2008003,Full e-bus coverage scenario; route assignment weighted by selected GTFS trip frequency
FULLBUS00755,300,0.825,0.9,0.2,2008003,Full e-bus coverage scenario; route assignment weighted by selected GTFS trip frequency
FULLBUS00756,300,0.738,0.9,0.2,2008003,Full e-bus coverage scenario; route assignment weighted by selected GTFS trip frequency
FULLBUS00757,300,0.852,0.9,0.2,2008003,Full e-bus coverage scenario; route assignment weighted by selected GTFS trip frequency
FULLBUS00758,300,0.788,0.9,0.2,2008003,Full e-bus coverage scenario; route assignment weighted by selected GTFS trip frequency
FULLBUS00759,300,0.721,0.9,0.2,2008003,Full e-bus coverage scenario; route assignment weighted by selected GTFS trip frequency
FULLBUS00760,300,0.865,0.9,0.2,2008003,Full e-bus coverage scenario; route assignment weighted by selected GTFS trip frequency
FULLBUS00761,300,0.855,0.9,0.2,2001227,Full e-bus coverage scenario; route assignment weighted by selected GTFS trip frequency
FULLBUS00762,300,0.85,0.9,0.2,2001227,Full e-bus coverage scenario; route assignment weighted by selected GTFS trip frequency
FULLBUS00763,300,0.803,0.9,0.2,2001227,Full e-bus coverage scenario; route assignment weighted by selected GTFS trip frequency
FULLBUS00764,300,0.867,0.9,0.2,2001227,Full e-bus coverage scenario; route assignment weighted by selected GTFS trip frequency
FULLBUS00765,300,0.72,0.9,0.2,2001227,Full e-bus coverage scenario; route assignment weighted by selected GTFS trip frequency
FULLBUS00766,300,0.878,0.9,0.2,2001227,Full e-bus coverage scenario; route assignment weighted by selected GTFS trip frequency
FULLBUS00767,300,0.857,0.9,0.2,2001227,Full e-bus coverage scenario; route assignment weighted by selected GTFS trip frequency
FULLBUS00768,300,0.832,0.9,0.2,2001227,Full e-bus coverage scenario; route assignment weighted by selected GTFS trip frequency
FULLBUS00769,300,0.762,0.9,0.2,2001227,Full e-bus coverage scenario; route assignment weighted by selected GTFS trip frequency
FULLBUS00770,300,0.838,0.9,0.2,2001227,Full e-bus coverage scenario; route assignment weighted by selected GTFS trip frequency
FULLBUS00771,300,0.83,0.9,0.2,2001227,Full e-bus coverage scenario; route assignment weighted by selected GTFS trip frequency
FULLBUS00772,300,0.831,0.9,0.2,2001227,Full e-bus coverage scenario; route assignment weighted by selected GTFS trip frequency
FULLBUS00773,300,0.767,0.9,0.2,2001227,Full e-bus coverage scenario; route assignment weighted by selected GTFS trip frequency
FULLBUS00774,300,0.862,0.9,0.2,2001227,Full e-bus coverage scenario; route assignment weighted by selected GTFS trip frequency
FULLBUS00775,300,0.797,0.9,0.2,2001227,Full e-bus coverage scenario; route assignment weighted by selected GTFS trip frequency
FULLBUS00776,300,0.752,0.9,0.2,2001227,Full e-bus coverage scenario; route assignment weighted by selected GTFS trip frequency
FULLBUS00777,300,0.808,0.9,0.2,1462,Full e-bus coverage scenario; route assignment weighted by selected GTFS trip frequency
FULLBUS00778,300,0.834,0.9,0.2,1462,Full e-bus coverage scenario; route assignment weighted by selected GTFS trip frequency
FULLBUS00779,300,0.772,0.9,0.2,1462,Full e-bus coverage scenario; route assignment weighted by selected GTFS trip frequency
FULLBUS00780,300,0.818,0.9,0.2,1462,Full e-bus coverage scenario; route assignment weighted by selected GTFS trip frequency
FULLBUS00781,300,0.769,0.9,0.2,1462,Full e-bus coverage scenario; route assignment weighted by selected GTFS trip frequency
FULLBUS00782,300,0.791,0.9,0.2,1462,Full e-bus coverage scenario; route assignment weighted by selected GTFS trip frequency
FULLBUS00783,300,0.811,0.9,0.2,1462,Full e-bus coverage scenario; route assignment weighted by selected GTFS trip frequency
FULLBUS00784,300,0.768,0.9,0.2,1462,Full e-bus coverage scenario; route assignment weighted by selected GTFS trip frequency
FULLBUS00785,300,0.721,0.9,0.2,1462,Full e-bus coverage scenario; route assignment weighted by selected GTFS trip frequency
FULLBUS00786,300,0.725,0.9,0.2,1462,Full e-bus coverage scenario; route assignment weighted by selected GTFS trip frequency
FULLBUS00787,300,0.867,0.9,0.2,1462,Full e-bus coverage scenario; route assignment weighted by selected GTFS trip frequency
FULLBUS00788,300,0.744,0.9,0.2,1462,Full e-bus coverage scenario; route assignment weighted by selected GTFS trip frequency
FULLBUS00789,300,0.779,0.9,0.2,1462,Full e-bus coverage scenario; route assignment weighted by selected GTFS trip frequency
FULLBUS00790,300,0.859,0.9,0.2,1462,Full e-bus coverage scenario; route assignment weighted by selected GTFS trip frequency
FULLBUS00791,300,0.743,0.9,0.2,1462,Full e-bus coverage scenario; route assignment weighted by selected GTFS trip frequency
FULLBUS00792,300,0.818,0.9,0.2,1462,Full e-bus coverage scenario; route assignment weighted by selected GTFS trip frequency
FULLBUS00793,300,0.723,0.9,0.2,1000573,Full e-bus coverage scenario; route assignment weighted by selected GTFS trip frequency
FULLBUS00794,300,0.854,0.9,0.2,1000573,Full e-bus coverage scenario; route assignment weighted by selected GTFS trip frequency
FULLBUS00795,300,0.867,0.9,0.2,1000573,Full e-bus coverage scenario; route assignment weighted by selected GTFS trip frequency
FULLBUS00796,300,0.774,0.9,0.2,1000573,Full e-bus coverage scenario; route assignment weighted by selected GTFS trip frequency
FULLBUS00797,300,0.81,0.9,0.2,1000573,Full e-bus coverage scenario; route assignment weighted by selected GTFS trip frequency
FULLBUS00798,300,0.863,0.9,0.2,1000573,Full e-bus coverage scenario; route assignment weighted by selected GTFS trip frequency
FULLBUS00799,300,0.856,0.9,0.2,1000573,Full e-bus coverage scenario; route assignment weighted by selected GTFS trip frequency
FULLBUS00800,300,0.825,0.9,0.2,1000573,Full e-bus coverage scenario; route assignment weighted by selected GTFS trip frequency
FULLBUS00801,300,0.779,0.9,0.2,1000573,Full e-bus coverage scenario; route assignment weighted by selected GTFS trip frequency
FULLBUS00802,300,0.807,0.9,0.2,1000573,Full e-bus coverage scenario; route assignment weighted by selected GTFS trip frequency
FULLBUS00803,300,0.783,0.9,0.2,1000573,Full e-bus coverage scenario; route assignment weighted by selected GTFS trip frequency
FULLBUS00804,300,0.728,0.9,0.2,1000573,Full e-bus coverage scenario; route assignment weighted by selected GTFS trip frequency
FULLBUS00805,300,0.878,0.9,0.2,1000573,Full e-bus coverage scenario; route assignment weighted by selected GTFS trip frequency
FULLBUS00806,300,0.761,0.9,0.2,1000573,Full e-bus coverage scenario; route assignment weighted by selected GTFS trip frequency
FULLBUS00807,300,0.819,0.9,0.2,1000573,Full e-bus coverage scenario; route assignment weighted by selected GTFS trip frequency
FULLBUS00808,300,0.845,0.9,0.2,1000573,Full e-bus coverage scenario; route assignment weighted by selected GTFS trip frequency
FULLBUS00809,300,0.834,0.9,0.2,1059,Full e-bus coverage scenario; route assignment weighted by selected GTFS trip frequency
FULLBUS00810,300,0.755,0.9,0.2,1059,Full e-bus coverage scenario; route assignment weighted by selected GTFS trip frequency
FULLBUS00811,300,0.82,0.9,0.2,1059,Full e-bus coverage scenario; route assignment weighted by selected GTFS trip frequency
FULLBUS00812,300,0.853,0.9,0.2,1059,Full e-bus coverage scenario; route assignment weighted by selected GTFS trip frequency
FULLBUS00813,300,0.843,0.9,0.2,1059,Full e-bus coverage scenario; route assignment weighted by selected GTFS trip frequency
FULLBUS00814,300,0.73,0.9,0.2,1059,Full e-bus coverage scenario; route assignment weighted by selected GTFS trip frequency
FULLBUS00815,300,0.858,0.9,0.2,1059,Full e-bus coverage scenario; route assignment weighted by selected GTFS trip frequency
FULLBUS00816,300,0.83,0.9,0.2,1059,Full e-bus coverage scenario; route assignment weighted by selected GTFS trip frequency
FULLBUS00817,300,0.752,0.9,0.2,1059,Full e-bus coverage scenario; route assignment weighted by selected GTFS trip frequency
FULLBUS00818,300,0.754,0.9,0.2,1059,Full e-bus coverage scenario; route assignment weighted by selected GTFS trip frequency
FULLBUS00819,300,0.729,0.9,0.2,1059,Full e-bus coverage scenario; route assignment weighted by selected GTFS trip frequency
FULLBUS00820,300,0.839,0.9,0.2,1059,Full e-bus coverage scenario; route assignment weighted by selected GTFS trip frequency
FULLBUS00821,300,0.767,0.9,0.2,1059,Full e-bus coverage scenario; route assignment weighted by selected GTFS trip frequency
FULLBUS00822,300,0.859,0.9,0.2,1059,Full e-bus coverage scenario; route assignment weighted by selected GTFS trip frequency
FULLBUS00823,300,0.775,0.9,0.2,1059,Full e-bus coverage scenario; route assignment weighted by selected GTFS trip frequency
FULLBUS00824,300,0.855,0.9,0.2,1059,Full e-bus coverage scenario; route assignment weighted by selected GTFS trip frequency
FULLBUS00825,300,0.736,0.9,0.2,1876,Full e-bus coverage scenario; route assignment weighted by selected GTFS trip frequency
FULLBUS00826,300,0.734,0.9,0.2,1876,Full e-bus coverage scenario; route assignment weighted by selected GTFS trip frequency
FULLBUS00827,300,0.786,0.9,0.2,1876,Full e-bus coverage scenario; route assignment weighted by selected GTFS trip frequency
FULLBUS00828,300,0.722,0.9,0.2,1876,Full e-bus coverage scenario; route assignment weighted by selected GTFS trip frequency
FULLBUS00829,300,0.819,0.9,0.2,1876,Full e-bus coverage scenario; route assignment weighted by selected GTFS trip frequency
FULLBUS00830,300,0.757,0.9,0.2,1876,Full e-bus coverage scenario; route assignment weighted by selected GTFS trip frequency
FULLBUS00831,300,0.761,0.9,0.2,1876,Full e-bus coverage scenario; route assignment weighted by selected GTFS trip frequency
FULLBUS00832,300,0.843,0.9,0.2,1876,Full e-bus coverage scenario; route assignment weighted by selected GTFS trip frequency
FULLBUS00833,300,0.828,0.9,0.2,1876,Full e-bus coverage scenario; route assignment weighted by selected GTFS trip frequency
FULLBUS00834,300,0.774,0.9,0.2,1876,Full e-bus coverage scenario; route assignment weighted by selected GTFS trip frequency
FULLBUS00835,300,0.722,0.9,0.2,1876,Full e-bus coverage scenario; route assignment weighted by selected GTFS trip frequency
FULLBUS00836,300,0.824,0.9,0.2,1876,Full e-bus coverage scenario; route assignment weighted by selected GTFS trip frequency
FULLBUS00837,300,0.854,0.9,0.2,1876,Full e-bus coverage scenario; route assignment weighted by selected GTFS trip frequency
FULLBUS00838,300,0.833,0.9,0.2,1876,Full e-bus coverage scenario; route assignment weighted by selected GTFS trip frequency
FULLBUS00839,300,0.758,0.9,0.2,1876,Full e-bus coverage scenario; route assignment weighted by selected GTFS trip frequency
FULLBUS00840,300,0.808,0.9,0.2,2008091,Full e-bus coverage scenario; route assignment weighted by selected GTFS trip frequency
FULLBUS00841,300,0.781,0.9,0.2,2008091,Full e-bus coverage scenario; route assignment weighted by selected GTFS trip frequency
FULLBUS00842,300,0.812,0.9,0.2,2008091,Full e-bus coverage scenario; route assignment weighted by selected GTFS trip frequency
FULLBUS00843,300,0.797,0.9,0.2,2008091,Full e-bus coverage scenario; route assignment weighted by selected GTFS trip frequency
FULLBUS00844,300,0.796,0.9,0.2,2008091,Full e-bus coverage scenario; route assignment weighted by selected GTFS trip frequency
FULLBUS00845,300,0.834,0.9,0.2,2008091,Full e-bus coverage scenario; route assignment weighted by selected GTFS trip frequency
FULLBUS00846,300,0.764,0.9,0.2,2008091,Full e-bus coverage scenario; route assignment weighted by selected GTFS trip frequency
FULLBUS00847,300,0.81,0.9,0.2,2008091,Full e-bus coverage scenario; route assignment weighted by selected GTFS trip frequency
FULLBUS00848,300,0.762,0.9,0.2,2008091,Full e-bus coverage scenario; route assignment weighted by selected GTFS trip frequency
FULLBUS00849,300,0.747,0.9,0.2,2008091,Full e-bus coverage scenario; route assignment weighted by selected GTFS trip frequency
FULLBUS00850,300,0.839,0.9,0.2,2008091,Full e-bus coverage scenario; route assignment weighted by selected GTFS trip frequency
FULLBUS00851,300,0.783,0.9,0.2,2008091,Full e-bus coverage scenario; route assignment weighted by selected GTFS trip frequency
FULLBUS00852,300,0.774,0.9,0.2,2008091,Full e-bus coverage scenario; route assignment weighted by selected GTFS trip frequency
FULLBUS00853,300,0.853,0.9,0.2,2008091,Full e-bus coverage scenario; route assignment weighted by selected GTFS trip frequency
FULLBUS00854,300,0.797,0.9,0.2,2008091,Full e-bus coverage scenario; route assignment weighted by selected GTFS trip frequency
FULLBUS00855,300,0.776,0.9,0.2,2009576,Full e-bus coverage scenario; route assignment weighted by selected GTFS trip frequency
FULLBUS00856,300,0.867,0.9,0.2,2009576,Full e-bus coverage scenario; route assignment weighted by selected GTFS trip frequency
FULLBUS00857,300,0.848,0.9,0.2,2009576,Full e-bus coverage scenario; route assignment weighted by selected GTFS trip frequency
FULLBUS00858,300,0.782,0.9,0.2,2009576,Full e-bus coverage scenario; route assignment weighted by selected GTFS trip frequency
FULLBUS00859,300,0.816,0.9,0.2,2009576,Full e-bus coverage scenario; route assignment weighted by selected GTFS trip frequency
FULLBUS00860,300,0.789,0.9,0.2,2009576,Full e-bus coverage scenario; route assignment weighted by selected GTFS trip frequency
FULLBUS00861,300,0.743,0.9,0.2,2009576,Full e-bus coverage scenario; route assignment weighted by selected GTFS trip frequency
FULLBUS00862,300,0.83,0.9,0.2,2009576,Full e-bus coverage scenario; route assignment weighted by selected GTFS trip frequency
FULLBUS00863,300,0.812,0.9,0.2,2009576,Full e-bus coverage scenario; route assignment weighted by selected GTFS trip frequency
FULLBUS00864,300,0.842,0.9,0.2,2009576,Full e-bus coverage scenario; route assignment weighted by selected GTFS trip frequency
FULLBUS00865,300,0.778,0.9,0.2,2009576,Full e-bus coverage scenario; route assignment weighted by selected GTFS trip frequency
FULLBUS00866,300,0.851,0.9,0.2,2009576,Full e-bus coverage scenario; route assignment weighted by selected GTFS trip frequency
FULLBUS00867,300,0.816,0.9,0.2,2009576,Full e-bus coverage scenario; route assignment weighted by selected GTFS trip frequency
FULLBUS00868,300,0.723,0.9,0.2,2009576,Full e-bus coverage scenario; route assignment weighted by selected GTFS trip frequency
FULLBUS00869,300,0.87,0.9,0.2,2009576,Full e-bus coverage scenario; route assignment weighted by selected GTFS trip frequency
FULLBUS00870,300,0.728,0.9,0.2,2003671,Full e-bus coverage scenario; route assignment weighted by selected GTFS trip frequency
FULLBUS00871,300,0.746,0.9,0.2,2003671,Full e-bus coverage scenario; route assignment weighted by selected GTFS trip frequency
FULLBUS00872,300,0.776,0.9,0.2,2003671,Full e-bus coverage scenario; route assignment weighted by selected GTFS trip frequency
FULLBUS00873,300,0.77,0.9,0.2,2003671,Full e-bus coverage scenario; route assignment weighted by selected GTFS trip frequency
FULLBUS00874,300,0.857,0.9,0.2,2003671,Full e-bus coverage scenario; route assignment weighted by selected GTFS trip frequency
FULLBUS00875,300,0.809,0.9,0.2,2003671,Full e-bus coverage scenario; route assignment weighted by selected GTFS trip frequency
FULLBUS00876,300,0.756,0.9,0.2,2003671,Full e-bus coverage scenario; route assignment weighted by selected GTFS trip frequency
FULLBUS00877,300,0.823,0.9,0.2,2003671,Full e-bus coverage scenario; route assignment weighted by selected GTFS trip frequency
FULLBUS00878,300,0.767,0.9,0.2,2003671,Full e-bus coverage scenario; route assignment weighted by selected GTFS trip frequency
FULLBUS00879,300,0.741,0.9,0.2,2003671,Full e-bus coverage scenario; route assignment weighted by selected GTFS trip frequency
FULLBUS00880,300,0.742,0.9,0.2,2003671,Full e-bus coverage scenario; route assignment weighted by selected GTFS trip frequency
FULLBUS00881,300,0.863,0.9,0.2,2003671,Full e-bus coverage scenario; route assignment weighted by selected GTFS trip frequency
FULLBUS00882,300,0.763,0.9,0.2,2003671,Full e-bus coverage scenario; route assignment weighted by selected GTFS trip frequency
FULLBUS00883,300,0.791,0.9,0.2,2003671,Full e-bus coverage scenario; route assignment weighted by selected GTFS trip frequency
FULLBUS00884,300,0.788,0.9,0.2,2003671,Full e-bus coverage scenario; route assignment weighted by selected GTFS trip frequency
FULLBUS00885,300,0.825,0.9,0.2,2004329,Full e-bus coverage scenario; route assignment weighted by selected GTFS trip frequency
FULLBUS00886,300,0.782,0.9,0.2,2004329,Full e-bus coverage scenario; route assignment weighted by selected GTFS trip frequency
FULLBUS00887,300,0.755,0.9,0.2,2004329,Full e-bus coverage scenario; route assignment weighted by selected GTFS trip frequency
FULLBUS00888,300,0.769,0.9,0.2,2004329,Full e-bus coverage scenario; route assignment weighted by selected GTFS trip frequency
FULLBUS00889,300,0.738,0.9,0.2,2004329,Full e-bus coverage scenario; route assignment weighted by selected GTFS trip frequency
FULLBUS00890,300,0.857,0.9,0.2,2004329,Full e-bus coverage scenario; route assignment weighted by selected GTFS trip frequency
FULLBUS00891,300,0.842,0.9,0.2,2004329,Full e-bus coverage scenario; route assignment weighted by selected GTFS trip frequency
FULLBUS00892,300,0.791,0.9,0.2,2004329,Full e-bus coverage scenario; route assignment weighted by selected GTFS trip frequency
FULLBUS00893,300,0.795,0.9,0.2,2004329,Full e-bus coverage scenario; route assignment weighted by selected GTFS trip frequency
FULLBUS00894,300,0.722,0.9,0.2,2004329,Full e-bus coverage scenario; route assignment weighted by selected GTFS trip frequency
FULLBUS00895,300,0.873,0.9,0.2,2004329,Full e-bus coverage scenario; route assignment weighted by selected GTFS trip frequency
FULLBUS00896,300,0.837,0.9,0.2,2004329,Full e-bus coverage scenario; route assignment weighted by selected GTFS trip frequency
FULLBUS00897,300,0.822,0.9,0.2,2004329,Full e-bus coverage scenario; route assignment weighted by selected GTFS trip frequency
FULLBUS00898,300,0.807,0.9,0.2,2004329,Full e-bus coverage scenario; route assignment weighted by selected GTFS trip frequency
FULLBUS00899,300,0.857,0.9,0.2,2004329,Full e-bus coverage scenario; route assignment weighted by selected GTFS trip frequency
FULLBUS00900,300,0.857,0.9,0.2,2007366,Full e-bus coverage scenario; route assignment weighted by selected GTFS trip frequency
FULLBUS00901,300,0.771,0.9,0.2,2007366,Full e-bus coverage scenario; route assignment weighted by selected GTFS trip frequency
FULLBUS00902,300,0.726,0.9,0.2,2007366,Full e-bus coverage scenario; route assignment weighted by selected GTFS trip frequency
FULLBUS00903,300,0.869,0.9,0.2,2007366,Full e-bus coverage scenario; route assignment weighted by selected GTFS trip frequency
FULLBUS00904,300,0.848,0.9,0.2,2007366,Full e-bus coverage scenario; route assignment weighted by selected GTFS trip frequency
FULLBUS00905,300,0.74,0.9,0.2,2007366,Full e-bus coverage scenario; route assignment weighted by selected GTFS trip frequency
FULLBUS00906,300,0.84,0.9,0.2,2007366,Full e-bus coverage scenario; route assignment weighted by selected GTFS trip frequency
FULLBUS00907,300,0.789,0.9,0.2,2007366,Full e-bus coverage scenario; route assignment weighted by selected GTFS trip frequency
FULLBUS00908,300,0.778,0.9,0.2,2007366,Full e-bus coverage scenario; route assignment weighted by selected GTFS trip frequency
FULLBUS00909,300,0.799,0.9,0.2,2007366,Full e-bus coverage scenario; route assignment weighted by selected GTFS trip frequency
FULLBUS00910,300,0.806,0.9,0.2,2007366,Full e-bus coverage scenario; route assignment weighted by selected GTFS trip frequency
FULLBUS00911,300,0.809,0.9,0.2,2007366,Full e-bus coverage scenario; route assignment weighted by selected GTFS trip frequency
FULLBUS00912,300,0.801,0.9,0.2,2007366,Full e-bus coverage scenario; route assignment weighted by selected GTFS trip frequency
FULLBUS00913,300,0.763,0.9,0.2,2007366,Full e-bus coverage scenario; route assignment weighted by selected GTFS trip frequency
FULLBUS00914,300,0.748,0.9,0.2,2007366,Full e-bus coverage scenario; route assignment weighted by selected GTFS trip frequency
FULLBUS00915,300,0.73,0.9,0.2,1634,Full e-bus coverage scenario; route assignment weighted by selected GTFS trip frequency
FULLBUS00916,300,0.724,0.9,0.2,1634,Full e-bus coverage scenario; route assignment weighted by selected GTFS trip frequency
FULLBUS00917,300,0.855,0.9,0.2,1634,Full e-bus coverage scenario; route assignment weighted by selected GTFS trip frequency
FULLBUS00918,300,0.818,0.9,0.2,1634,Full e-bus coverage scenario; route assignment weighted by selected GTFS trip frequency
FULLBUS00919,300,0.8,0.9,0.2,1634,Full e-bus coverage scenario; route assignment weighted by selected GTFS trip frequency
FULLBUS00920,300,0.792,0.9,0.2,1634,Full e-bus coverage scenario; route assignment weighted by selected GTFS trip frequency
FULLBUS00921,300,0.847,0.9,0.2,1634,Full e-bus coverage scenario; route assignment weighted by selected GTFS trip frequency
FULLBUS00922,300,0.862,0.9,0.2,1634,Full e-bus coverage scenario; route assignment weighted by selected GTFS trip frequency
FULLBUS00923,300,0.803,0.9,0.2,1634,Full e-bus coverage scenario; route assignment weighted by selected GTFS trip frequency
FULLBUS00924,300,0.781,0.9,0.2,1634,Full e-bus coverage scenario; route assignment weighted by selected GTFS trip frequency
FULLBUS00925,300,0.827,0.9,0.2,1634,Full e-bus coverage scenario; route assignment weighted by selected GTFS trip frequency
FULLBUS00926,300,0.76,0.9,0.2,1634,Full e-bus coverage scenario; route assignment weighted by selected GTFS trip frequency
FULLBUS00927,300,0.747,0.9,0.2,1634,Full e-bus coverage scenario; route assignment weighted by selected GTFS trip frequency
FULLBUS00928,300,0.783,0.9,0.2,1634,Full e-bus coverage scenario; route assignment weighted by selected GTFS trip frequency
FULLBUS00929,300,0.759,0.9,0.2,1634,Full e-bus coverage scenario; route assignment weighted by selected GTFS trip frequency
FULLBUS00930,300,0.749,0.9,0.2,1023,Full e-bus coverage scenario; route assignment weighted by selected GTFS trip frequency
FULLBUS00931,300,0.836,0.9,0.2,1023,Full e-bus coverage scenario; route assignment weighted by selected GTFS trip frequency
FULLBUS00932,300,0.836,0.9,0.2,1023,Full e-bus coverage scenario; route assignment weighted by selected GTFS trip frequency
FULLBUS00933,300,0.863,0.9,0.2,1023,Full e-bus coverage scenario; route assignment weighted by selected GTFS trip frequency
FULLBUS00934,300,0.831,0.9,0.2,1023,Full e-bus coverage scenario; route assignment weighted by selected GTFS trip frequency
FULLBUS00935,300,0.835,0.9,0.2,1023,Full e-bus coverage scenario; route assignment weighted by selected GTFS trip frequency
FULLBUS00936,300,0.869,0.9,0.2,1023,Full e-bus coverage scenario; route assignment weighted by selected GTFS trip frequency
FULLBUS00937,300,0.88,0.9,0.2,1023,Full e-bus coverage scenario; route assignment weighted by selected GTFS trip frequency
FULLBUS00938,300,0.777,0.9,0.2,1023,Full e-bus coverage scenario; route assignment weighted by selected GTFS trip frequency
FULLBUS00939,300,0.872,0.9,0.2,1023,Full e-bus coverage scenario; route assignment weighted by selected GTFS trip frequency
FULLBUS00940,300,0.848,0.9,0.2,1023,Full e-bus coverage scenario; route assignment weighted by selected GTFS trip frequency
FULLBUS00941,300,0.818,0.9,0.2,1023,Full e-bus coverage scenario; route assignment weighted by selected GTFS trip frequency
FULLBUS00942,300,0.836,0.9,0.2,1023,Full e-bus coverage scenario; route assignment weighted by selected GTFS trip frequency
FULLBUS00943,300,0.82,0.9,0.2,1023,Full e-bus coverage scenario; route assignment weighted by selected GTFS trip frequency
FULLBUS00944,300,0.827,0.9,0.2,2005814,Full e-bus coverage scenario; route assignment weighted by selected GTFS trip frequency
FULLBUS00945,300,0.876,0.9,0.2,2005814,Full e-bus coverage scenario; route assignment weighted by selected GTFS trip frequency
FULLBUS00946,300,0.731,0.9,0.2,2005814,Full e-bus coverage scenario; route assignment weighted by selected GTFS trip frequency
FULLBUS00947,300,0.821,0.9,0.2,2005814,Full e-bus coverage scenario; route assignment weighted by selected GTFS trip frequency
FULLBUS00948,300,0.875,0.9,0.2,2005814,Full e-bus coverage scenario; route assignment weighted by selected GTFS trip frequency
FULLBUS00949,300,0.727,0.9,0.2,2005814,Full e-bus coverage scenario; route assignment weighted by selected GTFS trip frequency
FULLBUS00950,300,0.83,0.9,0.2,2005814,Full e-bus coverage scenario; route assignment weighted by selected GTFS trip frequency
FULLBUS00951,300,0.737,0.9,0.2,2005814,Full e-bus coverage scenario; route assignment weighted by selected GTFS trip frequency
FULLBUS00952,300,0.839,0.9,0.2,2005814,Full e-bus coverage scenario; route assignment weighted by selected GTFS trip frequency
FULLBUS00953,300,0.872,0.9,0.2,2005814,Full e-bus coverage scenario; route assignment weighted by selected GTFS trip frequency
FULLBUS00954,300,0.77,0.9,0.2,2005814,Full e-bus coverage scenario; route assignment weighted by selected GTFS trip frequency
FULLBUS00955,300,0.81,0.9,0.2,2005814,Full e-bus coverage scenario; route assignment weighted by selected GTFS trip frequency
FULLBUS00956,300,0.879,0.9,0.2,2005814,Full e-bus coverage scenario; route assignment weighted by selected GTFS trip frequency
FULLBUS00957,300,0.771,0.9,0.2,2005814,Full e-bus coverage scenario; route assignment weighted by selected GTFS trip frequency
FULLBUS00958,300,0.776,0.9,0.2,2003405,Full e-bus coverage scenario; route assignment weighted by selected GTFS trip frequency
FULLBUS00959,300,0.834,0.9,0.2,2003405,Full e-bus coverage scenario; route assignment weighted by selected GTFS trip frequency
FULLBUS00960,300,0.74,0.9,0.2,2003405,Full e-bus coverage scenario; route assignment weighted by selected GTFS trip frequency
FULLBUS00961,300,0.843,0.9,0.2,2003405,Full e-bus coverage scenario; route assignment weighted by selected GTFS trip frequency
FULLBUS00962,300,0.836,0.9,0.2,2003405,Full e-bus coverage scenario; route assignment weighted by selected GTFS trip frequency
FULLBUS00963,300,0.84,0.9,0.2,2003405,Full e-bus coverage scenario; route assignment weighted by selected GTFS trip frequency
FULLBUS00964,300,0.748,0.9,0.2,2003405,Full e-bus coverage scenario; route assignment weighted by selected GTFS trip frequency
FULLBUS00965,300,0.852,0.9,0.2,2003405,Full e-bus coverage scenario; route assignment weighted by selected GTFS trip frequency
FULLBUS00966,300,0.847,0.9,0.2,2003405,Full e-bus coverage scenario; route assignment weighted by selected GTFS trip frequency
FULLBUS00967,300,0.739,0.9,0.2,2003405,Full e-bus coverage scenario; route assignment weighted by selected GTFS trip frequency
FULLBUS00968,300,0.755,0.9,0.2,2003405,Full e-bus coverage scenario; route assignment weighted by selected GTFS trip frequency
FULLBUS00969,300,0.851,0.9,0.2,2003405,Full e-bus coverage scenario; route assignment weighted by selected GTFS trip frequency
FULLBUS00970,300,0.857,0.9,0.2,2003405,Full e-bus coverage scenario; route assignment weighted by selected GTFS trip frequency
FULLBUS00971,300,0.865,0.9,0.2,2003405,Full e-bus coverage scenario; route assignment weighted by selected GTFS trip frequency
FULLBUS00972,300,0.819,0.9,0.2,1747,Full e-bus coverage scenario; route assignment weighted by selected GTFS trip frequency
FULLBUS00973,300,0.78,0.9,0.2,1747,Full e-bus coverage scenario; route assignment weighted by selected GTFS trip frequency
FULLBUS00974,300,0.861,0.9,0.2,1747,Full e-bus coverage scenario; route assignment weighted by selected GTFS trip frequency
FULLBUS00975,300,0.818,0.9,0.2,1747,Full e-bus coverage scenario; route assignment weighted by selected GTFS trip frequency
FULLBUS00976,300,0.86,0.9,0.2,1747,Full e-bus coverage scenario; route assignment weighted by selected GTFS trip frequency
FULLBUS00977,300,0.8,0.9,0.2,1747,Full e-bus coverage scenario; route assignment weighted by selected GTFS trip frequency
FULLBUS00978,300,0.818,0.9,0.2,1747,Full e-bus coverage scenario; route assignment weighted by selected GTFS trip frequency
FULLBUS00979,300,0.846,0.9,0.2,1747,Full e-bus coverage scenario; route assignment weighted by selected GTFS trip frequency
FULLBUS00980,300,0.802,0.9,0.2,1747,Full e-bus coverage scenario; route assignment weighted by selected GTFS trip frequency
FULLBUS00981,300,0.768,0.9,0.2,1747,Full e-bus coverage scenario; route assignment weighted by selected GTFS trip frequency
FULLBUS00982,300,0.849,0.9,0.2,1747,Full e-bus coverage scenario; route assignment weighted by selected GTFS trip frequency
FULLBUS00983,300,0.722,0.9,0.2,1747,Full e-bus coverage scenario; route assignment weighted by selected GTFS trip frequency
FULLBUS00984,300,0.845,0.9,0.2,1747,Full e-bus coverage scenario; route assignment weighted by selected GTFS trip frequency
FULLBUS00985,300,0.822,0.9,0.2,1747,Full e-bus coverage scenario; route assignment weighted by selected GTFS trip frequency
FULLBUS00986,300,0.867,0.9,0.2,2004263,Full e-bus coverage scenario; route assignment weighted by selected GTFS trip frequency
FULLBUS00987,300,0.724,0.9,0.2,2004263,Full e-bus coverage scenario; route assignment weighted by selected GTFS trip frequency
FULLBUS00988,300,0.765,0.9,0.2,2004263,Full e-bus coverage scenario; route assignment weighted by selected GTFS trip frequency
FULLBUS00989,300,0.787,0.9,0.2,2004263,Full e-bus coverage scenario; route assignment weighted by selected GTFS trip frequency
FULLBUS00990,300,0.798,0.9,0.2,2004263,Full e-bus coverage scenario; route assignment weighted by selected GTFS trip frequency
FULLBUS00991,300,0.835,0.9,0.2,2004263,Full e-bus coverage scenario; route assignment weighted by selected GTFS trip frequency
FULLBUS00992,300,0.725,0.9,0.2,2004263,Full e-bus coverage scenario; route assignment weighted by selected GTFS trip frequency
FULLBUS00993,300,0.868,0.9,0.2,2004263,Full e-bus coverage scenario; route assignment weighted by selected GTFS trip frequency
FULLBUS00994,300,0.872,0.9,0.2,2004263,Full e-bus coverage scenario; route assignment weighted by selected GTFS trip frequency
FULLBUS00995,300,0.779,0.9,0.2,2004263,Full e-bus coverage scenario; route assignment weighted by selected GTFS trip frequency
FULLBUS00996,300,0.791,0.9,0.2,2004263,Full e-bus coverage scenario; route assignment weighted by selected GTFS trip frequency
FULLBUS00997,300,0.74,0.9,0.2,2004263,Full e-bus coverage scenario; route assignment weighted by selected GTFS trip frequency
FULLBUS00998,300,0.811,0.9,0.2,2004263,Full e-bus coverage scenario; route assignment weighted by selected GTFS trip frequency
FULLBUS00999,300,0.832,0.9,0.2,2004263,Full e-bus coverage scenario; route assignment weighted by selected GTFS trip frequency
FULLBUS01000,300,0.875,0.9,0.2,1997,Full e-bus coverage scenario; route assignment weighted by selected GTFS trip frequency
FULLBUS01001,300,0.878,0.9,0.2,1997,Full e-bus coverage scenario; route assignment weighted by selected GTFS trip frequency
FULLBUS01002,300,0.861,0.9,0.2,1997,Full e-bus coverage scenario; route assignment weighted by selected GTFS trip frequency
FULLBUS01003,300,0.788,0.9,0.2,1997,Full e-bus coverage scenario; route assignment weighted by selected GTFS trip frequency
FULLBUS01004,300,0.826,0.9,0.2,1997,Full e-bus coverage scenario; route assignment weighted by selected GTFS trip frequency
FULLBUS01005,300,0.874,0.9,0.2,1997,Full e-bus coverage scenario; route assignment weighted by selected GTFS trip frequency
FULLBUS01006,300,0.76,0.9,0.2,1997,Full e-bus coverage scenario; route assignment weighted by selected GTFS trip frequency
FULLBUS01007,300,0.814,0.9,0.2,1997,Full e-bus coverage scenario; route assignment weighted by selected GTFS trip frequency
FULLBUS01008,300,0.868,0.9,0.2,1997,Full e-bus coverage scenario; route assignment weighted by selected GTFS trip frequency
FULLBUS01009,300,0.838,0.9,0.2,1997,Full e-bus coverage scenario; route assignment weighted by selected GTFS trip frequency
FULLBUS01010,300,0.871,0.9,0.2,1997,Full e-bus coverage scenario; route assignment weighted by selected GTFS trip frequency
FULLBUS01011,300,0.813,0.9,0.2,1997,Full e-bus coverage scenario; route assignment weighted by selected GTFS trip frequency
FULLBUS01012,300,0.791,0.9,0.2,1997,Full e-bus coverage scenario; route assignment weighted by selected GTFS trip frequency
FULLBUS01013,300,0.861,0.9,0.2,1997,Full e-bus coverage scenario; route assignment weighted by selected GTFS trip frequency
FULLBUS01014,300,0.85,0.9,0.2,1000472,Full e-bus coverage scenario; route assignment weighted by selected GTFS trip frequency
FULLBUS01015,300,0.806,0.9,0.2,1000472,Full e-bus coverage scenario; route assignment weighted by selected GTFS trip frequency
FULLBUS01016,300,0.737,0.9,0.2,1000472,Full e-bus coverage scenario; route assignment weighted by selected GTFS trip frequency
FULLBUS01017,300,0.869,0.9,0.2,1000472,Full e-bus coverage scenario; route assignment weighted by selected GTFS trip frequency
FULLBUS01018,300,0.746,0.9,0.2,1000472,Full e-bus coverage scenario; route assignment weighted by selected GTFS trip frequency
FULLBUS01019,300,0.75,0.9,0.2,1000472,Full e-bus coverage scenario; route assignment weighted by selected GTFS trip frequency
FULLBUS01020,300,0.865,0.9,0.2,1000472,Full e-bus coverage scenario; route assignment weighted by selected GTFS trip frequency
FULLBUS01021,300,0.804,0.9,0.2,1000472,Full e-bus coverage scenario; route assignment weighted by selected GTFS trip frequency
FULLBUS01022,300,0.732,0.9,0.2,1000472,Full e-bus coverage scenario; route assignment weighted by selected GTFS trip frequency
FULLBUS01023,300,0.834,0.9,0.2,1000472,Full e-bus coverage scenario; route assignment weighted by selected GTFS trip frequency
FULLBUS01024,300,0.725,0.9,0.2,1000472,Full e-bus coverage scenario; route assignment weighted by selected GTFS trip frequency
FULLBUS01025,300,0.831,0.9,0.2,1000472,Full e-bus coverage scenario; route assignment weighted by selected GTFS trip frequency
FULLBUS01026,300,0.808,0.9,0.2,1000472,Full e-bus coverage scenario; route assignment weighted by selected GTFS trip frequency
FULLBUS01027,300,0.723,0.9,0.2,1000472,Full e-bus coverage scenario; route assignment weighted by selected GTFS trip frequency
FULLBUS01028,300,0.729,0.9,0.2,2004296,Full e-bus coverage scenario; route assignment weighted by selected GTFS trip frequency
FULLBUS01029,300,0.753,0.9,0.2,2004296,Full e-bus coverage scenario; route assignment weighted by selected GTFS trip frequency
FULLBUS01030,300,0.745,0.9,0.2,2004296,Full e-bus coverage scenario; route assignment weighted by selected GTFS trip frequency
FULLBUS01031,300,0.843,0.9,0.2,2004296,Full e-bus coverage scenario; route assignment weighted by selected GTFS trip frequency
FULLBUS01032,300,0.849,0.9,0.2,2004296,Full e-bus coverage scenario; route assignment weighted by selected GTFS trip frequency
FULLBUS01033,300,0.813,0.9,0.2,2004296,Full e-bus coverage scenario; route assignment weighted by selected GTFS trip frequency
FULLBUS01034,300,0.859,0.9,0.2,2004296,Full e-bus coverage scenario; route assignment weighted by selected GTFS trip frequency
FULLBUS01035,300,0.875,0.9,0.2,2004296,Full e-bus coverage scenario; route assignment weighted by selected GTFS trip frequency
FULLBUS01036,300,0.763,0.9,0.2,2004296,Full e-bus coverage scenario; route assignment weighted by selected GTFS trip frequency
FULLBUS01037,300,0.844,0.9,0.2,2004296,Full e-bus coverage scenario; route assignment weighted by selected GTFS trip frequency
FULLBUS01038,300,0.749,0.9,0.2,2004296,Full e-bus coverage scenario; route assignment weighted by selected GTFS trip frequency
FULLBUS01039,300,0.842,0.9,0.2,2004296,Full e-bus coverage scenario; route assignment weighted by selected GTFS trip frequency
FULLBUS01040,300,0.776,0.9,0.2,2004296,Full e-bus coverage scenario; route assignment weighted by selected GTFS trip frequency
FULLBUS01041,300,0.81,0.9,0.2,2004296,Full e-bus coverage scenario; route assignment weighted by selected GTFS trip frequency
FULLBUS01042,300,0.738,0.9,0.2,2001230,Full e-bus coverage scenario; route assignment weighted by selected GTFS trip frequency
FULLBUS01043,300,0.862,0.9,0.2,2001230,Full e-bus coverage scenario; route assignment weighted by selected GTFS trip frequency
FULLBUS01044,300,0.874,0.9,0.2,2001230,Full e-bus coverage scenario; route assignment weighted by selected GTFS trip frequency
FULLBUS01045,300,0.748,0.9,0.2,2001230,Full e-bus coverage scenario; route assignment weighted by selected GTFS trip frequency
FULLBUS01046,300,0.849,0.9,0.2,2001230,Full e-bus coverage scenario; route assignment weighted by selected GTFS trip frequency
FULLBUS01047,300,0.789,0.9,0.2,2001230,Full e-bus coverage scenario; route assignment weighted by selected GTFS trip frequency
FULLBUS01048,300,0.83,0.9,0.2,2001230,Full e-bus coverage scenario; route assignment weighted by selected GTFS trip frequency
FULLBUS01049,300,0.832,0.9,0.2,2001230,Full e-bus coverage scenario; route assignment weighted by selected GTFS trip frequency
FULLBUS01050,300,0.761,0.9,0.2,2001230,Full e-bus coverage scenario; route assignment weighted by selected GTFS trip frequency
FULLBUS01051,300,0.777,0.9,0.2,2001230,Full e-bus coverage scenario; route assignment weighted by selected GTFS trip frequency
FULLBUS01052,300,0.766,0.9,0.2,2001230,Full e-bus coverage scenario; route assignment weighted by selected GTFS trip frequency
FULLBUS01053,300,0.766,0.9,0.2,2001230,Full e-bus coverage scenario; route assignment weighted by selected GTFS trip frequency
FULLBUS01054,300,0.87,0.9,0.2,2001230,Full e-bus coverage scenario; route assignment weighted by selected GTFS trip frequency
FULLBUS01055,300,0.784,0.9,0.2,2001230,Full e-bus coverage scenario; route assignment weighted by selected GTFS trip frequency
FULLBUS01056,300,0.729,0.9,0.2,2001232,Full e-bus coverage scenario; route assignment weighted by selected GTFS trip frequency
FULLBUS01057,300,0.844,0.9,0.2,2001232,Full e-bus coverage scenario; route assignment weighted by selected GTFS trip frequency
FULLBUS01058,300,0.848,0.9,0.2,2001232,Full e-bus coverage scenario; route assignment weighted by selected GTFS trip frequency
FULLBUS01059,300,0.837,0.9,0.2,2001232,Full e-bus coverage scenario; route assignment weighted by selected GTFS trip frequency
FULLBUS01060,300,0.875,0.9,0.2,2001232,Full e-bus coverage scenario; route assignment weighted by selected GTFS trip frequency
FULLBUS01061,300,0.866,0.9,0.2,2001232,Full e-bus coverage scenario; route assignment weighted by selected GTFS trip frequency
FULLBUS01062,300,0.877,0.9,0.2,2001232,Full e-bus coverage scenario; route assignment weighted by selected GTFS trip frequency
FULLBUS01063,300,0.739,0.9,0.2,2001232,Full e-bus coverage scenario; route assignment weighted by selected GTFS trip frequency
FULLBUS01064,300,0.799,0.9,0.2,2001232,Full e-bus coverage scenario; route assignment weighted by selected GTFS trip frequency
FULLBUS01065,300,0.85,0.9,0.2,2001232,Full e-bus coverage scenario; route assignment weighted by selected GTFS trip frequency
FULLBUS01066,300,0.837,0.9,0.2,2001232,Full e-bus coverage scenario; route assignment weighted by selected GTFS trip frequency
FULLBUS01067,300,0.755,0.9,0.2,2001232,Full e-bus coverage scenario; route assignment weighted by selected GTFS trip frequency
FULLBUS01068,300,0.88,0.9,0.2,2001232,Full e-bus coverage scenario; route assignment weighted by selected GTFS trip frequency
FULLBUS01069,300,0.77,0.9,0.2,2001232,Full e-bus coverage scenario; route assignment weighted by selected GTFS trip frequency
FULLBUS01070,300,0.797,0.9,0.2,2004791,Full e-bus coverage scenario; route assignment weighted by selected GTFS trip frequency
FULLBUS01071,300,0.832,0.9,0.2,2004791,Full e-bus coverage scenario; route assignment weighted by selected GTFS trip frequency
FULLBUS01072,300,0.749,0.9,0.2,2004791,Full e-bus coverage scenario; route assignment weighted by selected GTFS trip frequency
FULLBUS01073,300,0.737,0.9,0.2,2004791,Full e-bus coverage scenario; route assignment weighted by selected GTFS trip frequency
FULLBUS01074,300,0.864,0.9,0.2,2004791,Full e-bus coverage scenario; route assignment weighted by selected GTFS trip frequency
FULLBUS01075,300,0.809,0.9,0.2,2004791,Full e-bus coverage scenario; route assignment weighted by selected GTFS trip frequency
FULLBUS01076,300,0.738,0.9,0.2,2004791,Full e-bus coverage scenario; route assignment weighted by selected GTFS trip frequency
FULLBUS01077,300,0.738,0.9,0.2,2004791,Full e-bus coverage scenario; route assignment weighted by selected GTFS trip frequency
FULLBUS01078,300,0.739,0.9,0.2,2004791,Full e-bus coverage scenario; route assignment weighted by selected GTFS trip frequency
FULLBUS01079,300,0.799,0.9,0.2,2004791,Full e-bus coverage scenario; route assignment weighted by selected GTFS trip frequency
FULLBUS01080,300,0.779,0.9,0.2,2004791,Full e-bus coverage scenario; route assignment weighted by selected GTFS trip frequency
FULLBUS01081,300,0.84,0.9,0.2,2004791,Full e-bus coverage scenario; route assignment weighted by selected GTFS trip frequency
FULLBUS01082,300,0.81,0.9,0.2,2004791,Full e-bus coverage scenario; route assignment weighted by selected GTFS trip frequency
FULLBUS01083,300,0.814,0.9,0.2,2004791,Full e-bus coverage scenario; route assignment weighted by selected GTFS trip frequency
FULLBUS01084,300,0.865,0.9,0.2,2008591,Full e-bus coverage scenario; route assignment weighted by selected GTFS trip frequency
FULLBUS01085,300,0.728,0.9,0.2,2008591,Full e-bus coverage scenario; route assignment weighted by selected GTFS trip frequency
FULLBUS01086,300,0.743,0.9,0.2,2008591,Full e-bus coverage scenario; route assignment weighted by selected GTFS trip frequency
FULLBUS01087,300,0.721,0.9,0.2,2008591,Full e-bus coverage scenario; route assignment weighted by selected GTFS trip frequency
FULLBUS01088,300,0.795,0.9,0.2,2008591,Full e-bus coverage scenario; route assignment weighted by selected GTFS trip frequency
FULLBUS01089,300,0.761,0.9,0.2,2008591,Full e-bus coverage scenario; route assignment weighted by selected GTFS trip frequency
FULLBUS01090,300,0.875,0.9,0.2,2008591,Full e-bus coverage scenario; route assignment weighted by selected GTFS trip frequency
FULLBUS01091,300,0.776,0.9,0.2,2008591,Full e-bus coverage scenario; route assignment weighted by selected GTFS trip frequency
FULLBUS01092,300,0.831,0.9,0.2,2008591,Full e-bus coverage scenario; route assignment weighted by selected GTFS trip frequency
FULLBUS01093,300,0.758,0.9,0.2,2008591,Full e-bus coverage scenario; route assignment weighted by selected GTFS trip frequency
FULLBUS01094,300,0.788,0.9,0.2,2008591,Full e-bus coverage scenario; route assignment weighted by selected GTFS trip frequency
FULLBUS01095,300,0.806,0.9,0.2,2008591,Full e-bus coverage scenario; route assignment weighted by selected GTFS trip frequency
FULLBUS01096,300,0.73,0.9,0.2,2008591,Full e-bus coverage scenario; route assignment weighted by selected GTFS trip frequency
FULLBUS01097,300,0.836,0.9,0.2,2008591,Full e-bus coverage scenario; route assignment weighted by selected GTFS trip frequency
FULLBUS01098,300,0.79,0.9,0.2,2001920,Full e-bus coverage scenario; route assignment weighted by selected GTFS trip frequency
FULLBUS01099,300,0.792,0.9,0.2,2001920,Full e-bus coverage scenario; route assignment weighted by selected GTFS trip frequency
FULLBUS01100,300,0.753,0.9,0.2,2001920,Full e-bus coverage scenario; route assignment weighted by selected GTFS trip frequency
FULLBUS01101,300,0.747,0.9,0.2,2001920,Full e-bus coverage scenario; route assignment weighted by selected GTFS trip frequency
FULLBUS01102,300,0.747,0.9,0.2,2001920,Full e-bus coverage scenario; route assignment weighted by selected GTFS trip frequency
FULLBUS01103,300,0.756,0.9,0.2,2001920,Full e-bus coverage scenario; route assignment weighted by selected GTFS trip frequency
FULLBUS01104,300,0.822,0.9,0.2,2001920,Full e-bus coverage scenario; route assignment weighted by selected GTFS trip frequency
FULLBUS01105,300,0.727,0.9,0.2,2001920,Full e-bus coverage scenario; route assignment weighted by selected GTFS trip frequency
FULLBUS01106,300,0.869,0.9,0.2,2001920,Full e-bus coverage scenario; route assignment weighted by selected GTFS trip frequency
FULLBUS01107,300,0.792,0.9,0.2,2001920,Full e-bus coverage scenario; route assignment weighted by selected GTFS trip frequency
FULLBUS01108,300,0.841,0.9,0.2,2001920,Full e-bus coverage scenario; route assignment weighted by selected GTFS trip frequency
FULLBUS01109,300,0.867,0.9,0.2,2001920,Full e-bus coverage scenario; route assignment weighted by selected GTFS trip frequency
FULLBUS01110,300,0.765,0.9,0.2,2001920,Full e-bus coverage scenario; route assignment weighted by selected GTFS trip frequency
FULLBUS01111,300,0.79,0.9,0.2,2001233,Full e-bus coverage scenario; route assignment weighted by selected GTFS trip frequency
FULLBUS01112,300,0.752,0.9,0.2,2001233,Full e-bus coverage scenario; route assignment weighted by selected GTFS trip frequency
FULLBUS01113,300,0.806,0.9,0.2,2001233,Full e-bus coverage scenario; route assignment weighted by selected GTFS trip frequency
FULLBUS01114,300,0.806,0.9,0.2,2001233,Full e-bus coverage scenario; route assignment weighted by selected GTFS trip frequency
FULLBUS01115,300,0.876,0.9,0.2,2001233,Full e-bus coverage scenario; route assignment weighted by selected GTFS trip frequency
FULLBUS01116,300,0.822,0.9,0.2,2001233,Full e-bus coverage scenario; route assignment weighted by selected GTFS trip frequency
FULLBUS01117,300,0.839,0.9,0.2,2001233,Full e-bus coverage scenario; route assignment weighted by selected GTFS trip frequency
FULLBUS01118,300,0.833,0.9,0.2,2001233,Full e-bus coverage scenario; route assignment weighted by selected GTFS trip frequency
FULLBUS01119,300,0.808,0.9,0.2,2001233,Full e-bus coverage scenario; route assignment weighted by selected GTFS trip frequency
FULLBUS01120,300,0.866,0.9,0.2,2001233,Full e-bus coverage scenario; route assignment weighted by selected GTFS trip frequency
FULLBUS01121,300,0.763,0.9,0.2,2001233,Full e-bus coverage scenario; route assignment weighted by selected GTFS trip frequency
FULLBUS01122,300,0.87,0.9,0.2,2001233,Full e-bus coverage scenario; route assignment weighted by selected GTFS trip frequency
FULLBUS01123,300,0.815,0.9,0.2,2001233,Full e-bus coverage scenario; route assignment weighted by selected GTFS trip frequency
FULLBUS01124,300,0.875,0.9,0.2,2005649,Full e-bus coverage scenario; route assignment weighted by selected GTFS trip frequency
FULLBUS01125,300,0.871,0.9,0.2,2005649,Full e-bus coverage scenario; route assignment weighted by selected GTFS trip frequency
FULLBUS01126,300,0.786,0.9,0.2,2005649,Full e-bus coverage scenario; route assignment weighted by selected GTFS trip frequency
FULLBUS01127,300,0.837,0.9,0.2,2005649,Full e-bus coverage scenario; route assignment weighted by selected GTFS trip frequency
FULLBUS01128,300,0.742,0.9,0.2,2005649,Full e-bus coverage scenario; route assignment weighted by selected GTFS trip frequency
FULLBUS01129,300,0.834,0.9,0.2,2005649,Full e-bus coverage scenario; route assignment weighted by selected GTFS trip frequency
FULLBUS01130,300,0.813,0.9,0.2,2005649,Full e-bus coverage scenario; route assignment weighted by selected GTFS trip frequency
FULLBUS01131,300,0.754,0.9,0.2,2005649,Full e-bus coverage scenario; route assignment weighted by selected GTFS trip frequency
FULLBUS01132,300,0.812,0.9,0.2,2005649,Full e-bus coverage scenario; route assignment weighted by selected GTFS trip frequency
FULLBUS01133,300,0.78,0.9,0.2,2005649,Full e-bus coverage scenario; route assignment weighted by selected GTFS trip frequency
FULLBUS01134,300,0.818,0.9,0.2,2005649,Full e-bus coverage scenario; route assignment weighted by selected GTFS trip frequency
FULLBUS01135,300,0.82,0.9,0.2,2005649,Full e-bus coverage scenario; route assignment weighted by selected GTFS trip frequency
FULLBUS01136,300,0.862,0.9,0.2,2005649,Full e-bus coverage scenario; route assignment weighted by selected GTFS trip frequency
FULLBUS01137,300,0.755,0.9,0.2,2007999,Full e-bus coverage scenario; route assignment weighted by selected GTFS trip frequency
FULLBUS01138,300,0.764,0.9,0.2,2007999,Full e-bus coverage scenario; route assignment weighted by selected GTFS trip frequency
FULLBUS01139,300,0.807,0.9,0.2,2007999,Full e-bus coverage scenario; route assignment weighted by selected GTFS trip frequency
FULLBUS01140,300,0.874,0.9,0.2,2007999,Full e-bus coverage scenario; route assignment weighted by selected GTFS trip frequency
FULLBUS01141,300,0.797,0.9,0.2,2007999,Full e-bus coverage scenario; route assignment weighted by selected GTFS trip frequency
FULLBUS01142,300,0.839,0.9,0.2,2007999,Full e-bus coverage scenario; route assignment weighted by selected GTFS trip frequency
FULLBUS01143,300,0.774,0.9,0.2,2007999,Full e-bus coverage scenario; route assignment weighted by selected GTFS trip frequency
FULLBUS01144,300,0.862,0.9,0.2,2007999,Full e-bus coverage scenario; route assignment weighted by selected GTFS trip frequency
FULLBUS01145,300,0.792,0.9,0.2,2007999,Full e-bus coverage scenario; route assignment weighted by selected GTFS trip frequency
FULLBUS01146,300,0.829,0.9,0.2,2007999,Full e-bus coverage scenario; route assignment weighted by selected GTFS trip frequency
FULLBUS01147,300,0.782,0.9,0.2,2007999,Full e-bus coverage scenario; route assignment weighted by selected GTFS trip frequency
FULLBUS01148,300,0.823,0.9,0.2,2007999,Full e-bus coverage scenario; route assignment weighted by selected GTFS trip frequency
FULLBUS01149,300,0.721,0.9,0.2,2007999,Full e-bus coverage scenario; route assignment weighted by selected GTFS trip frequency
FULLBUS01150,300,0.837,0.9,0.2,1427,Full e-bus coverage scenario; route assignment weighted by selected GTFS trip frequency
FULLBUS01151,300,0.746,0.9,0.2,1427,Full e-bus coverage scenario; route assignment weighted by selected GTFS trip frequency
FULLBUS01152,300,0.806,0.9,0.2,1427,Full e-bus coverage scenario; route assignment weighted by selected GTFS trip frequency
FULLBUS01153,300,0.74,0.9,0.2,1427,Full e-bus coverage scenario; route assignment weighted by selected GTFS trip frequency
FULLBUS01154,300,0.853,0.9,0.2,1427,Full e-bus coverage scenario; route assignment weighted by selected GTFS trip frequency
FULLBUS01155,300,0.791,0.9,0.2,1427,Full e-bus coverage scenario; route assignment weighted by selected GTFS trip frequency
FULLBUS01156,300,0.818,0.9,0.2,1427,Full e-bus coverage scenario; route assignment weighted by selected GTFS trip frequency
FULLBUS01157,300,0.737,0.9,0.2,1427,Full e-bus coverage scenario; route assignment weighted by selected GTFS trip frequency
FULLBUS01158,300,0.866,0.9,0.2,1427,Full e-bus coverage scenario; route assignment weighted by selected GTFS trip frequency
FULLBUS01159,300,0.82,0.9,0.2,1427,Full e-bus coverage scenario; route assignment weighted by selected GTFS trip frequency
FULLBUS01160,300,0.767,0.9,0.2,1427,Full e-bus coverage scenario; route assignment weighted by selected GTFS trip frequency
FULLBUS01161,300,0.78,0.9,0.2,1427,Full e-bus coverage scenario; route assignment weighted by selected GTFS trip frequency
FULLBUS01162,300,0.765,0.9,0.2,1427,Full e-bus coverage scenario; route assignment weighted by selected GTFS trip frequency
FULLBUS01163,300,0.811,0.9,0.2,1428,Full e-bus coverage scenario; route assignment weighted by selected GTFS trip frequency
FULLBUS01164,300,0.859,0.9,0.2,1428,Full e-bus coverage scenario; route assignment weighted by selected GTFS trip frequency
FULLBUS01165,300,0.847,0.9,0.2,1428,Full e-bus coverage scenario; route assignment weighted by selected GTFS trip frequency
FULLBUS01166,300,0.811,0.9,0.2,1428,Full e-bus coverage scenario; route assignment weighted by selected GTFS trip frequency
FULLBUS01167,300,0.765,0.9,0.2,1428,Full e-bus coverage scenario; route assignment weighted by selected GTFS trip frequency
FULLBUS01168,300,0.723,0.9,0.2,1428,Full e-bus coverage scenario; route assignment weighted by selected GTFS trip frequency
FULLBUS01169,300,0.76,0.9,0.2,1428,Full e-bus coverage scenario; route assignment weighted by selected GTFS trip frequency
FULLBUS01170,300,0.848,0.9,0.2,1428,Full e-bus coverage scenario; route assignment weighted by selected GTFS trip frequency
FULLBUS01171,300,0.735,0.9,0.2,1428,Full e-bus coverage scenario; route assignment weighted by selected GTFS trip frequency
FULLBUS01172,300,0.859,0.9,0.2,1428,Full e-bus coverage scenario; route assignment weighted by selected GTFS trip frequency
FULLBUS01173,300,0.828,0.9,0.2,1428,Full e-bus coverage scenario; route assignment weighted by selected GTFS trip frequency
FULLBUS01174,300,0.849,0.9,0.2,1428,Full e-bus coverage scenario; route assignment weighted by selected GTFS trip frequency
FULLBUS01175,300,0.786,0.9,0.2,1428,Full e-bus coverage scenario; route assignment weighted by selected GTFS trip frequency
FULLBUS01176,300,0.736,0.9,0.2,1140,Full e-bus coverage scenario; route assignment weighted by selected GTFS trip frequency
FULLBUS01177,300,0.837,0.9,0.2,1140,Full e-bus coverage scenario; route assignment weighted by selected GTFS trip frequency
FULLBUS01178,300,0.855,0.9,0.2,1140,Full e-bus coverage scenario; route assignment weighted by selected GTFS trip frequency
FULLBUS01179,300,0.783,0.9,0.2,1140,Full e-bus coverage scenario; route assignment weighted by selected GTFS trip frequency
FULLBUS01180,300,0.786,0.9,0.2,1140,Full e-bus coverage scenario; route assignment weighted by selected GTFS trip frequency
FULLBUS01181,300,0.849,0.9,0.2,1140,Full e-bus coverage scenario; route assignment weighted by selected GTFS trip frequency
FULLBUS01182,300,0.831,0.9,0.2,1140,Full e-bus coverage scenario; route assignment weighted by selected GTFS trip frequency
FULLBUS01183,300,0.768,0.9,0.2,1140,Full e-bus coverage scenario; route assignment weighted by selected GTFS trip frequency
FULLBUS01184,300,0.862,0.9,0.2,1140,Full e-bus coverage scenario; route assignment weighted by selected GTFS trip frequency
FULLBUS01185,300,0.749,0.9,0.2,1140,Full e-bus coverage scenario; route assignment weighted by selected GTFS trip frequency
FULLBUS01186,300,0.73,0.9,0.2,1140,Full e-bus coverage scenario; route assignment weighted by selected GTFS trip frequency
FULLBUS01187,300,0.721,0.9,0.2,1140,Full e-bus coverage scenario; route assignment weighted by selected GTFS trip frequency
FULLBUS01188,300,0.751,0.9,0.2,1140,Full e-bus coverage scenario; route assignment weighted by selected GTFS trip frequency
FULLBUS01189,300,0.734,0.9,0.2,2003604,Full e-bus coverage scenario; route assignment weighted by selected GTFS trip frequency
FULLBUS01190,300,0.813,0.9,0.2,2003604,Full e-bus coverage scenario; route assignment weighted by selected GTFS trip frequency
FULLBUS01191,300,0.864,0.9,0.2,2003604,Full e-bus coverage scenario; route assignment weighted by selected GTFS trip frequency
FULLBUS01192,300,0.875,0.9,0.2,2003604,Full e-bus coverage scenario; route assignment weighted by selected GTFS trip frequency
FULLBUS01193,300,0.814,0.9,0.2,2003604,Full e-bus coverage scenario; route assignment weighted by selected GTFS trip frequency
FULLBUS01194,300,0.798,0.9,0.2,2003604,Full e-bus coverage scenario; route assignment weighted by selected GTFS trip frequency
FULLBUS01195,300,0.738,0.9,0.2,2003604,Full e-bus coverage scenario; route assignment weighted by selected GTFS trip frequency
FULLBUS01196,300,0.86,0.9,0.2,2003604,Full e-bus coverage scenario; route assignment weighted by selected GTFS trip frequency
FULLBUS01197,300,0.867,0.9,0.2,2003604,Full e-bus coverage scenario; route assignment weighted by selected GTFS trip frequency
FULLBUS01198,300,0.791,0.9,0.2,2003604,Full e-bus coverage scenario; route assignment weighted by selected GTFS trip frequency
FULLBUS01199,300,0.87,0.9,0.2,2003604,Full e-bus coverage scenario; route assignment weighted by selected GTFS trip frequency
FULLBUS01200,300,0.852,0.9,0.2,2003604,Full e-bus coverage scenario; route assignment weighted by selected GTFS trip frequency
FULLBUS01201,300,0.839,0.9,0.2,2003604,Full e-bus coverage scenario; route assignment weighted by selected GTFS trip frequency
FULLBUS01202,300,0.761,0.9,0.2,2001326,Full e-bus coverage scenario; route assignment weighted by selected GTFS trip frequency
FULLBUS01203,300,0.796,0.9,0.2,2001326,Full e-bus coverage scenario; route assignment weighted by selected GTFS trip frequency
FULLBUS01204,300,0.819,0.9,0.2,2001326,Full e-bus coverage scenario; route assignment weighted by selected GTFS trip frequency
FULLBUS01205,300,0.8,0.9,0.2,2001326,Full e-bus coverage scenario; route assignment weighted by selected GTFS trip frequency
FULLBUS01206,300,0.828,0.9,0.2,2001326,Full e-bus coverage scenario; route assignment weighted by selected GTFS trip frequency
FULLBUS01207,300,0.83,0.9,0.2,2001326,Full e-bus coverage scenario; route assignment weighted by selected GTFS trip frequency
FULLBUS01208,300,0.813,0.9,0.2,2001326,Full e-bus coverage scenario; route assignment weighted by selected GTFS trip frequency
FULLBUS01209,300,0.84,0.9,0.2,2001326,Full e-bus coverage scenario; route assignment weighted by selected GTFS trip frequency
FULLBUS01210,300,0.848,0.9,0.2,2001326,Full e-bus coverage scenario; route assignment weighted by selected GTFS trip frequency
FULLBUS01211,300,0.857,0.9,0.2,2001326,Full e-bus coverage scenario; route assignment weighted by selected GTFS trip frequency
FULLBUS01212,300,0.871,0.9,0.2,2001326,Full e-bus coverage scenario; route assignment weighted by selected GTFS trip frequency
FULLBUS01213,300,0.873,0.9,0.2,2001326,Full e-bus coverage scenario; route assignment weighted by selected GTFS trip frequency
FULLBUS01214,300,0.878,0.9,0.2,2001326,Full e-bus coverage scenario; route assignment weighted by selected GTFS trip frequency
FULLBUS01215,300,0.824,0.9,0.2,1983,Full e-bus coverage scenario; route assignment weighted by selected GTFS trip frequency
FULLBUS01216,300,0.79,0.9,0.2,1983,Full e-bus coverage scenario; route assignment weighted by selected GTFS trip frequency
FULLBUS01217,300,0.771,0.9,0.2,1983,Full e-bus coverage scenario; route assignment weighted by selected GTFS trip frequency
FULLBUS01218,300,0.726,0.9,0.2,1983,Full e-bus coverage scenario; route assignment weighted by selected GTFS trip frequency
FULLBUS01219,300,0.86,0.9,0.2,1983,Full e-bus coverage scenario; route assignment weighted by selected GTFS trip frequency
FULLBUS01220,300,0.807,0.9,0.2,1983,Full e-bus coverage scenario; route assignment weighted by selected GTFS trip frequency
FULLBUS01221,300,0.851,0.9,0.2,1983,Full e-bus coverage scenario; route assignment weighted by selected GTFS trip frequency
FULLBUS01222,300,0.756,0.9,0.2,1983,Full e-bus coverage scenario; route assignment weighted by selected GTFS trip frequency
FULLBUS01223,300,0.726,0.9,0.2,1983,Full e-bus coverage scenario; route assignment weighted by selected GTFS trip frequency
FULLBUS01224,300,0.738,0.9,0.2,1983,Full e-bus coverage scenario; route assignment weighted by selected GTFS trip frequency
FULLBUS01225,300,0.786,0.9,0.2,1983,Full e-bus coverage scenario; route assignment weighted by selected GTFS trip frequency
FULLBUS01226,300,0.795,0.9,0.2,1983,Full e-bus coverage scenario; route assignment weighted by selected GTFS trip frequency
FULLBUS01227,300,0.724,0.9,0.2,2001723,Full e-bus coverage scenario; route assignment weighted by selected GTFS trip frequency
FULLBUS01228,300,0.733,0.9,0.2,2001723,Full e-bus coverage scenario; route assignment weighted by selected GTFS trip frequency
FULLBUS01229,300,0.787,0.9,0.2,2001723,Full e-bus coverage scenario; route assignment weighted by selected GTFS trip frequency
FULLBUS01230,300,0.858,0.9,0.2,2001723,Full e-bus coverage scenario; route assignment weighted by selected GTFS trip frequency
FULLBUS01231,300,0.776,0.9,0.2,2001723,Full e-bus coverage scenario; route assignment weighted by selected GTFS trip frequency
FULLBUS01232,300,0.8,0.9,0.2,2001723,Full e-bus coverage scenario; route assignment weighted by selected GTFS trip frequency
FULLBUS01233,300,0.74,0.9,0.2,2001723,Full e-bus coverage scenario; route assignment weighted by selected GTFS trip frequency
FULLBUS01234,300,0.74,0.9,0.2,2001723,Full e-bus coverage scenario; route assignment weighted by selected GTFS trip frequency
FULLBUS01235,300,0.796,0.9,0.2,2001723,Full e-bus coverage scenario; route assignment weighted by selected GTFS trip frequency
FULLBUS01236,300,0.865,0.9,0.2,2001723,Full e-bus coverage scenario; route assignment weighted by selected GTFS trip frequency
FULLBUS01237,300,0.859,0.9,0.2,2001723,Full e-bus coverage scenario; route assignment weighted by selected GTFS trip frequency
FULLBUS01238,300,0.783,0.9,0.2,2001723,Full e-bus coverage scenario; route assignment weighted by selected GTFS trip frequency
FULLBUS01239,300,0.776,0.9,0.2,2006606,Full e-bus coverage scenario; route assignment weighted by selected GTFS trip frequency
FULLBUS01240,300,0.728,0.9,0.2,2006606,Full e-bus coverage scenario; route assignment weighted by selected GTFS trip frequency
FULLBUS01241,300,0.828,0.9,0.2,2006606,Full e-bus coverage scenario; route assignment weighted by selected GTFS trip frequency
FULLBUS01242,300,0.74,0.9,0.2,2006606,Full e-bus coverage scenario; route assignment weighted by selected GTFS trip frequency
FULLBUS01243,300,0.863,0.9,0.2,2006606,Full e-bus coverage scenario; route assignment weighted by selected GTFS trip frequency
FULLBUS01244,300,0.773,0.9,0.2,2006606,Full e-bus coverage scenario; route assignment weighted by selected GTFS trip frequency
FULLBUS01245,300,0.831,0.9,0.2,2006606,Full e-bus coverage scenario; route assignment weighted by selected GTFS trip frequency
FULLBUS01246,300,0.785,0.9,0.2,2006606,Full e-bus coverage scenario; route assignment weighted by selected GTFS trip frequency
FULLBUS01247,300,0.771,0.9,0.2,2006606,Full e-bus coverage scenario; route assignment weighted by selected GTFS trip frequency
FULLBUS01248,300,0.742,0.9,0.2,2006606,Full e-bus coverage scenario; route assignment weighted by selected GTFS trip frequency
FULLBUS01249,300,0.75,0.9,0.2,2006606,Full e-bus coverage scenario; route assignment weighted by selected GTFS trip frequency
FULLBUS01250,300,0.774,0.9,0.2,2006606,Full e-bus coverage scenario; route assignment weighted by selected GTFS trip frequency
FULLBUS01251,300,0.797,0.9,0.2,1529,Full e-bus coverage scenario; route assignment weighted by selected GTFS trip frequency
FULLBUS01252,300,0.87,0.9,0.2,1529,Full e-bus coverage scenario; route assignment weighted by selected GTFS trip frequency
FULLBUS01253,300,0.731,0.9,0.2,1529,Full e-bus coverage scenario; route assignment weighted by selected GTFS trip frequency
FULLBUS01254,300,0.852,0.9,0.2,1529,Full e-bus coverage scenario; route assignment weighted by selected GTFS trip frequency
FULLBUS01255,300,0.722,0.9,0.2,1529,Full e-bus coverage scenario; route assignment weighted by selected GTFS trip frequency
FULLBUS01256,300,0.812,0.9,0.2,1529,Full e-bus coverage scenario; route assignment weighted by selected GTFS trip frequency
FULLBUS01257,300,0.767,0.9,0.2,1529,Full e-bus coverage scenario; route assignment weighted by selected GTFS trip frequency
FULLBUS01258,300,0.759,0.9,0.2,1529,Full e-bus coverage scenario; route assignment weighted by selected GTFS trip frequency
FULLBUS01259,300,0.877,0.9,0.2,1529,Full e-bus coverage scenario; route assignment weighted by selected GTFS trip frequency
FULLBUS01260,300,0.743,0.9,0.2,1529,Full e-bus coverage scenario; route assignment weighted by selected GTFS trip frequency
FULLBUS01261,300,0.853,0.9,0.2,1529,Full e-bus coverage scenario; route assignment weighted by selected GTFS trip frequency
FULLBUS01262,300,0.779,0.9,0.2,1529,Full e-bus coverage scenario; route assignment weighted by selected GTFS trip frequency
FULLBUS01263,300,0.787,0.9,0.2,1262,Full e-bus coverage scenario; route assignment weighted by selected GTFS trip frequency
FULLBUS01264,300,0.796,0.9,0.2,1262,Full e-bus coverage scenario; route assignment weighted by selected GTFS trip frequency
FULLBUS01265,300,0.856,0.9,0.2,1262,Full e-bus coverage scenario; route assignment weighted by selected GTFS trip frequency
FULLBUS01266,300,0.807,0.9,0.2,1262,Full e-bus coverage scenario; route assignment weighted by selected GTFS trip frequency
FULLBUS01267,300,0.878,0.9,0.2,1262,Full e-bus coverage scenario; route assignment weighted by selected GTFS trip frequency
FULLBUS01268,300,0.781,0.9,0.2,1262,Full e-bus coverage scenario; route assignment weighted by selected GTFS trip frequency
FULLBUS01269,300,0.856,0.9,0.2,1262,Full e-bus coverage scenario; route assignment weighted by selected GTFS trip frequency
FULLBUS01270,300,0.831,0.9,0.2,1262,Full e-bus coverage scenario; route assignment weighted by selected GTFS trip frequency
FULLBUS01271,300,0.81,0.9,0.2,1262,Full e-bus coverage scenario; route assignment weighted by selected GTFS trip frequency
FULLBUS01272,300,0.781,0.9,0.2,1262,Full e-bus coverage scenario; route assignment weighted by selected GTFS trip frequency
FULLBUS01273,300,0.732,0.9,0.2,1262,Full e-bus coverage scenario; route assignment weighted by selected GTFS trip frequency
FULLBUS01274,300,0.841,0.9,0.2,1262,Full e-bus coverage scenario; route assignment weighted by selected GTFS trip frequency
FULLBUS01275,300,0.763,0.9,0.2,2001462,Full e-bus coverage scenario; route assignment weighted by selected GTFS trip frequency
FULLBUS01276,300,0.85,0.9,0.2,2001462,Full e-bus coverage scenario; route assignment weighted by selected GTFS trip frequency
FULLBUS01277,300,0.77,0.9,0.2,2001462,Full e-bus coverage scenario; route assignment weighted by selected GTFS trip frequency
FULLBUS01278,300,0.817,0.9,0.2,2001462,Full e-bus coverage scenario; route assignment weighted by selected GTFS trip frequency
FULLBUS01279,300,0.843,0.9,0.2,2001462,Full e-bus coverage scenario; route assignment weighted by selected GTFS trip frequency
FULLBUS01280,300,0.853,0.9,0.2,2001462,Full e-bus coverage scenario; route assignment weighted by selected GTFS trip frequency
FULLBUS01281,300,0.732,0.9,0.2,2001462,Full e-bus coverage scenario; route assignment weighted by selected GTFS trip frequency
FULLBUS01282,300,0.765,0.9,0.2,2001462,Full e-bus coverage scenario; route assignment weighted by selected GTFS trip frequency
FULLBUS01283,300,0.872,0.9,0.2,2001462,Full e-bus coverage scenario; route assignment weighted by selected GTFS trip frequency
FULLBUS01284,300,0.744,0.9,0.2,2001462,Full e-bus coverage scenario; route assignment weighted by selected GTFS trip frequency
FULLBUS01285,300,0.811,0.9,0.2,2001462,Full e-bus coverage scenario; route assignment weighted by selected GTFS trip frequency
FULLBUS01286,300,0.74,0.9,0.2,2001462,Full e-bus coverage scenario; route assignment weighted by selected GTFS trip frequency
FULLBUS01287,300,0.809,0.9,0.2,1484,Full e-bus coverage scenario; route assignment weighted by selected GTFS trip frequency
FULLBUS01288,300,0.874,0.9,0.2,1484,Full e-bus coverage scenario; route assignment weighted by selected GTFS trip frequency
FULLBUS01289,300,0.742,0.9,0.2,1484,Full e-bus coverage scenario; route assignment weighted by selected GTFS trip frequency
FULLBUS01290,300,0.786,0.9,0.2,1484,Full e-bus coverage scenario; route assignment weighted by selected GTFS trip frequency
FULLBUS01291,300,0.811,0.9,0.2,1484,Full e-bus coverage scenario; route assignment weighted by selected GTFS trip frequency
FULLBUS01292,300,0.768,0.9,0.2,1484,Full e-bus coverage scenario; route assignment weighted by selected GTFS trip frequency
FULLBUS01293,300,0.849,0.9,0.2,1484,Full e-bus coverage scenario; route assignment weighted by selected GTFS trip frequency
FULLBUS01294,300,0.801,0.9,0.2,1484,Full e-bus coverage scenario; route assignment weighted by selected GTFS trip frequency
FULLBUS01295,300,0.765,0.9,0.2,1484,Full e-bus coverage scenario; route assignment weighted by selected GTFS trip frequency
FULLBUS01296,300,0.847,0.9,0.2,1484,Full e-bus coverage scenario; route assignment weighted by selected GTFS trip frequency
FULLBUS01297,300,0.79,0.9,0.2,1484,Full e-bus coverage scenario; route assignment weighted by selected GTFS trip frequency
FULLBUS01298,300,0.849,0.9,0.2,1484,Full e-bus coverage scenario; route assignment weighted by selected GTFS trip frequency
FULLBUS01299,300,0.873,0.9,0.2,1482,Full e-bus coverage scenario; route assignment weighted by selected GTFS trip frequency
FULLBUS01300,300,0.736,0.9,0.2,1482,Full e-bus coverage scenario; route assignment weighted by selected GTFS trip frequency
FULLBUS01301,300,0.726,0.9,0.2,1482,Full e-bus coverage scenario; route assignment weighted by selected GTFS trip frequency
FULLBUS01302,300,0.831,0.9,0.2,1482,Full e-bus coverage scenario; route assignment weighted by selected GTFS trip frequency
FULLBUS01303,300,0.77,0.9,0.2,1482,Full e-bus coverage scenario; route assignment weighted by selected GTFS trip frequency
FULLBUS01304,300,0.83,0.9,0.2,1482,Full e-bus coverage scenario; route assignment weighted by selected GTFS trip frequency
FULLBUS01305,300,0.787,0.9,0.2,1482,Full e-bus coverage scenario; route assignment weighted by selected GTFS trip frequency
FULLBUS01306,300,0.723,0.9,0.2,1482,Full e-bus coverage scenario; route assignment weighted by selected GTFS trip frequency
FULLBUS01307,300,0.836,0.9,0.2,1482,Full e-bus coverage scenario; route assignment weighted by selected GTFS trip frequency
FULLBUS01308,300,0.725,0.9,0.2,1482,Full e-bus coverage scenario; route assignment weighted by selected GTFS trip frequency
FULLBUS01309,300,0.789,0.9,0.2,1482,Full e-bus coverage scenario; route assignment weighted by selected GTFS trip frequency
FULLBUS01310,300,0.732,0.9,0.2,1482,Full e-bus coverage scenario; route assignment weighted by selected GTFS trip frequency
FULLBUS01311,300,0.765,0.9,0.2,2006870,Full e-bus coverage scenario; route assignment weighted by selected GTFS trip frequency
FULLBUS01312,300,0.83,0.9,0.2,2006870,Full e-bus coverage scenario; route assignment weighted by selected GTFS trip frequency
FULLBUS01313,300,0.819,0.9,0.2,2006870,Full e-bus coverage scenario; route assignment weighted by selected GTFS trip frequency
FULLBUS01314,300,0.857,0.9,0.2,2006870,Full e-bus coverage scenario; route assignment weighted by selected GTFS trip frequency
FULLBUS01315,300,0.84,0.9,0.2,2006870,Full e-bus coverage scenario; route assignment weighted by selected GTFS trip frequency
FULLBUS01316,300,0.804,0.9,0.2,2006870,Full e-bus coverage scenario; route assignment weighted by selected GTFS trip frequency
FULLBUS01317,300,0.779,0.9,0.2,2006870,Full e-bus coverage scenario; route assignment weighted by selected GTFS trip frequency
FULLBUS01318,300,0.736,0.9,0.2,2006870,Full e-bus coverage scenario; route assignment weighted by selected GTFS trip frequency
FULLBUS01319,300,0.874,0.9,0.2,2006870,Full e-bus coverage scenario; route assignment weighted by selected GTFS trip frequency
FULLBUS01320,300,0.815,0.9,0.2,2006870,Full e-bus coverage scenario; route assignment weighted by selected GTFS trip frequency
FULLBUS01321,300,0.734,0.9,0.2,2006870,Full e-bus coverage scenario; route assignment weighted by selected GTFS trip frequency
FULLBUS01322,300,0.873,0.9,0.2,2006870,Full e-bus coverage scenario; route assignment weighted by selected GTFS trip frequency
FULLBUS01323,300,0.844,0.9,0.2,1247,Full e-bus coverage scenario; route assignment weighted by selected GTFS trip frequency
FULLBUS01324,300,0.737,0.9,0.2,1247,Full e-bus coverage scenario; route assignment weighted by selected GTFS trip frequency
FULLBUS01325,300,0.827,0.9,0.2,1247,Full e-bus coverage scenario; route assignment weighted by selected GTFS trip frequency
FULLBUS01326,300,0.793,0.9,0.2,1247,Full e-bus coverage scenario; route assignment weighted by selected GTFS trip frequency
FULLBUS01327,300,0.851,0.9,0.2,1247,Full e-bus coverage scenario; route assignment weighted by selected GTFS trip frequency
FULLBUS01328,300,0.782,0.9,0.2,1247,Full e-bus coverage scenario; route assignment weighted by selected GTFS trip frequency
FULLBUS01329,300,0.864,0.9,0.2,1247,Full e-bus coverage scenario; route assignment weighted by selected GTFS trip frequency
FULLBUS01330,300,0.742,0.9,0.2,1247,Full e-bus coverage scenario; route assignment weighted by selected GTFS trip frequency
FULLBUS01331,300,0.88,0.9,0.2,1247,Full e-bus coverage scenario; route assignment weighted by selected GTFS trip frequency
FULLBUS01332,300,0.803,0.9,0.2,1247,Full e-bus coverage scenario; route assignment weighted by selected GTFS trip frequency
FULLBUS01333,300,0.722,0.9,0.2,1247,Full e-bus coverage scenario; route assignment weighted by selected GTFS trip frequency
FULLBUS01334,300,0.833,0.9,0.2,1000340,Full e-bus coverage scenario; route assignment weighted by selected GTFS trip frequency
FULLBUS01335,300,0.766,0.9,0.2,1000340,Full e-bus coverage scenario; route assignment weighted by selected GTFS trip frequency
FULLBUS01336,300,0.799,0.9,0.2,1000340,Full e-bus coverage scenario; route assignment weighted by selected GTFS trip frequency
FULLBUS01337,300,0.733,0.9,0.2,1000340,Full e-bus coverage scenario; route assignment weighted by selected GTFS trip frequency
FULLBUS01338,300,0.871,0.9,0.2,1000340,Full e-bus coverage scenario; route assignment weighted by selected GTFS trip frequency
FULLBUS01339,300,0.817,0.9,0.2,1000340,Full e-bus coverage scenario; route assignment weighted by selected GTFS trip frequency
FULLBUS01340,300,0.721,0.9,0.2,1000340,Full e-bus coverage scenario; route assignment weighted by selected GTFS trip frequency
FULLBUS01341,300,0.822,0.9,0.2,1000340,Full e-bus coverage scenario; route assignment weighted by selected GTFS trip frequency
FULLBUS01342,300,0.778,0.9,0.2,1000340,Full e-bus coverage scenario; route assignment weighted by selected GTFS trip frequency
FULLBUS01343,300,0.754,0.9,0.2,1000340,Full e-bus coverage scenario; route assignment weighted by selected GTFS trip frequency
FULLBUS01344,300,0.872,0.9,0.2,1000340,Full e-bus coverage scenario; route assignment weighted by selected GTFS trip frequency
FULLBUS01345,300,0.856,0.9,0.2,2006408,Full e-bus coverage scenario; route assignment weighted by selected GTFS trip frequency
FULLBUS01346,300,0.748,0.9,0.2,2006408,Full e-bus coverage scenario; route assignment weighted by selected GTFS trip frequency
FULLBUS01347,300,0.815,0.9,0.2,2006408,Full e-bus coverage scenario; route assignment weighted by selected GTFS trip frequency
FULLBUS01348,300,0.803,0.9,0.2,2006408,Full e-bus coverage scenario; route assignment weighted by selected GTFS trip frequency
FULLBUS01349,300,0.851,0.9,0.2,2006408,Full e-bus coverage scenario; route assignment weighted by selected GTFS trip frequency
FULLBUS01350,300,0.857,0.9,0.2,2006408,Full e-bus coverage scenario; route assignment weighted by selected GTFS trip frequency
FULLBUS01351,300,0.842,0.9,0.2,2006408,Full e-bus coverage scenario; route assignment weighted by selected GTFS trip frequency
FULLBUS01352,300,0.791,0.9,0.2,2006408,Full e-bus coverage scenario; route assignment weighted by selected GTFS trip frequency
FULLBUS01353,300,0.818,0.9,0.2,2006408,Full e-bus coverage scenario; route assignment weighted by selected GTFS trip frequency
FULLBUS01354,300,0.726,0.9,0.2,2006408,Full e-bus coverage scenario; route assignment weighted by selected GTFS trip frequency
FULLBUS01355,300,0.722,0.9,0.2,2006408,Full e-bus coverage scenario; route assignment weighted by selected GTFS trip frequency
FULLBUS01356,300,0.74,0.9,0.2,1179,Full e-bus coverage scenario; route assignment weighted by selected GTFS trip frequency
FULLBUS01357,300,0.761,0.9,0.2,1179,Full e-bus coverage scenario; route assignment weighted by selected GTFS trip frequency
FULLBUS01358,300,0.793,0.9,0.2,1179,Full e-bus coverage scenario; route assignment weighted by selected GTFS trip frequency
FULLBUS01359,300,0.832,0.9,0.2,1179,Full e-bus coverage scenario; route assignment weighted by selected GTFS trip frequency
FULLBUS01360,300,0.874,0.9,0.2,1179,Full e-bus coverage scenario; route assignment weighted by selected GTFS trip frequency
FULLBUS01361,300,0.805,0.9,0.2,1179,Full e-bus coverage scenario; route assignment weighted by selected GTFS trip frequency
FULLBUS01362,300,0.852,0.9,0.2,1179,Full e-bus coverage scenario; route assignment weighted by selected GTFS trip frequency
FULLBUS01363,300,0.727,0.9,0.2,1179,Full e-bus coverage scenario; route assignment weighted by selected GTFS trip frequency
FULLBUS01364,300,0.82,0.9,0.2,1179,Full e-bus coverage scenario; route assignment weighted by selected GTFS trip frequency
FULLBUS01365,300,0.84,0.9,0.2,1179,Full e-bus coverage scenario; route assignment weighted by selected GTFS trip frequency
FULLBUS01366,300,0.731,0.9,0.2,1179,Full e-bus coverage scenario; route assignment weighted by selected GTFS trip frequency
FULLBUS01367,300,0.83,0.9,0.2,2008454,Full e-bus coverage scenario; route assignment weighted by selected GTFS trip frequency
FULLBUS01368,300,0.876,0.9,0.2,2008454,Full e-bus coverage scenario; route assignment weighted by selected GTFS trip frequency
FULLBUS01369,300,0.762,0.9,0.2,2008454,Full e-bus coverage scenario; route assignment weighted by selected GTFS trip frequency
FULLBUS01370,300,0.777,0.9,0.2,2008454,Full e-bus coverage scenario; route assignment weighted by selected GTFS trip frequency
FULLBUS01371,300,0.781,0.9,0.2,2008454,Full e-bus coverage scenario; route assignment weighted by selected GTFS trip frequency
FULLBUS01372,300,0.793,0.9,0.2,2008454,Full e-bus coverage scenario; route assignment weighted by selected GTFS trip frequency
FULLBUS01373,300,0.829,0.9,0.2,2008454,Full e-bus coverage scenario; route assignment weighted by selected GTFS trip frequency
FULLBUS01374,300,0.84,0.9,0.2,2008454,Full e-bus coverage scenario; route assignment weighted by selected GTFS trip frequency
FULLBUS01375,300,0.831,0.9,0.2,2008454,Full e-bus coverage scenario; route assignment weighted by selected GTFS trip frequency
FULLBUS01376,300,0.731,0.9,0.2,2008454,Full e-bus coverage scenario; route assignment weighted by selected GTFS trip frequency
FULLBUS01377,300,0.733,0.9,0.2,2008454,Full e-bus coverage scenario; route assignment weighted by selected GTFS trip frequency
FULLBUS01378,300,0.778,0.9,0.2,1053,Full e-bus coverage scenario; route assignment weighted by selected GTFS trip frequency
FULLBUS01379,300,0.862,0.9,0.2,1053,Full e-bus coverage scenario; route assignment weighted by selected GTFS trip frequency
FULLBUS01380,300,0.834,0.9,0.2,1053,Full e-bus coverage scenario; route assignment weighted by selected GTFS trip frequency
FULLBUS01381,300,0.79,0.9,0.2,1053,Full e-bus coverage scenario; route assignment weighted by selected GTFS trip frequency
FULLBUS01382,300,0.729,0.9,0.2,1053,Full e-bus coverage scenario; route assignment weighted by selected GTFS trip frequency
FULLBUS01383,300,0.852,0.9,0.2,1053,Full e-bus coverage scenario; route assignment weighted by selected GTFS trip frequency
FULLBUS01384,300,0.748,0.9,0.2,1053,Full e-bus coverage scenario; route assignment weighted by selected GTFS trip frequency
FULLBUS01385,300,0.81,0.9,0.2,1053,Full e-bus coverage scenario; route assignment weighted by selected GTFS trip frequency
FULLBUS01386,300,0.757,0.9,0.2,1053,Full e-bus coverage scenario; route assignment weighted by selected GTFS trip frequency
FULLBUS01387,300,0.771,0.9,0.2,1053,Full e-bus coverage scenario; route assignment weighted by selected GTFS trip frequency
FULLBUS01388,300,0.724,0.9,0.2,1053,Full e-bus coverage scenario; route assignment weighted by selected GTFS trip frequency
FULLBUS01389,300,0.768,0.9,0.2,2001270,Full e-bus coverage scenario; route assignment weighted by selected GTFS trip frequency
FULLBUS01390,300,0.748,0.9,0.2,2001270,Full e-bus coverage scenario; route assignment weighted by selected GTFS trip frequency
FULLBUS01391,300,0.84,0.9,0.2,2001270,Full e-bus coverage scenario; route assignment weighted by selected GTFS trip frequency
FULLBUS01392,300,0.782,0.9,0.2,2001270,Full e-bus coverage scenario; route assignment weighted by selected GTFS trip frequency
FULLBUS01393,300,0.787,0.9,0.2,2001270,Full e-bus coverage scenario; route assignment weighted by selected GTFS trip frequency
FULLBUS01394,300,0.867,0.9,0.2,2001270,Full e-bus coverage scenario; route assignment weighted by selected GTFS trip frequency
FULLBUS01395,300,0.843,0.9,0.2,2001270,Full e-bus coverage scenario; route assignment weighted by selected GTFS trip frequency
FULLBUS01396,300,0.825,0.9,0.2,2001270,Full e-bus coverage scenario; route assignment weighted by selected GTFS trip frequency
FULLBUS01397,300,0.852,0.9,0.2,2001270,Full e-bus coverage scenario; route assignment weighted by selected GTFS trip frequency
FULLBUS01398,300,0.789,0.9,0.2,2001270,Full e-bus coverage scenario; route assignment weighted by selected GTFS trip frequency
FULLBUS01399,300,0.797,0.9,0.2,2001270,Full e-bus coverage scenario; route assignment weighted by selected GTFS trip frequency
FULLBUS01400,300,0.79,0.9,0.2,1214,Full e-bus coverage scenario; route assignment weighted by selected GTFS trip frequency
FULLBUS01401,300,0.79,0.9,0.2,1214,Full e-bus coverage scenario; route assignment weighted by selected GTFS trip frequency
FULLBUS01402,300,0.817,0.9,0.2,1214,Full e-bus coverage scenario; route assignment weighted by selected GTFS trip frequency
FULLBUS01403,300,0.837,0.9,0.2,1214,Full e-bus coverage scenario; route assignment weighted by selected GTFS trip frequency
FULLBUS01404,300,0.73,0.9,0.2,1214,Full e-bus coverage scenario; route assignment weighted by selected GTFS trip frequency
FULLBUS01405,300,0.832,0.9,0.2,1214,Full e-bus coverage scenario; route assignment weighted by selected GTFS trip frequency
FULLBUS01406,300,0.837,0.9,0.2,1214,Full e-bus coverage scenario; route assignment weighted by selected GTFS trip frequency
FULLBUS01407,300,0.851,0.9,0.2,1214,Full e-bus coverage scenario; route assignment weighted by selected GTFS trip frequency
FULLBUS01408,300,0.816,0.9,0.2,1214,Full e-bus coverage scenario; route assignment weighted by selected GTFS trip frequency
FULLBUS01409,300,0.787,0.9,0.2,1214,Full e-bus coverage scenario; route assignment weighted by selected GTFS trip frequency
FULLBUS01410,300,0.79,0.9,0.2,2006573,Full e-bus coverage scenario; route assignment weighted by selected GTFS trip frequency
FULLBUS01411,300,0.829,0.9,0.2,2006573,Full e-bus coverage scenario; route assignment weighted by selected GTFS trip frequency
FULLBUS01412,300,0.762,0.9,0.2,2006573,Full e-bus coverage scenario; route assignment weighted by selected GTFS trip frequency
FULLBUS01413,300,0.771,0.9,0.2,2006573,Full e-bus coverage scenario; route assignment weighted by selected GTFS trip frequency
FULLBUS01414,300,0.78,0.9,0.2,2006573,Full e-bus coverage scenario; route assignment weighted by selected GTFS trip frequency
FULLBUS01415,300,0.855,0.9,0.2,2006573,Full e-bus coverage scenario; route assignment weighted by selected GTFS trip frequency
FULLBUS01416,300,0.778,0.9,0.2,2006573,Full e-bus coverage scenario; route assignment weighted by selected GTFS trip frequency
FULLBUS01417,300,0.737,0.9,0.2,2006573,Full e-bus coverage scenario; route assignment weighted by selected GTFS trip frequency
FULLBUS01418,300,0.744,0.9,0.2,2006573,Full e-bus coverage scenario; route assignment weighted by selected GTFS trip frequency
FULLBUS01419,300,0.753,0.9,0.2,2006573,Full e-bus coverage scenario; route assignment weighted by selected GTFS trip frequency
FULLBUS01420,300,0.862,0.9,0.2,2003771,Full e-bus coverage scenario; route assignment weighted by selected GTFS trip frequency
FULLBUS01421,300,0.871,0.9,0.2,2003771,Full e-bus coverage scenario; route assignment weighted by selected GTFS trip frequency
FULLBUS01422,300,0.853,0.9,0.2,2003771,Full e-bus coverage scenario; route assignment weighted by selected GTFS trip frequency
FULLBUS01423,300,0.753,0.9,0.2,2003771,Full e-bus coverage scenario; route assignment weighted by selected GTFS trip frequency
FULLBUS01424,300,0.755,0.9,0.2,2003771,Full e-bus coverage scenario; route assignment weighted by selected GTFS trip frequency
FULLBUS01425,300,0.826,0.9,0.2,2003771,Full e-bus coverage scenario; route assignment weighted by selected GTFS trip frequency
FULLBUS01426,300,0.779,0.9,0.2,2003771,Full e-bus coverage scenario; route assignment weighted by selected GTFS trip frequency
FULLBUS01427,300,0.766,0.9,0.2,2003771,Full e-bus coverage scenario; route assignment weighted by selected GTFS trip frequency
FULLBUS01428,300,0.808,0.9,0.2,2003771,Full e-bus coverage scenario; route assignment weighted by selected GTFS trip frequency
FULLBUS01429,300,0.768,0.9,0.2,2003771,Full e-bus coverage scenario; route assignment weighted by selected GTFS trip frequency
FULLBUS01430,300,0.803,0.9,0.2,2006681,Full e-bus coverage scenario; route assignment weighted by selected GTFS trip frequency
FULLBUS01431,300,0.819,0.9,0.2,2006681,Full e-bus coverage scenario; route assignment weighted by selected GTFS trip frequency
FULLBUS01432,300,0.853,0.9,0.2,2006681,Full e-bus coverage scenario; route assignment weighted by selected GTFS trip frequency
FULLBUS01433,300,0.829,0.9,0.2,2006681,Full e-bus coverage scenario; route assignment weighted by selected GTFS trip frequency
FULLBUS01434,300,0.73,0.9,0.2,2006681,Full e-bus coverage scenario; route assignment weighted by selected GTFS trip frequency
FULLBUS01435,300,0.84,0.9,0.2,2006681,Full e-bus coverage scenario; route assignment weighted by selected GTFS trip frequency
FULLBUS01436,300,0.877,0.9,0.2,2006681,Full e-bus coverage scenario; route assignment weighted by selected GTFS trip frequency
FULLBUS01437,300,0.756,0.9,0.2,2006681,Full e-bus coverage scenario; route assignment weighted by selected GTFS trip frequency
FULLBUS01438,300,0.8,0.9,0.2,2006681,Full e-bus coverage scenario; route assignment weighted by selected GTFS trip frequency
FULLBUS01439,300,0.88,0.9,0.2,2006681,Full e-bus coverage scenario; route assignment weighted by selected GTFS trip frequency
FULLBUS01440,300,0.785,0.9,0.2,2010962,Full e-bus coverage scenario; route assignment weighted by selected GTFS trip frequency
FULLBUS01441,300,0.836,0.9,0.2,2010962,Full e-bus coverage scenario; route assignment weighted by selected GTFS trip frequency
FULLBUS01442,300,0.864,0.9,0.2,2010962,Full e-bus coverage scenario; route assignment weighted by selected GTFS trip frequency
FULLBUS01443,300,0.818,0.9,0.2,2010962,Full e-bus coverage scenario; route assignment weighted by selected GTFS trip frequency
FULLBUS01444,300,0.751,0.9,0.2,2010962,Full e-bus coverage scenario; route assignment weighted by selected GTFS trip frequency
FULLBUS01445,300,0.875,0.9,0.2,2010962,Full e-bus coverage scenario; route assignment weighted by selected GTFS trip frequency
FULLBUS01446,300,0.862,0.9,0.2,2010962,Full e-bus coverage scenario; route assignment weighted by selected GTFS trip frequency
FULLBUS01447,300,0.794,0.9,0.2,2010962,Full e-bus coverage scenario; route assignment weighted by selected GTFS trip frequency
FULLBUS01448,300,0.757,0.9,0.2,2010962,Full e-bus coverage scenario; route assignment weighted by selected GTFS trip frequency
FULLBUS01449,300,0.778,0.9,0.2,2010962,Full e-bus coverage scenario; route assignment weighted by selected GTFS trip frequency
FULLBUS01450,300,0.794,0.9,0.2,2001361,Full e-bus coverage scenario; route assignment weighted by selected GTFS trip frequency
FULLBUS01451,300,0.744,0.9,0.2,2001361,Full e-bus coverage scenario; route assignment weighted by selected GTFS trip frequency
FULLBUS01452,300,0.838,0.9,0.2,2001361,Full e-bus coverage scenario; route assignment weighted by selected GTFS trip frequency
FULLBUS01453,300,0.748,0.9,0.2,2001361,Full e-bus coverage scenario; route assignment weighted by selected GTFS trip frequency
FULLBUS01454,300,0.77,0.9,0.2,2001361,Full e-bus coverage scenario; route assignment weighted by selected GTFS trip frequency
FULLBUS01455,300,0.844,0.9,0.2,2001361,Full e-bus coverage scenario; route assignment weighted by selected GTFS trip frequency
FULLBUS01456,300,0.81,0.9,0.2,2001361,Full e-bus coverage scenario; route assignment weighted by selected GTFS trip frequency
FULLBUS01457,300,0.757,0.9,0.2,2001361,Full e-bus coverage scenario; route assignment weighted by selected GTFS trip frequency
FULLBUS01458,300,0.862,0.9,0.2,2001361,Full e-bus coverage scenario; route assignment weighted by selected GTFS trip frequency
FULLBUS01459,300,0.873,0.9,0.2,2001361,Full e-bus coverage scenario; route assignment weighted by selected GTFS trip frequency
FULLBUS01460,300,0.833,0.9,0.2,2006904,Full e-bus coverage scenario; route assignment weighted by selected GTFS trip frequency
FULLBUS01461,300,0.846,0.9,0.2,2006904,Full e-bus coverage scenario; route assignment weighted by selected GTFS trip frequency
FULLBUS01462,300,0.809,0.9,0.2,2006904,Full e-bus coverage scenario; route assignment weighted by selected GTFS trip frequency
FULLBUS01463,300,0.854,0.9,0.2,2006904,Full e-bus coverage scenario; route assignment weighted by selected GTFS trip frequency
FULLBUS01464,300,0.747,0.9,0.2,2006904,Full e-bus coverage scenario; route assignment weighted by selected GTFS trip frequency
FULLBUS01465,300,0.809,0.9,0.2,2006904,Full e-bus coverage scenario; route assignment weighted by selected GTFS trip frequency
FULLBUS01466,300,0.766,0.9,0.2,2006904,Full e-bus coverage scenario; route assignment weighted by selected GTFS trip frequency
FULLBUS01467,300,0.744,0.9,0.2,2006904,Full e-bus coverage scenario; route assignment weighted by selected GTFS trip frequency
FULLBUS01468,300,0.762,0.9,0.2,2006904,Full e-bus coverage scenario; route assignment weighted by selected GTFS trip frequency
FULLBUS01469,300,0.72,0.9,0.2,2006904,Full e-bus coverage scenario; route assignment weighted by selected GTFS trip frequency
FULLBUS01470,300,0.778,0.9,0.2,1317,Full e-bus coverage scenario; route assignment weighted by selected GTFS trip frequency
FULLBUS01471,300,0.725,0.9,0.2,1317,Full e-bus coverage scenario; route assignment weighted by selected GTFS trip frequency
FULLBUS01472,300,0.737,0.9,0.2,1317,Full e-bus coverage scenario; route assignment weighted by selected GTFS trip frequency
FULLBUS01473,300,0.798,0.9,0.2,1317,Full e-bus coverage scenario; route assignment weighted by selected GTFS trip frequency
FULLBUS01474,300,0.844,0.9,0.2,1317,Full e-bus coverage scenario; route assignment weighted by selected GTFS trip frequency
FULLBUS01475,300,0.828,0.9,0.2,1317,Full e-bus coverage scenario; route assignment weighted by selected GTFS trip frequency
FULLBUS01476,300,0.75,0.9,0.2,1317,Full e-bus coverage scenario; route assignment weighted by selected GTFS trip frequency
FULLBUS01477,300,0.763,0.9,0.2,1317,Full e-bus coverage scenario; route assignment weighted by selected GTFS trip frequency
FULLBUS01478,300,0.751,0.9,0.2,1317,Full e-bus coverage scenario; route assignment weighted by selected GTFS trip frequency
FULLBUS01479,300,0.832,0.9,0.2,1317,Full e-bus coverage scenario; route assignment weighted by selected GTFS trip frequency
FULLBUS01480,300,0.809,0.9,0.2,2003211,Full e-bus coverage scenario; route assignment weighted by selected GTFS trip frequency
FULLBUS01481,300,0.788,0.9,0.2,2003211,Full e-bus coverage scenario; route assignment weighted by selected GTFS trip frequency
FULLBUS01482,300,0.824,0.9,0.2,2003211,Full e-bus coverage scenario; route assignment weighted by selected GTFS trip frequency
FULLBUS01483,300,0.793,0.9,0.2,2003211,Full e-bus coverage scenario; route assignment weighted by selected GTFS trip frequency
FULLBUS01484,300,0.856,0.9,0.2,2003211,Full e-bus coverage scenario; route assignment weighted by selected GTFS trip frequency
FULLBUS01485,300,0.786,0.9,0.2,2003211,Full e-bus coverage scenario; route assignment weighted by selected GTFS trip frequency
FULLBUS01486,300,0.74,0.9,0.2,2003211,Full e-bus coverage scenario; route assignment weighted by selected GTFS trip frequency
FULLBUS01487,300,0.853,0.9,0.2,2003211,Full e-bus coverage scenario; route assignment weighted by selected GTFS trip frequency
FULLBUS01488,300,0.855,0.9,0.2,2003211,Full e-bus coverage scenario; route assignment weighted by selected GTFS trip frequency
FULLBUS01489,300,0.875,0.9,0.2,2003211,Full e-bus coverage scenario; route assignment weighted by selected GTFS trip frequency
FULLBUS01490,300,0.742,0.9,0.2,1410,Full e-bus coverage scenario; route assignment weighted by selected GTFS trip frequency
FULLBUS01491,300,0.735,0.9,0.2,1410,Full e-bus coverage scenario; route assignment weighted by selected GTFS trip frequency
FULLBUS01492,300,0.866,0.9,0.2,1410,Full e-bus coverage scenario; route assignment weighted by selected GTFS trip frequency
FULLBUS01493,300,0.733,0.9,0.2,1410,Full e-bus coverage scenario; route assignment weighted by selected GTFS trip frequency
FULLBUS01494,300,0.743,0.9,0.2,1410,Full e-bus coverage scenario; route assignment weighted by selected GTFS trip frequency
FULLBUS01495,300,0.823,0.9,0.2,1410,Full e-bus coverage scenario; route assignment weighted by selected GTFS trip frequency
FULLBUS01496,300,0.863,0.9,0.2,1410,Full e-bus coverage scenario; route assignment weighted by selected GTFS trip frequency
FULLBUS01497,300,0.861,0.9,0.2,1410,Full e-bus coverage scenario; route assignment weighted by selected GTFS trip frequency
FULLBUS01498,300,0.723,0.9,0.2,1410,Full e-bus coverage scenario; route assignment weighted by selected GTFS trip frequency
FULLBUS01499,300,0.801,0.9,0.2,1410,Full e-bus coverage scenario; route assignment weighted by selected GTFS trip frequency
FULLBUS01500,300,0.728,0.9,0.2,2003045,Full e-bus coverage scenario; route assignment weighted by selected GTFS trip frequency
FULLBUS01501,300,0.826,0.9,0.2,2003045,Full e-bus coverage scenario; route assignment weighted by selected GTFS trip frequency
FULLBUS01502,300,0.861,0.9,0.2,2003045,Full e-bus coverage scenario; route assignment weighted by selected GTFS trip frequency
FULLBUS01503,300,0.761,0.9,0.2,2003045,Full e-bus coverage scenario; route assignment weighted by selected GTFS trip frequency
FULLBUS01504,300,0.753,0.9,0.2,2003045,Full e-bus coverage scenario; route assignment weighted by selected GTFS trip frequency
FULLBUS01505,300,0.734,0.9,0.2,2003045,Full e-bus coverage scenario; route assignment weighted by selected GTFS trip frequency
FULLBUS01506,300,0.869,0.9,0.2,2003045,Full e-bus coverage scenario; route assignment weighted by selected GTFS trip frequency
FULLBUS01507,300,0.817,0.9,0.2,2003045,Full e-bus coverage scenario; route assignment weighted by selected GTFS trip frequency
FULLBUS01508,300,0.8,0.9,0.2,2003045,Full e-bus coverage scenario; route assignment weighted by selected GTFS trip frequency
FULLBUS01509,300,0.845,0.9,0.2,2003045,Full e-bus coverage scenario; route assignment weighted by selected GTFS trip frequency
FULLBUS01510,300,0.845,0.9,0.2,2006309,Full e-bus coverage scenario; route assignment weighted by selected GTFS trip frequency
FULLBUS01511,300,0.767,0.9,0.2,2006309,Full e-bus coverage scenario; route assignment weighted by selected GTFS trip frequency
FULLBUS01512,300,0.775,0.9,0.2,2006309,Full e-bus coverage scenario; route assignment weighted by selected GTFS trip frequency
FULLBUS01513,300,0.78,0.9,0.2,2006309,Full e-bus coverage scenario; route assignment weighted by selected GTFS trip frequency
FULLBUS01514,300,0.727,0.9,0.2,2006309,Full e-bus coverage scenario; route assignment weighted by selected GTFS trip frequency
FULLBUS01515,300,0.817,0.9,0.2,2006309,Full e-bus coverage scenario; route assignment weighted by selected GTFS trip frequency
FULLBUS01516,300,0.727,0.9,0.2,2006309,Full e-bus coverage scenario; route assignment weighted by selected GTFS trip frequency
FULLBUS01517,300,0.723,0.9,0.2,2006309,Full e-bus coverage scenario; route assignment weighted by selected GTFS trip frequency
FULLBUS01518,300,0.859,0.9,0.2,2006309,Full e-bus coverage scenario; route assignment weighted by selected GTFS trip frequency
FULLBUS01519,300,0.789,0.9,0.2,2006309,Full e-bus coverage scenario; route assignment weighted by selected GTFS trip frequency
FULLBUS01520,300,0.779,0.9,0.2,2009115,Full e-bus coverage scenario; route assignment weighted by selected GTFS trip frequency
FULLBUS01521,300,0.861,0.9,0.2,2009115,Full e-bus coverage scenario; route assignment weighted by selected GTFS trip frequency
FULLBUS01522,300,0.725,0.9,0.2,2009115,Full e-bus coverage scenario; route assignment weighted by selected GTFS trip frequency
FULLBUS01523,300,0.782,0.9,0.2,2009115,Full e-bus coverage scenario; route assignment weighted by selected GTFS trip frequency
FULLBUS01524,300,0.758,0.9,0.2,2009115,Full e-bus coverage scenario; route assignment weighted by selected GTFS trip frequency
FULLBUS01525,300,0.787,0.9,0.2,2009115,Full e-bus coverage scenario; route assignment weighted by selected GTFS trip frequency
FULLBUS01526,300,0.865,0.9,0.2,2009115,Full e-bus coverage scenario; route assignment weighted by selected GTFS trip frequency
FULLBUS01527,300,0.88,0.9,0.2,2009115,Full e-bus coverage scenario; route assignment weighted by selected GTFS trip frequency
FULLBUS01528,300,0.782,0.9,0.2,2009115,Full e-bus coverage scenario; route assignment weighted by selected GTFS trip frequency
FULLBUS01529,300,0.848,0.9,0.2,2009115,Full e-bus coverage scenario; route assignment weighted by selected GTFS trip frequency
FULLBUS01530,300,0.86,0.9,0.2,2006639,Full e-bus coverage scenario; route assignment weighted by selected GTFS trip frequency
FULLBUS01531,300,0.857,0.9,0.2,2006639,Full e-bus coverage scenario; route assignment weighted by selected GTFS trip frequency
FULLBUS01532,300,0.826,0.9,0.2,2006639,Full e-bus coverage scenario; route assignment weighted by selected GTFS trip frequency
FULLBUS01533,300,0.755,0.9,0.2,2006639,Full e-bus coverage scenario; route assignment weighted by selected GTFS trip frequency
FULLBUS01534,300,0.737,0.9,0.2,2006639,Full e-bus coverage scenario; route assignment weighted by selected GTFS trip frequency
FULLBUS01535,300,0.752,0.9,0.2,2006639,Full e-bus coverage scenario; route assignment weighted by selected GTFS trip frequency
FULLBUS01536,300,0.866,0.9,0.2,2006639,Full e-bus coverage scenario; route assignment weighted by selected GTFS trip frequency
FULLBUS01537,300,0.808,0.9,0.2,2006639,Full e-bus coverage scenario; route assignment weighted by selected GTFS trip frequency
FULLBUS01538,300,0.857,0.9,0.2,2006639,Full e-bus coverage scenario; route assignment weighted by selected GTFS trip frequency
FULLBUS01539,300,0.78,0.9,0.2,2006639,Full e-bus coverage scenario; route assignment weighted by selected GTFS trip frequency
FULLBUS01540,300,0.843,0.9,0.2,2007794,Full e-bus coverage scenario; route assignment weighted by selected GTFS trip frequency
FULLBUS01541,300,0.836,0.9,0.2,2007794,Full e-bus coverage scenario; route assignment weighted by selected GTFS trip frequency
FULLBUS01542,300,0.853,0.9,0.2,2007794,Full e-bus coverage scenario; route assignment weighted by selected GTFS trip frequency
FULLBUS01543,300,0.741,0.9,0.2,2007794,Full e-bus coverage scenario; route assignment weighted by selected GTFS trip frequency
FULLBUS01544,300,0.807,0.9,0.2,2007794,Full e-bus coverage scenario; route assignment weighted by selected GTFS trip frequency
FULLBUS01545,300,0.874,0.9,0.2,2007794,Full e-bus coverage scenario; route assignment weighted by selected GTFS trip frequency
FULLBUS01546,300,0.788,0.9,0.2,2007794,Full e-bus coverage scenario; route assignment weighted by selected GTFS trip frequency
FULLBUS01547,300,0.801,0.9,0.2,2007794,Full e-bus coverage scenario; route assignment weighted by selected GTFS trip frequency
FULLBUS01548,300,0.736,0.9,0.2,2007794,Full e-bus coverage scenario; route assignment weighted by selected GTFS trip frequency
FULLBUS01549,300,0.811,0.9,0.2,2007794,Full e-bus coverage scenario; route assignment weighted by selected GTFS trip frequency
FULLBUS01550,300,0.84,0.9,0.2,2006680,Full e-bus coverage scenario; route assignment weighted by selected GTFS trip frequency
FULLBUS01551,300,0.783,0.9,0.2,2006680,Full e-bus coverage scenario; route assignment weighted by selected GTFS trip frequency
FULLBUS01552,300,0.734,0.9,0.2,2006680,Full e-bus coverage scenario; route assignment weighted by selected GTFS trip frequency
FULLBUS01553,300,0.773,0.9,0.2,2006680,Full e-bus coverage scenario; route assignment weighted by selected GTFS trip frequency
FULLBUS01554,300,0.876,0.9,0.2,2006680,Full e-bus coverage scenario; route assignment weighted by selected GTFS trip frequency
FULLBUS01555,300,0.866,0.9,0.2,2006680,Full e-bus coverage scenario; route assignment weighted by selected GTFS trip frequency
FULLBUS01556,300,0.787,0.9,0.2,2006680,Full e-bus coverage scenario; route assignment weighted by selected GTFS trip frequency
FULLBUS01557,300,0.857,0.9,0.2,2006680,Full e-bus coverage scenario; route assignment weighted by selected GTFS trip frequency
FULLBUS01558,300,0.794,0.9,0.2,2006680,Full e-bus coverage scenario; route assignment weighted by selected GTFS trip frequency
FULLBUS01559,300,0.866,0.9,0.2,2006680,Full e-bus coverage scenario; route assignment weighted by selected GTFS trip frequency
FULLBUS01560,300,0.787,0.9,0.2,1640,Full e-bus coverage scenario; route assignment weighted by selected GTFS trip frequency
FULLBUS01561,300,0.808,0.9,0.2,1640,Full e-bus coverage scenario; route assignment weighted by selected GTFS trip frequency
FULLBUS01562,300,0.759,0.9,0.2,1640,Full e-bus coverage scenario; route assignment weighted by selected GTFS trip frequency
FULLBUS01563,300,0.808,0.9,0.2,1640,Full e-bus coverage scenario; route assignment weighted by selected GTFS trip frequency
FULLBUS01564,300,0.809,0.9,0.2,1640,Full e-bus coverage scenario; route assignment weighted by selected GTFS trip frequency
FULLBUS01565,300,0.809,0.9,0.2,1640,Full e-bus coverage scenario; route assignment weighted by selected GTFS trip frequency
FULLBUS01566,300,0.85,0.9,0.2,1640,Full e-bus coverage scenario; route assignment weighted by selected GTFS trip frequency
FULLBUS01567,300,0.829,0.9,0.2,1640,Full e-bus coverage scenario; route assignment weighted by selected GTFS trip frequency
FULLBUS01568,300,0.745,0.9,0.2,1640,Full e-bus coverage scenario; route assignment weighted by selected GTFS trip frequency
FULLBUS01569,300,0.762,0.9,0.2,1640,Full e-bus coverage scenario; route assignment weighted by selected GTFS trip frequency
FULLBUS01570,300,0.802,0.9,0.2,1850,Full e-bus coverage scenario; route assignment weighted by selected GTFS trip frequency
FULLBUS01571,300,0.805,0.9,0.2,1850,Full e-bus coverage scenario; route assignment weighted by selected GTFS trip frequency
FULLBUS01572,300,0.739,0.9,0.2,1850,Full e-bus coverage scenario; route assignment weighted by selected GTFS trip frequency
FULLBUS01573,300,0.814,0.9,0.2,1850,Full e-bus coverage scenario; route assignment weighted by selected GTFS trip frequency
FULLBUS01574,300,0.773,0.9,0.2,1850,Full e-bus coverage scenario; route assignment weighted by selected GTFS trip frequency
FULLBUS01575,300,0.828,0.9,0.2,1850,Full e-bus coverage scenario; route assignment weighted by selected GTFS trip frequency
FULLBUS01576,300,0.763,0.9,0.2,1850,Full e-bus coverage scenario; route assignment weighted by selected GTFS trip frequency
FULLBUS01577,300,0.767,0.9,0.2,1850,Full e-bus coverage scenario; route assignment weighted by selected GTFS trip frequency
FULLBUS01578,300,0.852,0.9,0.2,1850,Full e-bus coverage scenario; route assignment weighted by selected GTFS trip frequency
FULLBUS01579,300,0.807,0.9,0.2,1850,Full e-bus coverage scenario; route assignment weighted by selected GTFS trip frequency
FULLBUS01580,300,0.756,0.9,0.2,2008818,Full e-bus coverage scenario; route assignment weighted by selected GTFS trip frequency
FULLBUS01581,300,0.836,0.9,0.2,2008818,Full e-bus coverage scenario; route assignment weighted by selected GTFS trip frequency
FULLBUS01582,300,0.755,0.9,0.2,2008818,Full e-bus coverage scenario; route assignment weighted by selected GTFS trip frequency
FULLBUS01583,300,0.744,0.9,0.2,2008818,Full e-bus coverage scenario; route assignment weighted by selected GTFS trip frequency
FULLBUS01584,300,0.862,0.9,0.2,2008818,Full e-bus coverage scenario; route assignment weighted by selected GTFS trip frequency
FULLBUS01585,300,0.791,0.9,0.2,2008818,Full e-bus coverage scenario; route assignment weighted by selected GTFS trip frequency
FULLBUS01586,300,0.821,0.9,0.2,2008818,Full e-bus coverage scenario; route assignment weighted by selected GTFS trip frequency
FULLBUS01587,300,0.846,0.9,0.2,2008818,Full e-bus coverage scenario; route assignment weighted by selected GTFS trip frequency
FULLBUS01588,300,0.858,0.9,0.2,2008818,Full e-bus coverage scenario; route assignment weighted by selected GTFS trip frequency
FULLBUS01589,300,0.722,0.9,0.2,2008818,Full e-bus coverage scenario; route assignment weighted by selected GTFS trip frequency
FULLBUS01590,300,0.822,0.9,0.2,1769,Full e-bus coverage scenario; route assignment weighted by selected GTFS trip frequency
FULLBUS01591,300,0.81,0.9,0.2,1769,Full e-bus coverage scenario; route assignment weighted by selected GTFS trip frequency
FULLBUS01592,300,0.837,0.9,0.2,1769,Full e-bus coverage scenario; route assignment weighted by selected GTFS trip frequency
FULLBUS01593,300,0.759,0.9,0.2,1769,Full e-bus coverage scenario; route assignment weighted by selected GTFS trip frequency
FULLBUS01594,300,0.78,0.9,0.2,1769,Full e-bus coverage scenario; route assignment weighted by selected GTFS trip frequency
FULLBUS01595,300,0.763,0.9,0.2,1769,Full e-bus coverage scenario; route assignment weighted by selected GTFS trip frequency
FULLBUS01596,300,0.747,0.9,0.2,1769,Full e-bus coverage scenario; route assignment weighted by selected GTFS trip frequency
FULLBUS01597,300,0.87,0.9,0.2,1769,Full e-bus coverage scenario; route assignment weighted by selected GTFS trip frequency
FULLBUS01598,300,0.871,0.9,0.2,1769,Full e-bus coverage scenario; route assignment weighted by selected GTFS trip frequency
FULLBUS01599,300,0.783,0.9,0.2,1769,Full e-bus coverage scenario; route assignment weighted by selected GTFS trip frequency
FULLBUS01600,300,0.759,0.9,0.2,2005323,Full e-bus coverage scenario; route assignment weighted by selected GTFS trip frequency
FULLBUS01601,300,0.744,0.9,0.2,2005323,Full e-bus coverage scenario; route assignment weighted by selected GTFS trip frequency
FULLBUS01602,300,0.807,0.9,0.2,2005323,Full e-bus coverage scenario; route assignment weighted by selected GTFS trip frequency
FULLBUS01603,300,0.835,0.9,0.2,2005323,Full e-bus coverage scenario; route assignment weighted by selected GTFS trip frequency
FULLBUS01604,300,0.868,0.9,0.2,2005323,Full e-bus coverage scenario; route assignment weighted by selected GTFS trip frequency
FULLBUS01605,300,0.79,0.9,0.2,2005323,Full e-bus coverage scenario; route assignment weighted by selected GTFS trip frequency
FULLBUS01606,300,0.755,0.9,0.2,2005323,Full e-bus coverage scenario; route assignment weighted by selected GTFS trip frequency
FULLBUS01607,300,0.741,0.9,0.2,2005323,Full e-bus coverage scenario; route assignment weighted by selected GTFS trip frequency
FULLBUS01608,300,0.737,0.9,0.2,2005323,Full e-bus coverage scenario; route assignment weighted by selected GTFS trip frequency
FULLBUS01609,300,0.754,0.9,0.2,2005323,Full e-bus coverage scenario; route assignment weighted by selected GTFS trip frequency
FULLBUS01610,300,0.772,0.9,0.2,1019,Full e-bus coverage scenario; route assignment weighted by selected GTFS trip frequency
FULLBUS01611,300,0.879,0.9,0.2,1019,Full e-bus coverage scenario; route assignment weighted by selected GTFS trip frequency
FULLBUS01612,300,0.741,0.9,0.2,1019,Full e-bus coverage scenario; route assignment weighted by selected GTFS trip frequency
FULLBUS01613,300,0.728,0.9,0.2,1019,Full e-bus coverage scenario; route assignment weighted by selected GTFS trip frequency
FULLBUS01614,300,0.731,0.9,0.2,1019,Full e-bus coverage scenario; route assignment weighted by selected GTFS trip frequency
FULLBUS01615,300,0.781,0.9,0.2,1019,Full e-bus coverage scenario; route assignment weighted by selected GTFS trip frequency
FULLBUS01616,300,0.808,0.9,0.2,1019,Full e-bus coverage scenario; route assignment weighted by selected GTFS trip frequency
FULLBUS01617,300,0.865,0.9,0.2,1019,Full e-bus coverage scenario; route assignment weighted by selected GTFS trip frequency
FULLBUS01618,300,0.861,0.9,0.2,1019,Full e-bus coverage scenario; route assignment weighted by selected GTFS trip frequency
FULLBUS01619,300,0.73,0.9,0.2,1019,Full e-bus coverage scenario; route assignment weighted by selected GTFS trip frequency
FULLBUS01620,300,0.859,0.9,0.2,2010269,Full e-bus coverage scenario; route assignment weighted by selected GTFS trip frequency
FULLBUS01621,300,0.852,0.9,0.2,2010269,Full e-bus coverage scenario; route assignment weighted by selected GTFS trip frequency
FULLBUS01622,300,0.774,0.9,0.2,2010269,Full e-bus coverage scenario; route assignment weighted by selected GTFS trip frequency
FULLBUS01623,300,0.834,0.9,0.2,2010269,Full e-bus coverage scenario; route assignment weighted by selected GTFS trip frequency
FULLBUS01624,300,0.724,0.9,0.2,2010269,Full e-bus coverage scenario; route assignment weighted by selected GTFS trip frequency
FULLBUS01625,300,0.749,0.9,0.2,2010269,Full e-bus coverage scenario; route assignment weighted by selected GTFS trip frequency
FULLBUS01626,300,0.782,0.9,0.2,2010269,Full e-bus coverage scenario; route assignment weighted by selected GTFS trip frequency
FULLBUS01627,300,0.797,0.9,0.2,2010269,Full e-bus coverage scenario; route assignment weighted by selected GTFS trip frequency
FULLBUS01628,300,0.728,0.9,0.2,2010269,Full e-bus coverage scenario; route assignment weighted by selected GTFS trip frequency
FULLBUS01629,300,0.831,0.9,0.2,2010269,Full e-bus coverage scenario; route assignment weighted by selected GTFS trip frequency
FULLBUS01630,300,0.727,0.9,0.2,1732,Full e-bus coverage scenario; route assignment weighted by selected GTFS trip frequency
FULLBUS01631,300,0.738,0.9,0.2,1732,Full e-bus coverage scenario; route assignment weighted by selected GTFS trip frequency
FULLBUS01632,300,0.752,0.9,0.2,1732,Full e-bus coverage scenario; route assignment weighted by selected GTFS trip frequency
FULLBUS01633,300,0.726,0.9,0.2,1732,Full e-bus coverage scenario; route assignment weighted by selected GTFS trip frequency
FULLBUS01634,300,0.749,0.9,0.2,1732,Full e-bus coverage scenario; route assignment weighted by selected GTFS trip frequency
FULLBUS01635,300,0.808,0.9,0.2,1732,Full e-bus coverage scenario; route assignment weighted by selected GTFS trip frequency
FULLBUS01636,300,0.753,0.9,0.2,1732,Full e-bus coverage scenario; route assignment weighted by selected GTFS trip frequency
FULLBUS01637,300,0.766,0.9,0.2,1732,Full e-bus coverage scenario; route assignment weighted by selected GTFS trip frequency
FULLBUS01638,300,0.79,0.9,0.2,1732,Full e-bus coverage scenario; route assignment weighted by selected GTFS trip frequency
FULLBUS01639,300,0.727,0.9,0.2,1732,Full e-bus coverage scenario; route assignment weighted by selected GTFS trip frequency
FULLBUS01640,300,0.805,0.9,0.2,2009017,Full e-bus coverage scenario; route assignment weighted by selected GTFS trip frequency
FULLBUS01641,300,0.873,0.9,0.2,2009017,Full e-bus coverage scenario; route assignment weighted by selected GTFS trip frequency
FULLBUS01642,300,0.774,0.9,0.2,2009017,Full e-bus coverage scenario; route assignment weighted by selected GTFS trip frequency
FULLBUS01643,300,0.827,0.9,0.2,2009017,Full e-bus coverage scenario; route assignment weighted by selected GTFS trip frequency
FULLBUS01644,300,0.836,0.9,0.2,2009017,Full e-bus coverage scenario; route assignment weighted by selected GTFS trip frequency
FULLBUS01645,300,0.771,0.9,0.2,2009017,Full e-bus coverage scenario; route assignment weighted by selected GTFS trip frequency
FULLBUS01646,300,0.862,0.9,0.2,2009017,Full e-bus coverage scenario; route assignment weighted by selected GTFS trip frequency
FULLBUS01647,300,0.802,0.9,0.2,2009017,Full e-bus coverage scenario; route assignment weighted by selected GTFS trip frequency
FULLBUS01648,300,0.84,0.9,0.2,2009017,Full e-bus coverage scenario; route assignment weighted by selected GTFS trip frequency
FULLBUS01649,300,0.736,0.9,0.2,2009017,Full e-bus coverage scenario; route assignment weighted by selected GTFS trip frequency
FULLBUS01650,300,0.74,0.9,0.2,1680,Full e-bus coverage scenario; route assignment weighted by selected GTFS trip frequency
FULLBUS01651,300,0.804,0.9,0.2,1680,Full e-bus coverage scenario; route assignment weighted by selected GTFS trip frequency
FULLBUS01652,300,0.805,0.9,0.2,1680,Full e-bus coverage scenario; route assignment weighted by selected GTFS trip frequency
FULLBUS01653,300,0.841,0.9,0.2,1680,Full e-bus coverage scenario; route assignment weighted by selected GTFS trip frequency
FULLBUS01654,300,0.767,0.9,0.2,1680,Full e-bus coverage scenario; route assignment weighted by selected GTFS trip frequency
FULLBUS01655,300,0.852,0.9,0.2,1680,Full e-bus coverage scenario; route assignment weighted by selected GTFS trip frequency
FULLBUS01656,300,0.871,0.9,0.2,1680,Full e-bus coverage scenario; route assignment weighted by selected GTFS trip frequency
FULLBUS01657,300,0.734,0.9,0.2,1680,Full e-bus coverage scenario; route assignment weighted by selected GTFS trip frequency
FULLBUS01658,300,0.858,0.9,0.2,1680,Full e-bus coverage scenario; route assignment weighted by selected GTFS trip frequency
FULLBUS01659,300,0.813,0.9,0.2,2008093,Full e-bus coverage scenario; route assignment weighted by selected GTFS trip frequency
FULLBUS01660,300,0.788,0.9,0.2,2008093,Full e-bus coverage scenario; route assignment weighted by selected GTFS trip frequency
FULLBUS01661,300,0.753,0.9,0.2,2008093,Full e-bus coverage scenario; route assignment weighted by selected GTFS trip frequency
FULLBUS01662,300,0.768,0.9,0.2,2008093,Full e-bus coverage scenario; route assignment weighted by selected GTFS trip frequency
FULLBUS01663,300,0.805,0.9,0.2,2008093,Full e-bus coverage scenario; route assignment weighted by selected GTFS trip frequency
FULLBUS01664,300,0.748,0.9,0.2,2008093,Full e-bus coverage scenario; route assignment weighted by selected GTFS trip frequency
FULLBUS01665,300,0.79,0.9,0.2,2008093,Full e-bus coverage scenario; route assignment weighted by selected GTFS trip frequency
FULLBUS01666,300,0.786,0.9,0.2,2008093,Full e-bus coverage scenario; route assignment weighted by selected GTFS trip frequency
FULLBUS01667,300,0.737,0.9,0.2,2008093,Full e-bus coverage scenario; route assignment weighted by selected GTFS trip frequency
FULLBUS01668,300,0.781,0.9,0.2,1243,Full e-bus coverage scenario; route assignment weighted by selected GTFS trip frequency
FULLBUS01669,300,0.803,0.9,0.2,1243,Full e-bus coverage scenario; route assignment weighted by selected GTFS trip frequency
FULLBUS01670,300,0.725,0.9,0.2,1243,Full e-bus coverage scenario; route assignment weighted by selected GTFS trip frequency
FULLBUS01671,300,0.845,0.9,0.2,1243,Full e-bus coverage scenario; route assignment weighted by selected GTFS trip frequency
FULLBUS01672,300,0.841,0.9,0.2,1243,Full e-bus coverage scenario; route assignment weighted by selected GTFS trip frequency
FULLBUS01673,300,0.812,0.9,0.2,1243,Full e-bus coverage scenario; route assignment weighted by selected GTFS trip frequency
FULLBUS01674,300,0.804,0.9,0.2,1243,Full e-bus coverage scenario; route assignment weighted by selected GTFS trip frequency
FULLBUS01675,300,0.791,0.9,0.2,1243,Full e-bus coverage scenario; route assignment weighted by selected GTFS trip frequency
FULLBUS01676,300,0.834,0.9,0.2,1243,Full e-bus coverage scenario; route assignment weighted by selected GTFS trip frequency
FULLBUS01677,300,0.737,0.9,0.2,2002811,Full e-bus coverage scenario; route assignment weighted by selected GTFS trip frequency
FULLBUS01678,300,0.85,0.9,0.2,2002811,Full e-bus coverage scenario; route assignment weighted by selected GTFS trip frequency
FULLBUS01679,300,0.825,0.9,0.2,2002811,Full e-bus coverage scenario; route assignment weighted by selected GTFS trip frequency
FULLBUS01680,300,0.734,0.9,0.2,2002811,Full e-bus coverage scenario; route assignment weighted by selected GTFS trip frequency
FULLBUS01681,300,0.851,0.9,0.2,2002811,Full e-bus coverage scenario; route assignment weighted by selected GTFS trip frequency
FULLBUS01682,300,0.838,0.9,0.2,2002811,Full e-bus coverage scenario; route assignment weighted by selected GTFS trip frequency
FULLBUS01683,300,0.816,0.9,0.2,2002811,Full e-bus coverage scenario; route assignment weighted by selected GTFS trip frequency
FULLBUS01684,300,0.766,0.9,0.2,2002811,Full e-bus coverage scenario; route assignment weighted by selected GTFS trip frequency
FULLBUS01685,300,0.729,0.9,0.2,2002811,Full e-bus coverage scenario; route assignment weighted by selected GTFS trip frequency
FULLBUS01686,300,0.752,0.9,0.2,1245,Full e-bus coverage scenario; route assignment weighted by selected GTFS trip frequency
FULLBUS01687,300,0.848,0.9,0.2,1245,Full e-bus coverage scenario; route assignment weighted by selected GTFS trip frequency
FULLBUS01688,300,0.851,0.9,0.2,1245,Full e-bus coverage scenario; route assignment weighted by selected GTFS trip frequency
FULLBUS01689,300,0.722,0.9,0.2,1245,Full e-bus coverage scenario; route assignment weighted by selected GTFS trip frequency
FULLBUS01690,300,0.833,0.9,0.2,1245,Full e-bus coverage scenario; route assignment weighted by selected GTFS trip frequency
FULLBUS01691,300,0.732,0.9,0.2,1245,Full e-bus coverage scenario; route assignment weighted by selected GTFS trip frequency
FULLBUS01692,300,0.809,0.9,0.2,1245,Full e-bus coverage scenario; route assignment weighted by selected GTFS trip frequency
FULLBUS01693,300,0.762,0.9,0.2,1245,Full e-bus coverage scenario; route assignment weighted by selected GTFS trip frequency
FULLBUS01694,300,0.826,0.9,0.2,1245,Full e-bus coverage scenario; route assignment weighted by selected GTFS trip frequency
FULLBUS01695,300,0.856,0.9,0.2,1314,Full e-bus coverage scenario; route assignment weighted by selected GTFS trip frequency
FULLBUS01696,300,0.868,0.9,0.2,1314,Full e-bus coverage scenario; route assignment weighted by selected GTFS trip frequency
FULLBUS01697,300,0.833,0.9,0.2,1314,Full e-bus coverage scenario; route assignment weighted by selected GTFS trip frequency
FULLBUS01698,300,0.777,0.9,0.2,1314,Full e-bus coverage scenario; route assignment weighted by selected GTFS trip frequency
FULLBUS01699,300,0.785,0.9,0.2,1314,Full e-bus coverage scenario; route assignment weighted by selected GTFS trip frequency
FULLBUS01700,300,0.798,0.9,0.2,1314,Full e-bus coverage scenario; route assignment weighted by selected GTFS trip frequency
FULLBUS01701,300,0.81,0.9,0.2,1314,Full e-bus coverage scenario; route assignment weighted by selected GTFS trip frequency
FULLBUS01702,300,0.829,0.9,0.2,1314,Full e-bus coverage scenario; route assignment weighted by selected GTFS trip frequency
FULLBUS01703,300,0.74,0.9,0.2,1314,Full e-bus coverage scenario; route assignment weighted by selected GTFS trip frequency
FULLBUS01704,300,0.788,0.9,0.2,1528,Full e-bus coverage scenario; route assignment weighted by selected GTFS trip frequency
FULLBUS01705,300,0.788,0.9,0.2,1528,Full e-bus coverage scenario; route assignment weighted by selected GTFS trip frequency
FULLBUS01706,300,0.765,0.9,0.2,1528,Full e-bus coverage scenario; route assignment weighted by selected GTFS trip frequency
FULLBUS01707,300,0.811,0.9,0.2,1528,Full e-bus coverage scenario; route assignment weighted by selected GTFS trip frequency
FULLBUS01708,300,0.734,0.9,0.2,1528,Full e-bus coverage scenario; route assignment weighted by selected GTFS trip frequency
FULLBUS01709,300,0.834,0.9,0.2,1528,Full e-bus coverage scenario; route assignment weighted by selected GTFS trip frequency
FULLBUS01710,300,0.8,0.9,0.2,1528,Full e-bus coverage scenario; route assignment weighted by selected GTFS trip frequency
FULLBUS01711,300,0.861,0.9,0.2,1528,Full e-bus coverage scenario; route assignment weighted by selected GTFS trip frequency
FULLBUS01712,300,0.76,0.9,0.2,1528,Full e-bus coverage scenario; route assignment weighted by selected GTFS trip frequency
FULLBUS01713,300,0.786,0.9,0.2,2007438,Full e-bus coverage scenario; route assignment weighted by selected GTFS trip frequency
FULLBUS01714,300,0.74,0.9,0.2,2007438,Full e-bus coverage scenario; route assignment weighted by selected GTFS trip frequency
FULLBUS01715,300,0.816,0.9,0.2,2007438,Full e-bus coverage scenario; route assignment weighted by selected GTFS trip frequency
FULLBUS01716,300,0.734,0.9,0.2,2007438,Full e-bus coverage scenario; route assignment weighted by selected GTFS trip frequency
FULLBUS01717,300,0.738,0.9,0.2,2007438,Full e-bus coverage scenario; route assignment weighted by selected GTFS trip frequency
FULLBUS01718,300,0.731,0.9,0.2,2007438,Full e-bus coverage scenario; route assignment weighted by selected GTFS trip frequency
FULLBUS01719,300,0.797,0.9,0.2,2007438,Full e-bus coverage scenario; route assignment weighted by selected GTFS trip frequency
FULLBUS01720,300,0.847,0.9,0.2,2007438,Full e-bus coverage scenario; route assignment weighted by selected GTFS trip frequency
FULLBUS01721,300,0.776,0.9,0.2,2007438,Full e-bus coverage scenario; route assignment weighted by selected GTFS trip frequency
FULLBUS01722,300,0.735,0.9,0.2,1000025,Full e-bus coverage scenario; route assignment weighted by selected GTFS trip frequency
FULLBUS01723,300,0.75,0.9,0.2,1000025,Full e-bus coverage scenario; route assignment weighted by selected GTFS trip frequency
FULLBUS01724,300,0.807,0.9,0.2,1000025,Full e-bus coverage scenario; route assignment weighted by selected GTFS trip frequency
FULLBUS01725,300,0.754,0.9,0.2,1000025,Full e-bus coverage scenario; route assignment weighted by selected GTFS trip frequency
FULLBUS01726,300,0.753,0.9,0.2,1000025,Full e-bus coverage scenario; route assignment weighted by selected GTFS trip frequency
FULLBUS01727,300,0.722,0.9,0.2,1000025,Full e-bus coverage scenario; route assignment weighted by selected GTFS trip frequency
FULLBUS01728,300,0.854,0.9,0.2,1000025,Full e-bus coverage scenario; route assignment weighted by selected GTFS trip frequency
FULLBUS01729,300,0.848,0.9,0.2,1000025,Full e-bus coverage scenario; route assignment weighted by selected GTFS trip frequency
FULLBUS01730,300,0.831,0.9,0.2,1000025,Full e-bus coverage scenario; route assignment weighted by selected GTFS trip frequency
FULLBUS01731,300,0.793,0.9,0.2,2005683,Full e-bus coverage scenario; route assignment weighted by selected GTFS trip frequency
FULLBUS01732,300,0.788,0.9,0.2,2005683,Full e-bus coverage scenario; route assignment weighted by selected GTFS trip frequency
FULLBUS01733,300,0.792,0.9,0.2,2005683,Full e-bus coverage scenario; route assignment weighted by selected GTFS trip frequency
FULLBUS01734,300,0.867,0.9,0.2,2005683,Full e-bus coverage scenario; route assignment weighted by selected GTFS trip frequency
FULLBUS01735,300,0.793,0.9,0.2,2005683,Full e-bus coverage scenario; route assignment weighted by selected GTFS trip frequency
FULLBUS01736,300,0.733,0.9,0.2,2005683,Full e-bus coverage scenario; route assignment weighted by selected GTFS trip frequency
FULLBUS01737,300,0.731,0.9,0.2,2005683,Full e-bus coverage scenario; route assignment weighted by selected GTFS trip frequency
FULLBUS01738,300,0.778,0.9,0.2,2005683,Full e-bus coverage scenario; route assignment weighted by selected GTFS trip frequency
FULLBUS01739,300,0.865,0.9,0.2,2005683,Full e-bus coverage scenario; route assignment weighted by selected GTFS trip frequency
FULLBUS01740,300,0.809,0.9,0.2,1138,Full e-bus coverage scenario; route assignment weighted by selected GTFS trip frequency
FULLBUS01741,300,0.745,0.9,0.2,1138,Full e-bus coverage scenario; route assignment weighted by selected GTFS trip frequency
FULLBUS01742,300,0.867,0.9,0.2,1138,Full e-bus coverage scenario; route assignment weighted by selected GTFS trip frequency
FULLBUS01743,300,0.744,0.9,0.2,1138,Full e-bus coverage scenario; route assignment weighted by selected GTFS trip frequency
FULLBUS01744,300,0.777,0.9,0.2,1138,Full e-bus coverage scenario; route assignment weighted by selected GTFS trip frequency
FULLBUS01745,300,0.759,0.9,0.2,1138,Full e-bus coverage scenario; route assignment weighted by selected GTFS trip frequency
FULLBUS01746,300,0.832,0.9,0.2,1138,Full e-bus coverage scenario; route assignment weighted by selected GTFS trip frequency
FULLBUS01747,300,0.828,0.9,0.2,1138,Full e-bus coverage scenario; route assignment weighted by selected GTFS trip frequency
FULLBUS01748,300,0.799,0.9,0.2,1138,Full e-bus coverage scenario; route assignment weighted by selected GTFS trip frequency
FULLBUS01749,300,0.858,0.9,0.2,1724,Full e-bus coverage scenario; route assignment weighted by selected GTFS trip frequency
FULLBUS01750,300,0.772,0.9,0.2,1724,Full e-bus coverage scenario; route assignment weighted by selected GTFS trip frequency
FULLBUS01751,300,0.738,0.9,0.2,1724,Full e-bus coverage scenario; route assignment weighted by selected GTFS trip frequency
FULLBUS01752,300,0.723,0.9,0.2,1724,Full e-bus coverage scenario; route assignment weighted by selected GTFS trip frequency
FULLBUS01753,300,0.741,0.9,0.2,1724,Full e-bus coverage scenario; route assignment weighted by selected GTFS trip frequency
FULLBUS01754,300,0.827,0.9,0.2,1724,Full e-bus coverage scenario; route assignment weighted by selected GTFS trip frequency
FULLBUS01755,300,0.77,0.9,0.2,1724,Full e-bus coverage scenario; route assignment weighted by selected GTFS trip frequency
FULLBUS01756,300,0.836,0.9,0.2,1724,Full e-bus coverage scenario; route assignment weighted by selected GTFS trip frequency
FULLBUS01757,300,0.749,0.9,0.2,1724,Full e-bus coverage scenario; route assignment weighted by selected GTFS trip frequency
FULLBUS01758,300,0.875,0.9,0.2,1883,Full e-bus coverage scenario; route assignment weighted by selected GTFS trip frequency
FULLBUS01759,300,0.722,0.9,0.2,1883,Full e-bus coverage scenario; route assignment weighted by selected GTFS trip frequency
FULLBUS01760,300,0.764,0.9,0.2,1883,Full e-bus coverage scenario; route assignment weighted by selected GTFS trip frequency
FULLBUS01761,300,0.723,0.9,0.2,1883,Full e-bus coverage scenario; route assignment weighted by selected GTFS trip frequency
FULLBUS01762,300,0.777,0.9,0.2,1883,Full e-bus coverage scenario; route assignment weighted by selected GTFS trip frequency
FULLBUS01763,300,0.836,0.9,0.2,1883,Full e-bus coverage scenario; route assignment weighted by selected GTFS trip frequency
FULLBUS01764,300,0.82,0.9,0.2,1883,Full e-bus coverage scenario; route assignment weighted by selected GTFS trip frequency
FULLBUS01765,300,0.778,0.9,0.2,1883,Full e-bus coverage scenario; route assignment weighted by selected GTFS trip frequency
FULLBUS01766,300,0.859,0.9,0.2,1883,Full e-bus coverage scenario; route assignment weighted by selected GTFS trip frequency
FULLBUS01767,300,0.773,0.9,0.2,2008025,Full e-bus coverage scenario; route assignment weighted by selected GTFS trip frequency
FULLBUS01768,300,0.727,0.9,0.2,2008025,Full e-bus coverage scenario; route assignment weighted by selected GTFS trip frequency
FULLBUS01769,300,0.788,0.9,0.2,2008025,Full e-bus coverage scenario; route assignment weighted by selected GTFS trip frequency
FULLBUS01770,300,0.807,0.9,0.2,2008025,Full e-bus coverage scenario; route assignment weighted by selected GTFS trip frequency
FULLBUS01771,300,0.787,0.9,0.2,2008025,Full e-bus coverage scenario; route assignment weighted by selected GTFS trip frequency
FULLBUS01772,300,0.852,0.9,0.2,2008025,Full e-bus coverage scenario; route assignment weighted by selected GTFS trip frequency
FULLBUS01773,300,0.811,0.9,0.2,2008025,Full e-bus coverage scenario; route assignment weighted by selected GTFS trip frequency
FULLBUS01774,300,0.745,0.9,0.2,2008025,Full e-bus coverage scenario; route assignment weighted by selected GTFS trip frequency
FULLBUS01775,300,0.777,0.9,0.2,2008025,Full e-bus coverage scenario; route assignment weighted by selected GTFS trip frequency
FULLBUS01776,300,0.792,0.9,0.2,1520,Full e-bus coverage scenario; route assignment weighted by selected GTFS trip frequency
FULLBUS01777,300,0.84,0.9,0.2,1520,Full e-bus coverage scenario; route assignment weighted by selected GTFS trip frequency
FULLBUS01778,300,0.872,0.9,0.2,1520,Full e-bus coverage scenario; route assignment weighted by selected GTFS trip frequency
FULLBUS01779,300,0.809,0.9,0.2,1520,Full e-bus coverage scenario; route assignment weighted by selected GTFS trip frequency
FULLBUS01780,300,0.777,0.9,0.2,1520,Full e-bus coverage scenario; route assignment weighted by selected GTFS trip frequency
FULLBUS01781,300,0.793,0.9,0.2,1520,Full e-bus coverage scenario; route assignment weighted by selected GTFS trip frequency
FULLBUS01782,300,0.859,0.9,0.2,1520,Full e-bus coverage scenario; route assignment weighted by selected GTFS trip frequency
FULLBUS01783,300,0.873,0.9,0.2,1520,Full e-bus coverage scenario; route assignment weighted by selected GTFS trip frequency
FULLBUS01784,300,0.861,0.9,0.2,1520,Full e-bus coverage scenario; route assignment weighted by selected GTFS trip frequency
FULLBUS01785,300,0.814,0.9,0.2,2001007,Full e-bus coverage scenario; route assignment weighted by selected GTFS trip frequency
FULLBUS01786,300,0.823,0.9,0.2,2001007,Full e-bus coverage scenario; route assignment weighted by selected GTFS trip frequency
FULLBUS01787,300,0.804,0.9,0.2,2001007,Full e-bus coverage scenario; route assignment weighted by selected GTFS trip frequency
FULLBUS01788,300,0.733,0.9,0.2,2001007,Full e-bus coverage scenario; route assignment weighted by selected GTFS trip frequency
FULLBUS01789,300,0.751,0.9,0.2,2001007,Full e-bus coverage scenario; route assignment weighted by selected GTFS trip frequency
FULLBUS01790,300,0.729,0.9,0.2,2001007,Full e-bus coverage scenario; route assignment weighted by selected GTFS trip frequency
FULLBUS01791,300,0.861,0.9,0.2,2001007,Full e-bus coverage scenario; route assignment weighted by selected GTFS trip frequency
FULLBUS01792,300,0.871,0.9,0.2,2001007,Full e-bus coverage scenario; route assignment weighted by selected GTFS trip frequency
FULLBUS01793,300,0.855,0.9,0.2,2001007,Full e-bus coverage scenario; route assignment weighted by selected GTFS trip frequency
FULLBUS01794,300,0.817,0.9,0.2,1874,Full e-bus coverage scenario; route assignment weighted by selected GTFS trip frequency
FULLBUS01795,300,0.847,0.9,0.2,1874,Full e-bus coverage scenario; route assignment weighted by selected GTFS trip frequency
FULLBUS01796,300,0.824,0.9,0.2,1874,Full e-bus coverage scenario; route assignment weighted by selected GTFS trip frequency
FULLBUS01797,300,0.86,0.9,0.2,1874,Full e-bus coverage scenario; route assignment weighted by selected GTFS trip frequency
FULLBUS01798,300,0.75,0.9,0.2,1874,Full e-bus coverage scenario; route assignment weighted by selected GTFS trip frequency
FULLBUS01799,300,0.779,0.9,0.2,1874,Full e-bus coverage scenario; route assignment weighted by selected GTFS trip frequency
FULLBUS01800,300,0.856,0.9,0.2,1874,Full e-bus coverage scenario; route assignment weighted by selected GTFS trip frequency
FULLBUS01801,300,0.868,0.9,0.2,1874,Full e-bus coverage scenario; route assignment weighted by selected GTFS trip frequency
FULLBUS01802,300,0.837,0.9,0.2,1874,Full e-bus coverage scenario; route assignment weighted by selected GTFS trip frequency
FULLBUS01803,300,0.792,0.9,0.2,1010,Full e-bus coverage scenario; route assignment weighted by selected GTFS trip frequency
FULLBUS01804,300,0.822,0.9,0.2,1010,Full e-bus coverage scenario; route assignment weighted by selected GTFS trip frequency
FULLBUS01805,300,0.806,0.9,0.2,1010,Full e-bus coverage scenario; route assignment weighted by selected GTFS trip frequency
FULLBUS01806,300,0.811,0.9,0.2,1010,Full e-bus coverage scenario; route assignment weighted by selected GTFS trip frequency
FULLBUS01807,300,0.859,0.9,0.2,1010,Full e-bus coverage scenario; route assignment weighted by selected GTFS trip frequency
FULLBUS01808,300,0.762,0.9,0.2,1010,Full e-bus coverage scenario; route assignment weighted by selected GTFS trip frequency
FULLBUS01809,300,0.736,0.9,0.2,1010,Full e-bus coverage scenario; route assignment weighted by selected GTFS trip frequency
FULLBUS01810,300,0.746,0.9,0.2,1010,Full e-bus coverage scenario; route assignment weighted by selected GTFS trip frequency
FULLBUS01811,300,0.781,0.9,0.2,1010,Full e-bus coverage scenario; route assignment weighted by selected GTFS trip frequency
FULLBUS01812,300,0.733,0.9,0.2,2005688,Full e-bus coverage scenario; route assignment weighted by selected GTFS trip frequency
FULLBUS01813,300,0.823,0.9,0.2,2005688,Full e-bus coverage scenario; route assignment weighted by selected GTFS trip frequency
FULLBUS01814,300,0.721,0.9,0.2,2005688,Full e-bus coverage scenario; route assignment weighted by selected GTFS trip frequency
FULLBUS01815,300,0.869,0.9,0.2,2005688,Full e-bus coverage scenario; route assignment weighted by selected GTFS trip frequency
FULLBUS01816,300,0.79,0.9,0.2,2005688,Full e-bus coverage scenario; route assignment weighted by selected GTFS trip frequency
FULLBUS01817,300,0.774,0.9,0.2,2005688,Full e-bus coverage scenario; route assignment weighted by selected GTFS trip frequency
FULLBUS01818,300,0.789,0.9,0.2,2005688,Full e-bus coverage scenario; route assignment weighted by selected GTFS trip frequency
FULLBUS01819,300,0.768,0.9,0.2,2005688,Full e-bus coverage scenario; route assignment weighted by selected GTFS trip frequency
FULLBUS01820,300,0.856,0.9,0.2,2005688,Full e-bus coverage scenario; route assignment weighted by selected GTFS trip frequency
FULLBUS01821,300,0.838,0.9,0.2,2007532,Full e-bus coverage scenario; route assignment weighted by selected GTFS trip frequency
FULLBUS01822,300,0.797,0.9,0.2,2007532,Full e-bus coverage scenario; route assignment weighted by selected GTFS trip frequency
FULLBUS01823,300,0.799,0.9,0.2,2007532,Full e-bus coverage scenario; route assignment weighted by selected GTFS trip frequency
FULLBUS01824,300,0.756,0.9,0.2,2007532,Full e-bus coverage scenario; route assignment weighted by selected GTFS trip frequency
FULLBUS01825,300,0.782,0.9,0.2,2007532,Full e-bus coverage scenario; route assignment weighted by selected GTFS trip frequency
FULLBUS01826,300,0.853,0.9,0.2,2007532,Full e-bus coverage scenario; route assignment weighted by selected GTFS trip frequency
FULLBUS01827,300,0.757,0.9,0.2,2007532,Full e-bus coverage scenario; route assignment weighted by selected GTFS trip frequency
FULLBUS01828,300,0.732,0.9,0.2,2007532,Full e-bus coverage scenario; route assignment weighted by selected GTFS trip frequency
FULLBUS01829,300,0.853,0.9,0.2,2007532,Full e-bus coverage scenario; route assignment weighted by selected GTFS trip frequency
FULLBUS01830,300,0.854,0.9,0.2,2001392,Full e-bus coverage scenario; route assignment weighted by selected GTFS trip frequency
FULLBUS01831,300,0.859,0.9,0.2,2001392,Full e-bus coverage scenario; route assignment weighted by selected GTFS trip frequency
FULLBUS01832,300,0.853,0.9,0.2,2001392,Full e-bus coverage scenario; route assignment weighted by selected GTFS trip frequency
FULLBUS01833,300,0.743,0.9,0.2,2001392,Full e-bus coverage scenario; route assignment weighted by selected GTFS trip frequency
FULLBUS01834,300,0.804,0.9,0.2,2001392,Full e-bus coverage scenario; route assignment weighted by selected GTFS trip frequency
FULLBUS01835,300,0.778,0.9,0.2,2001392,Full e-bus coverage scenario; route assignment weighted by selected GTFS trip frequency
FULLBUS01836,300,0.793,0.9,0.2,2001392,Full e-bus coverage scenario; route assignment weighted by selected GTFS trip frequency
FULLBUS01837,300,0.798,0.9,0.2,2001392,Full e-bus coverage scenario; route assignment weighted by selected GTFS trip frequency
FULLBUS01838,300,0.808,0.9,0.2,2001392,Full e-bus coverage scenario; route assignment weighted by selected GTFS trip frequency
FULLBUS01839,300,0.873,0.9,0.2,2005322,Full e-bus coverage scenario; route assignment weighted by selected GTFS trip frequency
FULLBUS01840,300,0.743,0.9,0.2,2005322,Full e-bus coverage scenario; route assignment weighted by selected GTFS trip frequency
FULLBUS01841,300,0.759,0.9,0.2,2005322,Full e-bus coverage scenario; route assignment weighted by selected GTFS trip frequency
FULLBUS01842,300,0.842,0.9,0.2,2005322,Full e-bus coverage scenario; route assignment weighted by selected GTFS trip frequency
FULLBUS01843,300,0.741,0.9,0.2,2005322,Full e-bus coverage scenario; route assignment weighted by selected GTFS trip frequency
FULLBUS01844,300,0.752,0.9,0.2,2005322,Full e-bus coverage scenario; route assignment weighted by selected GTFS trip frequency
FULLBUS01845,300,0.842,0.9,0.2,2005322,Full e-bus coverage scenario; route assignment weighted by selected GTFS trip frequency
FULLBUS01846,300,0.752,0.9,0.2,2005322,Full e-bus coverage scenario; route assignment weighted by selected GTFS trip frequency
FULLBUS01847,300,0.809,0.9,0.2,2005322,Full e-bus coverage scenario; route assignment weighted by selected GTFS trip frequency
FULLBUS01848,300,0.728,0.9,0.2,2007266,Full e-bus coverage scenario; route assignment weighted by selected GTFS trip frequency
FULLBUS01849,300,0.809,0.9,0.2,2007266,Full e-bus coverage scenario; route assignment weighted by selected GTFS trip frequency
FULLBUS01850,300,0.726,0.9,0.2,2007266,Full e-bus coverage scenario; route assignment weighted by selected GTFS trip frequency
FULLBUS01851,300,0.736,0.9,0.2,2007266,Full e-bus coverage scenario; route assignment weighted by selected GTFS trip frequency
FULLBUS01852,300,0.829,0.9,0.2,2007266,Full e-bus coverage scenario; route assignment weighted by selected GTFS trip frequency
FULLBUS01853,300,0.859,0.9,0.2,2007266,Full e-bus coverage scenario; route assignment weighted by selected GTFS trip frequency
FULLBUS01854,300,0.876,0.9,0.2,2007266,Full e-bus coverage scenario; route assignment weighted by selected GTFS trip frequency
FULLBUS01855,300,0.856,0.9,0.2,2007266,Full e-bus coverage scenario; route assignment weighted by selected GTFS trip frequency
FULLBUS01856,300,0.836,0.9,0.2,2007266,Full e-bus coverage scenario; route assignment weighted by selected GTFS trip frequency
FULLBUS01857,300,0.758,0.9,0.2,2005326,Full e-bus coverage scenario; route assignment weighted by selected GTFS trip frequency
FULLBUS01858,300,0.864,0.9,0.2,2005326,Full e-bus coverage scenario; route assignment weighted by selected GTFS trip frequency
FULLBUS01859,300,0.743,0.9,0.2,2005326,Full e-bus coverage scenario; route assignment weighted by selected GTFS trip frequency
FULLBUS01860,300,0.871,0.9,0.2,2005326,Full e-bus coverage scenario; route assignment weighted by selected GTFS trip frequency
FULLBUS01861,300,0.874,0.9,0.2,2005326,Full e-bus coverage scenario; route assignment weighted by selected GTFS trip frequency
FULLBUS01862,300,0.853,0.9,0.2,2005326,Full e-bus coverage scenario; route assignment weighted by selected GTFS trip frequency
FULLBUS01863,300,0.757,0.9,0.2,2005326,Full e-bus coverage scenario; route assignment weighted by selected GTFS trip frequency
FULLBUS01864,300,0.774,0.9,0.2,2005326,Full e-bus coverage scenario; route assignment weighted by selected GTFS trip frequency
FULLBUS01865,300,0.771,0.9,0.2,2008389,Full e-bus coverage scenario; route assignment weighted by selected GTFS trip frequency
FULLBUS01866,300,0.74,0.9,0.2,2008389,Full e-bus coverage scenario; route assignment weighted by selected GTFS trip frequency
FULLBUS01867,300,0.773,0.9,0.2,2008389,Full e-bus coverage scenario; route assignment weighted by selected GTFS trip frequency
FULLBUS01868,300,0.879,0.9,0.2,2008389,Full e-bus coverage scenario; route assignment weighted by selected GTFS trip frequency
FULLBUS01869,300,0.807,0.9,0.2,2008389,Full e-bus coverage scenario; route assignment weighted by selected GTFS trip frequency
FULLBUS01870,300,0.795,0.9,0.2,2008389,Full e-bus coverage scenario; route assignment weighted by selected GTFS trip frequency
FULLBUS01871,300,0.878,0.9,0.2,2008389,Full e-bus coverage scenario; route assignment weighted by selected GTFS trip frequency
FULLBUS01872,300,0.805,0.9,0.2,2008389,Full e-bus coverage scenario; route assignment weighted by selected GTFS trip frequency
FULLBUS01873,300,0.824,0.9,0.2,2007771,Full e-bus coverage scenario; route assignment weighted by selected GTFS trip frequency
FULLBUS01874,300,0.742,0.9,0.2,2007771,Full e-bus coverage scenario; route assignment weighted by selected GTFS trip frequency
FULLBUS01875,300,0.743,0.9,0.2,2007771,Full e-bus coverage scenario; route assignment weighted by selected GTFS trip frequency
FULLBUS01876,300,0.807,0.9,0.2,2007771,Full e-bus coverage scenario; route assignment weighted by selected GTFS trip frequency
FULLBUS01877,300,0.729,0.9,0.2,2007771,Full e-bus coverage scenario; route assignment weighted by selected GTFS trip frequency
FULLBUS01878,300,0.837,0.9,0.2,2007771,Full e-bus coverage scenario; route assignment weighted by selected GTFS trip frequency
FULLBUS01879,300,0.732,0.9,0.2,2007771,Full e-bus coverage scenario; route assignment weighted by selected GTFS trip frequency
FULLBUS01880,300,0.871,0.9,0.2,2007771,Full e-bus coverage scenario; route assignment weighted by selected GTFS trip frequency
FULLBUS01881,300,0.817,0.9,0.2,1602,Full e-bus coverage scenario; route assignment weighted by selected GTFS trip frequency
FULLBUS01882,300,0.766,0.9,0.2,1602,Full e-bus coverage scenario; route assignment weighted by selected GTFS trip frequency
FULLBUS01883,300,0.818,0.9,0.2,1602,Full e-bus coverage scenario; route assignment weighted by selected GTFS trip frequency
FULLBUS01884,300,0.756,0.9,0.2,1602,Full e-bus coverage scenario; route assignment weighted by selected GTFS trip frequency
FULLBUS01885,300,0.857,0.9,0.2,1602,Full e-bus coverage scenario; route assignment weighted by selected GTFS trip frequency
FULLBUS01886,300,0.82,0.9,0.2,1602,Full e-bus coverage scenario; route assignment weighted by selected GTFS trip frequency
FULLBUS01887,300,0.857,0.9,0.2,1602,Full e-bus coverage scenario; route assignment weighted by selected GTFS trip frequency
FULLBUS01888,300,0.72,0.9,0.2,1602,Full e-bus coverage scenario; route assignment weighted by selected GTFS trip frequency
FULLBUS01889,300,0.754,0.9,0.2,1263,Full e-bus coverage scenario; route assignment weighted by selected GTFS trip frequency
FULLBUS01890,300,0.74,0.9,0.2,1263,Full e-bus coverage scenario; route assignment weighted by selected GTFS trip frequency
FULLBUS01891,300,0.738,0.9,0.2,1263,Full e-bus coverage scenario; route assignment weighted by selected GTFS trip frequency
FULLBUS01892,300,0.808,0.9,0.2,1263,Full e-bus coverage scenario; route assignment weighted by selected GTFS trip frequency
FULLBUS01893,300,0.855,0.9,0.2,1263,Full e-bus coverage scenario; route assignment weighted by selected GTFS trip frequency
FULLBUS01894,300,0.861,0.9,0.2,1263,Full e-bus coverage scenario; route assignment weighted by selected GTFS trip frequency
FULLBUS01895,300,0.802,0.9,0.2,1263,Full e-bus coverage scenario; route assignment weighted by selected GTFS trip frequency
FULLBUS01896,300,0.726,0.9,0.2,1263,Full e-bus coverage scenario; route assignment weighted by selected GTFS trip frequency
FULLBUS01897,300,0.852,0.9,0.2,2001033,Full e-bus coverage scenario; route assignment weighted by selected GTFS trip frequency
FULLBUS01898,300,0.833,0.9,0.2,2001033,Full e-bus coverage scenario; route assignment weighted by selected GTFS trip frequency
FULLBUS01899,300,0.745,0.9,0.2,2001033,Full e-bus coverage scenario; route assignment weighted by selected GTFS trip frequency
FULLBUS01900,300,0.851,0.9,0.2,2001033,Full e-bus coverage scenario; route assignment weighted by selected GTFS trip frequency
FULLBUS01901,300,0.873,0.9,0.2,2001033,Full e-bus coverage scenario; route assignment weighted by selected GTFS trip frequency
FULLBUS01902,300,0.752,0.9,0.2,2001033,Full e-bus coverage scenario; route assignment weighted by selected GTFS trip frequency
FULLBUS01903,300,0.799,0.9,0.2,2001033,Full e-bus coverage scenario; route assignment weighted by selected GTFS trip frequency
FULLBUS01904,300,0.837,0.9,0.2,2001033,Full e-bus coverage scenario; route assignment weighted by selected GTFS trip frequency
FULLBUS01905,300,0.859,0.9,0.2,1491,Full e-bus coverage scenario; route assignment weighted by selected GTFS trip frequency
FULLBUS01906,300,0.857,0.9,0.2,1491,Full e-bus coverage scenario; route assignment weighted by selected GTFS trip frequency
FULLBUS01907,300,0.799,0.9,0.2,1491,Full e-bus coverage scenario; route assignment weighted by selected GTFS trip frequency
FULLBUS01908,300,0.735,0.9,0.2,1491,Full e-bus coverage scenario; route assignment weighted by selected GTFS trip frequency
FULLBUS01909,300,0.75,0.9,0.2,1491,Full e-bus coverage scenario; route assignment weighted by selected GTFS trip frequency
FULLBUS01910,300,0.816,0.9,0.2,1491,Full e-bus coverage scenario; route assignment weighted by selected GTFS trip frequency
FULLBUS01911,300,0.809,0.9,0.2,1491,Full e-bus coverage scenario; route assignment weighted by selected GTFS trip frequency
FULLBUS01912,300,0.873,0.9,0.2,1491,Full e-bus coverage scenario; route assignment weighted by selected GTFS trip frequency
FULLBUS01913,300,0.81,0.9,0.2,2001201,Full e-bus coverage scenario; route assignment weighted by selected GTFS trip frequency
FULLBUS01914,300,0.798,0.9,0.2,2001201,Full e-bus coverage scenario; route assignment weighted by selected GTFS trip frequency
FULLBUS01915,300,0.85,0.9,0.2,2001201,Full e-bus coverage scenario; route assignment weighted by selected GTFS trip frequency
FULLBUS01916,300,0.751,0.9,0.2,2001201,Full e-bus coverage scenario; route assignment weighted by selected GTFS trip frequency
FULLBUS01917,300,0.756,0.9,0.2,2001201,Full e-bus coverage scenario; route assignment weighted by selected GTFS trip frequency
FULLBUS01918,300,0.774,0.9,0.2,2001201,Full e-bus coverage scenario; route assignment weighted by selected GTFS trip frequency
FULLBUS01919,300,0.763,0.9,0.2,2001201,Full e-bus coverage scenario; route assignment weighted by selected GTFS trip frequency
FULLBUS01920,300,0.759,0.9,0.2,2001201,Full e-bus coverage scenario; route assignment weighted by selected GTFS trip frequency
FULLBUS01921,300,0.797,0.9,0.2,2001031,Full e-bus coverage scenario; route assignment weighted by selected GTFS trip frequency
FULLBUS01922,300,0.731,0.9,0.2,2001031,Full e-bus coverage scenario; route assignment weighted by selected GTFS trip frequency
FULLBUS01923,300,0.745,0.9,0.2,2001031,Full e-bus coverage scenario; route assignment weighted by selected GTFS trip frequency
FULLBUS01924,300,0.877,0.9,0.2,2001031,Full e-bus coverage scenario; route assignment weighted by selected GTFS trip frequency
FULLBUS01925,300,0.761,0.9,0.2,2001031,Full e-bus coverage scenario; route assignment weighted by selected GTFS trip frequency
FULLBUS01926,300,0.727,0.9,0.2,2001031,Full e-bus coverage scenario; route assignment weighted by selected GTFS trip frequency
FULLBUS01927,300,0.87,0.9,0.2,2001031,Full e-bus coverage scenario; route assignment weighted by selected GTFS trip frequency
FULLBUS01928,300,0.86,0.9,0.2,2001031,Full e-bus coverage scenario; route assignment weighted by selected GTFS trip frequency
FULLBUS01929,300,0.82,0.9,0.2,1452,Full e-bus coverage scenario; route assignment weighted by selected GTFS trip frequency
FULLBUS01930,300,0.791,0.9,0.2,1452,Full e-bus coverage scenario; route assignment weighted by selected GTFS trip frequency
FULLBUS01931,300,0.721,0.9,0.2,1452,Full e-bus coverage scenario; route assignment weighted by selected GTFS trip frequency
FULLBUS01932,300,0.774,0.9,0.2,1452,Full e-bus coverage scenario; route assignment weighted by selected GTFS trip frequency
FULLBUS01933,300,0.821,0.9,0.2,1452,Full e-bus coverage scenario; route assignment weighted by selected GTFS trip frequency
FULLBUS01934,300,0.805,0.9,0.2,1452,Full e-bus coverage scenario; route assignment weighted by selected GTFS trip frequency
FULLBUS01935,300,0.869,0.9,0.2,1452,Full e-bus coverage scenario; route assignment weighted by selected GTFS trip frequency
FULLBUS01936,300,0.741,0.9,0.2,1452,Full e-bus coverage scenario; route assignment weighted by selected GTFS trip frequency
FULLBUS01937,300,0.803,0.9,0.2,2001890,Full e-bus coverage scenario; route assignment weighted by selected GTFS trip frequency
FULLBUS01938,300,0.737,0.9,0.2,2001890,Full e-bus coverage scenario; route assignment weighted by selected GTFS trip frequency
FULLBUS01939,300,0.794,0.9,0.2,2001890,Full e-bus coverage scenario; route assignment weighted by selected GTFS trip frequency
FULLBUS01940,300,0.795,0.9,0.2,2001890,Full e-bus coverage scenario; route assignment weighted by selected GTFS trip frequency
FULLBUS01941,300,0.781,0.9,0.2,2001890,Full e-bus coverage scenario; route assignment weighted by selected GTFS trip frequency
FULLBUS01942,300,0.751,0.9,0.2,2001890,Full e-bus coverage scenario; route assignment weighted by selected GTFS trip frequency
FULLBUS01943,300,0.855,0.9,0.2,2001890,Full e-bus coverage scenario; route assignment weighted by selected GTFS trip frequency
FULLBUS01944,300,0.746,0.9,0.2,2001890,Full e-bus coverage scenario; route assignment weighted by selected GTFS trip frequency
FULLBUS01945,300,0.841,0.9,0.2,2001470,Full e-bus coverage scenario; route assignment weighted by selected GTFS trip frequency
FULLBUS01946,300,0.787,0.9,0.2,2001470,Full e-bus coverage scenario; route assignment weighted by selected GTFS trip frequency
FULLBUS01947,300,0.831,0.9,0.2,2001470,Full e-bus coverage scenario; route assignment weighted by selected GTFS trip frequency
FULLBUS01948,300,0.824,0.9,0.2,2001470,Full e-bus coverage scenario; route assignment weighted by selected GTFS trip frequency
FULLBUS01949,300,0.797,0.9,0.2,2001470,Full e-bus coverage scenario; route assignment weighted by selected GTFS trip frequency
FULLBUS01950,300,0.764,0.9,0.2,2001470,Full e-bus coverage scenario; route assignment weighted by selected GTFS trip frequency
FULLBUS01951,300,0.743,0.9,0.2,2001470,Full e-bus coverage scenario; route assignment weighted by selected GTFS trip frequency
FULLBUS01952,300,0.725,0.9,0.2,2001470,Full e-bus coverage scenario; route assignment weighted by selected GTFS trip frequency
FULLBUS01953,300,0.763,0.9,0.2,2004032,Full e-bus coverage scenario; route assignment weighted by selected GTFS trip frequency
FULLBUS01954,300,0.86,0.9,0.2,2004032,Full e-bus coverage scenario; route assignment weighted by selected GTFS trip frequency
FULLBUS01955,300,0.746,0.9,0.2,2004032,Full e-bus coverage scenario; route assignment weighted by selected GTFS trip frequency
FULLBUS01956,300,0.879,0.9,0.2,2004032,Full e-bus coverage scenario; route assignment weighted by selected GTFS trip frequency
FULLBUS01957,300,0.747,0.9,0.2,2004032,Full e-bus coverage scenario; route assignment weighted by selected GTFS trip frequency
FULLBUS01958,300,0.763,0.9,0.2,2004032,Full e-bus coverage scenario; route assignment weighted by selected GTFS trip frequency
FULLBUS01959,300,0.813,0.9,0.2,2004032,Full e-bus coverage scenario; route assignment weighted by selected GTFS trip frequency
FULLBUS01960,300,0.86,0.9,0.2,2004032,Full e-bus coverage scenario; route assignment weighted by selected GTFS trip frequency
FULLBUS01961,300,0.858,0.9,0.2,2008619,Full e-bus coverage scenario; route assignment weighted by selected GTFS trip frequency
FULLBUS01962,300,0.876,0.9,0.2,2008619,Full e-bus coverage scenario; route assignment weighted by selected GTFS trip frequency
FULLBUS01963,300,0.727,0.9,0.2,2008619,Full e-bus coverage scenario; route assignment weighted by selected GTFS trip frequency
FULLBUS01964,300,0.727,0.9,0.2,2008619,Full e-bus coverage scenario; route assignment weighted by selected GTFS trip frequency
FULLBUS01965,300,0.735,0.9,0.2,2008619,Full e-bus coverage scenario; route assignment weighted by selected GTFS trip frequency
FULLBUS01966,300,0.751,0.9,0.2,2008619,Full e-bus coverage scenario; route assignment weighted by selected GTFS trip frequency
FULLBUS01967,300,0.789,0.9,0.2,2008619,Full e-bus coverage scenario; route assignment weighted by selected GTFS trip frequency
FULLBUS01968,300,0.812,0.9,0.2,2008619,Full e-bus coverage scenario; route assignment weighted by selected GTFS trip frequency
FULLBUS01969,300,0.737,0.9,0.2,2010071,Full e-bus coverage scenario; route assignment weighted by selected GTFS trip frequency
FULLBUS01970,300,0.86,0.9,0.2,2010071,Full e-bus coverage scenario; route assignment weighted by selected GTFS trip frequency
FULLBUS01971,300,0.762,0.9,0.2,2010071,Full e-bus coverage scenario; route assignment weighted by selected GTFS trip frequency
FULLBUS01972,300,0.726,0.9,0.2,2010071,Full e-bus coverage scenario; route assignment weighted by selected GTFS trip frequency
FULLBUS01973,300,0.724,0.9,0.2,2010071,Full e-bus coverage scenario; route assignment weighted by selected GTFS trip frequency
FULLBUS01974,300,0.875,0.9,0.2,2010071,Full e-bus coverage scenario; route assignment weighted by selected GTFS trip frequency
FULLBUS01975,300,0.843,0.9,0.2,2010071,Full e-bus coverage scenario; route assignment weighted by selected GTFS trip frequency
FULLBUS01976,300,0.824,0.9,0.2,2010071,Full e-bus coverage scenario; route assignment weighted by selected GTFS trip frequency
FULLBUS01977,300,0.753,0.9,0.2,2007772,Full e-bus coverage scenario; route assignment weighted by selected GTFS trip frequency
FULLBUS01978,300,0.778,0.9,0.2,2007772,Full e-bus coverage scenario; route assignment weighted by selected GTFS trip frequency
FULLBUS01979,300,0.72,0.9,0.2,2007772,Full e-bus coverage scenario; route assignment weighted by selected GTFS trip frequency
FULLBUS01980,300,0.73,0.9,0.2,2007772,Full e-bus coverage scenario; route assignment weighted by selected GTFS trip frequency
FULLBUS01981,300,0.835,0.9,0.2,2007772,Full e-bus coverage scenario; route assignment weighted by selected GTFS trip frequency
FULLBUS01982,300,0.74,0.9,0.2,2007772,Full e-bus coverage scenario; route assignment weighted by selected GTFS trip frequency
FULLBUS01983,300,0.853,0.9,0.2,2007772,Full e-bus coverage scenario; route assignment weighted by selected GTFS trip frequency
FULLBUS01984,300,0.79,0.9,0.2,2007772,Full e-bus coverage scenario; route assignment weighted by selected GTFS trip frequency
FULLBUS01985,300,0.727,0.9,0.2,1466,Full e-bus coverage scenario; route assignment weighted by selected GTFS trip frequency
FULLBUS01986,300,0.726,0.9,0.2,1466,Full e-bus coverage scenario; route assignment weighted by selected GTFS trip frequency
FULLBUS01987,300,0.721,0.9,0.2,1466,Full e-bus coverage scenario; route assignment weighted by selected GTFS trip frequency
FULLBUS01988,300,0.827,0.9,0.2,1466,Full e-bus coverage scenario; route assignment weighted by selected GTFS trip frequency
FULLBUS01989,300,0.727,0.9,0.2,1466,Full e-bus coverage scenario; route assignment weighted by selected GTFS trip frequency
FULLBUS01990,300,0.783,0.9,0.2,1466,Full e-bus coverage scenario; route assignment weighted by selected GTFS trip frequency
FULLBUS01991,300,0.801,0.9,0.2,1466,Full e-bus coverage scenario; route assignment weighted by selected GTFS trip frequency
FULLBUS01992,300,0.793,0.9,0.2,1466,Full e-bus coverage scenario; route assignment weighted by selected GTFS trip frequency
FULLBUS01993,300,0.799,0.9,0.2,2001006,Full e-bus coverage scenario; route assignment weighted by selected GTFS trip frequency
FULLBUS01994,300,0.742,0.9,0.2,2001006,Full e-bus coverage scenario; route assignment weighted by selected GTFS trip frequency
FULLBUS01995,300,0.856,0.9,0.2,2001006,Full e-bus coverage scenario; route assignment weighted by selected GTFS trip frequency
FULLBUS01996,300,0.751,0.9,0.2,2001006,Full e-bus coverage scenario; route assignment weighted by selected GTFS trip frequency
FULLBUS01997,300,0.73,0.9,0.2,2001006,Full e-bus coverage scenario; route assignment weighted by selected GTFS trip frequency
FULLBUS01998,300,0.793,0.9,0.2,2001006,Full e-bus coverage scenario; route assignment weighted by selected GTFS trip frequency
FULLBUS01999,300,0.753,0.9,0.2,2001006,Full e-bus coverage scenario; route assignment weighted by selected GTFS trip frequency
FULLBUS02000,300,0.88,0.9,0.2,2001006,Full e-bus coverage scenario; route assignment weighted by selected GTFS trip frequency
FULLBUS02001,300,0.832,0.9,0.2,2001524,Full e-bus coverage scenario; route assignment weighted by selected GTFS trip frequency
FULLBUS02002,300,0.867,0.9,0.2,2001524,Full e-bus coverage scenario; route assignment weighted by selected GTFS trip frequency
FULLBUS02003,300,0.741,0.9,0.2,2001524,Full e-bus coverage scenario; route assignment weighted by selected GTFS trip frequency
FULLBUS02004,300,0.823,0.9,0.2,2001524,Full e-bus coverage scenario; route assignment weighted by selected GTFS trip frequency
FULLBUS02005,300,0.796,0.9,0.2,2001524,Full e-bus coverage scenario; route assignment weighted by selected GTFS trip frequency
FULLBUS02006,300,0.798,0.9,0.2,2001524,Full e-bus coverage scenario; route assignment weighted by selected GTFS trip frequency
FULLBUS02007,300,0.741,0.9,0.2,2001524,Full e-bus coverage scenario; route assignment weighted by selected GTFS trip frequency
FULLBUS02008,300,0.758,0.9,0.2,2001524,Full e-bus coverage scenario; route assignment weighted by selected GTFS trip frequency
FULLBUS02009,300,0.793,0.9,0.2,2005748,Full e-bus coverage scenario; route assignment weighted by selected GTFS trip frequency
FULLBUS02010,300,0.726,0.9,0.2,2005748,Full e-bus coverage scenario; route assignment weighted by selected GTFS trip frequency
FULLBUS02011,300,0.803,0.9,0.2,2005748,Full e-bus coverage scenario; route assignment weighted by selected GTFS trip frequency
FULLBUS02012,300,0.847,0.9,0.2,2005748,Full e-bus coverage scenario; route assignment weighted by selected GTFS trip frequency
FULLBUS02013,300,0.863,0.9,0.2,2005748,Full e-bus coverage scenario; route assignment weighted by selected GTFS trip frequency
FULLBUS02014,300,0.724,0.9,0.2,2005748,Full e-bus coverage scenario; route assignment weighted by selected GTFS trip frequency
FULLBUS02015,300,0.789,0.9,0.2,2005748,Full e-bus coverage scenario; route assignment weighted by selected GTFS trip frequency
FULLBUS02016,300,0.782,0.9,0.2,2005748,Full e-bus coverage scenario; route assignment weighted by selected GTFS trip frequency
FULLBUS02017,300,0.752,0.9,0.2,2007959,Full e-bus coverage scenario; route assignment weighted by selected GTFS trip frequency
FULLBUS02018,300,0.752,0.9,0.2,2007959,Full e-bus coverage scenario; route assignment weighted by selected GTFS trip frequency
FULLBUS02019,300,0.742,0.9,0.2,2007959,Full e-bus coverage scenario; route assignment weighted by selected GTFS trip frequency
FULLBUS02020,300,0.796,0.9,0.2,2007959,Full e-bus coverage scenario; route assignment weighted by selected GTFS trip frequency
FULLBUS02021,300,0.737,0.9,0.2,2007959,Full e-bus coverage scenario; route assignment weighted by selected GTFS trip frequency
FULLBUS02022,300,0.784,0.9,0.2,2007959,Full e-bus coverage scenario; route assignment weighted by selected GTFS trip frequency
FULLBUS02023,300,0.802,0.9,0.2,2007959,Full e-bus coverage scenario; route assignment weighted by selected GTFS trip frequency
FULLBUS02024,300,0.765,0.9,0.2,2007959,Full e-bus coverage scenario; route assignment weighted by selected GTFS trip frequency
FULLBUS02025,300,0.828,0.9,0.2,1204,Full e-bus coverage scenario; route assignment weighted by selected GTFS trip frequency
FULLBUS02026,300,0.723,0.9,0.2,1204,Full e-bus coverage scenario; route assignment weighted by selected GTFS trip frequency
FULLBUS02027,300,0.839,0.9,0.2,1204,Full e-bus coverage scenario; route assignment weighted by selected GTFS trip frequency
FULLBUS02028,300,0.742,0.9,0.2,1204,Full e-bus coverage scenario; route assignment weighted by selected GTFS trip frequency
FULLBUS02029,300,0.845,0.9,0.2,1204,Full e-bus coverage scenario; route assignment weighted by selected GTFS trip frequency
FULLBUS02030,300,0.836,0.9,0.2,1204,Full e-bus coverage scenario; route assignment weighted by selected GTFS trip frequency
FULLBUS02031,300,0.847,0.9,0.2,1204,Full e-bus coverage scenario; route assignment weighted by selected GTFS trip frequency
FULLBUS02032,300,0.827,0.9,0.2,1372,Full e-bus coverage scenario; route assignment weighted by selected GTFS trip frequency
FULLBUS02033,300,0.772,0.9,0.2,1372,Full e-bus coverage scenario; route assignment weighted by selected GTFS trip frequency
FULLBUS02034,300,0.874,0.9,0.2,1372,Full e-bus coverage scenario; route assignment weighted by selected GTFS trip frequency
FULLBUS02035,300,0.75,0.9,0.2,1372,Full e-bus coverage scenario; route assignment weighted by selected GTFS trip frequency
FULLBUS02036,300,0.761,0.9,0.2,1372,Full e-bus coverage scenario; route assignment weighted by selected GTFS trip frequency
FULLBUS02037,300,0.743,0.9,0.2,1372,Full e-bus coverage scenario; route assignment weighted by selected GTFS trip frequency
FULLBUS02038,300,0.764,0.9,0.2,1372,Full e-bus coverage scenario; route assignment weighted by selected GTFS trip frequency
FULLBUS02039,300,0.827,0.9,0.2,8239,Full e-bus coverage scenario; route assignment weighted by selected GTFS trip frequency
FULLBUS02040,300,0.871,0.9,0.2,8239,Full e-bus coverage scenario; route assignment weighted by selected GTFS trip frequency
FULLBUS02041,300,0.792,0.9,0.2,8239,Full e-bus coverage scenario; route assignment weighted by selected GTFS trip frequency
FULLBUS02042,300,0.867,0.9,0.2,8239,Full e-bus coverage scenario; route assignment weighted by selected GTFS trip frequency
FULLBUS02043,300,0.796,0.9,0.2,8239,Full e-bus coverage scenario; route assignment weighted by selected GTFS trip frequency
FULLBUS02044,300,0.8,0.9,0.2,8239,Full e-bus coverage scenario; route assignment weighted by selected GTFS trip frequency
FULLBUS02045,300,0.833,0.9,0.2,8239,Full e-bus coverage scenario; route assignment weighted by selected GTFS trip frequency
FULLBUS02046,300,0.806,0.9,0.2,1394,Full e-bus coverage scenario; route assignment weighted by selected GTFS trip frequency
FULLBUS02047,300,0.751,0.9,0.2,1394,Full e-bus coverage scenario; route assignment weighted by selected GTFS trip frequency
FULLBUS02048,300,0.731,0.9,0.2,1394,Full e-bus coverage scenario; route assignment weighted by selected GTFS trip frequency
FULLBUS02049,300,0.831,0.9,0.2,1394,Full e-bus coverage scenario; route assignment weighted by selected GTFS trip frequency
FULLBUS02050,300,0.826,0.9,0.2,1394,Full e-bus coverage scenario; route assignment weighted by selected GTFS trip frequency
FULLBUS02051,300,0.827,0.9,0.2,1394,Full e-bus coverage scenario; route assignment weighted by selected GTFS trip frequency
FULLBUS02052,300,0.869,0.9,0.2,1394,Full e-bus coverage scenario; route assignment weighted by selected GTFS trip frequency
FULLBUS02053,300,0.858,0.9,0.2,2007134,Full e-bus coverage scenario; route assignment weighted by selected GTFS trip frequency
FULLBUS02054,300,0.768,0.9,0.2,2007134,Full e-bus coverage scenario; route assignment weighted by selected GTFS trip frequency
FULLBUS02055,300,0.876,0.9,0.2,2007134,Full e-bus coverage scenario; route assignment weighted by selected GTFS trip frequency
FULLBUS02056,300,0.834,0.9,0.2,2007134,Full e-bus coverage scenario; route assignment weighted by selected GTFS trip frequency
FULLBUS02057,300,0.831,0.9,0.2,2007134,Full e-bus coverage scenario; route assignment weighted by selected GTFS trip frequency
FULLBUS02058,300,0.87,0.9,0.2,2007134,Full e-bus coverage scenario; route assignment weighted by selected GTFS trip frequency
FULLBUS02059,300,0.735,0.9,0.2,2007134,Full e-bus coverage scenario; route assignment weighted by selected GTFS trip frequency
FULLBUS02060,300,0.806,0.9,0.2,2010279,Full e-bus coverage scenario; route assignment weighted by selected GTFS trip frequency
FULLBUS02061,300,0.845,0.9,0.2,2010279,Full e-bus coverage scenario; route assignment weighted by selected GTFS trip frequency
FULLBUS02062,300,0.752,0.9,0.2,2010279,Full e-bus coverage scenario; route assignment weighted by selected GTFS trip frequency
FULLBUS02063,300,0.823,0.9,0.2,2010279,Full e-bus coverage scenario; route assignment weighted by selected GTFS trip frequency
FULLBUS02064,300,0.869,0.9,0.2,2010279,Full e-bus coverage scenario; route assignment weighted by selected GTFS trip frequency
FULLBUS02065,300,0.814,0.9,0.2,2010279,Full e-bus coverage scenario; route assignment weighted by selected GTFS trip frequency
FULLBUS02066,300,0.799,0.9,0.2,2010279,Full e-bus coverage scenario; route assignment weighted by selected GTFS trip frequency
FULLBUS02067,300,0.766,0.9,0.2,1284,Full e-bus coverage scenario; route assignment weighted by selected GTFS trip frequency
FULLBUS02068,300,0.839,0.9,0.2,1284,Full e-bus coverage scenario; route assignment weighted by selected GTFS trip frequency
FULLBUS02069,300,0.748,0.9,0.2,1284,Full e-bus coverage scenario; route assignment weighted by selected GTFS trip frequency
FULLBUS02070,300,0.842,0.9,0.2,1284,Full e-bus coverage scenario; route assignment weighted by selected GTFS trip frequency
FULLBUS02071,300,0.812,0.9,0.2,1284,Full e-bus coverage scenario; route assignment weighted by selected GTFS trip frequency
FULLBUS02072,300,0.81,0.9,0.2,1284,Full e-bus coverage scenario; route assignment weighted by selected GTFS trip frequency
FULLBUS02073,300,0.873,0.9,0.2,1284,Full e-bus coverage scenario; route assignment weighted by selected GTFS trip frequency
FULLBUS02074,300,0.755,0.9,0.2,2001471,Full e-bus coverage scenario; route assignment weighted by selected GTFS trip frequency
FULLBUS02075,300,0.744,0.9,0.2,2001471,Full e-bus coverage scenario; route assignment weighted by selected GTFS trip frequency
FULLBUS02076,300,0.825,0.9,0.2,2001471,Full e-bus coverage scenario; route assignment weighted by selected GTFS trip frequency
FULLBUS02077,300,0.863,0.9,0.2,2001471,Full e-bus coverage scenario; route assignment weighted by selected GTFS trip frequency
FULLBUS02078,300,0.751,0.9,0.2,2001471,Full e-bus coverage scenario; route assignment weighted by selected GTFS trip frequency
FULLBUS02079,300,0.854,0.9,0.2,2001471,Full e-bus coverage scenario; route assignment weighted by selected GTFS trip frequency
FULLBUS02080,300,0.765,0.9,0.2,2001471,Full e-bus coverage scenario; route assignment weighted by selected GTFS trip frequency
FULLBUS02081,300,0.772,0.9,0.2,1773,Full e-bus coverage scenario; route assignment weighted by selected GTFS trip frequency
FULLBUS02082,300,0.868,0.9,0.2,1773,Full e-bus coverage scenario; route assignment weighted by selected GTFS trip frequency
FULLBUS02083,300,0.768,0.9,0.2,1773,Full e-bus coverage scenario; route assignment weighted by selected GTFS trip frequency
FULLBUS02084,300,0.823,0.9,0.2,1773,Full e-bus coverage scenario; route assignment weighted by selected GTFS trip frequency
FULLBUS02085,300,0.788,0.9,0.2,1773,Full e-bus coverage scenario; route assignment weighted by selected GTFS trip frequency
FULLBUS02086,300,0.872,0.9,0.2,1773,Full e-bus coverage scenario; route assignment weighted by selected GTFS trip frequency
FULLBUS02087,300,0.739,0.9,0.2,1773,Full e-bus coverage scenario; route assignment weighted by selected GTFS trip frequency
FULLBUS02088,300,0.817,0.9,0.2,1878,Full e-bus coverage scenario; route assignment weighted by selected GTFS trip frequency
FULLBUS02089,300,0.721,0.9,0.2,1878,Full e-bus coverage scenario; route assignment weighted by selected GTFS trip frequency
FULLBUS02090,300,0.842,0.9,0.2,1878,Full e-bus coverage scenario; route assignment weighted by selected GTFS trip frequency
FULLBUS02091,300,0.735,0.9,0.2,1878,Full e-bus coverage scenario; route assignment weighted by selected GTFS trip frequency
FULLBUS02092,300,0.732,0.9,0.2,1878,Full e-bus coverage scenario; route assignment weighted by selected GTFS trip frequency
FULLBUS02093,300,0.767,0.9,0.2,1878,Full e-bus coverage scenario; route assignment weighted by selected GTFS trip frequency
FULLBUS02094,300,0.853,0.9,0.2,1878,Full e-bus coverage scenario; route assignment weighted by selected GTFS trip frequency
FULLBUS02095,300,0.737,0.9,0.2,2002813,Full e-bus coverage scenario; route assignment weighted by selected GTFS trip frequency
FULLBUS02096,300,0.744,0.9,0.2,2002813,Full e-bus coverage scenario; route assignment weighted by selected GTFS trip frequency
FULLBUS02097,300,0.863,0.9,0.2,2002813,Full e-bus coverage scenario; route assignment weighted by selected GTFS trip frequency
FULLBUS02098,300,0.786,0.9,0.2,2002813,Full e-bus coverage scenario; route assignment weighted by selected GTFS trip frequency
FULLBUS02099,300,0.876,0.9,0.2,2002813,Full e-bus coverage scenario; route assignment weighted by selected GTFS trip frequency
FULLBUS02100,300,0.81,0.9,0.2,2002813,Full e-bus coverage scenario; route assignment weighted by selected GTFS trip frequency
FULLBUS02101,300,0.806,0.9,0.2,2002813,Full e-bus coverage scenario; route assignment weighted by selected GTFS trip frequency
FULLBUS02102,300,0.739,0.9,0.2,2009246,Full e-bus coverage scenario; route assignment weighted by selected GTFS trip frequency
FULLBUS02103,300,0.856,0.9,0.2,2009246,Full e-bus coverage scenario; route assignment weighted by selected GTFS trip frequency
FULLBUS02104,300,0.731,0.9,0.2,2009246,Full e-bus coverage scenario; route assignment weighted by selected GTFS trip frequency
FULLBUS02105,300,0.813,0.9,0.2,2009246,Full e-bus coverage scenario; route assignment weighted by selected GTFS trip frequency
FULLBUS02106,300,0.854,0.9,0.2,2009246,Full e-bus coverage scenario; route assignment weighted by selected GTFS trip frequency
FULLBUS02107,300,0.869,0.9,0.2,2009246,Full e-bus coverage scenario; route assignment weighted by selected GTFS trip frequency
FULLBUS02108,300,0.833,0.9,0.2,2009246,Full e-bus coverage scenario; route assignment weighted by selected GTFS trip frequency
FULLBUS02109,300,0.809,0.9,0.2,1497,Full e-bus coverage scenario; route assignment weighted by selected GTFS trip frequency
FULLBUS02110,300,0.737,0.9,0.2,1497,Full e-bus coverage scenario; route assignment weighted by selected GTFS trip frequency
FULLBUS02111,300,0.755,0.9,0.2,1497,Full e-bus coverage scenario; route assignment weighted by selected GTFS trip frequency
FULLBUS02112,300,0.852,0.9,0.2,1497,Full e-bus coverage scenario; route assignment weighted by selected GTFS trip frequency
FULLBUS02113,300,0.723,0.9,0.2,1497,Full e-bus coverage scenario; route assignment weighted by selected GTFS trip frequency
FULLBUS02114,300,0.779,0.9,0.2,1497,Full e-bus coverage scenario; route assignment weighted by selected GTFS trip frequency
FULLBUS02115,300,0.75,0.9,0.2,1497,Full e-bus coverage scenario; route assignment weighted by selected GTFS trip frequency
FULLBUS02116,300,0.804,0.9,0.2,2009247,Full e-bus coverage scenario; route assignment weighted by selected GTFS trip frequency
FULLBUS02117,300,0.751,0.9,0.2,2009247,Full e-bus coverage scenario; route assignment weighted by selected GTFS trip frequency
FULLBUS02118,300,0.756,0.9,0.2,2009247,Full e-bus coverage scenario; route assignment weighted by selected GTFS trip frequency
FULLBUS02119,300,0.753,0.9,0.2,2009247,Full e-bus coverage scenario; route assignment weighted by selected GTFS trip frequency
FULLBUS02120,300,0.853,0.9,0.2,2009247,Full e-bus coverage scenario; route assignment weighted by selected GTFS trip frequency
FULLBUS02121,300,0.837,0.9,0.2,2009247,Full e-bus coverage scenario; route assignment weighted by selected GTFS trip frequency
FULLBUS02122,300,0.875,0.9,0.2,2009247,Full e-bus coverage scenario; route assignment weighted by selected GTFS trip frequency
FULLBUS02123,300,0.768,0.9,0.2,2004362,Full e-bus coverage scenario; route assignment weighted by selected GTFS trip frequency
FULLBUS02124,300,0.724,0.9,0.2,2004362,Full e-bus coverage scenario; route assignment weighted by selected GTFS trip frequency
FULLBUS02125,300,0.813,0.9,0.2,2004362,Full e-bus coverage scenario; route assignment weighted by selected GTFS trip frequency
FULLBUS02126,300,0.728,0.9,0.2,2004362,Full e-bus coverage scenario; route assignment weighted by selected GTFS trip frequency
FULLBUS02127,300,0.821,0.9,0.2,2004362,Full e-bus coverage scenario; route assignment weighted by selected GTFS trip frequency
FULLBUS02128,300,0.877,0.9,0.2,2004362,Full e-bus coverage scenario; route assignment weighted by selected GTFS trip frequency
FULLBUS02129,300,0.826,0.9,0.2,2004362,Full e-bus coverage scenario; route assignment weighted by selected GTFS trip frequency
FULLBUS02130,300,0.796,0.9,0.2,2005187,Full e-bus coverage scenario; route assignment weighted by selected GTFS trip frequency
FULLBUS02131,300,0.81,0.9,0.2,2005187,Full e-bus coverage scenario; route assignment weighted by selected GTFS trip frequency
FULLBUS02132,300,0.768,0.9,0.2,2005187,Full e-bus coverage scenario; route assignment weighted by selected GTFS trip frequency
FULLBUS02133,300,0.871,0.9,0.2,2005187,Full e-bus coverage scenario; route assignment weighted by selected GTFS trip frequency
FULLBUS02134,300,0.75,0.9,0.2,2005187,Full e-bus coverage scenario; route assignment weighted by selected GTFS trip frequency
FULLBUS02135,300,0.843,0.9,0.2,2005187,Full e-bus coverage scenario; route assignment weighted by selected GTFS trip frequency
FULLBUS02136,300,0.873,0.9,0.2,2005187,Full e-bus coverage scenario; route assignment weighted by selected GTFS trip frequency
FULLBUS02137,300,0.771,0.9,0.2,2003606,Full e-bus coverage scenario; route assignment weighted by selected GTFS trip frequency
FULLBUS02138,300,0.722,0.9,0.2,2003606,Full e-bus coverage scenario; route assignment weighted by selected GTFS trip frequency
FULLBUS02139,300,0.845,0.9,0.2,2003606,Full e-bus coverage scenario; route assignment weighted by selected GTFS trip frequency
FULLBUS02140,300,0.738,0.9,0.2,2003606,Full e-bus coverage scenario; route assignment weighted by selected GTFS trip frequency
FULLBUS02141,300,0.84,0.9,0.2,2003606,Full e-bus coverage scenario; route assignment weighted by selected GTFS trip frequency
FULLBUS02142,300,0.743,0.9,0.2,2003606,Full e-bus coverage scenario; route assignment weighted by selected GTFS trip frequency
FULLBUS02143,300,0.849,0.9,0.2,2003606,Full e-bus coverage scenario; route assignment weighted by selected GTFS trip frequency
FULLBUS02144,300,0.879,0.9,0.2,1123,Full e-bus coverage scenario; route assignment weighted by selected GTFS trip frequency
FULLBUS02145,300,0.782,0.9,0.2,1123,Full e-bus coverage scenario; route assignment weighted by selected GTFS trip frequency
FULLBUS02146,300,0.871,0.9,0.2,1123,Full e-bus coverage scenario; route assignment weighted by selected GTFS trip frequency
FULLBUS02147,300,0.816,0.9,0.2,1123,Full e-bus coverage scenario; route assignment weighted by selected GTFS trip frequency
FULLBUS02148,300,0.876,0.9,0.2,1123,Full e-bus coverage scenario; route assignment weighted by selected GTFS trip frequency
FULLBUS02149,300,0.84,0.9,0.2,1123,Full e-bus coverage scenario; route assignment weighted by selected GTFS trip frequency
FULLBUS02150,300,0.733,0.9,0.2,1123,Full e-bus coverage scenario; route assignment weighted by selected GTFS trip frequency
FULLBUS02151,300,0.793,0.9,0.2,1197,Full e-bus coverage scenario; route assignment weighted by selected GTFS trip frequency
FULLBUS02152,300,0.75,0.9,0.2,1197,Full e-bus coverage scenario; route assignment weighted by selected GTFS trip frequency
FULLBUS02153,300,0.855,0.9,0.2,1197,Full e-bus coverage scenario; route assignment weighted by selected GTFS trip frequency
FULLBUS02154,300,0.778,0.9,0.2,1197,Full e-bus coverage scenario; route assignment weighted by selected GTFS trip frequency
FULLBUS02155,300,0.795,0.9,0.2,1197,Full e-bus coverage scenario; route assignment weighted by selected GTFS trip frequency
FULLBUS02156,300,0.87,0.9,0.2,1197,Full e-bus coverage scenario; route assignment weighted by selected GTFS trip frequency
FULLBUS02157,300,0.877,0.9,0.2,1197,Full e-bus coverage scenario; route assignment weighted by selected GTFS trip frequency
FULLBUS02158,300,0.787,0.9,0.2,1727,Full e-bus coverage scenario; route assignment weighted by selected GTFS trip frequency
FULLBUS02159,300,0.854,0.9,0.2,1727,Full e-bus coverage scenario; route assignment weighted by selected GTFS trip frequency
FULLBUS02160,300,0.76,0.9,0.2,1727,Full e-bus coverage scenario; route assignment weighted by selected GTFS trip frequency
FULLBUS02161,300,0.727,0.9,0.2,1727,Full e-bus coverage scenario; route assignment weighted by selected GTFS trip frequency
FULLBUS02162,300,0.734,0.9,0.2,1727,Full e-bus coverage scenario; route assignment weighted by selected GTFS trip frequency
FULLBUS02163,300,0.872,0.9,0.2,1727,Full e-bus coverage scenario; route assignment weighted by selected GTFS trip frequency
FULLBUS02164,300,0.819,0.9,0.2,1727,Full e-bus coverage scenario; route assignment weighted by selected GTFS trip frequency
FULLBUS02165,300,0.814,0.9,0.2,2000974,Full e-bus coverage scenario; route assignment weighted by selected GTFS trip frequency
FULLBUS02166,300,0.859,0.9,0.2,2000974,Full e-bus coverage scenario; route assignment weighted by selected GTFS trip frequency
FULLBUS02167,300,0.756,0.9,0.2,2000974,Full e-bus coverage scenario; route assignment weighted by selected GTFS trip frequency
FULLBUS02168,300,0.763,0.9,0.2,2000974,Full e-bus coverage scenario; route assignment weighted by selected GTFS trip frequency
FULLBUS02169,300,0.813,0.9,0.2,2000974,Full e-bus coverage scenario; route assignment weighted by selected GTFS trip frequency
FULLBUS02170,300,0.725,0.9,0.2,2000974,Full e-bus coverage scenario; route assignment weighted by selected GTFS trip frequency
FULLBUS02171,300,0.787,0.9,0.2,2000974,Full e-bus coverage scenario; route assignment weighted by selected GTFS trip frequency
FULLBUS02172,300,0.725,0.9,0.2,2000998,Full e-bus coverage scenario; route assignment weighted by selected GTFS trip frequency
FULLBUS02173,300,0.86,0.9,0.2,2000998,Full e-bus coverage scenario; route assignment weighted by selected GTFS trip frequency
FULLBUS02174,300,0.748,0.9,0.2,2000998,Full e-bus coverage scenario; route assignment weighted by selected GTFS trip frequency
FULLBUS02175,300,0.74,0.9,0.2,2000998,Full e-bus coverage scenario; route assignment weighted by selected GTFS trip frequency
FULLBUS02176,300,0.796,0.9,0.2,2000998,Full e-bus coverage scenario; route assignment weighted by selected GTFS trip frequency
FULLBUS02177,300,0.735,0.9,0.2,2000998,Full e-bus coverage scenario; route assignment weighted by selected GTFS trip frequency
FULLBUS02178,300,0.8,0.9,0.2,2000998,Full e-bus coverage scenario; route assignment weighted by selected GTFS trip frequency
FULLBUS02179,300,0.836,0.9,0.2,2005715,Full e-bus coverage scenario; route assignment weighted by selected GTFS trip frequency
FULLBUS02180,300,0.835,0.9,0.2,2005715,Full e-bus coverage scenario; route assignment weighted by selected GTFS trip frequency
FULLBUS02181,300,0.842,0.9,0.2,2005715,Full e-bus coverage scenario; route assignment weighted by selected GTFS trip frequency
FULLBUS02182,300,0.823,0.9,0.2,2005715,Full e-bus coverage scenario; route assignment weighted by selected GTFS trip frequency
FULLBUS02183,300,0.812,0.9,0.2,2005715,Full e-bus coverage scenario; route assignment weighted by selected GTFS trip frequency
FULLBUS02184,300,0.778,0.9,0.2,2005715,Full e-bus coverage scenario; route assignment weighted by selected GTFS trip frequency
FULLBUS02185,300,0.751,0.9,0.2,2005715,Full e-bus coverage scenario; route assignment weighted by selected GTFS trip frequency
FULLBUS02186,300,0.762,0.9,0.2,2008621,Full e-bus coverage scenario; route assignment weighted by selected GTFS trip frequency
FULLBUS02187,300,0.747,0.9,0.2,2008621,Full e-bus coverage scenario; route assignment weighted by selected GTFS trip frequency
FULLBUS02188,300,0.814,0.9,0.2,2008621,Full e-bus coverage scenario; route assignment weighted by selected GTFS trip frequency
FULLBUS02189,300,0.762,0.9,0.2,2008621,Full e-bus coverage scenario; route assignment weighted by selected GTFS trip frequency
FULLBUS02190,300,0.781,0.9,0.2,2008621,Full e-bus coverage scenario; route assignment weighted by selected GTFS trip frequency
FULLBUS02191,300,0.791,0.9,0.2,2008621,Full e-bus coverage scenario; route assignment weighted by selected GTFS trip frequency
FULLBUS02192,300,0.795,0.9,0.2,2008621,Full e-bus coverage scenario; route assignment weighted by selected GTFS trip frequency
FULLBUS02193,300,0.855,0.9,0.2,2006678,Full e-bus coverage scenario; route assignment weighted by selected GTFS trip frequency
FULLBUS02194,300,0.852,0.9,0.2,2006678,Full e-bus coverage scenario; route assignment weighted by selected GTFS trip frequency
FULLBUS02195,300,0.778,0.9,0.2,2006678,Full e-bus coverage scenario; route assignment weighted by selected GTFS trip frequency
FULLBUS02196,300,0.812,0.9,0.2,2006678,Full e-bus coverage scenario; route assignment weighted by selected GTFS trip frequency
FULLBUS02197,300,0.782,0.9,0.2,2006678,Full e-bus coverage scenario; route assignment weighted by selected GTFS trip frequency
FULLBUS02198,300,0.808,0.9,0.2,2006678,Full e-bus coverage scenario; route assignment weighted by selected GTFS trip frequency
FULLBUS02199,300,0.822,0.9,0.2,2006678,Full e-bus coverage scenario; route assignment weighted by selected GTFS trip frequency
FULLBUS02200,300,0.731,0.9,0.2,2007432,Full e-bus coverage scenario; route assignment weighted by selected GTFS trip frequency
FULLBUS02201,300,0.749,0.9,0.2,2007432,Full e-bus coverage scenario; route assignment weighted by selected GTFS trip frequency
FULLBUS02202,300,0.873,0.9,0.2,2007432,Full e-bus coverage scenario; route assignment weighted by selected GTFS trip frequency
FULLBUS02203,300,0.847,0.9,0.2,2007432,Full e-bus coverage scenario; route assignment weighted by selected GTFS trip frequency
FULLBUS02204,300,0.873,0.9,0.2,2007432,Full e-bus coverage scenario; route assignment weighted by selected GTFS trip frequency
FULLBUS02205,300,0.818,0.9,0.2,2007432,Full e-bus coverage scenario; route assignment weighted by selected GTFS trip frequency
FULLBUS02206,300,0.722,0.9,0.2,2007432,Full e-bus coverage scenario; route assignment weighted by selected GTFS trip frequency
FULLBUS02207,300,0.821,0.9,0.2,1000250,Full e-bus coverage scenario; route assignment weighted by selected GTFS trip frequency
FULLBUS02208,300,0.867,0.9,0.2,1000250,Full e-bus coverage scenario; route assignment weighted by selected GTFS trip frequency
FULLBUS02209,300,0.721,0.9,0.2,1000250,Full e-bus coverage scenario; route assignment weighted by selected GTFS trip frequency
FULLBUS02210,300,0.796,0.9,0.2,1000250,Full e-bus coverage scenario; route assignment weighted by selected GTFS trip frequency
FULLBUS02211,300,0.874,0.9,0.2,1000250,Full e-bus coverage scenario; route assignment weighted by selected GTFS trip frequency
FULLBUS02212,300,0.73,0.9,0.2,1000250,Full e-bus coverage scenario; route assignment weighted by selected GTFS trip frequency
FULLBUS02213,300,0.721,0.9,0.2,1000250,Full e-bus coverage scenario; route assignment weighted by selected GTFS trip frequency
FULLBUS02214,300,0.803,0.9,0.2,1091,Full e-bus coverage scenario; route assignment weighted by selected GTFS trip frequency
FULLBUS02215,300,0.841,0.9,0.2,1091,Full e-bus coverage scenario; route assignment weighted by selected GTFS trip frequency
FULLBUS02216,300,0.782,0.9,0.2,1091,Full e-bus coverage scenario; route assignment weighted by selected GTFS trip frequency
FULLBUS02217,300,0.855,0.9,0.2,1091,Full e-bus coverage scenario; route assignment weighted by selected GTFS trip frequency
FULLBUS02218,300,0.793,0.9,0.2,1091,Full e-bus coverage scenario; route assignment weighted by selected GTFS trip frequency
FULLBUS02219,300,0.82,0.9,0.2,1091,Full e-bus coverage scenario; route assignment weighted by selected GTFS trip frequency
FULLBUS02220,300,0.877,0.9,0.2,1216,Full e-bus coverage scenario; route assignment weighted by selected GTFS trip frequency
FULLBUS02221,300,0.816,0.9,0.2,1216,Full e-bus coverage scenario; route assignment weighted by selected GTFS trip frequency
FULLBUS02222,300,0.806,0.9,0.2,1216,Full e-bus coverage scenario; route assignment weighted by selected GTFS trip frequency
FULLBUS02223,300,0.854,0.9,0.2,1216,Full e-bus coverage scenario; route assignment weighted by selected GTFS trip frequency
FULLBUS02224,300,0.827,0.9,0.2,1216,Full e-bus coverage scenario; route assignment weighted by selected GTFS trip frequency
FULLBUS02225,300,0.84,0.9,0.2,1216,Full e-bus coverage scenario; route assignment weighted by selected GTFS trip frequency
FULLBUS02226,300,0.815,0.9,0.2,1234,Full e-bus coverage scenario; route assignment weighted by selected GTFS trip frequency
FULLBUS02227,300,0.875,0.9,0.2,1234,Full e-bus coverage scenario; route assignment weighted by selected GTFS trip frequency
FULLBUS02228,300,0.729,0.9,0.2,1234,Full e-bus coverage scenario; route assignment weighted by selected GTFS trip frequency
FULLBUS02229,300,0.771,0.9,0.2,1234,Full e-bus coverage scenario; route assignment weighted by selected GTFS trip frequency
FULLBUS02230,300,0.845,0.9,0.2,1234,Full e-bus coverage scenario; route assignment weighted by selected GTFS trip frequency
FULLBUS02231,300,0.867,0.9,0.2,1234,Full e-bus coverage scenario; route assignment weighted by selected GTFS trip frequency
FULLBUS02232,300,0.787,0.9,0.2,1192,Full e-bus coverage scenario; route assignment weighted by selected GTFS trip frequency
FULLBUS02233,300,0.784,0.9,0.2,1192,Full e-bus coverage scenario; route assignment weighted by selected GTFS trip frequency
FULLBUS02234,300,0.868,0.9,0.2,1192,Full e-bus coverage scenario; route assignment weighted by selected GTFS trip frequency
FULLBUS02235,300,0.869,0.9,0.2,1192,Full e-bus coverage scenario; route assignment weighted by selected GTFS trip frequency
FULLBUS02236,300,0.81,0.9,0.2,1192,Full e-bus coverage scenario; route assignment weighted by selected GTFS trip frequency
FULLBUS02237,300,0.867,0.9,0.2,1192,Full e-bus coverage scenario; route assignment weighted by selected GTFS trip frequency
FULLBUS02238,300,0.84,0.9,0.2,1669,Full e-bus coverage scenario; route assignment weighted by selected GTFS trip frequency
FULLBUS02239,300,0.762,0.9,0.2,1669,Full e-bus coverage scenario; route assignment weighted by selected GTFS trip frequency
FULLBUS02240,300,0.748,0.9,0.2,1669,Full e-bus coverage scenario; route assignment weighted by selected GTFS trip frequency
FULLBUS02241,300,0.783,0.9,0.2,1669,Full e-bus coverage scenario; route assignment weighted by selected GTFS trip frequency
FULLBUS02242,300,0.737,0.9,0.2,1669,Full e-bus coverage scenario; route assignment weighted by selected GTFS trip frequency
FULLBUS02243,300,0.852,0.9,0.2,1669,Full e-bus coverage scenario; route assignment weighted by selected GTFS trip frequency
FULLBUS02244,300,0.763,0.9,0.2,2005947,Full e-bus coverage scenario; route assignment weighted by selected GTFS trip frequency
FULLBUS02245,300,0.851,0.9,0.2,2005947,Full e-bus coverage scenario; route assignment weighted by selected GTFS trip frequency
FULLBUS02246,300,0.812,0.9,0.2,2005947,Full e-bus coverage scenario; route assignment weighted by selected GTFS trip frequency
FULLBUS02247,300,0.741,0.9,0.2,2005947,Full e-bus coverage scenario; route assignment weighted by selected GTFS trip frequency
FULLBUS02248,300,0.807,0.9,0.2,2005947,Full e-bus coverage scenario; route assignment weighted by selected GTFS trip frequency
FULLBUS02249,300,0.818,0.9,0.2,2005947,Full e-bus coverage scenario; route assignment weighted by selected GTFS trip frequency
FULLBUS02250,300,0.811,0.9,0.2,2001260,Full e-bus coverage scenario; route assignment weighted by selected GTFS trip frequency
FULLBUS02251,300,0.877,0.9,0.2,2001260,Full e-bus coverage scenario; route assignment weighted by selected GTFS trip frequency
FULLBUS02252,300,0.726,0.9,0.2,2001260,Full e-bus coverage scenario; route assignment weighted by selected GTFS trip frequency
FULLBUS02253,300,0.764,0.9,0.2,2001260,Full e-bus coverage scenario; route assignment weighted by selected GTFS trip frequency
FULLBUS02254,300,0.817,0.9,0.2,2001260,Full e-bus coverage scenario; route assignment weighted by selected GTFS trip frequency
FULLBUS02255,300,0.726,0.9,0.2,2001260,Full e-bus coverage scenario; route assignment weighted by selected GTFS trip frequency
FULLBUS02256,300,0.806,0.9,0.2,1129,Full e-bus coverage scenario; route assignment weighted by selected GTFS trip frequency
FULLBUS02257,300,0.833,0.9,0.2,1129,Full e-bus coverage scenario; route assignment weighted by selected GTFS trip frequency
FULLBUS02258,300,0.783,0.9,0.2,1129,Full e-bus coverage scenario; route assignment weighted by selected GTFS trip frequency
FULLBUS02259,300,0.861,0.9,0.2,1129,Full e-bus coverage scenario; route assignment weighted by selected GTFS trip frequency
FULLBUS02260,300,0.77,0.9,0.2,1129,Full e-bus coverage scenario; route assignment weighted by selected GTFS trip frequency
FULLBUS02261,300,0.762,0.9,0.2,1129,Full e-bus coverage scenario; route assignment weighted by selected GTFS trip frequency
FULLBUS02262,300,0.812,0.9,0.2,2008005,Full e-bus coverage scenario; route assignment weighted by selected GTFS trip frequency
FULLBUS02263,300,0.858,0.9,0.2,2008005,Full e-bus coverage scenario; route assignment weighted by selected GTFS trip frequency
FULLBUS02264,300,0.81,0.9,0.2,2008005,Full e-bus coverage scenario; route assignment weighted by selected GTFS trip frequency
FULLBUS02265,300,0.723,0.9,0.2,2008005,Full e-bus coverage scenario; route assignment weighted by selected GTFS trip frequency
FULLBUS02266,300,0.755,0.9,0.2,2008005,Full e-bus coverage scenario; route assignment weighted by selected GTFS trip frequency
FULLBUS02267,300,0.753,0.9,0.2,2008005,Full e-bus coverage scenario; route assignment weighted by selected GTFS trip frequency
FULLBUS02268,300,0.76,0.9,0.2,2005055,Full e-bus coverage scenario; route assignment weighted by selected GTFS trip frequency
FULLBUS02269,300,0.769,0.9,0.2,2005055,Full e-bus coverage scenario; route assignment weighted by selected GTFS trip frequency
FULLBUS02270,300,0.833,0.9,0.2,2005055,Full e-bus coverage scenario; route assignment weighted by selected GTFS trip frequency
FULLBUS02271,300,0.776,0.9,0.2,2005055,Full e-bus coverage scenario; route assignment weighted by selected GTFS trip frequency
FULLBUS02272,300,0.832,0.9,0.2,2005055,Full e-bus coverage scenario; route assignment weighted by selected GTFS trip frequency
FULLBUS02273,300,0.765,0.9,0.2,2005055,Full e-bus coverage scenario; route assignment weighted by selected GTFS trip frequency
FULLBUS02274,300,0.793,0.9,0.2,1415,Full e-bus coverage scenario; route assignment weighted by selected GTFS trip frequency
FULLBUS02275,300,0.743,0.9,0.2,1415,Full e-bus coverage scenario; route assignment weighted by selected GTFS trip frequency
FULLBUS02276,300,0.823,0.9,0.2,1415,Full e-bus coverage scenario; route assignment weighted by selected GTFS trip frequency
FULLBUS02277,300,0.747,0.9,0.2,1415,Full e-bus coverage scenario; route assignment weighted by selected GTFS trip frequency
FULLBUS02278,300,0.859,0.9,0.2,1415,Full e-bus coverage scenario; route assignment weighted by selected GTFS trip frequency
FULLBUS02279,300,0.771,0.9,0.2,1415,Full e-bus coverage scenario; route assignment weighted by selected GTFS trip frequency
FULLBUS02280,300,0.723,0.9,0.2,1629,Full e-bus coverage scenario; route assignment weighted by selected GTFS trip frequency
FULLBUS02281,300,0.748,0.9,0.2,1629,Full e-bus coverage scenario; route assignment weighted by selected GTFS trip frequency
FULLBUS02282,300,0.741,0.9,0.2,1629,Full e-bus coverage scenario; route assignment weighted by selected GTFS trip frequency
FULLBUS02283,300,0.75,0.9,0.2,1629,Full e-bus coverage scenario; route assignment weighted by selected GTFS trip frequency
FULLBUS02284,300,0.827,0.9,0.2,1629,Full e-bus coverage scenario; route assignment weighted by selected GTFS trip frequency
FULLBUS02285,300,0.858,0.9,0.2,1629,Full e-bus coverage scenario; route assignment weighted by selected GTFS trip frequency
FULLBUS02286,300,0.752,0.9,0.2,2005291,Full e-bus coverage scenario; route assignment weighted by selected GTFS trip frequency
FULLBUS02287,300,0.874,0.9,0.2,2005291,Full e-bus coverage scenario; route assignment weighted by selected GTFS trip frequency
FULLBUS02288,300,0.865,0.9,0.2,2005291,Full e-bus coverage scenario; route assignment weighted by selected GTFS trip frequency
FULLBUS02289,300,0.725,0.9,0.2,2005291,Full e-bus coverage scenario; route assignment weighted by selected GTFS trip frequency
FULLBUS02290,300,0.831,0.9,0.2,2005291,Full e-bus coverage scenario; route assignment weighted by selected GTFS trip frequency
FULLBUS02291,300,0.833,0.9,0.2,2005291,Full e-bus coverage scenario; route assignment weighted by selected GTFS trip frequency
FULLBUS02292,300,0.773,0.9,0.2,2001267,Full e-bus coverage scenario; route assignment weighted by selected GTFS trip frequency
FULLBUS02293,300,0.787,0.9,0.2,2001267,Full e-bus coverage scenario; route assignment weighted by selected GTFS trip frequency
FULLBUS02294,300,0.736,0.9,0.2,2001267,Full e-bus coverage scenario; route assignment weighted by selected GTFS trip frequency
FULLBUS02295,300,0.798,0.9,0.2,2001267,Full e-bus coverage scenario; route assignment weighted by selected GTFS trip frequency
FULLBUS02296,300,0.865,0.9,0.2,2001267,Full e-bus coverage scenario; route assignment weighted by selected GTFS trip frequency
FULLBUS02297,300,0.748,0.9,0.2,2001267,Full e-bus coverage scenario; route assignment weighted by selected GTFS trip frequency
FULLBUS02298,300,0.779,0.9,0.2,2008589,Full e-bus coverage scenario; route assignment weighted by selected GTFS trip frequency
FULLBUS02299,300,0.812,0.9,0.2,2008589,Full e-bus coverage scenario; route assignment weighted by selected GTFS trip frequency
FULLBUS02300,300,0.737,0.9,0.2,2008589,Full e-bus coverage scenario; route assignment weighted by selected GTFS trip frequency
FULLBUS02301,300,0.771,0.9,0.2,2008589,Full e-bus coverage scenario; route assignment weighted by selected GTFS trip frequency
FULLBUS02302,300,0.812,0.9,0.2,2008589,Full e-bus coverage scenario; route assignment weighted by selected GTFS trip frequency
FULLBUS02303,300,0.776,0.9,0.2,2008589,Full e-bus coverage scenario; route assignment weighted by selected GTFS trip frequency
FULLBUS02304,300,0.817,0.9,0.2,1024,Full e-bus coverage scenario; route assignment weighted by selected GTFS trip frequency
FULLBUS02305,300,0.732,0.9,0.2,1024,Full e-bus coverage scenario; route assignment weighted by selected GTFS trip frequency
FULLBUS02306,300,0.843,0.9,0.2,1024,Full e-bus coverage scenario; route assignment weighted by selected GTFS trip frequency
FULLBUS02307,300,0.74,0.9,0.2,1024,Full e-bus coverage scenario; route assignment weighted by selected GTFS trip frequency
FULLBUS02308,300,0.831,0.9,0.2,1024,Full e-bus coverage scenario; route assignment weighted by selected GTFS trip frequency
FULLBUS02309,300,0.768,0.9,0.2,1024,Full e-bus coverage scenario; route assignment weighted by selected GTFS trip frequency
FULLBUS02310,300,0.73,0.9,0.2,1101,Full e-bus coverage scenario; route assignment weighted by selected GTFS trip frequency
FULLBUS02311,300,0.723,0.9,0.2,1101,Full e-bus coverage scenario; route assignment weighted by selected GTFS trip frequency
FULLBUS02312,300,0.759,0.9,0.2,1101,Full e-bus coverage scenario; route assignment weighted by selected GTFS trip frequency
FULLBUS02313,300,0.79,0.9,0.2,1101,Full e-bus coverage scenario; route assignment weighted by selected GTFS trip frequency
FULLBUS02314,300,0.774,0.9,0.2,1101,Full e-bus coverage scenario; route assignment weighted by selected GTFS trip frequency
FULLBUS02315,300,0.817,0.9,0.2,1101,Full e-bus coverage scenario; route assignment weighted by selected GTFS trip frequency
FULLBUS02316,300,0.724,0.9,0.2,2007437,Full e-bus coverage scenario; route assignment weighted by selected GTFS trip frequency
FULLBUS02317,300,0.863,0.9,0.2,2007437,Full e-bus coverage scenario; route assignment weighted by selected GTFS trip frequency
FULLBUS02318,300,0.744,0.9,0.2,2007437,Full e-bus coverage scenario; route assignment weighted by selected GTFS trip frequency
FULLBUS02319,300,0.86,0.9,0.2,2007437,Full e-bus coverage scenario; route assignment weighted by selected GTFS trip frequency
FULLBUS02320,300,0.733,0.9,0.2,2007437,Full e-bus coverage scenario; route assignment weighted by selected GTFS trip frequency
FULLBUS02321,300,0.744,0.9,0.2,2007437,Full e-bus coverage scenario; route assignment weighted by selected GTFS trip frequency
FULLBUS02322,300,0.781,0.9,0.2,2000989,Full e-bus coverage scenario; route assignment weighted by selected GTFS trip frequency
FULLBUS02323,300,0.869,0.9,0.2,2000989,Full e-bus coverage scenario; route assignment weighted by selected GTFS trip frequency
FULLBUS02324,300,0.852,0.9,0.2,2000989,Full e-bus coverage scenario; route assignment weighted by selected GTFS trip frequency
FULLBUS02325,300,0.799,0.9,0.2,2000989,Full e-bus coverage scenario; route assignment weighted by selected GTFS trip frequency
FULLBUS02326,300,0.867,0.9,0.2,2000989,Full e-bus coverage scenario; route assignment weighted by selected GTFS trip frequency
FULLBUS02327,300,0.744,0.9,0.2,2000989,Full e-bus coverage scenario; route assignment weighted by selected GTFS trip frequency
FULLBUS02328,300,0.782,0.9,0.2,1143,Full e-bus coverage scenario; route assignment weighted by selected GTFS trip frequency
FULLBUS02329,300,0.741,0.9,0.2,1143,Full e-bus coverage scenario; route assignment weighted by selected GTFS trip frequency
FULLBUS02330,300,0.863,0.9,0.2,1143,Full e-bus coverage scenario; route assignment weighted by selected GTFS trip frequency
FULLBUS02331,300,0.878,0.9,0.2,1143,Full e-bus coverage scenario; route assignment weighted by selected GTFS trip frequency
FULLBUS02332,300,0.87,0.9,0.2,1143,Full e-bus coverage scenario; route assignment weighted by selected GTFS trip frequency
FULLBUS02333,300,0.868,0.9,0.2,1143,Full e-bus coverage scenario; route assignment weighted by selected GTFS trip frequency
FULLBUS02334,300,0.839,0.9,0.2,2009117,Full e-bus coverage scenario; route assignment weighted by selected GTFS trip frequency
FULLBUS02335,300,0.861,0.9,0.2,2009117,Full e-bus coverage scenario; route assignment weighted by selected GTFS trip frequency
FULLBUS02336,300,0.756,0.9,0.2,2009117,Full e-bus coverage scenario; route assignment weighted by selected GTFS trip frequency
FULLBUS02337,300,0.729,0.9,0.2,2009117,Full e-bus coverage scenario; route assignment weighted by selected GTFS trip frequency
FULLBUS02338,300,0.872,0.9,0.2,2009117,Full e-bus coverage scenario; route assignment weighted by selected GTFS trip frequency
FULLBUS02339,300,0.782,0.9,0.2,2009117,Full e-bus coverage scenario; route assignment weighted by selected GTFS trip frequency
FULLBUS02340,300,0.815,0.9,0.2,1637,Full e-bus coverage scenario; route assignment weighted by selected GTFS trip frequency
FULLBUS02341,300,0.759,0.9,0.2,1637,Full e-bus coverage scenario; route assignment weighted by selected GTFS trip frequency
FULLBUS02342,300,0.868,0.9,0.2,1637,Full e-bus coverage scenario; route assignment weighted by selected GTFS trip frequency
FULLBUS02343,300,0.757,0.9,0.2,1637,Full e-bus coverage scenario; route assignment weighted by selected GTFS trip frequency
FULLBUS02344,300,0.797,0.9,0.2,1637,Full e-bus coverage scenario; route assignment weighted by selected GTFS trip frequency
FULLBUS02345,300,0.757,0.9,0.2,1637,Full e-bus coverage scenario; route assignment weighted by selected GTFS trip frequency
FULLBUS02346,300,0.733,0.9,0.2,2008553,Full e-bus coverage scenario; route assignment weighted by selected GTFS trip frequency
FULLBUS02347,300,0.753,0.9,0.2,2008553,Full e-bus coverage scenario; route assignment weighted by selected GTFS trip frequency
FULLBUS02348,300,0.856,0.9,0.2,2008553,Full e-bus coverage scenario; route assignment weighted by selected GTFS trip frequency
FULLBUS02349,300,0.792,0.9,0.2,2008553,Full e-bus coverage scenario; route assignment weighted by selected GTFS trip frequency
FULLBUS02350,300,0.821,0.9,0.2,2008553,Full e-bus coverage scenario; route assignment weighted by selected GTFS trip frequency
FULLBUS02351,300,0.75,0.9,0.2,2008553,Full e-bus coverage scenario; route assignment weighted by selected GTFS trip frequency
FULLBUS02352,300,0.829,0.9,0.2,2009873,Full e-bus coverage scenario; route assignment weighted by selected GTFS trip frequency
FULLBUS02353,300,0.821,0.9,0.2,2009873,Full e-bus coverage scenario; route assignment weighted by selected GTFS trip frequency
FULLBUS02354,300,0.779,0.9,0.2,2009873,Full e-bus coverage scenario; route assignment weighted by selected GTFS trip frequency
FULLBUS02355,300,0.746,0.9,0.2,2009873,Full e-bus coverage scenario; route assignment weighted by selected GTFS trip frequency
FULLBUS02356,300,0.782,0.9,0.2,2009873,Full e-bus coverage scenario; route assignment weighted by selected GTFS trip frequency
FULLBUS02357,300,0.742,0.9,0.2,2009873,Full e-bus coverage scenario; route assignment weighted by selected GTFS trip frequency
FULLBUS02358,300,0.833,0.9,0.2,8250,Full e-bus coverage scenario; route assignment weighted by selected GTFS trip frequency
FULLBUS02359,300,0.731,0.9,0.2,8250,Full e-bus coverage scenario; route assignment weighted by selected GTFS trip frequency
FULLBUS02360,300,0.833,0.9,0.2,8250,Full e-bus coverage scenario; route assignment weighted by selected GTFS trip frequency
FULLBUS02361,300,0.751,0.9,0.2,8250,Full e-bus coverage scenario; route assignment weighted by selected GTFS trip frequency
FULLBUS02362,300,0.871,0.9,0.2,8250,Full e-bus coverage scenario; route assignment weighted by selected GTFS trip frequency
FULLBUS02363,300,0.861,0.9,0.2,8250,Full e-bus coverage scenario; route assignment weighted by selected GTFS trip frequency
FULLBUS02364,300,0.849,0.9,0.2,1665,Full e-bus coverage scenario; route assignment weighted by selected GTFS trip frequency
FULLBUS02365,300,0.826,0.9,0.2,1665,Full e-bus coverage scenario; route assignment weighted by selected GTFS trip frequency
FULLBUS02366,300,0.807,0.9,0.2,1665,Full e-bus coverage scenario; route assignment weighted by selected GTFS trip frequency
FULLBUS02367,300,0.773,0.9,0.2,1665,Full e-bus coverage scenario; route assignment weighted by selected GTFS trip frequency
FULLBUS02368,300,0.745,0.9,0.2,1665,Full e-bus coverage scenario; route assignment weighted by selected GTFS trip frequency
FULLBUS02369,300,0.821,0.9,0.2,1665,Full e-bus coverage scenario; route assignment weighted by selected GTFS trip frequency
FULLBUS02370,300,0.804,0.9,0.2,2008421,Full e-bus coverage scenario; route assignment weighted by selected GTFS trip frequency
FULLBUS02371,300,0.859,0.9,0.2,2008421,Full e-bus coverage scenario; route assignment weighted by selected GTFS trip frequency
FULLBUS02372,300,0.732,0.9,0.2,2008421,Full e-bus coverage scenario; route assignment weighted by selected GTFS trip frequency
FULLBUS02373,300,0.823,0.9,0.2,2008421,Full e-bus coverage scenario; route assignment weighted by selected GTFS trip frequency
FULLBUS02374,300,0.82,0.9,0.2,2008421,Full e-bus coverage scenario; route assignment weighted by selected GTFS trip frequency
FULLBUS02375,300,0.729,0.9,0.2,2008421,Full e-bus coverage scenario; route assignment weighted by selected GTFS trip frequency
FULLBUS02376,300,0.866,0.9,0.2,1215,Full e-bus coverage scenario; route assignment weighted by selected GTFS trip frequency
FULLBUS02377,300,0.744,0.9,0.2,1215,Full e-bus coverage scenario; route assignment weighted by selected GTFS trip frequency
FULLBUS02378,300,0.733,0.9,0.2,1215,Full e-bus coverage scenario; route assignment weighted by selected GTFS trip frequency
FULLBUS02379,300,0.779,0.9,0.2,1215,Full e-bus coverage scenario; route assignment weighted by selected GTFS trip frequency
FULLBUS02380,300,0.866,0.9,0.2,1215,Full e-bus coverage scenario; route assignment weighted by selected GTFS trip frequency
FULLBUS02381,300,0.805,0.9,0.2,1215,Full e-bus coverage scenario; route assignment weighted by selected GTFS trip frequency
FULLBUS02382,300,0.857,0.9,0.2,1304,Full e-bus coverage scenario; route assignment weighted by selected GTFS trip frequency
FULLBUS02383,300,0.828,0.9,0.2,1304,Full e-bus coverage scenario; route assignment weighted by selected GTFS trip frequency
FULLBUS02384,300,0.85,0.9,0.2,1304,Full e-bus coverage scenario; route assignment weighted by selected GTFS trip frequency
FULLBUS02385,300,0.733,0.9,0.2,1304,Full e-bus coverage scenario; route assignment weighted by selected GTFS trip frequency
FULLBUS02386,300,0.748,0.9,0.2,1304,Full e-bus coverage scenario; route assignment weighted by selected GTFS trip frequency
FULLBUS02387,300,0.736,0.9,0.2,1304,Full e-bus coverage scenario; route assignment weighted by selected GTFS trip frequency
FULLBUS02388,300,0.849,0.9,0.2,2003214,Full e-bus coverage scenario; route assignment weighted by selected GTFS trip frequency
FULLBUS02389,300,0.847,0.9,0.2,2003214,Full e-bus coverage scenario; route assignment weighted by selected GTFS trip frequency
FULLBUS02390,300,0.813,0.9,0.2,2003214,Full e-bus coverage scenario; route assignment weighted by selected GTFS trip frequency
FULLBUS02391,300,0.812,0.9,0.2,2003214,Full e-bus coverage scenario; route assignment weighted by selected GTFS trip frequency
FULLBUS02392,300,0.857,0.9,0.2,2003214,Full e-bus coverage scenario; route assignment weighted by selected GTFS trip frequency
FULLBUS02393,300,0.763,0.9,0.2,2003214,Full e-bus coverage scenario; route assignment weighted by selected GTFS trip frequency
FULLBUS02394,300,0.838,0.9,0.2,2005651,Full e-bus coverage scenario; route assignment weighted by selected GTFS trip frequency
FULLBUS02395,300,0.87,0.9,0.2,2005651,Full e-bus coverage scenario; route assignment weighted by selected GTFS trip frequency
FULLBUS02396,300,0.861,0.9,0.2,2005651,Full e-bus coverage scenario; route assignment weighted by selected GTFS trip frequency
FULLBUS02397,300,0.759,0.9,0.2,2005651,Full e-bus coverage scenario; route assignment weighted by selected GTFS trip frequency
FULLBUS02398,300,0.741,0.9,0.2,2005651,Full e-bus coverage scenario; route assignment weighted by selected GTFS trip frequency
FULLBUS02399,300,0.814,0.9,0.2,2005651,Full e-bus coverage scenario; route assignment weighted by selected GTFS trip frequency
FULLBUS02400,300,0.754,0.9,0.2,1109,Full e-bus coverage scenario; route assignment weighted by selected GTFS trip frequency
FULLBUS02401,300,0.805,0.9,0.2,1109,Full e-bus coverage scenario; route assignment weighted by selected GTFS trip frequency
FULLBUS02402,300,0.743,0.9,0.2,1109,Full e-bus coverage scenario; route assignment weighted by selected GTFS trip frequency
FULLBUS02403,300,0.819,0.9,0.2,1109,Full e-bus coverage scenario; route assignment weighted by selected GTFS trip frequency
FULLBUS02404,300,0.861,0.9,0.2,1109,Full e-bus coverage scenario; route assignment weighted by selected GTFS trip frequency
FULLBUS02405,300,0.807,0.9,0.2,1109,Full e-bus coverage scenario; route assignment weighted by selected GTFS trip frequency
FULLBUS02406,300,0.861,0.9,0.2,1116,Full e-bus coverage scenario; route assignment weighted by selected GTFS trip frequency
FULLBUS02407,300,0.772,0.9,0.2,1116,Full e-bus coverage scenario; route assignment weighted by selected GTFS trip frequency
FULLBUS02408,300,0.812,0.9,0.2,1116,Full e-bus coverage scenario; route assignment weighted by selected GTFS trip frequency
FULLBUS02409,300,0.735,0.9,0.2,1116,Full e-bus coverage scenario; route assignment weighted by selected GTFS trip frequency
FULLBUS02410,300,0.845,0.9,0.2,1116,Full e-bus coverage scenario; route assignment weighted by selected GTFS trip frequency
FULLBUS02411,300,0.826,0.9,0.2,1075,Full e-bus coverage scenario; route assignment weighted by selected GTFS trip frequency
FULLBUS02412,300,0.854,0.9,0.2,1075,Full e-bus coverage scenario; route assignment weighted by selected GTFS trip frequency
FULLBUS02413,300,0.87,0.9,0.2,1075,Full e-bus coverage scenario; route assignment weighted by selected GTFS trip frequency
FULLBUS02414,300,0.767,0.9,0.2,1075,Full e-bus coverage scenario; route assignment weighted by selected GTFS trip frequency
FULLBUS02415,300,0.841,0.9,0.2,1075,Full e-bus coverage scenario; route assignment weighted by selected GTFS trip frequency
FULLBUS02416,300,0.827,0.9,0.2,2009015,Full e-bus coverage scenario; route assignment weighted by selected GTFS trip frequency
FULLBUS02417,300,0.837,0.9,0.2,2009015,Full e-bus coverage scenario; route assignment weighted by selected GTFS trip frequency
FULLBUS02418,300,0.763,0.9,0.2,2009015,Full e-bus coverage scenario; route assignment weighted by selected GTFS trip frequency
FULLBUS02419,300,0.862,0.9,0.2,2009015,Full e-bus coverage scenario; route assignment weighted by selected GTFS trip frequency
FULLBUS02420,300,0.754,0.9,0.2,2009015,Full e-bus coverage scenario; route assignment weighted by selected GTFS trip frequency
FULLBUS02421,300,0.855,0.9,0.2,2001558,Full e-bus coverage scenario; route assignment weighted by selected GTFS trip frequency
FULLBUS02422,300,0.752,0.9,0.2,2001558,Full e-bus coverage scenario; route assignment weighted by selected GTFS trip frequency
FULLBUS02423,300,0.782,0.9,0.2,2001558,Full e-bus coverage scenario; route assignment weighted by selected GTFS trip frequency
FULLBUS02424,300,0.757,0.9,0.2,2001558,Full e-bus coverage scenario; route assignment weighted by selected GTFS trip frequency
FULLBUS02425,300,0.82,0.9,0.2,2001558,Full e-bus coverage scenario; route assignment weighted by selected GTFS trip frequency
FULLBUS02426,300,0.86,0.9,0.2,1096,Full e-bus coverage scenario; route assignment weighted by selected GTFS trip frequency
FULLBUS02427,300,0.824,0.9,0.2,1096,Full e-bus coverage scenario; route assignment weighted by selected GTFS trip frequency
FULLBUS02428,300,0.81,0.9,0.2,1096,Full e-bus coverage scenario; route assignment weighted by selected GTFS trip frequency
FULLBUS02429,300,0.843,0.9,0.2,1096,Full e-bus coverage scenario; route assignment weighted by selected GTFS trip frequency
FULLBUS02430,300,0.756,0.9,0.2,1096,Full e-bus coverage scenario; route assignment weighted by selected GTFS trip frequency
FULLBUS02431,300,0.771,0.9,0.2,1105,Full e-bus coverage scenario; route assignment weighted by selected GTFS trip frequency
FULLBUS02432,300,0.782,0.9,0.2,1105,Full e-bus coverage scenario; route assignment weighted by selected GTFS trip frequency
FULLBUS02433,300,0.81,0.9,0.2,1105,Full e-bus coverage scenario; route assignment weighted by selected GTFS trip frequency
FULLBUS02434,300,0.768,0.9,0.2,1105,Full e-bus coverage scenario; route assignment weighted by selected GTFS trip frequency
FULLBUS02435,300,0.769,0.9,0.2,1105,Full e-bus coverage scenario; route assignment weighted by selected GTFS trip frequency
FULLBUS02436,300,0.812,0.9,0.2,2002448,Full e-bus coverage scenario; route assignment weighted by selected GTFS trip frequency
FULLBUS02437,300,0.793,0.9,0.2,2002448,Full e-bus coverage scenario; route assignment weighted by selected GTFS trip frequency
FULLBUS02438,300,0.793,0.9,0.2,2002448,Full e-bus coverage scenario; route assignment weighted by selected GTFS trip frequency
FULLBUS02439,300,0.867,0.9,0.2,2002448,Full e-bus coverage scenario; route assignment weighted by selected GTFS trip frequency
FULLBUS02440,300,0.739,0.9,0.2,2002448,Full e-bus coverage scenario; route assignment weighted by selected GTFS trip frequency
FULLBUS02441,300,0.816,0.9,0.2,2008289,Full e-bus coverage scenario; route assignment weighted by selected GTFS trip frequency
FULLBUS02442,300,0.727,0.9,0.2,2008289,Full e-bus coverage scenario; route assignment weighted by selected GTFS trip frequency
FULLBUS02443,300,0.737,0.9,0.2,2008289,Full e-bus coverage scenario; route assignment weighted by selected GTFS trip frequency
FULLBUS02444,300,0.745,0.9,0.2,2008289,Full e-bus coverage scenario; route assignment weighted by selected GTFS trip frequency
FULLBUS02445,300,0.732,0.9,0.2,2008289,Full e-bus coverage scenario; route assignment weighted by selected GTFS trip frequency
FULLBUS02446,300,0.83,0.9,0.2,1970,Full e-bus coverage scenario; route assignment weighted by selected GTFS trip frequency
FULLBUS02447,300,0.744,0.9,0.2,1970,Full e-bus coverage scenario; route assignment weighted by selected GTFS trip frequency
FULLBUS02448,300,0.76,0.9,0.2,1970,Full e-bus coverage scenario; route assignment weighted by selected GTFS trip frequency
FULLBUS02449,300,0.841,0.9,0.2,1970,Full e-bus coverage scenario; route assignment weighted by selected GTFS trip frequency
FULLBUS02450,300,0.863,0.9,0.2,1970,Full e-bus coverage scenario; route assignment weighted by selected GTFS trip frequency
FULLBUS02451,300,0.877,0.9,0.2,1008,Full e-bus coverage scenario; route assignment weighted by selected GTFS trip frequency
FULLBUS02452,300,0.733,0.9,0.2,1008,Full e-bus coverage scenario; route assignment weighted by selected GTFS trip frequency
FULLBUS02453,300,0.82,0.9,0.2,1008,Full e-bus coverage scenario; route assignment weighted by selected GTFS trip frequency
FULLBUS02454,300,0.757,0.9,0.2,1008,Full e-bus coverage scenario; route assignment weighted by selected GTFS trip frequency
FULLBUS02455,300,0.817,0.9,0.2,1008,Full e-bus coverage scenario; route assignment weighted by selected GTFS trip frequency
FULLBUS02456,300,0.855,0.9,0.2,1287,Full e-bus coverage scenario; route assignment weighted by selected GTFS trip frequency
FULLBUS02457,300,0.85,0.9,0.2,1287,Full e-bus coverage scenario; route assignment weighted by selected GTFS trip frequency
FULLBUS02458,300,0.794,0.9,0.2,1287,Full e-bus coverage scenario; route assignment weighted by selected GTFS trip frequency
FULLBUS02459,300,0.788,0.9,0.2,1287,Full e-bus coverage scenario; route assignment weighted by selected GTFS trip frequency
FULLBUS02460,300,0.806,0.9,0.2,1287,Full e-bus coverage scenario; route assignment weighted by selected GTFS trip frequency
FULLBUS02461,300,0.736,0.9,0.2,1979,Full e-bus coverage scenario; route assignment weighted by selected GTFS trip frequency
FULLBUS02462,300,0.871,0.9,0.2,1979,Full e-bus coverage scenario; route assignment weighted by selected GTFS trip frequency
FULLBUS02463,300,0.732,0.9,0.2,1979,Full e-bus coverage scenario; route assignment weighted by selected GTFS trip frequency
FULLBUS02464,300,0.861,0.9,0.2,1979,Full e-bus coverage scenario; route assignment weighted by selected GTFS trip frequency
FULLBUS02465,300,0.778,0.9,0.2,1979,Full e-bus coverage scenario; route assignment weighted by selected GTFS trip frequency
FULLBUS02466,300,0.799,0.9,0.2,2004923,Full e-bus coverage scenario; route assignment weighted by selected GTFS trip frequency
FULLBUS02467,300,0.853,0.9,0.2,2004923,Full e-bus coverage scenario; route assignment weighted by selected GTFS trip frequency
FULLBUS02468,300,0.832,0.9,0.2,2004923,Full e-bus coverage scenario; route assignment weighted by selected GTFS trip frequency
FULLBUS02469,300,0.852,0.9,0.2,2004923,Full e-bus coverage scenario; route assignment weighted by selected GTFS trip frequency
FULLBUS02470,300,0.826,0.9,0.2,2004923,Full e-bus coverage scenario; route assignment weighted by selected GTFS trip frequency
FULLBUS02471,300,0.873,0.9,0.2,2008391,Full e-bus coverage scenario; route assignment weighted by selected GTFS trip frequency
FULLBUS02472,300,0.847,0.9,0.2,2008391,Full e-bus coverage scenario; route assignment weighted by selected GTFS trip frequency
FULLBUS02473,300,0.746,0.9,0.2,2008391,Full e-bus coverage scenario; route assignment weighted by selected GTFS trip frequency
FULLBUS02474,300,0.814,0.9,0.2,2008391,Full e-bus coverage scenario; route assignment weighted by selected GTFS trip frequency
FULLBUS02475,300,0.79,0.9,0.2,2008391,Full e-bus coverage scenario; route assignment weighted by selected GTFS trip frequency
FULLBUS02476,300,0.725,0.9,0.2,1120,Full e-bus coverage scenario; route assignment weighted by selected GTFS trip frequency
FULLBUS02477,300,0.865,0.9,0.2,1120,Full e-bus coverage scenario; route assignment weighted by selected GTFS trip frequency
FULLBUS02478,300,0.829,0.9,0.2,1120,Full e-bus coverage scenario; route assignment weighted by selected GTFS trip frequency
FULLBUS02479,300,0.774,0.9,0.2,1120,Full e-bus coverage scenario; route assignment weighted by selected GTFS trip frequency
FULLBUS02480,300,0.762,0.9,0.2,1120,Full e-bus coverage scenario; route assignment weighted by selected GTFS trip frequency
FULLBUS02481,300,0.876,0.9,0.2,1461,Full e-bus coverage scenario; route assignment weighted by selected GTFS trip frequency
FULLBUS02482,300,0.727,0.9,0.2,1461,Full e-bus coverage scenario; route assignment weighted by selected GTFS trip frequency
FULLBUS02483,300,0.777,0.9,0.2,1461,Full e-bus coverage scenario; route assignment weighted by selected GTFS trip frequency
FULLBUS02484,300,0.836,0.9,0.2,1461,Full e-bus coverage scenario; route assignment weighted by selected GTFS trip frequency
FULLBUS02485,300,0.87,0.9,0.2,1461,Full e-bus coverage scenario; route assignment weighted by selected GTFS trip frequency
FULLBUS02486,300,0.766,0.9,0.2,2008061,Full e-bus coverage scenario; route assignment weighted by selected GTFS trip frequency
FULLBUS02487,300,0.876,0.9,0.2,2008061,Full e-bus coverage scenario; route assignment weighted by selected GTFS trip frequency
FULLBUS02488,300,0.78,0.9,0.2,2008061,Full e-bus coverage scenario; route assignment weighted by selected GTFS trip frequency
FULLBUS02489,300,0.847,0.9,0.2,2008061,Full e-bus coverage scenario; route assignment weighted by selected GTFS trip frequency
FULLBUS02490,300,0.805,0.9,0.2,2008061,Full e-bus coverage scenario; route assignment weighted by selected GTFS trip frequency
FULLBUS02491,300,0.724,0.9,0.2,1233,Full e-bus coverage scenario; route assignment weighted by selected GTFS trip frequency
FULLBUS02492,300,0.859,0.9,0.2,1233,Full e-bus coverage scenario; route assignment weighted by selected GTFS trip frequency
FULLBUS02493,300,0.82,0.9,0.2,1233,Full e-bus coverage scenario; route assignment weighted by selected GTFS trip frequency
FULLBUS02494,300,0.821,0.9,0.2,1233,Full e-bus coverage scenario; route assignment weighted by selected GTFS trip frequency
FULLBUS02495,300,0.797,0.9,0.2,1233,Full e-bus coverage scenario; route assignment weighted by selected GTFS trip frequency
FULLBUS02496,300,0.827,0.9,0.2,1513,Full e-bus coverage scenario; route assignment weighted by selected GTFS trip frequency
FULLBUS02497,300,0.813,0.9,0.2,1513,Full e-bus coverage scenario; route assignment weighted by selected GTFS trip frequency
FULLBUS02498,300,0.85,0.9,0.2,1513,Full e-bus coverage scenario; route assignment weighted by selected GTFS trip frequency
FULLBUS02499,300,0.74,0.9,0.2,1513,Full e-bus coverage scenario; route assignment weighted by selected GTFS trip frequency
FULLBUS02500,300,0.847,0.9,0.2,1513,Full e-bus coverage scenario; route assignment weighted by selected GTFS trip frequency
FULLBUS02501,300,0.858,0.9,0.2,2003702,Full e-bus coverage scenario; route assignment weighted by selected GTFS trip frequency
FULLBUS02502,300,0.788,0.9,0.2,2003702,Full e-bus coverage scenario; route assignment weighted by selected GTFS trip frequency
FULLBUS02503,300,0.749,0.9,0.2,2003702,Full e-bus coverage scenario; route assignment weighted by selected GTFS trip frequency
FULLBUS02504,300,0.853,0.9,0.2,2003702,Full e-bus coverage scenario; route assignment weighted by selected GTFS trip frequency
FULLBUS02505,300,0.81,0.9,0.2,2003702,Full e-bus coverage scenario; route assignment weighted by selected GTFS trip frequency
FULLBUS02506,300,0.722,0.9,0.2,2004891,Full e-bus coverage scenario; route assignment weighted by selected GTFS trip frequency
FULLBUS02507,300,0.834,0.9,0.2,2004891,Full e-bus coverage scenario; route assignment weighted by selected GTFS trip frequency
FULLBUS02508,300,0.765,0.9,0.2,2004891,Full e-bus coverage scenario; route assignment weighted by selected GTFS trip frequency
FULLBUS02509,300,0.788,0.9,0.2,2004891,Full e-bus coverage scenario; route assignment weighted by selected GTFS trip frequency
FULLBUS02510,300,0.755,0.9,0.2,2004891,Full e-bus coverage scenario; route assignment weighted by selected GTFS trip frequency
FULLBUS02511,300,0.721,0.9,0.2,2007431,Full e-bus coverage scenario; route assignment weighted by selected GTFS trip frequency
FULLBUS02512,300,0.852,0.9,0.2,2007431,Full e-bus coverage scenario; route assignment weighted by selected GTFS trip frequency
FULLBUS02513,300,0.861,0.9,0.2,2007431,Full e-bus coverage scenario; route assignment weighted by selected GTFS trip frequency
FULLBUS02514,300,0.872,0.9,0.2,2007431,Full e-bus coverage scenario; route assignment weighted by selected GTFS trip frequency
FULLBUS02515,300,0.726,0.9,0.2,2007431,Full e-bus coverage scenario; route assignment weighted by selected GTFS trip frequency
FULLBUS02516,300,0.845,0.9,0.2,1021,Full e-bus coverage scenario; route assignment weighted by selected GTFS trip frequency
FULLBUS02517,300,0.726,0.9,0.2,1021,Full e-bus coverage scenario; route assignment weighted by selected GTFS trip frequency
FULLBUS02518,300,0.855,0.9,0.2,1021,Full e-bus coverage scenario; route assignment weighted by selected GTFS trip frequency
FULLBUS02519,300,0.861,0.9,0.2,1021,Full e-bus coverage scenario; route assignment weighted by selected GTFS trip frequency
FULLBUS02520,300,0.727,0.9,0.2,1021,Full e-bus coverage scenario; route assignment weighted by selected GTFS trip frequency
FULLBUS02521,300,0.727,0.9,0.2,1745,Full e-bus coverage scenario; route assignment weighted by selected GTFS trip frequency
FULLBUS02522,300,0.729,0.9,0.2,1745,Full e-bus coverage scenario; route assignment weighted by selected GTFS trip frequency
FULLBUS02523,300,0.825,0.9,0.2,1745,Full e-bus coverage scenario; route assignment weighted by selected GTFS trip frequency
FULLBUS02524,300,0.759,0.9,0.2,1745,Full e-bus coverage scenario; route assignment weighted by selected GTFS trip frequency
FULLBUS02525,300,0.783,0.9,0.2,1745,Full e-bus coverage scenario; route assignment weighted by selected GTFS trip frequency
FULLBUS02526,300,0.737,0.9,0.2,2001464,Full e-bus coverage scenario; route assignment weighted by selected GTFS trip frequency
FULLBUS02527,300,0.728,0.9,0.2,2001464,Full e-bus coverage scenario; route assignment weighted by selected GTFS trip frequency
FULLBUS02528,300,0.83,0.9,0.2,2001464,Full e-bus coverage scenario; route assignment weighted by selected GTFS trip frequency
FULLBUS02529,300,0.868,0.9,0.2,2001464,Full e-bus coverage scenario; route assignment weighted by selected GTFS trip frequency
FULLBUS02530,300,0.727,0.9,0.2,2001464,Full e-bus coverage scenario; route assignment weighted by selected GTFS trip frequency
FULLBUS02531,300,0.751,0.9,0.2,1253,Full e-bus coverage scenario; route assignment weighted by selected GTFS trip frequency
FULLBUS02532,300,0.769,0.9,0.2,1253,Full e-bus coverage scenario; route assignment weighted by selected GTFS trip frequency
FULLBUS02533,300,0.795,0.9,0.2,1253,Full e-bus coverage scenario; route assignment weighted by selected GTFS trip frequency
FULLBUS02534,300,0.74,0.9,0.2,1253,Full e-bus coverage scenario; route assignment weighted by selected GTFS trip frequency
FULLBUS02535,300,0.861,0.9,0.2,1253,Full e-bus coverage scenario; route assignment weighted by selected GTFS trip frequency
FULLBUS02536,300,0.802,0.9,0.2,2001823,Full e-bus coverage scenario; route assignment weighted by selected GTFS trip frequency
FULLBUS02537,300,0.738,0.9,0.2,2001823,Full e-bus coverage scenario; route assignment weighted by selected GTFS trip frequency
FULLBUS02538,300,0.845,0.9,0.2,2001823,Full e-bus coverage scenario; route assignment weighted by selected GTFS trip frequency
FULLBUS02539,300,0.773,0.9,0.2,2001823,Full e-bus coverage scenario; route assignment weighted by selected GTFS trip frequency
FULLBUS02540,300,0.785,0.9,0.2,2001823,Full e-bus coverage scenario; route assignment weighted by selected GTFS trip frequency
FULLBUS02541,300,0.742,0.9,0.2,2003867,Full e-bus coverage scenario; route assignment weighted by selected GTFS trip frequency
FULLBUS02542,300,0.834,0.9,0.2,2003867,Full e-bus coverage scenario; route assignment weighted by selected GTFS trip frequency
FULLBUS02543,300,0.825,0.9,0.2,2003867,Full e-bus coverage scenario; route assignment weighted by selected GTFS trip frequency
FULLBUS02544,300,0.857,0.9,0.2,2003867,Full e-bus coverage scenario; route assignment weighted by selected GTFS trip frequency
FULLBUS02545,300,0.727,0.9,0.2,2003867,Full e-bus coverage scenario; route assignment weighted by selected GTFS trip frequency
FULLBUS02546,300,0.751,0.9,0.2,2004762,Full e-bus coverage scenario; route assignment weighted by selected GTFS trip frequency
FULLBUS02547,300,0.792,0.9,0.2,2004762,Full e-bus coverage scenario; route assignment weighted by selected GTFS trip frequency
FULLBUS02548,300,0.773,0.9,0.2,2004762,Full e-bus coverage scenario; route assignment weighted by selected GTFS trip frequency
FULLBUS02549,300,0.79,0.9,0.2,2004762,Full e-bus coverage scenario; route assignment weighted by selected GTFS trip frequency
FULLBUS02550,300,0.774,0.9,0.2,2004762,Full e-bus coverage scenario; route assignment weighted by selected GTFS trip frequency
FULLBUS02551,300,0.801,0.9,0.2,2005056,Full e-bus coverage scenario; route assignment weighted by selected GTFS trip frequency
FULLBUS02552,300,0.779,0.9,0.2,2005056,Full e-bus coverage scenario; route assignment weighted by selected GTFS trip frequency
FULLBUS02553,300,0.744,0.9,0.2,2005056,Full e-bus coverage scenario; route assignment weighted by selected GTFS trip frequency
FULLBUS02554,300,0.865,0.9,0.2,2005056,Full e-bus coverage scenario; route assignment weighted by selected GTFS trip frequency
FULLBUS02555,300,0.814,0.9,0.2,2005056,Full e-bus coverage scenario; route assignment weighted by selected GTFS trip frequency
FULLBUS02556,300,0.834,0.9,0.2,1251,Full e-bus coverage scenario; route assignment weighted by selected GTFS trip frequency
FULLBUS02557,300,0.844,0.9,0.2,1251,Full e-bus coverage scenario; route assignment weighted by selected GTFS trip frequency
FULLBUS02558,300,0.753,0.9,0.2,1251,Full e-bus coverage scenario; route assignment weighted by selected GTFS trip frequency
FULLBUS02559,300,0.822,0.9,0.2,1251,Full e-bus coverage scenario; route assignment weighted by selected GTFS trip frequency
FULLBUS02560,300,0.866,0.9,0.2,1251,Full e-bus coverage scenario; route assignment weighted by selected GTFS trip frequency
FULLBUS02561,300,0.851,0.9,0.2,1557,Full e-bus coverage scenario; route assignment weighted by selected GTFS trip frequency
FULLBUS02562,300,0.732,0.9,0.2,1557,Full e-bus coverage scenario; route assignment weighted by selected GTFS trip frequency
FULLBUS02563,300,0.806,0.9,0.2,1557,Full e-bus coverage scenario; route assignment weighted by selected GTFS trip frequency
FULLBUS02564,300,0.723,0.9,0.2,1557,Full e-bus coverage scenario; route assignment weighted by selected GTFS trip frequency
FULLBUS02565,300,0.743,0.9,0.2,1557,Full e-bus coverage scenario; route assignment weighted by selected GTFS trip frequency
FULLBUS02566,300,0.723,0.9,0.2,2007464,Full e-bus coverage scenario; route assignment weighted by selected GTFS trip frequency
FULLBUS02567,300,0.862,0.9,0.2,2007464,Full e-bus coverage scenario; route assignment weighted by selected GTFS trip frequency
FULLBUS02568,300,0.768,0.9,0.2,2007464,Full e-bus coverage scenario; route assignment weighted by selected GTFS trip frequency
FULLBUS02569,300,0.726,0.9,0.2,2007464,Full e-bus coverage scenario; route assignment weighted by selected GTFS trip frequency
FULLBUS02570,300,0.817,0.9,0.2,2007464,Full e-bus coverage scenario; route assignment weighted by selected GTFS trip frequency
FULLBUS02571,300,0.811,0.9,0.2,1236,Full e-bus coverage scenario; route assignment weighted by selected GTFS trip frequency
FULLBUS02572,300,0.838,0.9,0.2,1236,Full e-bus coverage scenario; route assignment weighted by selected GTFS trip frequency
FULLBUS02573,300,0.877,0.9,0.2,1236,Full e-bus coverage scenario; route assignment weighted by selected GTFS trip frequency
FULLBUS02574,300,0.862,0.9,0.2,1236,Full e-bus coverage scenario; route assignment weighted by selected GTFS trip frequency
FULLBUS02575,300,0.79,0.9,0.2,1236,Full e-bus coverage scenario; route assignment weighted by selected GTFS trip frequency
FULLBUS02576,300,0.846,0.9,0.2,1796,Full e-bus coverage scenario; route assignment weighted by selected GTFS trip frequency
FULLBUS02577,300,0.818,0.9,0.2,1796,Full e-bus coverage scenario; route assignment weighted by selected GTFS trip frequency
FULLBUS02578,300,0.861,0.9,0.2,1796,Full e-bus coverage scenario; route assignment weighted by selected GTFS trip frequency
FULLBUS02579,300,0.737,0.9,0.2,1796,Full e-bus coverage scenario; route assignment weighted by selected GTFS trip frequency
FULLBUS02580,300,0.845,0.9,0.2,1796,Full e-bus coverage scenario; route assignment weighted by selected GTFS trip frequency
FULLBUS02581,300,0.777,0.9,0.2,2005847,Full e-bus coverage scenario; route assignment weighted by selected GTFS trip frequency
FULLBUS02582,300,0.76,0.9,0.2,2005847,Full e-bus coverage scenario; route assignment weighted by selected GTFS trip frequency
FULLBUS02583,300,0.722,0.9,0.2,2005847,Full e-bus coverage scenario; route assignment weighted by selected GTFS trip frequency
FULLBUS02584,300,0.754,0.9,0.2,2005847,Full e-bus coverage scenario; route assignment weighted by selected GTFS trip frequency
FULLBUS02585,300,0.776,0.9,0.2,2005847,Full e-bus coverage scenario; route assignment weighted by selected GTFS trip frequency
FULLBUS02586,300,0.727,0.9,0.2,2007993,Full e-bus coverage scenario; route assignment weighted by selected GTFS trip frequency
FULLBUS02587,300,0.837,0.9,0.2,2007993,Full e-bus coverage scenario; route assignment weighted by selected GTFS trip frequency
FULLBUS02588,300,0.782,0.9,0.2,2007993,Full e-bus coverage scenario; route assignment weighted by selected GTFS trip frequency
FULLBUS02589,300,0.876,0.9,0.2,2007993,Full e-bus coverage scenario; route assignment weighted by selected GTFS trip frequency
FULLBUS02590,300,0.861,0.9,0.2,2007993,Full e-bus coverage scenario; route assignment weighted by selected GTFS trip frequency
FULLBUS02591,300,0.823,0.9,0.2,1142,Full e-bus coverage scenario; route assignment weighted by selected GTFS trip frequency
FULLBUS02592,300,0.859,0.9,0.2,1142,Full e-bus coverage scenario; route assignment weighted by selected GTFS trip frequency
FULLBUS02593,300,0.813,0.9,0.2,1142,Full e-bus coverage scenario; route assignment weighted by selected GTFS trip frequency
FULLBUS02594,300,0.86,0.9,0.2,1142,Full e-bus coverage scenario; route assignment weighted by selected GTFS trip frequency
FULLBUS02595,300,0.751,0.9,0.2,1142,Full e-bus coverage scenario; route assignment weighted by selected GTFS trip frequency
FULLBUS02596,300,0.762,0.9,0.2,1293,Full e-bus coverage scenario; route assignment weighted by selected GTFS trip frequency
FULLBUS02597,300,0.763,0.9,0.2,1293,Full e-bus coverage scenario; route assignment weighted by selected GTFS trip frequency
FULLBUS02598,300,0.741,0.9,0.2,1293,Full e-bus coverage scenario; route assignment weighted by selected GTFS trip frequency
FULLBUS02599,300,0.863,0.9,0.2,1293,Full e-bus coverage scenario; route assignment weighted by selected GTFS trip frequency
FULLBUS02600,300,0.733,0.9,0.2,1293,Full e-bus coverage scenario; route assignment weighted by selected GTFS trip frequency
FULLBUS02601,300,0.8,0.9,0.2,1387,Full e-bus coverage scenario; route assignment weighted by selected GTFS trip frequency
FULLBUS02602,300,0.87,0.9,0.2,1387,Full e-bus coverage scenario; route assignment weighted by selected GTFS trip frequency
FULLBUS02603,300,0.84,0.9,0.2,1387,Full e-bus coverage scenario; route assignment weighted by selected GTFS trip frequency
FULLBUS02604,300,0.852,0.9,0.2,1387,Full e-bus coverage scenario; route assignment weighted by selected GTFS trip frequency
FULLBUS02605,300,0.76,0.9,0.2,1387,Full e-bus coverage scenario; route assignment weighted by selected GTFS trip frequency
FULLBUS02606,300,0.745,0.9,0.2,2007995,Full e-bus coverage scenario; route assignment weighted by selected GTFS trip frequency
FULLBUS02607,300,0.817,0.9,0.2,2007995,Full e-bus coverage scenario; route assignment weighted by selected GTFS trip frequency
FULLBUS02608,300,0.84,0.9,0.2,2007995,Full e-bus coverage scenario; route assignment weighted by selected GTFS trip frequency
FULLBUS02609,300,0.824,0.9,0.2,2007995,Full e-bus coverage scenario; route assignment weighted by selected GTFS trip frequency
FULLBUS02610,300,0.74,0.9,0.2,2007995,Full e-bus coverage scenario; route assignment weighted by selected GTFS trip frequency
FULLBUS02611,300,0.771,0.9,0.2,2007996,Full e-bus coverage scenario; route assignment weighted by selected GTFS trip frequency
FULLBUS02612,300,0.795,0.9,0.2,2007996,Full e-bus coverage scenario; route assignment weighted by selected GTFS trip frequency
FULLBUS02613,300,0.745,0.9,0.2,2007996,Full e-bus coverage scenario; route assignment weighted by selected GTFS trip frequency
FULLBUS02614,300,0.849,0.9,0.2,2007996,Full e-bus coverage scenario; route assignment weighted by selected GTFS trip frequency
FULLBUS02615,300,0.832,0.9,0.2,2007996,Full e-bus coverage scenario; route assignment weighted by selected GTFS trip frequency
FULLBUS02616,300,0.796,0.9,0.2,8203,Full e-bus coverage scenario; route assignment weighted by selected GTFS trip frequency
FULLBUS02617,300,0.817,0.9,0.2,8203,Full e-bus coverage scenario; route assignment weighted by selected GTFS trip frequency
FULLBUS02618,300,0.769,0.9,0.2,8203,Full e-bus coverage scenario; route assignment weighted by selected GTFS trip frequency
FULLBUS02619,300,0.874,0.9,0.2,8203,Full e-bus coverage scenario; route assignment weighted by selected GTFS trip frequency
FULLBUS02620,300,0.832,0.9,0.2,8203,Full e-bus coverage scenario; route assignment weighted by selected GTFS trip frequency
FULLBUS02621,300,0.828,0.9,0.2,1114,Full e-bus coverage scenario; route assignment weighted by selected GTFS trip frequency
FULLBUS02622,300,0.839,0.9,0.2,1114,Full e-bus coverage scenario; route assignment weighted by selected GTFS trip frequency
FULLBUS02623,300,0.81,0.9,0.2,1114,Full e-bus coverage scenario; route assignment weighted by selected GTFS trip frequency
FULLBUS02624,300,0.759,0.9,0.2,1114,Full e-bus coverage scenario; route assignment weighted by selected GTFS trip frequency
FULLBUS02625,300,0.765,0.9,0.2,1114,Full e-bus coverage scenario; route assignment weighted by selected GTFS trip frequency
FULLBUS02626,300,0.758,0.9,0.2,1499,Full e-bus coverage scenario; route assignment weighted by selected GTFS trip frequency
FULLBUS02627,300,0.747,0.9,0.2,1499,Full e-bus coverage scenario; route assignment weighted by selected GTFS trip frequency
FULLBUS02628,300,0.871,0.9,0.2,1499,Full e-bus coverage scenario; route assignment weighted by selected GTFS trip frequency
FULLBUS02629,300,0.858,0.9,0.2,1499,Full e-bus coverage scenario; route assignment weighted by selected GTFS trip frequency
FULLBUS02630,300,0.814,0.9,0.2,1499,Full e-bus coverage scenario; route assignment weighted by selected GTFS trip frequency
FULLBUS02631,300,0.771,0.9,0.2,8206,Full e-bus coverage scenario; route assignment weighted by selected GTFS trip frequency
FULLBUS02632,300,0.748,0.9,0.2,8206,Full e-bus coverage scenario; route assignment weighted by selected GTFS trip frequency
FULLBUS02633,300,0.786,0.9,0.2,8206,Full e-bus coverage scenario; route assignment weighted by selected GTFS trip frequency
FULLBUS02634,300,0.746,0.9,0.2,8206,Full e-bus coverage scenario; route assignment weighted by selected GTFS trip frequency
FULLBUS02635,300,0.807,0.9,0.2,8206,Full e-bus coverage scenario; route assignment weighted by selected GTFS trip frequency
FULLBUS02636,300,0.738,0.9,0.2,1117,Full e-bus coverage scenario; route assignment weighted by selected GTFS trip frequency
FULLBUS02637,300,0.871,0.9,0.2,1117,Full e-bus coverage scenario; route assignment weighted by selected GTFS trip frequency
FULLBUS02638,300,0.78,0.9,0.2,1117,Full e-bus coverage scenario; route assignment weighted by selected GTFS trip frequency
FULLBUS02639,300,0.72,0.9,0.2,1117,Full e-bus coverage scenario; route assignment weighted by selected GTFS trip frequency
FULLBUS02640,300,0.727,0.9,0.2,1117,Full e-bus coverage scenario; route assignment weighted by selected GTFS trip frequency
FULLBUS02641,300,0.749,0.9,0.2,1594,Full e-bus coverage scenario; route assignment weighted by selected GTFS trip frequency
FULLBUS02642,300,0.86,0.9,0.2,1594,Full e-bus coverage scenario; route assignment weighted by selected GTFS trip frequency
FULLBUS02643,300,0.856,0.9,0.2,1594,Full e-bus coverage scenario; route assignment weighted by selected GTFS trip frequency
FULLBUS02644,300,0.802,0.9,0.2,1594,Full e-bus coverage scenario; route assignment weighted by selected GTFS trip frequency
FULLBUS02645,300,0.853,0.9,0.2,1594,Full e-bus coverage scenario; route assignment weighted by selected GTFS trip frequency
FULLBUS02646,300,0.846,0.9,0.2,1279,Full e-bus coverage scenario; route assignment weighted by selected GTFS trip frequency
FULLBUS02647,300,0.744,0.9,0.2,1279,Full e-bus coverage scenario; route assignment weighted by selected GTFS trip frequency
FULLBUS02648,300,0.744,0.9,0.2,1279,Full e-bus coverage scenario; route assignment weighted by selected GTFS trip frequency
FULLBUS02649,300,0.81,0.9,0.2,1279,Full e-bus coverage scenario; route assignment weighted by selected GTFS trip frequency
FULLBUS02650,300,0.874,0.9,0.2,1279,Full e-bus coverage scenario; route assignment weighted by selected GTFS trip frequency
FULLBUS02651,300,0.848,0.9,0.2,2005155,Full e-bus coverage scenario; route assignment weighted by selected GTFS trip frequency
FULLBUS02652,300,0.801,0.9,0.2,2005155,Full e-bus coverage scenario; route assignment weighted by selected GTFS trip frequency
FULLBUS02653,300,0.817,0.9,0.2,2005155,Full e-bus coverage scenario; route assignment weighted by selected GTFS trip frequency
FULLBUS02654,300,0.779,0.9,0.2,2005155,Full e-bus coverage scenario; route assignment weighted by selected GTFS trip frequency
FULLBUS02655,300,0.842,0.9,0.2,2005155,Full e-bus coverage scenario; route assignment weighted by selected GTFS trip frequency
FULLBUS02656,300,0.769,0.9,0.2,2008388,Full e-bus coverage scenario; route assignment weighted by selected GTFS trip frequency
FULLBUS02657,300,0.807,0.9,0.2,2008388,Full e-bus coverage scenario; route assignment weighted by selected GTFS trip frequency
FULLBUS02658,300,0.775,0.9,0.2,2008388,Full e-bus coverage scenario; route assignment weighted by selected GTFS trip frequency
FULLBUS02659,300,0.8,0.9,0.2,2008388,Full e-bus coverage scenario; route assignment weighted by selected GTFS trip frequency
FULLBUS02660,300,0.822,0.9,0.2,2008388,Full e-bus coverage scenario; route assignment weighted by selected GTFS trip frequency
FULLBUS02661,300,0.855,0.9,0.2,1047,Full e-bus coverage scenario; route assignment weighted by selected GTFS trip frequency
FULLBUS02662,300,0.831,0.9,0.2,1047,Full e-bus coverage scenario; route assignment weighted by selected GTFS trip frequency
FULLBUS02663,300,0.866,0.9,0.2,1047,Full e-bus coverage scenario; route assignment weighted by selected GTFS trip frequency
FULLBUS02664,300,0.816,0.9,0.2,1047,Full e-bus coverage scenario; route assignment weighted by selected GTFS trip frequency
FULLBUS02665,300,0.782,0.9,0.2,1981,Full e-bus coverage scenario; route assignment weighted by selected GTFS trip frequency
FULLBUS02666,300,0.832,0.9,0.2,1981,Full e-bus coverage scenario; route assignment weighted by selected GTFS trip frequency
FULLBUS02667,300,0.865,0.9,0.2,1981,Full e-bus coverage scenario; route assignment weighted by selected GTFS trip frequency
FULLBUS02668,300,0.791,0.9,0.2,1981,Full e-bus coverage scenario; route assignment weighted by selected GTFS trip frequency
FULLBUS02669,300,0.828,0.9,0.2,1802,Full e-bus coverage scenario; route assignment weighted by selected GTFS trip frequency
FULLBUS02670,300,0.751,0.9,0.2,1802,Full e-bus coverage scenario; route assignment weighted by selected GTFS trip frequency
FULLBUS02671,300,0.877,0.9,0.2,1802,Full e-bus coverage scenario; route assignment weighted by selected GTFS trip frequency
FULLBUS02672,300,0.874,0.9,0.2,1802,Full e-bus coverage scenario; route assignment weighted by selected GTFS trip frequency
FULLBUS02673,300,0.766,0.9,0.2,2005749,Full e-bus coverage scenario; route assignment weighted by selected GTFS trip frequency
FULLBUS02674,300,0.84,0.9,0.2,2005749,Full e-bus coverage scenario; route assignment weighted by selected GTFS trip frequency
FULLBUS02675,300,0.752,0.9,0.2,2005749,Full e-bus coverage scenario; route assignment weighted by selected GTFS trip frequency
FULLBUS02676,300,0.722,0.9,0.2,2005749,Full e-bus coverage scenario; route assignment weighted by selected GTFS trip frequency
FULLBUS02677,300,0.811,0.9,0.2,2005979,Full e-bus coverage scenario; route assignment weighted by selected GTFS trip frequency
FULLBUS02678,300,0.823,0.9,0.2,2005979,Full e-bus coverage scenario; route assignment weighted by selected GTFS trip frequency
FULLBUS02679,300,0.823,0.9,0.2,2005979,Full e-bus coverage scenario; route assignment weighted by selected GTFS trip frequency
FULLBUS02680,300,0.815,0.9,0.2,2005979,Full e-bus coverage scenario; route assignment weighted by selected GTFS trip frequency
FULLBUS02681,300,0.847,0.9,0.2,2007368,Full e-bus coverage scenario; route assignment weighted by selected GTFS trip frequency
FULLBUS02682,300,0.731,0.9,0.2,2007368,Full e-bus coverage scenario; route assignment weighted by selected GTFS trip frequency
FULLBUS02683,300,0.868,0.9,0.2,2007368,Full e-bus coverage scenario; route assignment weighted by selected GTFS trip frequency
FULLBUS02684,300,0.853,0.9,0.2,2007368,Full e-bus coverage scenario; route assignment weighted by selected GTFS trip frequency
FULLBUS02685,300,0.723,0.9,0.2,2008587,Full e-bus coverage scenario; route assignment weighted by selected GTFS trip frequency
FULLBUS02686,300,0.872,0.9,0.2,2008587,Full e-bus coverage scenario; route assignment weighted by selected GTFS trip frequency
FULLBUS02687,300,0.782,0.9,0.2,2008587,Full e-bus coverage scenario; route assignment weighted by selected GTFS trip frequency
FULLBUS02688,300,0.797,0.9,0.2,2008587,Full e-bus coverage scenario; route assignment weighted by selected GTFS trip frequency
FULLBUS02689,300,0.856,0.9,0.2,2011424,Full e-bus coverage scenario; route assignment weighted by selected GTFS trip frequency
FULLBUS02690,300,0.863,0.9,0.2,2011424,Full e-bus coverage scenario; route assignment weighted by selected GTFS trip frequency
FULLBUS02691,300,0.819,0.9,0.2,2011424,Full e-bus coverage scenario; route assignment weighted by selected GTFS trip frequency
FULLBUS02692,300,0.79,0.9,0.2,2011424,Full e-bus coverage scenario; route assignment weighted by selected GTFS trip frequency
FULLBUS02693,300,0.845,0.9,0.2,1108,Full e-bus coverage scenario; route assignment weighted by selected GTFS trip frequency
FULLBUS02694,300,0.776,0.9,0.2,1108,Full e-bus coverage scenario; route assignment weighted by selected GTFS trip frequency
FULLBUS02695,300,0.867,0.9,0.2,1108,Full e-bus coverage scenario; route assignment weighted by selected GTFS trip frequency
FULLBUS02696,300,0.815,0.9,0.2,1108,Full e-bus coverage scenario; route assignment weighted by selected GTFS trip frequency
FULLBUS02697,300,0.835,0.9,0.2,1232,Full e-bus coverage scenario; route assignment weighted by selected GTFS trip frequency
FULLBUS02698,300,0.771,0.9,0.2,1232,Full e-bus coverage scenario; route assignment weighted by selected GTFS trip frequency
FULLBUS02699,300,0.797,0.9,0.2,1232,Full e-bus coverage scenario; route assignment weighted by selected GTFS trip frequency
FULLBUS02700,300,0.866,0.9,0.2,1232,Full e-bus coverage scenario; route assignment weighted by selected GTFS trip frequency
FULLBUS02701,300,0.842,0.9,0.2,1613,Full e-bus coverage scenario; route assignment weighted by selected GTFS trip frequency
FULLBUS02702,300,0.832,0.9,0.2,1613,Full e-bus coverage scenario; route assignment weighted by selected GTFS trip frequency
FULLBUS02703,300,0.753,0.9,0.2,1613,Full e-bus coverage scenario; route assignment weighted by selected GTFS trip frequency
FULLBUS02704,300,0.783,0.9,0.2,1613,Full e-bus coverage scenario; route assignment weighted by selected GTFS trip frequency
FULLBUS02705,300,0.865,0.9,0.2,2009708,Full e-bus coverage scenario; route assignment weighted by selected GTFS trip frequency
FULLBUS02706,300,0.739,0.9,0.2,2009708,Full e-bus coverage scenario; route assignment weighted by selected GTFS trip frequency
FULLBUS02707,300,0.833,0.9,0.2,2009708,Full e-bus coverage scenario; route assignment weighted by selected GTFS trip frequency
FULLBUS02708,300,0.873,0.9,0.2,2009708,Full e-bus coverage scenario; route assignment weighted by selected GTFS trip frequency
FULLBUS02709,300,0.781,0.9,0.2,1609,Full e-bus coverage scenario; route assignment weighted by selected GTFS trip frequency
FULLBUS02710,300,0.795,0.9,0.2,1609,Full e-bus coverage scenario; route assignment weighted by selected GTFS trip frequency
FULLBUS02711,300,0.777,0.9,0.2,1609,Full e-bus coverage scenario; route assignment weighted by selected GTFS trip frequency
FULLBUS02712,300,0.784,0.9,0.2,1609,Full e-bus coverage scenario; route assignment weighted by selected GTFS trip frequency
FULLBUS02713,300,0.74,0.9,0.2,1660,Full e-bus coverage scenario; route assignment weighted by selected GTFS trip frequency
FULLBUS02714,300,0.817,0.9,0.2,1660,Full e-bus coverage scenario; route assignment weighted by selected GTFS trip frequency
FULLBUS02715,300,0.869,0.9,0.2,1660,Full e-bus coverage scenario; route assignment weighted by selected GTFS trip frequency
FULLBUS02716,300,0.733,0.9,0.2,1660,Full e-bus coverage scenario; route assignment weighted by selected GTFS trip frequency
FULLBUS02717,300,0.786,0.9,0.2,2008652,Full e-bus coverage scenario; route assignment weighted by selected GTFS trip frequency
FULLBUS02718,300,0.772,0.9,0.2,2008652,Full e-bus coverage scenario; route assignment weighted by selected GTFS trip frequency
FULLBUS02719,300,0.872,0.9,0.2,2008652,Full e-bus coverage scenario; route assignment weighted by selected GTFS trip frequency
FULLBUS02720,300,0.763,0.9,0.2,2008652,Full e-bus coverage scenario; route assignment weighted by selected GTFS trip frequency
FULLBUS02721,300,0.76,0.9,0.2,1046,Full e-bus coverage scenario; route assignment weighted by selected GTFS trip frequency
FULLBUS02722,300,0.849,0.9,0.2,1046,Full e-bus coverage scenario; route assignment weighted by selected GTFS trip frequency
FULLBUS02723,300,0.82,0.9,0.2,1046,Full e-bus coverage scenario; route assignment weighted by selected GTFS trip frequency
FULLBUS02724,300,0.748,0.9,0.2,1046,Full e-bus coverage scenario; route assignment weighted by selected GTFS trip frequency
FULLBUS02725,300,0.854,0.9,0.2,1087,Full e-bus coverage scenario; route assignment weighted by selected GTFS trip frequency
FULLBUS02726,300,0.785,0.9,0.2,1087,Full e-bus coverage scenario; route assignment weighted by selected GTFS trip frequency
FULLBUS02727,300,0.837,0.9,0.2,1087,Full e-bus coverage scenario; route assignment weighted by selected GTFS trip frequency
FULLBUS02728,300,0.811,0.9,0.2,1087,Full e-bus coverage scenario; route assignment weighted by selected GTFS trip frequency
FULLBUS02729,300,0.818,0.9,0.2,8636,Full e-bus coverage scenario; route assignment weighted by selected GTFS trip frequency
FULLBUS02730,300,0.744,0.9,0.2,8636,Full e-bus coverage scenario; route assignment weighted by selected GTFS trip frequency
FULLBUS02731,300,0.743,0.9,0.2,8636,Full e-bus coverage scenario; route assignment weighted by selected GTFS trip frequency
FULLBUS02732,300,0.773,0.9,0.2,8636,Full e-bus coverage scenario; route assignment weighted by selected GTFS trip frequency
FULLBUS02733,300,0.753,0.9,0.2,1239,Full e-bus coverage scenario; route assignment weighted by selected GTFS trip frequency
FULLBUS02734,300,0.837,0.9,0.2,1239,Full e-bus coverage scenario; route assignment weighted by selected GTFS trip frequency
FULLBUS02735,300,0.776,0.9,0.2,1239,Full e-bus coverage scenario; route assignment weighted by selected GTFS trip frequency
FULLBUS02736,300,0.799,0.9,0.2,1239,Full e-bus coverage scenario; route assignment weighted by selected GTFS trip frequency
FULLBUS02737,300,0.763,0.9,0.2,2001095,Full e-bus coverage scenario; route assignment weighted by selected GTFS trip frequency
FULLBUS02738,300,0.73,0.9,0.2,2001095,Full e-bus coverage scenario; route assignment weighted by selected GTFS trip frequency
FULLBUS02739,300,0.821,0.9,0.2,2001095,Full e-bus coverage scenario; route assignment weighted by selected GTFS trip frequency
FULLBUS02740,300,0.869,0.9,0.2,2001095,Full e-bus coverage scenario; route assignment weighted by selected GTFS trip frequency
FULLBUS02741,300,0.823,0.9,0.2,1000304,Full e-bus coverage scenario; route assignment weighted by selected GTFS trip frequency
FULLBUS02742,300,0.785,0.9,0.2,1000304,Full e-bus coverage scenario; route assignment weighted by selected GTFS trip frequency
FULLBUS02743,300,0.769,0.9,0.2,1000304,Full e-bus coverage scenario; route assignment weighted by selected GTFS trip frequency
FULLBUS02744,300,0.83,0.9,0.2,1000304,Full e-bus coverage scenario; route assignment weighted by selected GTFS trip frequency
FULLBUS02745,300,0.726,0.9,0.2,1419,Full e-bus coverage scenario; route assignment weighted by selected GTFS trip frequency
FULLBUS02746,300,0.818,0.9,0.2,1419,Full e-bus coverage scenario; route assignment weighted by selected GTFS trip frequency
FULLBUS02747,300,0.855,0.9,0.2,1419,Full e-bus coverage scenario; route assignment weighted by selected GTFS trip frequency
FULLBUS02748,300,0.845,0.9,0.2,1419,Full e-bus coverage scenario; route assignment weighted by selected GTFS trip frequency
FULLBUS02749,300,0.8,0.9,0.2,1636,Full e-bus coverage scenario; route assignment weighted by selected GTFS trip frequency
FULLBUS02750,300,0.819,0.9,0.2,1636,Full e-bus coverage scenario; route assignment weighted by selected GTFS trip frequency
FULLBUS02751,300,0.858,0.9,0.2,1636,Full e-bus coverage scenario; route assignment weighted by selected GTFS trip frequency
FULLBUS02752,300,0.752,0.9,0.2,1636,Full e-bus coverage scenario; route assignment weighted by selected GTFS trip frequency
FULLBUS02753,300,0.847,0.9,0.2,2009378,Full e-bus coverage scenario; route assignment weighted by selected GTFS trip frequency
FULLBUS02754,300,0.837,0.9,0.2,2009378,Full e-bus coverage scenario; route assignment weighted by selected GTFS trip frequency
FULLBUS02755,300,0.789,0.9,0.2,2009378,Full e-bus coverage scenario; route assignment weighted by selected GTFS trip frequency
FULLBUS02756,300,0.796,0.9,0.2,2009378,Full e-bus coverage scenario; route assignment weighted by selected GTFS trip frequency
FULLBUS02757,300,0.805,0.9,0.2,8601,Full e-bus coverage scenario; route assignment weighted by selected GTFS trip frequency
FULLBUS02758,300,0.751,0.9,0.2,8601,Full e-bus coverage scenario; route assignment weighted by selected GTFS trip frequency
FULLBUS02759,300,0.875,0.9,0.2,8601,Full e-bus coverage scenario; route assignment weighted by selected GTFS trip frequency
FULLBUS02760,300,0.793,0.9,0.2,8601,Full e-bus coverage scenario; route assignment weighted by selected GTFS trip frequency
FULLBUS02761,300,0.765,0.9,0.2,1723,Full e-bus coverage scenario; route assignment weighted by selected GTFS trip frequency
FULLBUS02762,300,0.776,0.9,0.2,1723,Full e-bus coverage scenario; route assignment weighted by selected GTFS trip frequency
FULLBUS02763,300,0.759,0.9,0.2,1723,Full e-bus coverage scenario; route assignment weighted by selected GTFS trip frequency
FULLBUS02764,300,0.739,0.9,0.2,1723,Full e-bus coverage scenario; route assignment weighted by selected GTFS trip frequency
FULLBUS02765,300,0.758,0.9,0.2,2001130,Full e-bus coverage scenario; route assignment weighted by selected GTFS trip frequency
FULLBUS02766,300,0.733,0.9,0.2,2001130,Full e-bus coverage scenario; route assignment weighted by selected GTFS trip frequency
FULLBUS02767,300,0.79,0.9,0.2,2001130,Full e-bus coverage scenario; route assignment weighted by selected GTFS trip frequency
FULLBUS02768,300,0.815,0.9,0.2,2001130,Full e-bus coverage scenario; route assignment weighted by selected GTFS trip frequency
FULLBUS02769,300,0.736,0.9,0.2,1265,Full e-bus coverage scenario; route assignment weighted by selected GTFS trip frequency
FULLBUS02770,300,0.826,0.9,0.2,1265,Full e-bus coverage scenario; route assignment weighted by selected GTFS trip frequency
FULLBUS02771,300,0.748,0.9,0.2,1265,Full e-bus coverage scenario; route assignment weighted by selected GTFS trip frequency
FULLBUS02772,300,0.839,0.9,0.2,1265,Full e-bus coverage scenario; route assignment weighted by selected GTFS trip frequency
FULLBUS02773,300,0.761,0.9,0.2,1094,Full e-bus coverage scenario; route assignment weighted by selected GTFS trip frequency
FULLBUS02774,300,0.824,0.9,0.2,1094,Full e-bus coverage scenario; route assignment weighted by selected GTFS trip frequency
FULLBUS02775,300,0.863,0.9,0.2,1094,Full e-bus coverage scenario; route assignment weighted by selected GTFS trip frequency
FULLBUS02776,300,0.753,0.9,0.2,1094,Full e-bus coverage scenario; route assignment weighted by selected GTFS trip frequency
FULLBUS02777,300,0.722,0.9,0.2,1371,Full e-bus coverage scenario; route assignment weighted by selected GTFS trip frequency
FULLBUS02778,300,0.821,0.9,0.2,1371,Full e-bus coverage scenario; route assignment weighted by selected GTFS trip frequency
FULLBUS02779,300,0.764,0.9,0.2,1371,Full e-bus coverage scenario; route assignment weighted by selected GTFS trip frequency
FULLBUS02780,300,0.773,0.9,0.2,1371,Full e-bus coverage scenario; route assignment weighted by selected GTFS trip frequency
FULLBUS02781,300,0.832,0.9,0.2,1621,Full e-bus coverage scenario; route assignment weighted by selected GTFS trip frequency
FULLBUS02782,300,0.76,0.9,0.2,1621,Full e-bus coverage scenario; route assignment weighted by selected GTFS trip frequency
FULLBUS02783,300,0.833,0.9,0.2,1621,Full e-bus coverage scenario; route assignment weighted by selected GTFS trip frequency
FULLBUS02784,300,0.839,0.9,0.2,1621,Full e-bus coverage scenario; route assignment weighted by selected GTFS trip frequency
FULLBUS02785,300,0.821,0.9,0.2,2003537,Full e-bus coverage scenario; route assignment weighted by selected GTFS trip frequency
FULLBUS02786,300,0.783,0.9,0.2,2003537,Full e-bus coverage scenario; route assignment weighted by selected GTFS trip frequency
FULLBUS02787,300,0.736,0.9,0.2,2003537,Full e-bus coverage scenario; route assignment weighted by selected GTFS trip frequency
FULLBUS02788,300,0.836,0.9,0.2,2003537,Full e-bus coverage scenario; route assignment weighted by selected GTFS trip frequency
FULLBUS02789,300,0.848,0.9,0.2,2005331,Full e-bus coverage scenario; route assignment weighted by selected GTFS trip frequency
FULLBUS02790,300,0.768,0.9,0.2,2005331,Full e-bus coverage scenario; route assignment weighted by selected GTFS trip frequency
FULLBUS02791,300,0.729,0.9,0.2,2005331,Full e-bus coverage scenario; route assignment weighted by selected GTFS trip frequency
FULLBUS02792,300,0.78,0.9,0.2,2005331,Full e-bus coverage scenario; route assignment weighted by selected GTFS trip frequency
FULLBUS02793,300,0.844,0.9,0.2,2008916,Full e-bus coverage scenario; route assignment weighted by selected GTFS trip frequency
FULLBUS02794,300,0.876,0.9,0.2,2008916,Full e-bus coverage scenario; route assignment weighted by selected GTFS trip frequency
FULLBUS02795,300,0.853,0.9,0.2,2008916,Full e-bus coverage scenario; route assignment weighted by selected GTFS trip frequency
FULLBUS02796,300,0.809,0.9,0.2,2008916,Full e-bus coverage scenario; route assignment weighted by selected GTFS trip frequency
FULLBUS02797,300,0.738,0.9,0.2,2009018,Full e-bus coverage scenario; route assignment weighted by selected GTFS trip frequency
FULLBUS02798,300,0.848,0.9,0.2,2009018,Full e-bus coverage scenario; route assignment weighted by selected GTFS trip frequency
FULLBUS02799,300,0.794,0.9,0.2,2009018,Full e-bus coverage scenario; route assignment weighted by selected GTFS trip frequency
FULLBUS02800,300,0.779,0.9,0.2,2009018,Full e-bus coverage scenario; route assignment weighted by selected GTFS trip frequency
FULLBUS02801,300,0.743,0.9,0.2,1187,Full e-bus coverage scenario; route assignment weighted by selected GTFS trip frequency
FULLBUS02802,300,0.874,0.9,0.2,1187,Full e-bus coverage scenario; route assignment weighted by selected GTFS trip frequency
FULLBUS02803,300,0.793,0.9,0.2,1187,Full e-bus coverage scenario; route assignment weighted by selected GTFS trip frequency
FULLBUS02804,300,0.742,0.9,0.2,1187,Full e-bus coverage scenario; route assignment weighted by selected GTFS trip frequency
FULLBUS02805,300,0.82,0.9,0.2,1208,Full e-bus coverage scenario; route assignment weighted by selected GTFS trip frequency
FULLBUS02806,300,0.859,0.9,0.2,1208,Full e-bus coverage scenario; route assignment weighted by selected GTFS trip frequency
FULLBUS02807,300,0.754,0.9,0.2,1208,Full e-bus coverage scenario; route assignment weighted by selected GTFS trip frequency
FULLBUS02808,300,0.762,0.9,0.2,1208,Full e-bus coverage scenario; route assignment weighted by selected GTFS trip frequency
FULLBUS02809,300,0.741,0.9,0.2,2001000,Full e-bus coverage scenario; route assignment weighted by selected GTFS trip frequency
FULLBUS02810,300,0.833,0.9,0.2,2001000,Full e-bus coverage scenario; route assignment weighted by selected GTFS trip frequency
FULLBUS02811,300,0.78,0.9,0.2,2001000,Full e-bus coverage scenario; route assignment weighted by selected GTFS trip frequency
FULLBUS02812,300,0.818,0.9,0.2,2001000,Full e-bus coverage scenario; route assignment weighted by selected GTFS trip frequency
FULLBUS02813,300,0.731,0.9,0.2,1070,Full e-bus coverage scenario; route assignment weighted by selected GTFS trip frequency
FULLBUS02814,300,0.854,0.9,0.2,1070,Full e-bus coverage scenario; route assignment weighted by selected GTFS trip frequency
FULLBUS02815,300,0.765,0.9,0.2,1070,Full e-bus coverage scenario; route assignment weighted by selected GTFS trip frequency
FULLBUS02816,300,0.858,0.9,0.2,1070,Full e-bus coverage scenario; route assignment weighted by selected GTFS trip frequency
FULLBUS02817,300,0.734,0.9,0.2,1266,Full e-bus coverage scenario; route assignment weighted by selected GTFS trip frequency
FULLBUS02818,300,0.798,0.9,0.2,1266,Full e-bus coverage scenario; route assignment weighted by selected GTFS trip frequency
FULLBUS02819,300,0.879,0.9,0.2,1266,Full e-bus coverage scenario; route assignment weighted by selected GTFS trip frequency
FULLBUS02820,300,0.735,0.9,0.2,1266,Full e-bus coverage scenario; route assignment weighted by selected GTFS trip frequency
FULLBUS02821,300,0.795,0.9,0.2,1364,Full e-bus coverage scenario; route assignment weighted by selected GTFS trip frequency
FULLBUS02822,300,0.878,0.9,0.2,1364,Full e-bus coverage scenario; route assignment weighted by selected GTFS trip frequency
FULLBUS02823,300,0.793,0.9,0.2,1364,Full e-bus coverage scenario; route assignment weighted by selected GTFS trip frequency
FULLBUS02824,300,0.785,0.9,0.2,1364,Full e-bus coverage scenario; route assignment weighted by selected GTFS trip frequency
FULLBUS02825,300,0.737,0.9,0.2,2004598,Full e-bus coverage scenario; route assignment weighted by selected GTFS trip frequency
FULLBUS02826,300,0.753,0.9,0.2,2004598,Full e-bus coverage scenario; route assignment weighted by selected GTFS trip frequency
FULLBUS02827,300,0.869,0.9,0.2,2004598,Full e-bus coverage scenario; route assignment weighted by selected GTFS trip frequency
FULLBUS02828,300,0.783,0.9,0.2,2004598,Full e-bus coverage scenario; route assignment weighted by selected GTFS trip frequency
FULLBUS02829,300,0.725,0.9,0.2,8090,Full e-bus coverage scenario; route assignment weighted by selected GTFS trip frequency
FULLBUS02830,300,0.766,0.9,0.2,8090,Full e-bus coverage scenario; route assignment weighted by selected GTFS trip frequency
FULLBUS02831,300,0.829,0.9,0.2,8090,Full e-bus coverage scenario; route assignment weighted by selected GTFS trip frequency
FULLBUS02832,300,0.879,0.9,0.2,8090,Full e-bus coverage scenario; route assignment weighted by selected GTFS trip frequency
FULLBUS02833,300,0.849,0.9,0.2,8487,Full e-bus coverage scenario; route assignment weighted by selected GTFS trip frequency
FULLBUS02834,300,0.739,0.9,0.2,8487,Full e-bus coverage scenario; route assignment weighted by selected GTFS trip frequency
FULLBUS02835,300,0.795,0.9,0.2,8487,Full e-bus coverage scenario; route assignment weighted by selected GTFS trip frequency
FULLBUS02836,300,0.774,0.9,0.2,8487,Full e-bus coverage scenario; route assignment weighted by selected GTFS trip frequency
FULLBUS02837,300,0.798,0.9,0.2,1000540,Full e-bus coverage scenario; route assignment weighted by selected GTFS trip frequency
FULLBUS02838,300,0.779,0.9,0.2,1000540,Full e-bus coverage scenario; route assignment weighted by selected GTFS trip frequency
FULLBUS02839,300,0.751,0.9,0.2,1000540,Full e-bus coverage scenario; route assignment weighted by selected GTFS trip frequency
FULLBUS02840,300,0.759,0.9,0.2,1000540,Full e-bus coverage scenario; route assignment weighted by selected GTFS trip frequency
FULLBUS02841,300,0.781,0.9,0.2,1085,Full e-bus coverage scenario; route assignment weighted by selected GTFS trip frequency
FULLBUS02842,300,0.836,0.9,0.2,1085,Full e-bus coverage scenario; route assignment weighted by selected GTFS trip frequency
FULLBUS02843,300,0.773,0.9,0.2,1085,Full e-bus coverage scenario; route assignment weighted by selected GTFS trip frequency
FULLBUS02844,300,0.74,0.9,0.2,1085,Full e-bus coverage scenario; route assignment weighted by selected GTFS trip frequency
FULLBUS02845,300,0.767,0.9,0.2,1288,Full e-bus coverage scenario; route assignment weighted by selected GTFS trip frequency
FULLBUS02846,300,0.874,0.9,0.2,1288,Full e-bus coverage scenario; route assignment weighted by selected GTFS trip frequency
FULLBUS02847,300,0.829,0.9,0.2,1288,Full e-bus coverage scenario; route assignment weighted by selected GTFS trip frequency
FULLBUS02848,300,0.829,0.9,0.2,1288,Full e-bus coverage scenario; route assignment weighted by selected GTFS trip frequency
FULLBUS02849,300,0.831,0.9,0.2,1319,Full e-bus coverage scenario; route assignment weighted by selected GTFS trip frequency
FULLBUS02850,300,0.864,0.9,0.2,1319,Full e-bus coverage scenario; route assignment weighted by selected GTFS trip frequency
FULLBUS02851,300,0.869,0.9,0.2,1319,Full e-bus coverage scenario; route assignment weighted by selected GTFS trip frequency
FULLBUS02852,300,0.818,0.9,0.2,1319,Full e-bus coverage scenario; route assignment weighted by selected GTFS trip frequency
FULLBUS02853,300,0.744,0.9,0.2,2003571,Full e-bus coverage scenario; route assignment weighted by selected GTFS trip frequency
FULLBUS02854,300,0.848,0.9,0.2,2003571,Full e-bus coverage scenario; route assignment weighted by selected GTFS trip frequency
FULLBUS02855,300,0.814,0.9,0.2,2003571,Full e-bus coverage scenario; route assignment weighted by selected GTFS trip frequency
FULLBUS02856,300,0.729,0.9,0.2,2003571,Full e-bus coverage scenario; route assignment weighted by selected GTFS trip frequency
FULLBUS02857,300,0.798,0.9,0.2,2007398,Full e-bus coverage scenario; route assignment weighted by selected GTFS trip frequency
FULLBUS02858,300,0.86,0.9,0.2,2007398,Full e-bus coverage scenario; route assignment weighted by selected GTFS trip frequency
FULLBUS02859,300,0.856,0.9,0.2,2007398,Full e-bus coverage scenario; route assignment weighted by selected GTFS trip frequency
FULLBUS02860,300,0.766,0.9,0.2,2007398,Full e-bus coverage scenario; route assignment weighted by selected GTFS trip frequency
FULLBUS02861,300,0.853,0.9,0.2,1027,Full e-bus coverage scenario; route assignment weighted by selected GTFS trip frequency
FULLBUS02862,300,0.812,0.9,0.2,1027,Full e-bus coverage scenario; route assignment weighted by selected GTFS trip frequency
FULLBUS02863,300,0.843,0.9,0.2,1027,Full e-bus coverage scenario; route assignment weighted by selected GTFS trip frequency
FULLBUS02864,300,0.8,0.9,0.2,1027,Full e-bus coverage scenario; route assignment weighted by selected GTFS trip frequency
FULLBUS02865,300,0.774,0.9,0.2,1657,Full e-bus coverage scenario; route assignment weighted by selected GTFS trip frequency
FULLBUS02866,300,0.786,0.9,0.2,1657,Full e-bus coverage scenario; route assignment weighted by selected GTFS trip frequency
FULLBUS02867,300,0.769,0.9,0.2,1657,Full e-bus coverage scenario; route assignment weighted by selected GTFS trip frequency
FULLBUS02868,300,0.77,0.9,0.2,1657,Full e-bus coverage scenario; route assignment weighted by selected GTFS trip frequency
FULLBUS02869,300,0.746,0.9,0.2,1670,Full e-bus coverage scenario; route assignment weighted by selected GTFS trip frequency
FULLBUS02870,300,0.847,0.9,0.2,1670,Full e-bus coverage scenario; route assignment weighted by selected GTFS trip frequency
FULLBUS02871,300,0.851,0.9,0.2,1670,Full e-bus coverage scenario; route assignment weighted by selected GTFS trip frequency
FULLBUS02872,300,0.817,0.9,0.2,1670,Full e-bus coverage scenario; route assignment weighted by selected GTFS trip frequency
FULLBUS02873,300,0.779,0.9,0.2,2002812,Full e-bus coverage scenario; route assignment weighted by selected GTFS trip frequency
FULLBUS02874,300,0.842,0.9,0.2,2002812,Full e-bus coverage scenario; route assignment weighted by selected GTFS trip frequency
FULLBUS02875,300,0.746,0.9,0.2,2002812,Full e-bus coverage scenario; route assignment weighted by selected GTFS trip frequency
FULLBUS02876,300,0.833,0.9,0.2,2002812,Full e-bus coverage scenario; route assignment weighted by selected GTFS trip frequency
FULLBUS02877,300,0.724,0.9,0.2,2006738,Full e-bus coverage scenario; route assignment weighted by selected GTFS trip frequency
FULLBUS02878,300,0.804,0.9,0.2,2006738,Full e-bus coverage scenario; route assignment weighted by selected GTFS trip frequency
FULLBUS02879,300,0.753,0.9,0.2,2006738,Full e-bus coverage scenario; route assignment weighted by selected GTFS trip frequency
FULLBUS02880,300,0.817,0.9,0.2,2006738,Full e-bus coverage scenario; route assignment weighted by selected GTFS trip frequency
FULLBUS02881,300,0.874,0.9,0.2,1044,Full e-bus coverage scenario; route assignment weighted by selected GTFS trip frequency
FULLBUS02882,300,0.724,0.9,0.2,1044,Full e-bus coverage scenario; route assignment weighted by selected GTFS trip frequency
FULLBUS02883,300,0.781,0.9,0.2,1044,Full e-bus coverage scenario; route assignment weighted by selected GTFS trip frequency
FULLBUS02884,300,0.872,0.9,0.2,1044,Full e-bus coverage scenario; route assignment weighted by selected GTFS trip frequency
FULLBUS02885,300,0.787,0.9,0.2,2007365,Full e-bus coverage scenario; route assignment weighted by selected GTFS trip frequency
FULLBUS02886,300,0.829,0.9,0.2,2007365,Full e-bus coverage scenario; route assignment weighted by selected GTFS trip frequency
FULLBUS02887,300,0.859,0.9,0.2,2007365,Full e-bus coverage scenario; route assignment weighted by selected GTFS trip frequency
FULLBUS02888,300,0.766,0.9,0.2,2007365,Full e-bus coverage scenario; route assignment weighted by selected GTFS trip frequency
FULLBUS02889,300,0.741,0.9,0.2,8415,Full e-bus coverage scenario; route assignment weighted by selected GTFS trip frequency
FULLBUS02890,300,0.825,0.9,0.2,8415,Full e-bus coverage scenario; route assignment weighted by selected GTFS trip frequency
FULLBUS02891,300,0.816,0.9,0.2,8415,Full e-bus coverage scenario; route assignment weighted by selected GTFS trip frequency
FULLBUS02892,300,0.839,0.9,0.2,8415,Full e-bus coverage scenario; route assignment weighted by selected GTFS trip frequency
FULLBUS02893,300,0.838,0.9,0.2,1015,Full e-bus coverage scenario; route assignment weighted by selected GTFS trip frequency
FULLBUS02894,300,0.726,0.9,0.2,1015,Full e-bus coverage scenario; route assignment weighted by selected GTFS trip frequency
FULLBUS02895,300,0.816,0.9,0.2,1015,Full e-bus coverage scenario; route assignment weighted by selected GTFS trip frequency
FULLBUS02896,300,0.81,0.9,0.2,1015,Full e-bus coverage scenario; route assignment weighted by selected GTFS trip frequency
FULLBUS02897,300,0.722,0.9,0.2,1061,Full e-bus coverage scenario; route assignment weighted by selected GTFS trip frequency
FULLBUS02898,300,0.775,0.9,0.2,1061,Full e-bus coverage scenario; route assignment weighted by selected GTFS trip frequency
FULLBUS02899,300,0.737,0.9,0.2,1061,Full e-bus coverage scenario; route assignment weighted by selected GTFS trip frequency
FULLBUS02900,300,0.739,0.9,0.2,1061,Full e-bus coverage scenario; route assignment weighted by selected GTFS trip frequency
FULLBUS02901,300,0.757,0.9,0.2,1389,Full e-bus coverage scenario; route assignment weighted by selected GTFS trip frequency
FULLBUS02902,300,0.785,0.9,0.2,1389,Full e-bus coverage scenario; route assignment weighted by selected GTFS trip frequency
FULLBUS02903,300,0.853,0.9,0.2,1389,Full e-bus coverage scenario; route assignment weighted by selected GTFS trip frequency
FULLBUS02904,300,0.823,0.9,0.2,1389,Full e-bus coverage scenario; route assignment weighted by selected GTFS trip frequency
FULLBUS02905,300,0.848,0.9,0.2,1592,Full e-bus coverage scenario; route assignment weighted by selected GTFS trip frequency
FULLBUS02906,300,0.853,0.9,0.2,1592,Full e-bus coverage scenario; route assignment weighted by selected GTFS trip frequency
FULLBUS02907,300,0.825,0.9,0.2,1592,Full e-bus coverage scenario; route assignment weighted by selected GTFS trip frequency
FULLBUS02908,300,0.794,0.9,0.2,1592,Full e-bus coverage scenario; route assignment weighted by selected GTFS trip frequency
FULLBUS02909,300,0.873,0.9,0.2,1728,Full e-bus coverage scenario; route assignment weighted by selected GTFS trip frequency
FULLBUS02910,300,0.873,0.9,0.2,1728,Full e-bus coverage scenario; route assignment weighted by selected GTFS trip frequency
FULLBUS02911,300,0.735,0.9,0.2,1728,Full e-bus coverage scenario; route assignment weighted by selected GTFS trip frequency
FULLBUS02912,300,0.74,0.9,0.2,1728,Full e-bus coverage scenario; route assignment weighted by selected GTFS trip frequency
FULLBUS02913,300,0.87,0.9,0.2,2001689,Full e-bus coverage scenario; route assignment weighted by selected GTFS trip frequency
FULLBUS02914,300,0.79,0.9,0.2,2001689,Full e-bus coverage scenario; route assignment weighted by selected GTFS trip frequency
FULLBUS02915,300,0.827,0.9,0.2,2001689,Full e-bus coverage scenario; route assignment weighted by selected GTFS trip frequency
FULLBUS02916,300,0.781,0.9,0.2,2001689,Full e-bus coverage scenario; route assignment weighted by selected GTFS trip frequency
FULLBUS02917,300,0.73,0.9,0.2,2008600,Full e-bus coverage scenario; route assignment weighted by selected GTFS trip frequency
FULLBUS02918,300,0.73,0.9,0.2,2008600,Full e-bus coverage scenario; route assignment weighted by selected GTFS trip frequency
FULLBUS02919,300,0.807,0.9,0.2,2008600,Full e-bus coverage scenario; route assignment weighted by selected GTFS trip frequency
FULLBUS02920,300,0.857,0.9,0.2,2008600,Full e-bus coverage scenario; route assignment weighted by selected GTFS trip frequency
FULLBUS02921,300,0.738,0.9,0.2,2009016,Full e-bus coverage scenario; route assignment weighted by selected GTFS trip frequency
FULLBUS02922,300,0.878,0.9,0.2,2009016,Full e-bus coverage scenario; route assignment weighted by selected GTFS trip frequency
FULLBUS02923,300,0.829,0.9,0.2,2009016,Full e-bus coverage scenario; route assignment weighted by selected GTFS trip frequency
FULLBUS02924,300,0.819,0.9,0.2,2009016,Full e-bus coverage scenario; route assignment weighted by selected GTFS trip frequency
FULLBUS02925,300,0.746,0.9,0.2,1000028,Full e-bus coverage scenario; route assignment weighted by selected GTFS trip frequency
FULLBUS02926,300,0.818,0.9,0.2,1000028,Full e-bus coverage scenario; route assignment weighted by selected GTFS trip frequency
FULLBUS02927,300,0.782,0.9,0.2,1000028,Full e-bus coverage scenario; route assignment weighted by selected GTFS trip frequency
FULLBUS02928,300,0.731,0.9,0.2,1000028,Full e-bus coverage scenario; route assignment weighted by selected GTFS trip frequency
FULLBUS02929,300,0.784,0.9,0.2,1069,Full e-bus coverage scenario; route assignment weighted by selected GTFS trip frequency
FULLBUS02930,300,0.839,0.9,0.2,1069,Full e-bus coverage scenario; route assignment weighted by selected GTFS trip frequency
FULLBUS02931,300,0.825,0.9,0.2,1069,Full e-bus coverage scenario; route assignment weighted by selected GTFS trip frequency
FULLBUS02932,300,0.766,0.9,0.2,1069,Full e-bus coverage scenario; route assignment weighted by selected GTFS trip frequency
FULLBUS02933,300,0.867,0.9,0.2,1614,Full e-bus coverage scenario; route assignment weighted by selected GTFS trip frequency
FULLBUS02934,300,0.837,0.9,0.2,1614,Full e-bus coverage scenario; route assignment weighted by selected GTFS trip frequency
FULLBUS02935,300,0.873,0.9,0.2,1614,Full e-bus coverage scenario; route assignment weighted by selected GTFS trip frequency
FULLBUS02936,300,0.858,0.9,0.2,1614,Full e-bus coverage scenario; route assignment weighted by selected GTFS trip frequency
FULLBUS02937,300,0.796,0.9,0.2,2003339,Full e-bus coverage scenario; route assignment weighted by selected GTFS trip frequency
FULLBUS02938,300,0.791,0.9,0.2,2003339,Full e-bus coverage scenario; route assignment weighted by selected GTFS trip frequency
FULLBUS02939,300,0.82,0.9,0.2,2003339,Full e-bus coverage scenario; route assignment weighted by selected GTFS trip frequency
FULLBUS02940,300,0.737,0.9,0.2,2003339,Full e-bus coverage scenario; route assignment weighted by selected GTFS trip frequency
FULLBUS02941,300,0.739,0.9,0.2,2005088,Full e-bus coverage scenario; route assignment weighted by selected GTFS trip frequency
FULLBUS02942,300,0.784,0.9,0.2,2005088,Full e-bus coverage scenario; route assignment weighted by selected GTFS trip frequency
FULLBUS02943,300,0.858,0.9,0.2,2005088,Full e-bus coverage scenario; route assignment weighted by selected GTFS trip frequency
FULLBUS02944,300,0.828,0.9,0.2,2005088,Full e-bus coverage scenario; route assignment weighted by selected GTFS trip frequency
FULLBUS02945,300,0.859,0.9,0.2,2006508,Full e-bus coverage scenario; route assignment weighted by selected GTFS trip frequency
FULLBUS02946,300,0.757,0.9,0.2,2006508,Full e-bus coverage scenario; route assignment weighted by selected GTFS trip frequency
FULLBUS02947,300,0.755,0.9,0.2,2006508,Full e-bus coverage scenario; route assignment weighted by selected GTFS trip frequency
FULLBUS02948,300,0.857,0.9,0.2,2006508,Full e-bus coverage scenario; route assignment weighted by selected GTFS trip frequency
FULLBUS02949,300,0.79,0.9,0.2,1121,Full e-bus coverage scenario; route assignment weighted by selected GTFS trip frequency
FULLBUS02950,300,0.877,0.9,0.2,1121,Full e-bus coverage scenario; route assignment weighted by selected GTFS trip frequency
FULLBUS02951,300,0.849,0.9,0.2,1121,Full e-bus coverage scenario; route assignment weighted by selected GTFS trip frequency
FULLBUS02952,300,0.859,0.9,0.2,1121,Full e-bus coverage scenario; route assignment weighted by selected GTFS trip frequency
FULLBUS02953,300,0.722,0.9,0.2,2005484,Full e-bus coverage scenario; route assignment weighted by selected GTFS trip frequency
FULLBUS02954,300,0.739,0.9,0.2,2005484,Full e-bus coverage scenario; route assignment weighted by selected GTFS trip frequency
FULLBUS02955,300,0.862,0.9,0.2,2005484,Full e-bus coverage scenario; route assignment weighted by selected GTFS trip frequency
FULLBUS02956,300,0.726,0.9,0.2,2005484,Full e-bus coverage scenario; route assignment weighted by selected GTFS trip frequency
FULLBUS02957,300,0.826,0.9,0.2,2007563,Full e-bus coverage scenario; route assignment weighted by selected GTFS trip frequency
FULLBUS02958,300,0.831,0.9,0.2,2007563,Full e-bus coverage scenario; route assignment weighted by selected GTFS trip frequency
FULLBUS02959,300,0.818,0.9,0.2,2007563,Full e-bus coverage scenario; route assignment weighted by selected GTFS trip frequency
FULLBUS02960,300,0.824,0.9,0.2,2007563,Full e-bus coverage scenario; route assignment weighted by selected GTFS trip frequency
FULLBUS02961,300,0.767,0.9,0.2,1001,Full e-bus coverage scenario; route assignment weighted by selected GTFS trip frequency
FULLBUS02962,300,0.768,0.9,0.2,1001,Full e-bus coverage scenario; route assignment weighted by selected GTFS trip frequency
FULLBUS02963,300,0.747,0.9,0.2,1001,Full e-bus coverage scenario; route assignment weighted by selected GTFS trip frequency
FULLBUS02964,300,0.792,0.9,0.2,1001,Full e-bus coverage scenario; route assignment weighted by selected GTFS trip frequency
FULLBUS02965,300,0.87,0.9,0.2,1223,Full e-bus coverage scenario; route assignment weighted by selected GTFS trip frequency
FULLBUS02966,300,0.836,0.9,0.2,1223,Full e-bus coverage scenario; route assignment weighted by selected GTFS trip frequency
FULLBUS02967,300,0.879,0.9,0.2,1223,Full e-bus coverage scenario; route assignment weighted by selected GTFS trip frequency
FULLBUS02968,300,0.815,0.9,0.2,1223,Full e-bus coverage scenario; route assignment weighted by selected GTFS trip frequency
FULLBUS02969,300,0.8,0.9,0.2,1298,Full e-bus coverage scenario; route assignment weighted by selected GTFS trip frequency
FULLBUS02970,300,0.863,0.9,0.2,1298,Full e-bus coverage scenario; route assignment weighted by selected GTFS trip frequency
FULLBUS02971,300,0.765,0.9,0.2,1298,Full e-bus coverage scenario; route assignment weighted by selected GTFS trip frequency
FULLBUS02972,300,0.789,0.9,0.2,1298,Full e-bus coverage scenario; route assignment weighted by selected GTFS trip frequency
FULLBUS02973,300,0.848,0.9,0.2,1589,Full e-bus coverage scenario; route assignment weighted by selected GTFS trip frequency
FULLBUS02974,300,0.725,0.9,0.2,1589,Full e-bus coverage scenario; route assignment weighted by selected GTFS trip frequency
FULLBUS02975,300,0.74,0.9,0.2,1589,Full e-bus coverage scenario; route assignment weighted by selected GTFS trip frequency
FULLBUS02976,300,0.791,0.9,0.2,1589,Full e-bus coverage scenario; route assignment weighted by selected GTFS trip frequency
FULLBUS02977,300,0.75,0.9,0.2,1678,Full e-bus coverage scenario; route assignment weighted by selected GTFS trip frequency
FULLBUS02978,300,0.766,0.9,0.2,1678,Full e-bus coverage scenario; route assignment weighted by selected GTFS trip frequency
FULLBUS02979,300,0.815,0.9,0.2,1678,Full e-bus coverage scenario; route assignment weighted by selected GTFS trip frequency
FULLBUS02980,300,0.786,0.9,0.2,1678,Full e-bus coverage scenario; route assignment weighted by selected GTFS trip frequency
FULLBUS02981,300,0.82,0.9,0.2,1146,Full e-bus coverage scenario; route assignment weighted by selected GTFS trip frequency
FULLBUS02982,300,0.825,0.9,0.2,1146,Full e-bus coverage scenario; route assignment weighted by selected GTFS trip frequency
FULLBUS02983,300,0.798,0.9,0.2,1146,Full e-bus coverage scenario; route assignment weighted by selected GTFS trip frequency
FULLBUS02984,300,0.812,0.9,0.2,1146,Full e-bus coverage scenario; route assignment weighted by selected GTFS trip frequency
FULLBUS02985,300,0.765,0.9,0.2,1330,Full e-bus coverage scenario; route assignment weighted by selected GTFS trip frequency
FULLBUS02986,300,0.85,0.9,0.2,1330,Full e-bus coverage scenario; route assignment weighted by selected GTFS trip frequency
FULLBUS02987,300,0.753,0.9,0.2,1330,Full e-bus coverage scenario; route assignment weighted by selected GTFS trip frequency
FULLBUS02988,300,0.825,0.9,0.2,1330,Full e-bus coverage scenario; route assignment weighted by selected GTFS trip frequency
FULLBUS02989,300,0.815,0.9,0.2,2008060,Full e-bus coverage scenario; route assignment weighted by selected GTFS trip frequency
FULLBUS02990,300,0.85,0.9,0.2,2008060,Full e-bus coverage scenario; route assignment weighted by selected GTFS trip frequency
FULLBUS02991,300,0.823,0.9,0.2,2008060,Full e-bus coverage scenario; route assignment weighted by selected GTFS trip frequency
FULLBUS02992,300,0.875,0.9,0.2,2008060,Full e-bus coverage scenario; route assignment weighted by selected GTFS trip frequency
FULLBUS02993,300,0.771,0.9,0.2,2010896,Full e-bus coverage scenario; route assignment weighted by selected GTFS trip frequency
FULLBUS02994,300,0.79,0.9,0.2,2010896,Full e-bus coverage scenario; route assignment weighted by selected GTFS trip frequency
FULLBUS02995,300,0.826,0.9,0.2,2010896,Full e-bus coverage scenario; route assignment weighted by selected GTFS trip frequency
FULLBUS02996,300,0.841,0.9,0.2,2010896,Full e-bus coverage scenario; route assignment weighted by selected GTFS trip frequency
FULLBUS02997,300,0.871,0.9,0.2,8343,Full e-bus coverage scenario; route assignment weighted by selected GTFS trip frequency
FULLBUS02998,300,0.751,0.9,0.2,8343,Full e-bus coverage scenario; route assignment weighted by selected GTFS trip frequency
FULLBUS02999,300,0.833,0.9,0.2,8343,Full e-bus coverage scenario; route assignment weighted by selected GTFS trip frequency
FULLBUS03000,300,0.78,0.9,0.2,8343,Full e-bus coverage scenario; route assignment weighted by selected GTFS trip frequency
FULLBUS03001,300,0.862,0.9,0.2,1555,Full e-bus coverage scenario; route assignment weighted by selected GTFS trip frequency
FULLBUS03002,300,0.858,0.9,0.2,1555,Full e-bus coverage scenario; route assignment weighted by selected GTFS trip frequency
FULLBUS03003,300,0.868,0.9,0.2,1555,Full e-bus coverage scenario; route assignment weighted by selected GTFS trip frequency
FULLBUS03004,300,0.726,0.9,0.2,1149,Full e-bus coverage scenario; route assignment weighted by selected GTFS trip frequency
FULLBUS03005,300,0.828,0.9,0.2,1149,Full e-bus coverage scenario; route assignment weighted by selected GTFS trip frequency
FULLBUS03006,300,0.795,0.9,0.2,1149,Full e-bus coverage scenario; route assignment weighted by selected GTFS trip frequency
FULLBUS03007,300,0.828,0.9,0.2,1164,Full e-bus coverage scenario; route assignment weighted by selected GTFS trip frequency
FULLBUS03008,300,0.779,0.9,0.2,1164,Full e-bus coverage scenario; route assignment weighted by selected GTFS trip frequency
FULLBUS03009,300,0.725,0.9,0.2,1164,Full e-bus coverage scenario; route assignment weighted by selected GTFS trip frequency
FULLBUS03010,300,0.872,0.9,0.2,1280,Full e-bus coverage scenario; route assignment weighted by selected GTFS trip frequency
FULLBUS03011,300,0.808,0.9,0.2,1280,Full e-bus coverage scenario; route assignment weighted by selected GTFS trip frequency
FULLBUS03012,300,0.831,0.9,0.2,1280,Full e-bus coverage scenario; route assignment weighted by selected GTFS trip frequency
FULLBUS03013,300,0.796,0.9,0.2,1354,Full e-bus coverage scenario; route assignment weighted by selected GTFS trip frequency
FULLBUS03014,300,0.834,0.9,0.2,1354,Full e-bus coverage scenario; route assignment weighted by selected GTFS trip frequency
FULLBUS03015,300,0.815,0.9,0.2,1354,Full e-bus coverage scenario; route assignment weighted by selected GTFS trip frequency
FULLBUS03016,300,0.77,0.9,0.2,1418,Full e-bus coverage scenario; route assignment weighted by selected GTFS trip frequency
FULLBUS03017,300,0.774,0.9,0.2,1418,Full e-bus coverage scenario; route assignment weighted by selected GTFS trip frequency
FULLBUS03018,300,0.798,0.9,0.2,1418,Full e-bus coverage scenario; route assignment weighted by selected GTFS trip frequency
FULLBUS03019,300,0.865,0.9,0.2,1726,Full e-bus coverage scenario; route assignment weighted by selected GTFS trip frequency
FULLBUS03020,300,0.789,0.9,0.2,1726,Full e-bus coverage scenario; route assignment weighted by selected GTFS trip frequency
FULLBUS03021,300,0.846,0.9,0.2,1726,Full e-bus coverage scenario; route assignment weighted by selected GTFS trip frequency
FULLBUS03022,300,0.844,0.9,0.2,2004527,Full e-bus coverage scenario; route assignment weighted by selected GTFS trip frequency
FULLBUS03023,300,0.732,0.9,0.2,2004527,Full e-bus coverage scenario; route assignment weighted by selected GTFS trip frequency
FULLBUS03024,300,0.803,0.9,0.2,2004527,Full e-bus coverage scenario; route assignment weighted by selected GTFS trip frequency
FULLBUS03025,300,0.856,0.9,0.2,2005122,Full e-bus coverage scenario; route assignment weighted by selected GTFS trip frequency
FULLBUS03026,300,0.821,0.9,0.2,2005122,Full e-bus coverage scenario; route assignment weighted by selected GTFS trip frequency
FULLBUS03027,300,0.774,0.9,0.2,2005122,Full e-bus coverage scenario; route assignment weighted by selected GTFS trip frequency
FULLBUS03028,300,0.738,0.9,0.2,2008392,Full e-bus coverage scenario; route assignment weighted by selected GTFS trip frequency
FULLBUS03029,300,0.798,0.9,0.2,2008392,Full e-bus coverage scenario; route assignment weighted by selected GTFS trip frequency
FULLBUS03030,300,0.846,0.9,0.2,2008392,Full e-bus coverage scenario; route assignment weighted by selected GTFS trip frequency
FULLBUS03031,300,0.768,0.9,0.2,1763,Full e-bus coverage scenario; route assignment weighted by selected GTFS trip frequency
FULLBUS03032,300,0.831,0.9,0.2,1763,Full e-bus coverage scenario; route assignment weighted by selected GTFS trip frequency
FULLBUS03033,300,0.827,0.9,0.2,1763,Full e-bus coverage scenario; route assignment weighted by selected GTFS trip frequency
FULLBUS03034,300,0.754,0.9,0.2,1158,Full e-bus coverage scenario; route assignment weighted by selected GTFS trip frequency
FULLBUS03035,300,0.853,0.9,0.2,1158,Full e-bus coverage scenario; route assignment weighted by selected GTFS trip frequency
FULLBUS03036,300,0.776,0.9,0.2,1158,Full e-bus coverage scenario; route assignment weighted by selected GTFS trip frequency
FULLBUS03037,300,0.833,0.9,0.2,1185,Full e-bus coverage scenario; route assignment weighted by selected GTFS trip frequency
FULLBUS03038,300,0.766,0.9,0.2,1185,Full e-bus coverage scenario; route assignment weighted by selected GTFS trip frequency
FULLBUS03039,300,0.772,0.9,0.2,1185,Full e-bus coverage scenario; route assignment weighted by selected GTFS trip frequency
FULLBUS03040,300,0.866,0.9,0.2,1286,Full e-bus coverage scenario; route assignment weighted by selected GTFS trip frequency
FULLBUS03041,300,0.875,0.9,0.2,1286,Full e-bus coverage scenario; route assignment weighted by selected GTFS trip frequency
FULLBUS03042,300,0.752,0.9,0.2,1286,Full e-bus coverage scenario; route assignment weighted by selected GTFS trip frequency
FULLBUS03043,300,0.723,0.9,0.2,1776,Full e-bus coverage scenario; route assignment weighted by selected GTFS trip frequency
FULLBUS03044,300,0.811,0.9,0.2,1776,Full e-bus coverage scenario; route assignment weighted by selected GTFS trip frequency
FULLBUS03045,300,0.87,0.9,0.2,1776,Full e-bus coverage scenario; route assignment weighted by selected GTFS trip frequency
FULLBUS03046,300,0.809,0.9,0.2,2001821,Full e-bus coverage scenario; route assignment weighted by selected GTFS trip frequency
FULLBUS03047,300,0.76,0.9,0.2,2001821,Full e-bus coverage scenario; route assignment weighted by selected GTFS trip frequency
FULLBUS03048,300,0.817,0.9,0.2,2001821,Full e-bus coverage scenario; route assignment weighted by selected GTFS trip frequency
FULLBUS03049,300,0.751,0.9,0.2,1083,Full e-bus coverage scenario; route assignment weighted by selected GTFS trip frequency
FULLBUS03050,300,0.859,0.9,0.2,1083,Full e-bus coverage scenario; route assignment weighted by selected GTFS trip frequency
FULLBUS03051,300,0.796,0.9,0.2,1083,Full e-bus coverage scenario; route assignment weighted by selected GTFS trip frequency
FULLBUS03052,300,0.821,0.9,0.2,1396,Full e-bus coverage scenario; route assignment weighted by selected GTFS trip frequency
FULLBUS03053,300,0.809,0.9,0.2,1396,Full e-bus coverage scenario; route assignment weighted by selected GTFS trip frequency
FULLBUS03054,300,0.841,0.9,0.2,1396,Full e-bus coverage scenario; route assignment weighted by selected GTFS trip frequency
FULLBUS03055,300,0.846,0.9,0.2,1725,Full e-bus coverage scenario; route assignment weighted by selected GTFS trip frequency
FULLBUS03056,300,0.818,0.9,0.2,1725,Full e-bus coverage scenario; route assignment weighted by selected GTFS trip frequency
FULLBUS03057,300,0.734,0.9,0.2,1725,Full e-bus coverage scenario; route assignment weighted by selected GTFS trip frequency
FULLBUS03058,300,0.847,0.9,0.2,1994,Full e-bus coverage scenario; route assignment weighted by selected GTFS trip frequency
FULLBUS03059,300,0.742,0.9,0.2,1994,Full e-bus coverage scenario; route assignment weighted by selected GTFS trip frequency
FULLBUS03060,300,0.77,0.9,0.2,1994,Full e-bus coverage scenario; route assignment weighted by selected GTFS trip frequency
FULLBUS03061,300,0.73,0.9,0.2,2005220,Full e-bus coverage scenario; route assignment weighted by selected GTFS trip frequency
FULLBUS03062,300,0.87,0.9,0.2,2005220,Full e-bus coverage scenario; route assignment weighted by selected GTFS trip frequency
FULLBUS03063,300,0.75,0.9,0.2,2005220,Full e-bus coverage scenario; route assignment weighted by selected GTFS trip frequency
FULLBUS03064,300,0.724,0.9,0.2,2006277,Full e-bus coverage scenario; route assignment weighted by selected GTFS trip frequency
FULLBUS03065,300,0.763,0.9,0.2,2006277,Full e-bus coverage scenario; route assignment weighted by selected GTFS trip frequency
FULLBUS03066,300,0.79,0.9,0.2,2006277,Full e-bus coverage scenario; route assignment weighted by selected GTFS trip frequency
FULLBUS03067,300,0.863,0.9,0.2,2011259,Full e-bus coverage scenario; route assignment weighted by selected GTFS trip frequency
FULLBUS03068,300,0.833,0.9,0.2,2011259,Full e-bus coverage scenario; route assignment weighted by selected GTFS trip frequency
FULLBUS03069,300,0.757,0.9,0.2,2011259,Full e-bus coverage scenario; route assignment weighted by selected GTFS trip frequency
FULLBUS03070,300,0.828,0.9,0.2,1000601,Full e-bus coverage scenario; route assignment weighted by selected GTFS trip frequency
FULLBUS03071,300,0.83,0.9,0.2,1000601,Full e-bus coverage scenario; route assignment weighted by selected GTFS trip frequency
FULLBUS03072,300,0.839,0.9,0.2,1000601,Full e-bus coverage scenario; route assignment weighted by selected GTFS trip frequency
FULLBUS03073,300,0.755,0.9,0.2,1028,Full e-bus coverage scenario; route assignment weighted by selected GTFS trip frequency
FULLBUS03074,300,0.72,0.9,0.2,1028,Full e-bus coverage scenario; route assignment weighted by selected GTFS trip frequency
FULLBUS03075,300,0.759,0.9,0.2,1028,Full e-bus coverage scenario; route assignment weighted by selected GTFS trip frequency
FULLBUS03076,300,0.868,0.9,0.2,1207,Full e-bus coverage scenario; route assignment weighted by selected GTFS trip frequency
FULLBUS03077,300,0.81,0.9,0.2,1207,Full e-bus coverage scenario; route assignment weighted by selected GTFS trip frequency
FULLBUS03078,300,0.724,0.9,0.2,1207,Full e-bus coverage scenario; route assignment weighted by selected GTFS trip frequency
FULLBUS03079,300,0.832,0.9,0.2,1256,Full e-bus coverage scenario; route assignment weighted by selected GTFS trip frequency
FULLBUS03080,300,0.871,0.9,0.2,1256,Full e-bus coverage scenario; route assignment weighted by selected GTFS trip frequency
FULLBUS03081,300,0.869,0.9,0.2,1256,Full e-bus coverage scenario; route assignment weighted by selected GTFS trip frequency
FULLBUS03082,300,0.857,0.9,0.2,1334,Full e-bus coverage scenario; route assignment weighted by selected GTFS trip frequency
FULLBUS03083,300,0.862,0.9,0.2,1334,Full e-bus coverage scenario; route assignment weighted by selected GTFS trip frequency
FULLBUS03084,300,0.866,0.9,0.2,1334,Full e-bus coverage scenario; route assignment weighted by selected GTFS trip frequency
FULLBUS03085,300,0.77,0.9,0.2,1382,Full e-bus coverage scenario; route assignment weighted by selected GTFS trip frequency
FULLBUS03086,300,0.812,0.9,0.2,1382,Full e-bus coverage scenario; route assignment weighted by selected GTFS trip frequency
FULLBUS03087,300,0.835,0.9,0.2,1382,Full e-bus coverage scenario; route assignment weighted by selected GTFS trip frequency
FULLBUS03088,300,0.761,0.9,0.2,1673,Full e-bus coverage scenario; route assignment weighted by selected GTFS trip frequency
FULLBUS03089,300,0.858,0.9,0.2,1673,Full e-bus coverage scenario; route assignment weighted by selected GTFS trip frequency
FULLBUS03090,300,0.876,0.9,0.2,1673,Full e-bus coverage scenario; route assignment weighted by selected GTFS trip frequency
FULLBUS03091,300,0.777,0.9,0.2,2007435,Full e-bus coverage scenario; route assignment weighted by selected GTFS trip frequency
FULLBUS03092,300,0.87,0.9,0.2,2007435,Full e-bus coverage scenario; route assignment weighted by selected GTFS trip frequency
FULLBUS03093,300,0.776,0.9,0.2,2007435,Full e-bus coverage scenario; route assignment weighted by selected GTFS trip frequency
FULLBUS03094,300,0.835,0.9,0.2,1000026,Full e-bus coverage scenario; route assignment weighted by selected GTFS trip frequency
FULLBUS03095,300,0.75,0.9,0.2,1000026,Full e-bus coverage scenario; route assignment weighted by selected GTFS trip frequency
FULLBUS03096,300,0.853,0.9,0.2,1000026,Full e-bus coverage scenario; route assignment weighted by selected GTFS trip frequency
FULLBUS03097,300,0.864,0.9,0.2,1122,Full e-bus coverage scenario; route assignment weighted by selected GTFS trip frequency
FULLBUS03098,300,0.753,0.9,0.2,1122,Full e-bus coverage scenario; route assignment weighted by selected GTFS trip frequency
FULLBUS03099,300,0.789,0.9,0.2,1122,Full e-bus coverage scenario; route assignment weighted by selected GTFS trip frequency
FULLBUS03100,300,0.815,0.9,0.2,1611,Full e-bus coverage scenario; route assignment weighted by selected GTFS trip frequency
FULLBUS03101,300,0.794,0.9,0.2,1611,Full e-bus coverage scenario; route assignment weighted by selected GTFS trip frequency
FULLBUS03102,300,0.857,0.9,0.2,1611,Full e-bus coverage scenario; route assignment weighted by selected GTFS trip frequency
FULLBUS03103,300,0.856,0.9,0.2,1000687,Full e-bus coverage scenario; route assignment weighted by selected GTFS trip frequency
FULLBUS03104,300,0.788,0.9,0.2,1000687,Full e-bus coverage scenario; route assignment weighted by selected GTFS trip frequency
FULLBUS03105,300,0.725,0.9,0.2,1000687,Full e-bus coverage scenario; route assignment weighted by selected GTFS trip frequency
FULLBUS03106,300,0.808,0.9,0.2,1014,Full e-bus coverage scenario; route assignment weighted by selected GTFS trip frequency
FULLBUS03107,300,0.859,0.9,0.2,1014,Full e-bus coverage scenario; route assignment weighted by selected GTFS trip frequency
FULLBUS03108,300,0.744,0.9,0.2,1014,Full e-bus coverage scenario; route assignment weighted by selected GTFS trip frequency
FULLBUS03109,300,0.86,0.9,0.2,1118,Full e-bus coverage scenario; route assignment weighted by selected GTFS trip frequency
FULLBUS03110,300,0.746,0.9,0.2,1118,Full e-bus coverage scenario; route assignment weighted by selected GTFS trip frequency
FULLBUS03111,300,0.841,0.9,0.2,1118,Full e-bus coverage scenario; route assignment weighted by selected GTFS trip frequency
FULLBUS03112,300,0.865,0.9,0.2,1170,Full e-bus coverage scenario; route assignment weighted by selected GTFS trip frequency
FULLBUS03113,300,0.752,0.9,0.2,1170,Full e-bus coverage scenario; route assignment weighted by selected GTFS trip frequency
FULLBUS03114,300,0.813,0.9,0.2,1170,Full e-bus coverage scenario; route assignment weighted by selected GTFS trip frequency
FULLBUS03115,300,0.812,0.9,0.2,1218,Full e-bus coverage scenario; route assignment weighted by selected GTFS trip frequency
FULLBUS03116,300,0.869,0.9,0.2,1218,Full e-bus coverage scenario; route assignment weighted by selected GTFS trip frequency
FULLBUS03117,300,0.805,0.9,0.2,1218,Full e-bus coverage scenario; route assignment weighted by selected GTFS trip frequency
FULLBUS03118,300,0.86,0.9,0.2,1224,Full e-bus coverage scenario; route assignment weighted by selected GTFS trip frequency
FULLBUS03119,300,0.746,0.9,0.2,1224,Full e-bus coverage scenario; route assignment weighted by selected GTFS trip frequency
FULLBUS03120,300,0.763,0.9,0.2,1224,Full e-bus coverage scenario; route assignment weighted by selected GTFS trip frequency
FULLBUS03121,300,0.773,0.9,0.2,1297,Full e-bus coverage scenario; route assignment weighted by selected GTFS trip frequency
FULLBUS03122,300,0.788,0.9,0.2,1297,Full e-bus coverage scenario; route assignment weighted by selected GTFS trip frequency
FULLBUS03123,300,0.763,0.9,0.2,1297,Full e-bus coverage scenario; route assignment weighted by selected GTFS trip frequency
FULLBUS03124,300,0.767,0.9,0.2,1398,Full e-bus coverage scenario; route assignment weighted by selected GTFS trip frequency
FULLBUS03125,300,0.747,0.9,0.2,1398,Full e-bus coverage scenario; route assignment weighted by selected GTFS trip frequency
FULLBUS03126,300,0.775,0.9,0.2,1398,Full e-bus coverage scenario; route assignment weighted by selected GTFS trip frequency
FULLBUS03127,300,0.823,0.9,0.2,2001887,Full e-bus coverage scenario; route assignment weighted by selected GTFS trip frequency
FULLBUS03128,300,0.826,0.9,0.2,2001887,Full e-bus coverage scenario; route assignment weighted by selected GTFS trip frequency
FULLBUS03129,300,0.736,0.9,0.2,2001887,Full e-bus coverage scenario; route assignment weighted by selected GTFS trip frequency
FULLBUS03130,300,0.806,0.9,0.2,8769,Full e-bus coverage scenario; route assignment weighted by selected GTFS trip frequency
FULLBUS03131,300,0.754,0.9,0.2,8769,Full e-bus coverage scenario; route assignment weighted by selected GTFS trip frequency
FULLBUS03132,300,0.751,0.9,0.2,8769,Full e-bus coverage scenario; route assignment weighted by selected GTFS trip frequency
FULLBUS03133,300,0.793,0.9,0.2,1031,Full e-bus coverage scenario; route assignment weighted by selected GTFS trip frequency
FULLBUS03134,300,0.795,0.9,0.2,1031,Full e-bus coverage scenario; route assignment weighted by selected GTFS trip frequency
FULLBUS03135,300,0.741,0.9,0.2,1031,Full e-bus coverage scenario; route assignment weighted by selected GTFS trip frequency
FULLBUS03136,300,0.866,0.9,0.2,1357,Full e-bus coverage scenario; route assignment weighted by selected GTFS trip frequency
FULLBUS03137,300,0.74,0.9,0.2,1357,Full e-bus coverage scenario; route assignment weighted by selected GTFS trip frequency
FULLBUS03138,300,0.758,0.9,0.2,1357,Full e-bus coverage scenario; route assignment weighted by selected GTFS trip frequency
FULLBUS03139,300,0.858,0.9,0.2,1605,Full e-bus coverage scenario; route assignment weighted by selected GTFS trip frequency
FULLBUS03140,300,0.776,0.9,0.2,1605,Full e-bus coverage scenario; route assignment weighted by selected GTFS trip frequency
FULLBUS03141,300,0.753,0.9,0.2,1605,Full e-bus coverage scenario; route assignment weighted by selected GTFS trip frequency
FULLBUS03142,300,0.838,0.9,0.2,1690,Full e-bus coverage scenario; route assignment weighted by selected GTFS trip frequency
FULLBUS03143,300,0.728,0.9,0.2,1690,Full e-bus coverage scenario; route assignment weighted by selected GTFS trip frequency
FULLBUS03144,300,0.752,0.9,0.2,1690,Full e-bus coverage scenario; route assignment weighted by selected GTFS trip frequency
FULLBUS03145,300,0.869,0.9,0.2,1782,Full e-bus coverage scenario; route assignment weighted by selected GTFS trip frequency
FULLBUS03146,300,0.734,0.9,0.2,1782,Full e-bus coverage scenario; route assignment weighted by selected GTFS trip frequency
FULLBUS03147,300,0.742,0.9,0.2,1782,Full e-bus coverage scenario; route assignment weighted by selected GTFS trip frequency
FULLBUS03148,300,0.844,0.9,0.2,2008157,Full e-bus coverage scenario; route assignment weighted by selected GTFS trip frequency
FULLBUS03149,300,0.77,0.9,0.2,2008157,Full e-bus coverage scenario; route assignment weighted by selected GTFS trip frequency
FULLBUS03150,300,0.723,0.9,0.2,2008157,Full e-bus coverage scenario; route assignment weighted by selected GTFS trip frequency
FULLBUS03151,300,0.783,0.9,0.2,1000093,Full e-bus coverage scenario; route assignment weighted by selected GTFS trip frequency
FULLBUS03152,300,0.744,0.9,0.2,1000093,Full e-bus coverage scenario; route assignment weighted by selected GTFS trip frequency
FULLBUS03153,300,0.856,0.9,0.2,1000093,Full e-bus coverage scenario; route assignment weighted by selected GTFS trip frequency
FULLBUS03154,300,0.854,0.9,0.2,1000296,Full e-bus coverage scenario; route assignment weighted by selected GTFS trip frequency
FULLBUS03155,300,0.759,0.9,0.2,1000296,Full e-bus coverage scenario; route assignment weighted by selected GTFS trip frequency
FULLBUS03156,300,0.725,0.9,0.2,1000296,Full e-bus coverage scenario; route assignment weighted by selected GTFS trip frequency
FULLBUS03157,300,0.76,0.9,0.2,1033,Full e-bus coverage scenario; route assignment weighted by selected GTFS trip frequency
FULLBUS03158,300,0.848,0.9,0.2,1033,Full e-bus coverage scenario; route assignment weighted by selected GTFS trip frequency
FULLBUS03159,300,0.733,0.9,0.2,1033,Full e-bus coverage scenario; route assignment weighted by selected GTFS trip frequency
FULLBUS03160,300,0.802,0.9,0.2,1165,Full e-bus coverage scenario; route assignment weighted by selected GTFS trip frequency
FULLBUS03161,300,0.826,0.9,0.2,1165,Full e-bus coverage scenario; route assignment weighted by selected GTFS trip frequency
FULLBUS03162,300,0.802,0.9,0.2,1165,Full e-bus coverage scenario; route assignment weighted by selected GTFS trip frequency
FULLBUS03163,300,0.82,0.9,0.2,1268,Full e-bus coverage scenario; route assignment weighted by selected GTFS trip frequency
FULLBUS03164,300,0.822,0.9,0.2,1268,Full e-bus coverage scenario; route assignment weighted by selected GTFS trip frequency
FULLBUS03165,300,0.877,0.9,0.2,1268,Full e-bus coverage scenario; route assignment weighted by selected GTFS trip frequency
FULLBUS03166,300,0.727,0.9,0.2,1277,Full e-bus coverage scenario; route assignment weighted by selected GTFS trip frequency
FULLBUS03167,300,0.727,0.9,0.2,1277,Full e-bus coverage scenario; route assignment weighted by selected GTFS trip frequency
FULLBUS03168,300,0.737,0.9,0.2,1277,Full e-bus coverage scenario; route assignment weighted by selected GTFS trip frequency
FULLBUS03169,300,0.845,0.9,0.2,1336,Full e-bus coverage scenario; route assignment weighted by selected GTFS trip frequency
FULLBUS03170,300,0.77,0.9,0.2,1336,Full e-bus coverage scenario; route assignment weighted by selected GTFS trip frequency
FULLBUS03171,300,0.763,0.9,0.2,1336,Full e-bus coverage scenario; route assignment weighted by selected GTFS trip frequency
FULLBUS03172,300,0.832,0.9,0.2,1474,Full e-bus coverage scenario; route assignment weighted by selected GTFS trip frequency
FULLBUS03173,300,0.771,0.9,0.2,1474,Full e-bus coverage scenario; route assignment weighted by selected GTFS trip frequency
FULLBUS03174,300,0.86,0.9,0.2,1474,Full e-bus coverage scenario; route assignment weighted by selected GTFS trip frequency
FULLBUS03175,300,0.741,0.9,0.2,1984,Full e-bus coverage scenario; route assignment weighted by selected GTFS trip frequency
FULLBUS03176,300,0.808,0.9,0.2,1984,Full e-bus coverage scenario; route assignment weighted by selected GTFS trip frequency
FULLBUS03177,300,0.828,0.9,0.2,1984,Full e-bus coverage scenario; route assignment weighted by selected GTFS trip frequency
FULLBUS03178,300,0.848,0.9,0.2,2001461,Full e-bus coverage scenario; route assignment weighted by selected GTFS trip frequency
FULLBUS03179,300,0.814,0.9,0.2,2001461,Full e-bus coverage scenario; route assignment weighted by selected GTFS trip frequency
FULLBUS03180,300,0.721,0.9,0.2,2001461,Full e-bus coverage scenario; route assignment weighted by selected GTFS trip frequency
FULLBUS03181,300,0.821,0.9,0.2,2006315,Full e-bus coverage scenario; route assignment weighted by selected GTFS trip frequency
FULLBUS03182,300,0.871,0.9,0.2,2006315,Full e-bus coverage scenario; route assignment weighted by selected GTFS trip frequency
FULLBUS03183,300,0.762,0.9,0.2,2006315,Full e-bus coverage scenario; route assignment weighted by selected GTFS trip frequency
FULLBUS03184,300,0.735,0.9,0.2,2007200,Full e-bus coverage scenario; route assignment weighted by selected GTFS trip frequency
FULLBUS03185,300,0.762,0.9,0.2,2007200,Full e-bus coverage scenario; route assignment weighted by selected GTFS trip frequency
FULLBUS03186,300,0.749,0.9,0.2,2007200,Full e-bus coverage scenario; route assignment weighted by selected GTFS trip frequency
FULLBUS03187,300,0.726,0.9,0.2,8354,Full e-bus coverage scenario; route assignment weighted by selected GTFS trip frequency
FULLBUS03188,300,0.75,0.9,0.2,8354,Full e-bus coverage scenario; route assignment weighted by selected GTFS trip frequency
FULLBUS03189,300,0.844,0.9,0.2,8354,Full e-bus coverage scenario; route assignment weighted by selected GTFS trip frequency
FULLBUS03190,300,0.855,0.9,0.2,8533,Full e-bus coverage scenario; route assignment weighted by selected GTFS trip frequency
FULLBUS03191,300,0.853,0.9,0.2,8533,Full e-bus coverage scenario; route assignment weighted by selected GTFS trip frequency
FULLBUS03192,300,0.736,0.9,0.2,8533,Full e-bus coverage scenario; route assignment weighted by selected GTFS trip frequency
FULLBUS03193,300,0.782,0.9,0.2,1203,Full e-bus coverage scenario; route assignment weighted by selected GTFS trip frequency
FULLBUS03194,300,0.843,0.9,0.2,1203,Full e-bus coverage scenario; route assignment weighted by selected GTFS trip frequency
FULLBUS03195,300,0.751,0.9,0.2,1203,Full e-bus coverage scenario; route assignment weighted by selected GTFS trip frequency
FULLBUS03196,300,0.808,0.9,0.2,1217,Full e-bus coverage scenario; route assignment weighted by selected GTFS trip frequency
FULLBUS03197,300,0.844,0.9,0.2,1217,Full e-bus coverage scenario; route assignment weighted by selected GTFS trip frequency
FULLBUS03198,300,0.81,0.9,0.2,1217,Full e-bus coverage scenario; route assignment weighted by selected GTFS trip frequency
FULLBUS03199,300,0.785,0.9,0.2,2001001,Full e-bus coverage scenario; route assignment weighted by selected GTFS trip frequency
FULLBUS03200,300,0.722,0.9,0.2,2001001,Full e-bus coverage scenario; route assignment weighted by selected GTFS trip frequency
FULLBUS03201,300,0.824,0.9,0.2,2001001,Full e-bus coverage scenario; route assignment weighted by selected GTFS trip frequency
FULLBUS03202,300,0.788,0.9,0.2,2001002,Full e-bus coverage scenario; route assignment weighted by selected GTFS trip frequency
FULLBUS03203,300,0.812,0.9,0.2,2001002,Full e-bus coverage scenario; route assignment weighted by selected GTFS trip frequency
FULLBUS03204,300,0.801,0.9,0.2,2001002,Full e-bus coverage scenario; route assignment weighted by selected GTFS trip frequency
FULLBUS03205,300,0.784,0.9,0.2,1037,Full e-bus coverage scenario; route assignment weighted by selected GTFS trip frequency
FULLBUS03206,300,0.781,0.9,0.2,1037,Full e-bus coverage scenario; route assignment weighted by selected GTFS trip frequency
FULLBUS03207,300,0.724,0.9,0.2,1037,Full e-bus coverage scenario; route assignment weighted by selected GTFS trip frequency
FULLBUS03208,300,0.873,0.9,0.2,1038,Full e-bus coverage scenario; route assignment weighted by selected GTFS trip frequency
FULLBUS03209,300,0.843,0.9,0.2,1038,Full e-bus coverage scenario; route assignment weighted by selected GTFS trip frequency
FULLBUS03210,300,0.789,0.9,0.2,1038,Full e-bus coverage scenario; route assignment weighted by selected GTFS trip frequency
FULLBUS03211,300,0.762,0.9,0.2,1041,Full e-bus coverage scenario; route assignment weighted by selected GTFS trip frequency
FULLBUS03212,300,0.725,0.9,0.2,1041,Full e-bus coverage scenario; route assignment weighted by selected GTFS trip frequency
FULLBUS03213,300,0.831,0.9,0.2,1041,Full e-bus coverage scenario; route assignment weighted by selected GTFS trip frequency
FULLBUS03214,300,0.821,0.9,0.2,1145,Full e-bus coverage scenario; route assignment weighted by selected GTFS trip frequency
FULLBUS03215,300,0.832,0.9,0.2,1145,Full e-bus coverage scenario; route assignment weighted by selected GTFS trip frequency
FULLBUS03216,300,0.83,0.9,0.2,1145,Full e-bus coverage scenario; route assignment weighted by selected GTFS trip frequency
FULLBUS03217,300,0.824,0.9,0.2,1193,Full e-bus coverage scenario; route assignment weighted by selected GTFS trip frequency
FULLBUS03218,300,0.782,0.9,0.2,1193,Full e-bus coverage scenario; route assignment weighted by selected GTFS trip frequency
FULLBUS03219,300,0.84,0.9,0.2,1193,Full e-bus coverage scenario; route assignment weighted by selected GTFS trip frequency
FULLBUS03220,300,0.81,0.9,0.2,1219,Full e-bus coverage scenario; route assignment weighted by selected GTFS trip frequency
FULLBUS03221,300,0.764,0.9,0.2,1219,Full e-bus coverage scenario; route assignment weighted by selected GTFS trip frequency
FULLBUS03222,300,0.753,0.9,0.2,1219,Full e-bus coverage scenario; route assignment weighted by selected GTFS trip frequency
FULLBUS03223,300,0.769,0.9,0.2,1327,Full e-bus coverage scenario; route assignment weighted by selected GTFS trip frequency
FULLBUS03224,300,0.839,0.9,0.2,1327,Full e-bus coverage scenario; route assignment weighted by selected GTFS trip frequency
FULLBUS03225,300,0.805,0.9,0.2,1327,Full e-bus coverage scenario; route assignment weighted by selected GTFS trip frequency
FULLBUS03226,300,0.864,0.9,0.2,1337,Full e-bus coverage scenario; route assignment weighted by selected GTFS trip frequency
FULLBUS03227,300,0.816,0.9,0.2,1337,Full e-bus coverage scenario; route assignment weighted by selected GTFS trip frequency
FULLBUS03228,300,0.736,0.9,0.2,1337,Full e-bus coverage scenario; route assignment weighted by selected GTFS trip frequency
FULLBUS03229,300,0.744,0.9,0.2,1430,Full e-bus coverage scenario; route assignment weighted by selected GTFS trip frequency
FULLBUS03230,300,0.779,0.9,0.2,1430,Full e-bus coverage scenario; route assignment weighted by selected GTFS trip frequency
FULLBUS03231,300,0.722,0.9,0.2,1430,Full e-bus coverage scenario; route assignment weighted by selected GTFS trip frequency
FULLBUS03232,300,0.86,0.9,0.2,1537,Full e-bus coverage scenario; route assignment weighted by selected GTFS trip frequency
FULLBUS03233,300,0.872,0.9,0.2,1537,Full e-bus coverage scenario; route assignment weighted by selected GTFS trip frequency
FULLBUS03234,300,0.838,0.9,0.2,1537,Full e-bus coverage scenario; route assignment weighted by selected GTFS trip frequency
FULLBUS03235,300,0.814,0.9,0.2,1739,Full e-bus coverage scenario; route assignment weighted by selected GTFS trip frequency
FULLBUS03236,300,0.812,0.9,0.2,1739,Full e-bus coverage scenario; route assignment weighted by selected GTFS trip frequency
FULLBUS03237,300,0.767,0.9,0.2,1739,Full e-bus coverage scenario; route assignment weighted by selected GTFS trip frequency
FULLBUS03238,300,0.802,0.9,0.2,2002943,Full e-bus coverage scenario; route assignment weighted by selected GTFS trip frequency
FULLBUS03239,300,0.739,0.9,0.2,2002943,Full e-bus coverage scenario; route assignment weighted by selected GTFS trip frequency
FULLBUS03240,300,0.746,0.9,0.2,2002943,Full e-bus coverage scenario; route assignment weighted by selected GTFS trip frequency
FULLBUS03241,300,0.814,0.9,0.2,1269,Full e-bus coverage scenario; route assignment weighted by selected GTFS trip frequency
FULLBUS03242,300,0.835,0.9,0.2,1269,Full e-bus coverage scenario; route assignment weighted by selected GTFS trip frequency
FULLBUS03243,300,0.837,0.9,0.2,1269,Full e-bus coverage scenario; route assignment weighted by selected GTFS trip frequency
FULLBUS03244,300,0.739,0.9,0.2,1306,Full e-bus coverage scenario; route assignment weighted by selected GTFS trip frequency
FULLBUS03245,300,0.781,0.9,0.2,1306,Full e-bus coverage scenario; route assignment weighted by selected GTFS trip frequency
FULLBUS03246,300,0.864,0.9,0.2,1306,Full e-bus coverage scenario; route assignment weighted by selected GTFS trip frequency
FULLBUS03247,300,0.752,0.9,0.2,1622,Full e-bus coverage scenario; route assignment weighted by selected GTFS trip frequency
FULLBUS03248,300,0.84,0.9,0.2,1622,Full e-bus coverage scenario; route assignment weighted by selected GTFS trip frequency
FULLBUS03249,300,0.852,0.9,0.2,1622,Full e-bus coverage scenario; route assignment weighted by selected GTFS trip frequency
FULLBUS03250,300,0.771,0.9,0.2,2002580,Full e-bus coverage scenario; route assignment weighted by selected GTFS trip frequency
FULLBUS03251,300,0.824,0.9,0.2,2002580,Full e-bus coverage scenario; route assignment weighted by selected GTFS trip frequency
FULLBUS03252,300,0.749,0.9,0.2,2002580,Full e-bus coverage scenario; route assignment weighted by selected GTFS trip frequency
FULLBUS03253,300,0.841,0.9,0.2,2004827,Full e-bus coverage scenario; route assignment weighted by selected GTFS trip frequency
FULLBUS03254,300,0.751,0.9,0.2,2004827,Full e-bus coverage scenario; route assignment weighted by selected GTFS trip frequency
FULLBUS03255,300,0.731,0.9,0.2,2004827,Full e-bus coverage scenario; route assignment weighted by selected GTFS trip frequency
FULLBUS03256,300,0.804,0.9,0.2,2010236,Full e-bus coverage scenario; route assignment weighted by selected GTFS trip frequency
FULLBUS03257,300,0.824,0.9,0.2,2010236,Full e-bus coverage scenario; route assignment weighted by selected GTFS trip frequency
FULLBUS03258,300,0.862,0.9,0.2,2010236,Full e-bus coverage scenario; route assignment weighted by selected GTFS trip frequency
FULLBUS03259,300,0.879,0.9,0.2,2010929,Full e-bus coverage scenario; route assignment weighted by selected GTFS trip frequency
FULLBUS03260,300,0.73,0.9,0.2,2010929,Full e-bus coverage scenario; route assignment weighted by selected GTFS trip frequency
FULLBUS03261,300,0.86,0.9,0.2,2010929,Full e-bus coverage scenario; route assignment weighted by selected GTFS trip frequency
FULLBUS03262,300,0.854,0.9,0.2,1079,Full e-bus coverage scenario; route assignment weighted by selected GTFS trip frequency
FULLBUS03263,300,0.865,0.9,0.2,1079,Full e-bus coverage scenario; route assignment weighted by selected GTFS trip frequency
FULLBUS03264,300,0.773,0.9,0.2,1079,Full e-bus coverage scenario; route assignment weighted by selected GTFS trip frequency
FULLBUS03265,300,0.788,0.9,0.2,1137,Full e-bus coverage scenario; route assignment weighted by selected GTFS trip frequency
FULLBUS03266,300,0.827,0.9,0.2,1137,Full e-bus coverage scenario; route assignment weighted by selected GTFS trip frequency
FULLBUS03267,300,0.858,0.9,0.2,1137,Full e-bus coverage scenario; route assignment weighted by selected GTFS trip frequency
FULLBUS03268,300,0.747,0.9,0.2,1147,Full e-bus coverage scenario; route assignment weighted by selected GTFS trip frequency
FULLBUS03269,300,0.848,0.9,0.2,1147,Full e-bus coverage scenario; route assignment weighted by selected GTFS trip frequency
FULLBUS03270,300,0.762,0.9,0.2,1147,Full e-bus coverage scenario; route assignment weighted by selected GTFS trip frequency
FULLBUS03271,300,0.745,0.9,0.2,1195,Full e-bus coverage scenario; route assignment weighted by selected GTFS trip frequency
FULLBUS03272,300,0.865,0.9,0.2,1195,Full e-bus coverage scenario; route assignment weighted by selected GTFS trip frequency
FULLBUS03273,300,0.843,0.9,0.2,1195,Full e-bus coverage scenario; route assignment weighted by selected GTFS trip frequency
FULLBUS03274,300,0.759,0.9,0.2,1308,Full e-bus coverage scenario; route assignment weighted by selected GTFS trip frequency
FULLBUS03275,300,0.746,0.9,0.2,1308,Full e-bus coverage scenario; route assignment weighted by selected GTFS trip frequency
FULLBUS03276,300,0.803,0.9,0.2,1308,Full e-bus coverage scenario; route assignment weighted by selected GTFS trip frequency
FULLBUS03277,300,0.747,0.9,0.2,1392,Full e-bus coverage scenario; route assignment weighted by selected GTFS trip frequency
FULLBUS03278,300,0.802,0.9,0.2,1392,Full e-bus coverage scenario; route assignment weighted by selected GTFS trip frequency
FULLBUS03279,300,0.854,0.9,0.2,1392,Full e-bus coverage scenario; route assignment weighted by selected GTFS trip frequency
FULLBUS03280,300,0.82,0.9,0.2,1405,Full e-bus coverage scenario; route assignment weighted by selected GTFS trip frequency
FULLBUS03281,300,0.723,0.9,0.2,1405,Full e-bus coverage scenario; route assignment weighted by selected GTFS trip frequency
FULLBUS03282,300,0.814,0.9,0.2,1405,Full e-bus coverage scenario; route assignment weighted by selected GTFS trip frequency
FULLBUS03283,300,0.724,0.9,0.2,1593,Full e-bus coverage scenario; route assignment weighted by selected GTFS trip frequency
FULLBUS03284,300,0.782,0.9,0.2,1593,Full e-bus coverage scenario; route assignment weighted by selected GTFS trip frequency
FULLBUS03285,300,0.85,0.9,0.2,1593,Full e-bus coverage scenario; route assignment weighted by selected GTFS trip frequency
FULLBUS03286,300,0.845,0.9,0.2,1616,Full e-bus coverage scenario; route assignment weighted by selected GTFS trip frequency
FULLBUS03287,300,0.775,0.9,0.2,1616,Full e-bus coverage scenario; route assignment weighted by selected GTFS trip frequency
FULLBUS03288,300,0.721,0.9,0.2,1616,Full e-bus coverage scenario; route assignment weighted by selected GTFS trip frequency
FULLBUS03289,300,0.761,0.9,0.2,1762,Full e-bus coverage scenario; route assignment weighted by selected GTFS trip frequency
FULLBUS03290,300,0.866,0.9,0.2,1762,Full e-bus coverage scenario; route assignment weighted by selected GTFS trip frequency
FULLBUS03291,300,0.754,0.9,0.2,1762,Full e-bus coverage scenario; route assignment weighted by selected GTFS trip frequency
FULLBUS03292,300,0.825,0.9,0.2,2002286,Full e-bus coverage scenario; route assignment weighted by selected GTFS trip frequency
FULLBUS03293,300,0.877,0.9,0.2,2002286,Full e-bus coverage scenario; route assignment weighted by selected GTFS trip frequency
FULLBUS03294,300,0.84,0.9,0.2,2002286,Full e-bus coverage scenario; route assignment weighted by selected GTFS trip frequency
FULLBUS03295,300,0.815,0.9,0.2,2006375,Full e-bus coverage scenario; route assignment weighted by selected GTFS trip frequency
FULLBUS03296,300,0.858,0.9,0.2,2006375,Full e-bus coverage scenario; route assignment weighted by selected GTFS trip frequency
FULLBUS03297,300,0.725,0.9,0.2,2006375,Full e-bus coverage scenario; route assignment weighted by selected GTFS trip frequency
FULLBUS03298,300,0.758,0.9,0.2,8486,Full e-bus coverage scenario; route assignment weighted by selected GTFS trip frequency
FULLBUS03299,300,0.733,0.9,0.2,8486,Full e-bus coverage scenario; route assignment weighted by selected GTFS trip frequency
FULLBUS03300,300,0.831,0.9,0.2,8486,Full e-bus coverage scenario; route assignment weighted by selected GTFS trip frequency
FULLBUS03301,300,0.757,0.9,0.2,1077,Full e-bus coverage scenario; route assignment weighted by selected GTFS trip frequency
FULLBUS03302,300,0.771,0.9,0.2,1077,Full e-bus coverage scenario; route assignment weighted by selected GTFS trip frequency
FULLBUS03303,300,0.795,0.9,0.2,1077,Full e-bus coverage scenario; route assignment weighted by selected GTFS trip frequency
FULLBUS03304,300,0.789,0.9,0.2,1177,Full e-bus coverage scenario; route assignment weighted by selected GTFS trip frequency
FULLBUS03305,300,0.735,0.9,0.2,1177,Full e-bus coverage scenario; route assignment weighted by selected GTFS trip frequency
FULLBUS03306,300,0.747,0.9,0.2,1177,Full e-bus coverage scenario; route assignment weighted by selected GTFS trip frequency
FULLBUS03307,300,0.848,0.9,0.2,1295,Full e-bus coverage scenario; route assignment weighted by selected GTFS trip frequency
FULLBUS03308,300,0.743,0.9,0.2,1295,Full e-bus coverage scenario; route assignment weighted by selected GTFS trip frequency
FULLBUS03309,300,0.814,0.9,0.2,1295,Full e-bus coverage scenario; route assignment weighted by selected GTFS trip frequency
FULLBUS03310,300,0.748,0.9,0.2,1310,Full e-bus coverage scenario; route assignment weighted by selected GTFS trip frequency
FULLBUS03311,300,0.774,0.9,0.2,1310,Full e-bus coverage scenario; route assignment weighted by selected GTFS trip frequency
FULLBUS03312,300,0.847,0.9,0.2,1310,Full e-bus coverage scenario; route assignment weighted by selected GTFS trip frequency
FULLBUS03313,300,0.863,0.9,0.2,1399,Full e-bus coverage scenario; route assignment weighted by selected GTFS trip frequency
FULLBUS03314,300,0.783,0.9,0.2,1399,Full e-bus coverage scenario; route assignment weighted by selected GTFS trip frequency
FULLBUS03315,300,0.808,0.9,0.2,1399,Full e-bus coverage scenario; route assignment weighted by selected GTFS trip frequency
FULLBUS03316,300,0.791,0.9,0.2,1672,Full e-bus coverage scenario; route assignment weighted by selected GTFS trip frequency
FULLBUS03317,300,0.831,0.9,0.2,1672,Full e-bus coverage scenario; route assignment weighted by selected GTFS trip frequency
FULLBUS03318,300,0.792,0.9,0.2,1672,Full e-bus coverage scenario; route assignment weighted by selected GTFS trip frequency
FULLBUS03319,300,0.764,0.9,0.2,1855,Full e-bus coverage scenario; route assignment weighted by selected GTFS trip frequency
FULLBUS03320,300,0.847,0.9,0.2,1855,Full e-bus coverage scenario; route assignment weighted by selected GTFS trip frequency
FULLBUS03321,300,0.825,0.9,0.2,1855,Full e-bus coverage scenario; route assignment weighted by selected GTFS trip frequency
FULLBUS03322,300,0.787,0.9,0.2,2005290,Full e-bus coverage scenario; route assignment weighted by selected GTFS trip frequency
FULLBUS03323,300,0.866,0.9,0.2,2005290,Full e-bus coverage scenario; route assignment weighted by selected GTFS trip frequency
FULLBUS03324,300,0.835,0.9,0.2,2005290,Full e-bus coverage scenario; route assignment weighted by selected GTFS trip frequency
FULLBUS03325,300,0.738,0.9,0.2,8431,Full e-bus coverage scenario; route assignment weighted by selected GTFS trip frequency
FULLBUS03326,300,0.758,0.9,0.2,8431,Full e-bus coverage scenario; route assignment weighted by selected GTFS trip frequency
FULLBUS03327,300,0.833,0.9,0.2,8431,Full e-bus coverage scenario; route assignment weighted by selected GTFS trip frequency
FULLBUS03328,300,0.823,0.9,0.2,1102,Full e-bus coverage scenario; route assignment weighted by selected GTFS trip frequency
FULLBUS03329,300,0.75,0.9,0.2,1102,Full e-bus coverage scenario; route assignment weighted by selected GTFS trip frequency
FULLBUS03330,300,0.879,0.9,0.2,1102,Full e-bus coverage scenario; route assignment weighted by selected GTFS trip frequency
FULLBUS03331,300,0.759,0.9,0.2,1115,Full e-bus coverage scenario; route assignment weighted by selected GTFS trip frequency
FULLBUS03332,300,0.795,0.9,0.2,1115,Full e-bus coverage scenario; route assignment weighted by selected GTFS trip frequency
FULLBUS03333,300,0.82,0.9,0.2,1115,Full e-bus coverage scenario; route assignment weighted by selected GTFS trip frequency
FULLBUS03334,300,0.737,0.9,0.2,1178,Full e-bus coverage scenario; route assignment weighted by selected GTFS trip frequency
FULLBUS03335,300,0.866,0.9,0.2,1178,Full e-bus coverage scenario; route assignment weighted by selected GTFS trip frequency
FULLBUS03336,300,0.732,0.9,0.2,1178,Full e-bus coverage scenario; route assignment weighted by selected GTFS trip frequency
FULLBUS03337,300,0.775,0.9,0.2,1675,Full e-bus coverage scenario; route assignment weighted by selected GTFS trip frequency
FULLBUS03338,300,0.82,0.9,0.2,1675,Full e-bus coverage scenario; route assignment weighted by selected GTFS trip frequency
FULLBUS03339,300,0.815,0.9,0.2,1675,Full e-bus coverage scenario; route assignment weighted by selected GTFS trip frequency
FULLBUS03340,300,0.817,0.9,0.2,1741,Full e-bus coverage scenario; route assignment weighted by selected GTFS trip frequency
FULLBUS03341,300,0.876,0.9,0.2,1741,Full e-bus coverage scenario; route assignment weighted by selected GTFS trip frequency
FULLBUS03342,300,0.823,0.9,0.2,1741,Full e-bus coverage scenario; route assignment weighted by selected GTFS trip frequency
FULLBUS03343,300,0.793,0.9,0.2,2008851,Full e-bus coverage scenario; route assignment weighted by selected GTFS trip frequency
FULLBUS03344,300,0.799,0.9,0.2,2008851,Full e-bus coverage scenario; route assignment weighted by selected GTFS trip frequency
FULLBUS03345,300,0.866,0.9,0.2,2008851,Full e-bus coverage scenario; route assignment weighted by selected GTFS trip frequency
FULLBUS03346,300,0.747,0.9,0.2,2008852,Full e-bus coverage scenario; route assignment weighted by selected GTFS trip frequency
FULLBUS03347,300,0.839,0.9,0.2,2008852,Full e-bus coverage scenario; route assignment weighted by selected GTFS trip frequency
FULLBUS03348,300,0.879,0.9,0.2,2008852,Full e-bus coverage scenario; route assignment weighted by selected GTFS trip frequency
FULLBUS03349,300,0.867,0.9,0.2,8155,Full e-bus coverage scenario; route assignment weighted by selected GTFS trip frequency
FULLBUS03350,300,0.832,0.9,0.2,8155,Full e-bus coverage scenario; route assignment weighted by selected GTFS trip frequency
FULLBUS03351,300,0.88,0.9,0.2,8155,Full e-bus coverage scenario; route assignment weighted by selected GTFS trip frequency
FULLBUS03352,300,0.856,0.9,0.2,8349,Full e-bus coverage scenario; route assignment weighted by selected GTFS trip frequency
FULLBUS03353,300,0.824,0.9,0.2,8349,Full e-bus coverage scenario; route assignment weighted by selected GTFS trip frequency
FULLBUS03354,300,0.729,0.9,0.2,8349,Full e-bus coverage scenario; route assignment weighted by selected GTFS trip frequency
FULLBUS03355,300,0.794,0.9,0.2,8568,Full e-bus coverage scenario; route assignment weighted by selected GTFS trip frequency
FULLBUS03356,300,0.729,0.9,0.2,8568,Full e-bus coverage scenario; route assignment weighted by selected GTFS trip frequency
FULLBUS03357,300,0.791,0.9,0.2,8568,Full e-bus coverage scenario; route assignment weighted by selected GTFS trip frequency
FULLBUS03358,300,0.804,0.9,0.2,1000271,Full e-bus coverage scenario; route assignment weighted by selected GTFS trip frequency
FULLBUS03359,300,0.775,0.9,0.2,1000271,Full e-bus coverage scenario; route assignment weighted by selected GTFS trip frequency
FULLBUS03360,300,0.871,0.9,0.2,1000271,Full e-bus coverage scenario; route assignment weighted by selected GTFS trip frequency
FULLBUS03361,300,0.83,0.9,0.2,1016,Full e-bus coverage scenario; route assignment weighted by selected GTFS trip frequency
FULLBUS03362,300,0.85,0.9,0.2,1016,Full e-bus coverage scenario; route assignment weighted by selected GTFS trip frequency
FULLBUS03363,300,0.877,0.9,0.2,1016,Full e-bus coverage scenario; route assignment weighted by selected GTFS trip frequency
FULLBUS03364,300,0.764,0.9,0.2,1029,Full e-bus coverage scenario; route assignment weighted by selected GTFS trip frequency
FULLBUS03365,300,0.849,0.9,0.2,1029,Full e-bus coverage scenario; route assignment weighted by selected GTFS trip frequency
FULLBUS03366,300,0.852,0.9,0.2,1029,Full e-bus coverage scenario; route assignment weighted by selected GTFS trip frequency
FULLBUS03367,300,0.759,0.9,0.2,1225,Full e-bus coverage scenario; route assignment weighted by selected GTFS trip frequency
FULLBUS03368,300,0.83,0.9,0.2,1225,Full e-bus coverage scenario; route assignment weighted by selected GTFS trip frequency
FULLBUS03369,300,0.762,0.9,0.2,1225,Full e-bus coverage scenario; route assignment weighted by selected GTFS trip frequency
FULLBUS03370,300,0.763,0.9,0.2,1417,Full e-bus coverage scenario; route assignment weighted by selected GTFS trip frequency
FULLBUS03371,300,0.728,0.9,0.2,1417,Full e-bus coverage scenario; route assignment weighted by selected GTFS trip frequency
FULLBUS03372,300,0.847,0.9,0.2,1417,Full e-bus coverage scenario; route assignment weighted by selected GTFS trip frequency
FULLBUS03373,300,0.851,0.9,0.2,2001013,Full e-bus coverage scenario; route assignment weighted by selected GTFS trip frequency
FULLBUS03374,300,0.789,0.9,0.2,2001013,Full e-bus coverage scenario; route assignment weighted by selected GTFS trip frequency
FULLBUS03375,300,0.802,0.9,0.2,2001013,Full e-bus coverage scenario; route assignment weighted by selected GTFS trip frequency
FULLBUS03376,300,0.878,0.9,0.2,2003212,Full e-bus coverage scenario; route assignment weighted by selected GTFS trip frequency
FULLBUS03377,300,0.854,0.9,0.2,2003212,Full e-bus coverage scenario; route assignment weighted by selected GTFS trip frequency
FULLBUS03378,300,0.872,0.9,0.2,2003212,Full e-bus coverage scenario; route assignment weighted by selected GTFS trip frequency
FULLBUS03379,300,0.812,0.9,0.2,8282,Full e-bus coverage scenario; route assignment weighted by selected GTFS trip frequency
FULLBUS03380,300,0.838,0.9,0.2,8282,Full e-bus coverage scenario; route assignment weighted by selected GTFS trip frequency
FULLBUS03381,300,0.864,0.9,0.2,8282,Full e-bus coverage scenario; route assignment weighted by selected GTFS trip frequency
FULLBUS03382,300,0.804,0.9,0.2,8295,Full e-bus coverage scenario; route assignment weighted by selected GTFS trip frequency
FULLBUS03383,300,0.752,0.9,0.2,8295,Full e-bus coverage scenario; route assignment weighted by selected GTFS trip frequency
FULLBUS03384,300,0.781,0.9,0.2,8295,Full e-bus coverage scenario; route assignment weighted by selected GTFS trip frequency
FULLBUS03385,300,0.756,0.9,0.2,1000339,Full e-bus coverage scenario; route assignment weighted by selected GTFS trip frequency
FULLBUS03386,300,0.776,0.9,0.2,1000339,Full e-bus coverage scenario; route assignment weighted by selected GTFS trip frequency
FULLBUS03387,300,0.833,0.9,0.2,1000339,Full e-bus coverage scenario; route assignment weighted by selected GTFS trip frequency
FULLBUS03388,300,0.75,0.9,0.2,1318,Full e-bus coverage scenario; route assignment weighted by selected GTFS trip frequency
FULLBUS03389,300,0.722,0.9,0.2,1318,Full e-bus coverage scenario; route assignment weighted by selected GTFS trip frequency
FULLBUS03390,300,0.858,0.9,0.2,1318,Full e-bus coverage scenario; route assignment weighted by selected GTFS trip frequency
FULLBUS03391,300,0.737,0.9,0.2,1323,Full e-bus coverage scenario; route assignment weighted by selected GTFS trip frequency
FULLBUS03392,300,0.769,0.9,0.2,1323,Full e-bus coverage scenario; route assignment weighted by selected GTFS trip frequency
FULLBUS03393,300,0.734,0.9,0.2,1323,Full e-bus coverage scenario; route assignment weighted by selected GTFS trip frequency
FULLBUS03394,300,0.729,0.9,0.2,1639,Full e-bus coverage scenario; route assignment weighted by selected GTFS trip frequency
FULLBUS03395,300,0.737,0.9,0.2,1639,Full e-bus coverage scenario; route assignment weighted by selected GTFS trip frequency
FULLBUS03396,300,0.793,0.9,0.2,1639,Full e-bus coverage scenario; route assignment weighted by selected GTFS trip frequency
FULLBUS03397,300,0.837,0.9,0.2,1750,Full e-bus coverage scenario; route assignment weighted by selected GTFS trip frequency
FULLBUS03398,300,0.737,0.9,0.2,1750,Full e-bus coverage scenario; route assignment weighted by selected GTFS trip frequency
FULLBUS03399,300,0.814,0.9,0.2,1750,Full e-bus coverage scenario; route assignment weighted by selected GTFS trip frequency
FULLBUS03400,300,0.793,0.9,0.2,1851,Full e-bus coverage scenario; route assignment weighted by selected GTFS trip frequency
FULLBUS03401,300,0.813,0.9,0.2,1851,Full e-bus coverage scenario; route assignment weighted by selected GTFS trip frequency
FULLBUS03402,300,0.811,0.9,0.2,1851,Full e-bus coverage scenario; route assignment weighted by selected GTFS trip frequency
FULLBUS03403,300,0.834,0.9,0.2,1986,Full e-bus coverage scenario; route assignment weighted by selected GTFS trip frequency
FULLBUS03404,300,0.833,0.9,0.2,1986,Full e-bus coverage scenario; route assignment weighted by selected GTFS trip frequency
FULLBUS03405,300,0.751,0.9,0.2,1986,Full e-bus coverage scenario; route assignment weighted by selected GTFS trip frequency
FULLBUS03406,300,0.871,0.9,0.2,1992,Full e-bus coverage scenario; route assignment weighted by selected GTFS trip frequency
FULLBUS03407,300,0.869,0.9,0.2,1992,Full e-bus coverage scenario; route assignment weighted by selected GTFS trip frequency
FULLBUS03408,300,0.747,0.9,0.2,1992,Full e-bus coverage scenario; route assignment weighted by selected GTFS trip frequency
FULLBUS03409,300,0.788,0.9,0.2,2004036,Full e-bus coverage scenario; route assignment weighted by selected GTFS trip frequency
FULLBUS03410,300,0.792,0.9,0.2,2004036,Full e-bus coverage scenario; route assignment weighted by selected GTFS trip frequency
FULLBUS03411,300,0.818,0.9,0.2,2004036,Full e-bus coverage scenario; route assignment weighted by selected GTFS trip frequency
FULLBUS03412,300,0.766,0.9,0.2,2009609,Full e-bus coverage scenario; route assignment weighted by selected GTFS trip frequency
FULLBUS03413,300,0.879,0.9,0.2,2009609,Full e-bus coverage scenario; route assignment weighted by selected GTFS trip frequency
FULLBUS03414,300,0.73,0.9,0.2,2009609,Full e-bus coverage scenario; route assignment weighted by selected GTFS trip frequency
FULLBUS03415,300,0.827,0.9,0.2,8576,Full e-bus coverage scenario; route assignment weighted by selected GTFS trip frequency
FULLBUS03416,300,0.842,0.9,0.2,8576,Full e-bus coverage scenario; route assignment weighted by selected GTFS trip frequency
FULLBUS03417,300,0.879,0.9,0.2,8576,Full e-bus coverage scenario; route assignment weighted by selected GTFS trip frequency
FULLBUS03418,300,0.83,0.9,0.2,1039,Full e-bus coverage scenario; route assignment weighted by selected GTFS trip frequency
FULLBUS03419,300,0.867,0.9,0.2,1039,Full e-bus coverage scenario; route assignment weighted by selected GTFS trip frequency
FULLBUS03420,300,0.799,0.9,0.2,1039,Full e-bus coverage scenario; route assignment weighted by selected GTFS trip frequency
FULLBUS03421,300,0.81,0.9,0.2,1176,Full e-bus coverage scenario; route assignment weighted by selected GTFS trip frequency
FULLBUS03422,300,0.854,0.9,0.2,1176,Full e-bus coverage scenario; route assignment weighted by selected GTFS trip frequency
FULLBUS03423,300,0.847,0.9,0.2,1176,Full e-bus coverage scenario; route assignment weighted by selected GTFS trip frequency
FULLBUS03424,300,0.8,0.9,0.2,1211,Full e-bus coverage scenario; route assignment weighted by selected GTFS trip frequency
FULLBUS03425,300,0.868,0.9,0.2,1211,Full e-bus coverage scenario; route assignment weighted by selected GTFS trip frequency
FULLBUS03426,300,0.843,0.9,0.2,1211,Full e-bus coverage scenario; route assignment weighted by selected GTFS trip frequency
FULLBUS03427,300,0.799,0.9,0.2,1275,Full e-bus coverage scenario; route assignment weighted by selected GTFS trip frequency
FULLBUS03428,300,0.837,0.9,0.2,1275,Full e-bus coverage scenario; route assignment weighted by selected GTFS trip frequency
FULLBUS03429,300,0.753,0.9,0.2,1275,Full e-bus coverage scenario; route assignment weighted by selected GTFS trip frequency
FULLBUS03430,300,0.796,0.9,0.2,1320,Full e-bus coverage scenario; route assignment weighted by selected GTFS trip frequency
FULLBUS03431,300,0.796,0.9,0.2,1320,Full e-bus coverage scenario; route assignment weighted by selected GTFS trip frequency
FULLBUS03432,300,0.87,0.9,0.2,1320,Full e-bus coverage scenario; route assignment weighted by selected GTFS trip frequency
FULLBUS03433,300,0.723,0.9,0.2,1326,Full e-bus coverage scenario; route assignment weighted by selected GTFS trip frequency
FULLBUS03434,300,0.737,0.9,0.2,1326,Full e-bus coverage scenario; route assignment weighted by selected GTFS trip frequency
FULLBUS03435,300,0.722,0.9,0.2,1326,Full e-bus coverage scenario; route assignment weighted by selected GTFS trip frequency
FULLBUS03436,300,0.724,0.9,0.2,1480,Full e-bus coverage scenario; route assignment weighted by selected GTFS trip frequency
FULLBUS03437,300,0.775,0.9,0.2,1480,Full e-bus coverage scenario; route assignment weighted by selected GTFS trip frequency
FULLBUS03438,300,0.826,0.9,0.2,1480,Full e-bus coverage scenario; route assignment weighted by selected GTFS trip frequency
FULLBUS03439,300,0.768,0.9,0.2,1807,Full e-bus coverage scenario; route assignment weighted by selected GTFS trip frequency
FULLBUS03440,300,0.86,0.9,0.2,1807,Full e-bus coverage scenario; route assignment weighted by selected GTFS trip frequency
FULLBUS03441,300,0.863,0.9,0.2,1807,Full e-bus coverage scenario; route assignment weighted by selected GTFS trip frequency
FULLBUS03442,300,0.793,0.9,0.2,2000993,Full e-bus coverage scenario; route assignment weighted by selected GTFS trip frequency
FULLBUS03443,300,0.744,0.9,0.2,2000993,Full e-bus coverage scenario; route assignment weighted by selected GTFS trip frequency
FULLBUS03444,300,0.858,0.9,0.2,2000993,Full e-bus coverage scenario; route assignment weighted by selected GTFS trip frequency
FULLBUS03445,300,0.74,0.9,0.2,2005946,Full e-bus coverage scenario; route assignment weighted by selected GTFS trip frequency
FULLBUS03446,300,0.847,0.9,0.2,2005946,Full e-bus coverage scenario; route assignment weighted by selected GTFS trip frequency
FULLBUS03447,300,0.868,0.9,0.2,2005946,Full e-bus coverage scenario; route assignment weighted by selected GTFS trip frequency
FULLBUS03448,300,0.799,0.9,0.2,8215,Full e-bus coverage scenario; route assignment weighted by selected GTFS trip frequency
FULLBUS03449,300,0.735,0.9,0.2,8215,Full e-bus coverage scenario; route assignment weighted by selected GTFS trip frequency
FULLBUS03450,300,0.742,0.9,0.2,8215,Full e-bus coverage scenario; route assignment weighted by selected GTFS trip frequency
FULLBUS03451,300,0.739,0.9,0.2,1000349,Full e-bus coverage scenario; route assignment weighted by selected GTFS trip frequency
FULLBUS03452,300,0.782,0.9,0.2,1000349,Full e-bus coverage scenario; route assignment weighted by selected GTFS trip frequency
FULLBUS03453,300,0.818,0.9,0.2,1000349,Full e-bus coverage scenario; route assignment weighted by selected GTFS trip frequency
FULLBUS03454,300,0.873,0.9,0.2,1191,Full e-bus coverage scenario; route assignment weighted by selected GTFS trip frequency
FULLBUS03455,300,0.88,0.9,0.2,1191,Full e-bus coverage scenario; route assignment weighted by selected GTFS trip frequency
FULLBUS03456,300,0.753,0.9,0.2,1191,Full e-bus coverage scenario; route assignment weighted by selected GTFS trip frequency
FULLBUS03457,300,0.876,0.9,0.2,1414,Full e-bus coverage scenario; route assignment weighted by selected GTFS trip frequency
FULLBUS03458,300,0.746,0.9,0.2,1414,Full e-bus coverage scenario; route assignment weighted by selected GTFS trip frequency
FULLBUS03459,300,0.866,0.9,0.2,1414,Full e-bus coverage scenario; route assignment weighted by selected GTFS trip frequency
FULLBUS03460,300,0.766,0.9,0.2,1538,Full e-bus coverage scenario; route assignment weighted by selected GTFS trip frequency
FULLBUS03461,300,0.86,0.9,0.2,1538,Full e-bus coverage scenario; route assignment weighted by selected GTFS trip frequency
FULLBUS03462,300,0.806,0.9,0.2,1538,Full e-bus coverage scenario; route assignment weighted by selected GTFS trip frequency
FULLBUS03463,300,0.805,0.9,0.2,1641,Full e-bus coverage scenario; route assignment weighted by selected GTFS trip frequency
FULLBUS03464,300,0.747,0.9,0.2,1641,Full e-bus coverage scenario; route assignment weighted by selected GTFS trip frequency
FULLBUS03465,300,0.831,0.9,0.2,1641,Full e-bus coverage scenario; route assignment weighted by selected GTFS trip frequency
FULLBUS03466,300,0.722,0.9,0.2,2002052,Full e-bus coverage scenario; route assignment weighted by selected GTFS trip frequency
FULLBUS03467,300,0.771,0.9,0.2,2002052,Full e-bus coverage scenario; route assignment weighted by selected GTFS trip frequency
FULLBUS03468,300,0.858,0.9,0.2,2002052,Full e-bus coverage scenario; route assignment weighted by selected GTFS trip frequency
FULLBUS03469,300,0.778,0.9,0.2,2004428,Full e-bus coverage scenario; route assignment weighted by selected GTFS trip frequency
FULLBUS03470,300,0.866,0.9,0.2,2004428,Full e-bus coverage scenario; route assignment weighted by selected GTFS trip frequency
FULLBUS03471,300,0.871,0.9,0.2,2004428,Full e-bus coverage scenario; route assignment weighted by selected GTFS trip frequency
FULLBUS03472,300,0.857,0.9,0.2,8625,Full e-bus coverage scenario; route assignment weighted by selected GTFS trip frequency
FULLBUS03473,300,0.818,0.9,0.2,8625,Full e-bus coverage scenario; route assignment weighted by selected GTFS trip frequency
FULLBUS03474,300,0.72,0.9,0.2,8625,Full e-bus coverage scenario; route assignment weighted by selected GTFS trip frequency
FULLBUS03475,300,0.825,0.9,0.2,1000223,Full e-bus coverage scenario; route assignment weighted by selected GTFS trip frequency
FULLBUS03476,300,0.806,0.9,0.2,1000223,Full e-bus coverage scenario; route assignment weighted by selected GTFS trip frequency
FULLBUS03477,300,0.774,0.9,0.2,1000223,Full e-bus coverage scenario; route assignment weighted by selected GTFS trip frequency
FULLBUS03478,300,0.838,0.9,0.2,1000235,Full e-bus coverage scenario; route assignment weighted by selected GTFS trip frequency
FULLBUS03479,300,0.866,0.9,0.2,1000235,Full e-bus coverage scenario; route assignment weighted by selected GTFS trip frequency
FULLBUS03480,300,0.849,0.9,0.2,1000235,Full e-bus coverage scenario; route assignment weighted by selected GTFS trip frequency
FULLBUS03481,300,0.831,0.9,0.2,1056,Full e-bus coverage scenario; route assignment weighted by selected GTFS trip frequency
FULLBUS03482,300,0.773,0.9,0.2,1056,Full e-bus coverage scenario; route assignment weighted by selected GTFS trip frequency
FULLBUS03483,300,0.815,0.9,0.2,1056,Full e-bus coverage scenario; route assignment weighted by selected GTFS trip frequency
FULLBUS03484,300,0.728,0.9,0.2,1074,Full e-bus coverage scenario; route assignment weighted by selected GTFS trip frequency
FULLBUS03485,300,0.855,0.9,0.2,1074,Full e-bus coverage scenario; route assignment weighted by selected GTFS trip frequency
FULLBUS03486,300,0.807,0.9,0.2,1074,Full e-bus coverage scenario; route assignment weighted by selected GTFS trip frequency
FULLBUS03487,300,0.743,0.9,0.2,1201,Full e-bus coverage scenario; route assignment weighted by selected GTFS trip frequency
FULLBUS03488,300,0.759,0.9,0.2,1201,Full e-bus coverage scenario; route assignment weighted by selected GTFS trip frequency
FULLBUS03489,300,0.726,0.9,0.2,1201,Full e-bus coverage scenario; route assignment weighted by selected GTFS trip frequency
FULLBUS03490,300,0.808,0.9,0.2,1237,Full e-bus coverage scenario; route assignment weighted by selected GTFS trip frequency
FULLBUS03491,300,0.826,0.9,0.2,1237,Full e-bus coverage scenario; route assignment weighted by selected GTFS trip frequency
FULLBUS03492,300,0.744,0.9,0.2,1237,Full e-bus coverage scenario; route assignment weighted by selected GTFS trip frequency
FULLBUS03493,300,0.83,0.9,0.2,1259,Full e-bus coverage scenario; route assignment weighted by selected GTFS trip frequency
FULLBUS03494,300,0.863,0.9,0.2,1259,Full e-bus coverage scenario; route assignment weighted by selected GTFS trip frequency
FULLBUS03495,300,0.757,0.9,0.2,1259,Full e-bus coverage scenario; route assignment weighted by selected GTFS trip frequency
FULLBUS03496,300,0.842,0.9,0.2,1300,Full e-bus coverage scenario; route assignment weighted by selected GTFS trip frequency
FULLBUS03497,300,0.756,0.9,0.2,1300,Full e-bus coverage scenario; route assignment weighted by selected GTFS trip frequency
FULLBUS03498,300,0.825,0.9,0.2,1300,Full e-bus coverage scenario; route assignment weighted by selected GTFS trip frequency
FULLBUS03499,300,0.868,0.9,0.2,1370,Full e-bus coverage scenario; route assignment weighted by selected GTFS trip frequency
FULLBUS03500,300,0.746,0.9,0.2,1370,Full e-bus coverage scenario; route assignment weighted by selected GTFS trip frequency
FULLBUS03501,300,0.841,0.9,0.2,1370,Full e-bus coverage scenario; route assignment weighted by selected GTFS trip frequency
FULLBUS03502,300,0.857,0.9,0.2,2000964,Full e-bus coverage scenario; route assignment weighted by selected GTFS trip frequency
FULLBUS03503,300,0.825,0.9,0.2,2000964,Full e-bus coverage scenario; route assignment weighted by selected GTFS trip frequency
FULLBUS03504,300,0.828,0.9,0.2,2000964,Full e-bus coverage scenario; route assignment weighted by selected GTFS trip frequency
FULLBUS03505,300,0.741,0.9,0.2,2007233,Full e-bus coverage scenario; route assignment weighted by selected GTFS trip frequency
FULLBUS03506,300,0.847,0.9,0.2,2007233,Full e-bus coverage scenario; route assignment weighted by selected GTFS trip frequency
FULLBUS03507,300,0.812,0.9,0.2,2007233,Full e-bus coverage scenario; route assignment weighted by selected GTFS trip frequency
FULLBUS03508,300,0.733,0.9,0.2,2008604,Full e-bus coverage scenario; route assignment weighted by selected GTFS trip frequency
FULLBUS03509,300,0.743,0.9,0.2,2008604,Full e-bus coverage scenario; route assignment weighted by selected GTFS trip frequency
FULLBUS03510,300,0.767,0.9,0.2,2008604,Full e-bus coverage scenario; route assignment weighted by selected GTFS trip frequency
FULLBUS03511,300,0.782,0.9,0.2,2010137,Full e-bus coverage scenario; route assignment weighted by selected GTFS trip frequency
FULLBUS03512,300,0.788,0.9,0.2,2010137,Full e-bus coverage scenario; route assignment weighted by selected GTFS trip frequency
FULLBUS03513,300,0.807,0.9,0.2,2010137,Full e-bus coverage scenario; route assignment weighted by selected GTFS trip frequency
FULLBUS03514,300,0.774,0.9,0.2,8748,Full e-bus coverage scenario; route assignment weighted by selected GTFS trip frequency
FULLBUS03515,300,0.8,0.9,0.2,8748,Full e-bus coverage scenario; route assignment weighted by selected GTFS trip frequency
FULLBUS03516,300,0.775,0.9,0.2,8748,Full e-bus coverage scenario; route assignment weighted by selected GTFS trip frequency
FULLBUS03517,300,0.868,0.9,0.2,1000193,Full e-bus coverage scenario; route assignment weighted by selected GTFS trip frequency
FULLBUS03518,300,0.761,0.9,0.2,1000193,Full e-bus coverage scenario; route assignment weighted by selected GTFS trip frequency
FULLBUS03519,300,0.744,0.9,0.2,1000444,Full e-bus coverage scenario; route assignment weighted by selected GTFS trip frequency
FULLBUS03520,300,0.844,0.9,0.2,1000444,Full e-bus coverage scenario; route assignment weighted by selected GTFS trip frequency
FULLBUS03521,300,0.837,0.9,0.2,1073,Full e-bus coverage scenario; route assignment weighted by selected GTFS trip frequency
FULLBUS03522,300,0.823,0.9,0.2,1073,Full e-bus coverage scenario; route assignment weighted by selected GTFS trip frequency
FULLBUS03523,300,0.876,0.9,0.2,1126,Full e-bus coverage scenario; route assignment weighted by selected GTFS trip frequency
FULLBUS03524,300,0.749,0.9,0.2,1126,Full e-bus coverage scenario; route assignment weighted by selected GTFS trip frequency
FULLBUS03525,300,0.751,0.9,0.2,1139,Full e-bus coverage scenario; route assignment weighted by selected GTFS trip frequency
FULLBUS03526,300,0.741,0.9,0.2,1139,Full e-bus coverage scenario; route assignment weighted by selected GTFS trip frequency
FULLBUS03527,300,0.722,0.9,0.2,1161,Full e-bus coverage scenario; route assignment weighted by selected GTFS trip frequency
FULLBUS03528,300,0.824,0.9,0.2,1161,Full e-bus coverage scenario; route assignment weighted by selected GTFS trip frequency
FULLBUS03529,300,0.729,0.9,0.2,1210,Full e-bus coverage scenario; route assignment weighted by selected GTFS trip frequency
FULLBUS03530,300,0.736,0.9,0.2,1210,Full e-bus coverage scenario; route assignment weighted by selected GTFS trip frequency
FULLBUS03531,300,0.731,0.9,0.2,1270,Full e-bus coverage scenario; route assignment weighted by selected GTFS trip frequency
FULLBUS03532,300,0.849,0.9,0.2,1270,Full e-bus coverage scenario; route assignment weighted by selected GTFS trip frequency
FULLBUS03533,300,0.734,0.9,0.2,1333,Full e-bus coverage scenario; route assignment weighted by selected GTFS trip frequency
FULLBUS03534,300,0.863,0.9,0.2,1333,Full e-bus coverage scenario; route assignment weighted by selected GTFS trip frequency
FULLBUS03535,300,0.771,0.9,0.2,1380,Full e-bus coverage scenario; route assignment weighted by selected GTFS trip frequency
FULLBUS03536,300,0.849,0.9,0.2,1380,Full e-bus coverage scenario; route assignment weighted by selected GTFS trip frequency
FULLBUS03537,300,0.741,0.9,0.2,1386,Full e-bus coverage scenario; route assignment weighted by selected GTFS trip frequency
FULLBUS03538,300,0.75,0.9,0.2,1386,Full e-bus coverage scenario; route assignment weighted by selected GTFS trip frequency
FULLBUS03539,300,0.79,0.9,0.2,1526,Full e-bus coverage scenario; route assignment weighted by selected GTFS trip frequency
FULLBUS03540,300,0.786,0.9,0.2,1526,Full e-bus coverage scenario; route assignment weighted by selected GTFS trip frequency
FULLBUS03541,300,0.728,0.9,0.2,2006509,Full e-bus coverage scenario; route assignment weighted by selected GTFS trip frequency
FULLBUS03542,300,0.788,0.9,0.2,2006509,Full e-bus coverage scenario; route assignment weighted by selected GTFS trip frequency
FULLBUS03543,300,0.735,0.9,0.2,8473,Full e-bus coverage scenario; route assignment weighted by selected GTFS trip frequency
FULLBUS03544,300,0.801,0.9,0.2,8473,Full e-bus coverage scenario; route assignment weighted by selected GTFS trip frequency
FULLBUS03545,300,0.806,0.9,0.2,8492,Full e-bus coverage scenario; route assignment weighted by selected GTFS trip frequency
FULLBUS03546,300,0.826,0.9,0.2,8492,Full e-bus coverage scenario; route assignment weighted by selected GTFS trip frequency
FULLBUS03547,300,0.813,0.9,0.2,1184,Full e-bus coverage scenario; route assignment weighted by selected GTFS trip frequency
FULLBUS03548,300,0.773,0.9,0.2,1184,Full e-bus coverage scenario; route assignment weighted by selected GTFS trip frequency
FULLBUS03549,300,0.772,0.9,0.2,1186,Full e-bus coverage scenario; route assignment weighted by selected GTFS trip frequency
FULLBUS03550,300,0.742,0.9,0.2,1186,Full e-bus coverage scenario; route assignment weighted by selected GTFS trip frequency
FULLBUS03551,300,0.861,0.9,0.2,1213,Full e-bus coverage scenario; route assignment weighted by selected GTFS trip frequency
FULLBUS03552,300,0.785,0.9,0.2,1213,Full e-bus coverage scenario; route assignment weighted by selected GTFS trip frequency
FULLBUS03553,300,0.803,0.9,0.2,1242,Full e-bus coverage scenario; route assignment weighted by selected GTFS trip frequency
FULLBUS03554,300,0.877,0.9,0.2,1242,Full e-bus coverage scenario; route assignment weighted by selected GTFS trip frequency
FULLBUS03555,300,0.844,0.9,0.2,1261,Full e-bus coverage scenario; route assignment weighted by selected GTFS trip frequency
FULLBUS03556,300,0.782,0.9,0.2,1261,Full e-bus coverage scenario; route assignment weighted by selected GTFS trip frequency
FULLBUS03557,300,0.796,0.9,0.2,1313,Full e-bus coverage scenario; route assignment weighted by selected GTFS trip frequency
FULLBUS03558,300,0.766,0.9,0.2,1313,Full e-bus coverage scenario; route assignment weighted by selected GTFS trip frequency
FULLBUS03559,300,0.852,0.9,0.2,1731,Full e-bus coverage scenario; route assignment weighted by selected GTFS trip frequency
FULLBUS03560,300,0.811,0.9,0.2,1731,Full e-bus coverage scenario; route assignment weighted by selected GTFS trip frequency
FULLBUS03561,300,0.8,0.9,0.2,2002549,Full e-bus coverage scenario; route assignment weighted by selected GTFS trip frequency
FULLBUS03562,300,0.854,0.9,0.2,2002549,Full e-bus coverage scenario; route assignment weighted by selected GTFS trip frequency
FULLBUS03563,300,0.721,0.9,0.2,1000192,Full e-bus coverage scenario; route assignment weighted by selected GTFS trip frequency
FULLBUS03564,300,0.847,0.9,0.2,1000192,Full e-bus coverage scenario; route assignment weighted by selected GTFS trip frequency
FULLBUS03565,300,0.723,0.9,0.2,1051,Full e-bus coverage scenario; route assignment weighted by selected GTFS trip frequency
FULLBUS03566,300,0.823,0.9,0.2,1051,Full e-bus coverage scenario; route assignment weighted by selected GTFS trip frequency
FULLBUS03567,300,0.875,0.9,0.2,1127,Full e-bus coverage scenario; route assignment weighted by selected GTFS trip frequency
FULLBUS03568,300,0.842,0.9,0.2,1127,Full e-bus coverage scenario; route assignment weighted by selected GTFS trip frequency
FULLBUS03569,300,0.729,0.9,0.2,1350,Full e-bus coverage scenario; route assignment weighted by selected GTFS trip frequency
FULLBUS03570,300,0.856,0.9,0.2,1350,Full e-bus coverage scenario; route assignment weighted by selected GTFS trip frequency
FULLBUS03571,300,0.804,0.9,0.2,1507,Full e-bus coverage scenario; route assignment weighted by selected GTFS trip frequency
FULLBUS03572,300,0.802,0.9,0.2,1507,Full e-bus coverage scenario; route assignment weighted by selected GTFS trip frequency
FULLBUS03573,300,0.838,0.9,0.2,1565,Full e-bus coverage scenario; route assignment weighted by selected GTFS trip frequency
FULLBUS03574,300,0.827,0.9,0.2,1565,Full e-bus coverage scenario; route assignment weighted by selected GTFS trip frequency
FULLBUS03575,300,0.779,0.9,0.2,1953,Full e-bus coverage scenario; route assignment weighted by selected GTFS trip frequency
FULLBUS03576,300,0.784,0.9,0.2,1953,Full e-bus coverage scenario; route assignment weighted by selected GTFS trip frequency
FULLBUS03577,300,0.83,0.9,0.2,8372,Full e-bus coverage scenario; route assignment weighted by selected GTFS trip frequency
FULLBUS03578,300,0.835,0.9,0.2,8372,Full e-bus coverage scenario; route assignment weighted by selected GTFS trip frequency
FULLBUS03579,300,0.834,0.9,0.2,8435,Full e-bus coverage scenario; route assignment weighted by selected GTFS trip frequency
FULLBUS03580,300,0.842,0.9,0.2,8435,Full e-bus coverage scenario; route assignment weighted by selected GTFS trip frequency
FULLBUS03581,300,0.805,0.9,0.2,8480,Full e-bus coverage scenario; route assignment weighted by selected GTFS trip frequency
FULLBUS03582,300,0.841,0.9,0.2,8480,Full e-bus coverage scenario; route assignment weighted by selected GTFS trip frequency
FULLBUS03583,300,0.741,0.9,0.2,1000393,Full e-bus coverage scenario; route assignment weighted by selected GTFS trip frequency
FULLBUS03584,300,0.826,0.9,0.2,1000393,Full e-bus coverage scenario; route assignment weighted by selected GTFS trip frequency
FULLBUS03585,300,0.836,0.9,0.2,1042,Full e-bus coverage scenario; route assignment weighted by selected GTFS trip frequency
FULLBUS03586,300,0.762,0.9,0.2,1042,Full e-bus coverage scenario; route assignment weighted by selected GTFS trip frequency
FULLBUS03587,300,0.844,0.9,0.2,1169,Full e-bus coverage scenario; route assignment weighted by selected GTFS trip frequency
FULLBUS03588,300,0.753,0.9,0.2,1169,Full e-bus coverage scenario; route assignment weighted by selected GTFS trip frequency
FULLBUS03589,300,0.749,0.9,0.2,1358,Full e-bus coverage scenario; route assignment weighted by selected GTFS trip frequency
FULLBUS03590,300,0.781,0.9,0.2,1358,Full e-bus coverage scenario; route assignment weighted by selected GTFS trip frequency
FULLBUS03591,300,0.776,0.9,0.2,1400,Full e-bus coverage scenario; route assignment weighted by selected GTFS trip frequency
FULLBUS03592,300,0.733,0.9,0.2,1400,Full e-bus coverage scenario; route assignment weighted by selected GTFS trip frequency
FULLBUS03593,300,0.745,0.9,0.2,1505,Full e-bus coverage scenario; route assignment weighted by selected GTFS trip frequency
FULLBUS03594,300,0.787,0.9,0.2,1505,Full e-bus coverage scenario; route assignment weighted by selected GTFS trip frequency
FULLBUS03595,300,0.851,0.9,0.2,1523,Full e-bus coverage scenario; route assignment weighted by selected GTFS trip frequency
FULLBUS03596,300,0.8,0.9,0.2,1523,Full e-bus coverage scenario; route assignment weighted by selected GTFS trip frequency
FULLBUS03597,300,0.794,0.9,0.2,1757,Full e-bus coverage scenario; route assignment weighted by selected GTFS trip frequency
FULLBUS03598,300,0.748,0.9,0.2,1757,Full e-bus coverage scenario; route assignment weighted by selected GTFS trip frequency
FULLBUS03599,300,0.772,0.9,0.2,2001468,Full e-bus coverage scenario; route assignment weighted by selected GTFS trip frequency
FULLBUS03600,300,0.774,0.9,0.2,2001468,Full e-bus coverage scenario; route assignment weighted by selected GTFS trip frequency
FULLBUS03601,300,0.759,0.9,0.2,2002849,Full e-bus coverage scenario; route assignment weighted by selected GTFS trip frequency
FULLBUS03602,300,0.787,0.9,0.2,2002849,Full e-bus coverage scenario; route assignment weighted by selected GTFS trip frequency
FULLBUS03603,300,0.811,0.9,0.2,2003704,Full e-bus coverage scenario; route assignment weighted by selected GTFS trip frequency
FULLBUS03604,300,0.772,0.9,0.2,2003704,Full e-bus coverage scenario; route assignment weighted by selected GTFS trip frequency
FULLBUS03605,300,0.81,0.9,0.2,8409,Full e-bus coverage scenario; route assignment weighted by selected GTFS trip frequency
FULLBUS03606,300,0.797,0.9,0.2,8409,Full e-bus coverage scenario; route assignment weighted by selected GTFS trip frequency
FULLBUS03607,300,0.755,0.9,0.2,8571,Full e-bus coverage scenario; route assignment weighted by selected GTFS trip frequency
FULLBUS03608,300,0.791,0.9,0.2,8571,Full e-bus coverage scenario; route assignment weighted by selected GTFS trip frequency
FULLBUS03609,300,0.781,0.9,0.2,1000341,Full e-bus coverage scenario; route assignment weighted by selected GTFS trip frequency
FULLBUS03610,300,0.829,0.9,0.2,1000341,Full e-bus coverage scenario; route assignment weighted by selected GTFS trip frequency
FULLBUS03611,300,0.841,0.9,0.2,1228,Full e-bus coverage scenario; route assignment weighted by selected GTFS trip frequency
FULLBUS03612,300,0.722,0.9,0.2,1228,Full e-bus coverage scenario; route assignment weighted by selected GTFS trip frequency
FULLBUS03613,300,0.795,0.9,0.2,1278,Full e-bus coverage scenario; route assignment weighted by selected GTFS trip frequency
FULLBUS03614,300,0.774,0.9,0.2,1278,Full e-bus coverage scenario; route assignment weighted by selected GTFS trip frequency
FULLBUS03615,300,0.733,0.9,0.2,1289,Full e-bus coverage scenario; route assignment weighted by selected GTFS trip frequency
FULLBUS03616,300,0.782,0.9,0.2,1289,Full e-bus coverage scenario; route assignment weighted by selected GTFS trip frequency
FULLBUS03617,300,0.782,0.9,0.2,1408,Full e-bus coverage scenario; route assignment weighted by selected GTFS trip frequency
FULLBUS03618,300,0.741,0.9,0.2,1408,Full e-bus coverage scenario; route assignment weighted by selected GTFS trip frequency
FULLBUS03619,300,0.877,0.9,0.2,1422,Full e-bus coverage scenario; route assignment weighted by selected GTFS trip frequency
FULLBUS03620,300,0.843,0.9,0.2,1422,Full e-bus coverage scenario; route assignment weighted by selected GTFS trip frequency
FULLBUS03621,300,0.873,0.9,0.2,2001469,Full e-bus coverage scenario; route assignment weighted by selected GTFS trip frequency
FULLBUS03622,300,0.801,0.9,0.2,2001469,Full e-bus coverage scenario; route assignment weighted by selected GTFS trip frequency
FULLBUS03623,300,0.75,0.9,0.2,2005616,Full e-bus coverage scenario; route assignment weighted by selected GTFS trip frequency
FULLBUS03624,300,0.764,0.9,0.2,2005616,Full e-bus coverage scenario; route assignment weighted by selected GTFS trip frequency
FULLBUS03625,300,0.736,0.9,0.2,2006641,Full e-bus coverage scenario; route assignment weighted by selected GTFS trip frequency
FULLBUS03626,300,0.879,0.9,0.2,2006641,Full e-bus coverage scenario; route assignment weighted by selected GTFS trip frequency
FULLBUS03627,300,0.722,0.9,0.2,2008059,Full e-bus coverage scenario; route assignment weighted by selected GTFS trip frequency
FULLBUS03628,300,0.785,0.9,0.2,2008059,Full e-bus coverage scenario; route assignment weighted by selected GTFS trip frequency
FULLBUS03629,300,0.741,0.9,0.2,8251,Full e-bus coverage scenario; route assignment weighted by selected GTFS trip frequency
FULLBUS03630,300,0.779,0.9,0.2,8251,Full e-bus coverage scenario; route assignment weighted by selected GTFS trip frequency
FULLBUS03631,300,0.766,0.9,0.2,1000199,Full e-bus coverage scenario; route assignment weighted by selected GTFS trip frequency
FULLBUS03632,300,0.768,0.9,0.2,1000199,Full e-bus coverage scenario; route assignment weighted by selected GTFS trip frequency
FULLBUS03633,300,0.83,0.9,0.2,1000334,Full e-bus coverage scenario; route assignment weighted by selected GTFS trip frequency
FULLBUS03634,300,0.843,0.9,0.2,1000334,Full e-bus coverage scenario; route assignment weighted by selected GTFS trip frequency
FULLBUS03635,300,0.827,0.9,0.2,1000368,Full e-bus coverage scenario; route assignment weighted by selected GTFS trip frequency
FULLBUS03636,300,0.752,0.9,0.2,1000368,Full e-bus coverage scenario; route assignment weighted by selected GTFS trip frequency
FULLBUS03637,300,0.772,0.9,0.2,1000553,Full e-bus coverage scenario; route assignment weighted by selected GTFS trip frequency
FULLBUS03638,300,0.748,0.9,0.2,1000553,Full e-bus coverage scenario; route assignment weighted by selected GTFS trip frequency
FULLBUS03639,300,0.798,0.9,0.2,1180,Full e-bus coverage scenario; route assignment weighted by selected GTFS trip frequency
FULLBUS03640,300,0.852,0.9,0.2,1180,Full e-bus coverage scenario; route assignment weighted by selected GTFS trip frequency
FULLBUS03641,300,0.784,0.9,0.2,1189,Full e-bus coverage scenario; route assignment weighted by selected GTFS trip frequency
FULLBUS03642,300,0.816,0.9,0.2,1189,Full e-bus coverage scenario; route assignment weighted by selected GTFS trip frequency
FULLBUS03643,300,0.859,0.9,0.2,1322,Full e-bus coverage scenario; route assignment weighted by selected GTFS trip frequency
FULLBUS03644,300,0.818,0.9,0.2,1322,Full e-bus coverage scenario; route assignment weighted by selected GTFS trip frequency
FULLBUS03645,300,0.8,0.9,0.2,1346,Full e-bus coverage scenario; route assignment weighted by selected GTFS trip frequency
FULLBUS03646,300,0.797,0.9,0.2,1346,Full e-bus coverage scenario; route assignment weighted by selected GTFS trip frequency
FULLBUS03647,300,0.822,0.9,0.2,1393,Full e-bus coverage scenario; route assignment weighted by selected GTFS trip frequency
FULLBUS03648,300,0.795,0.9,0.2,1393,Full e-bus coverage scenario; route assignment weighted by selected GTFS trip frequency
FULLBUS03649,300,0.872,0.9,0.2,1467,Full e-bus coverage scenario; route assignment weighted by selected GTFS trip frequency
FULLBUS03650,300,0.774,0.9,0.2,1467,Full e-bus coverage scenario; route assignment weighted by selected GTFS trip frequency
FULLBUS03651,300,0.785,0.9,0.2,1509,Full e-bus coverage scenario; route assignment weighted by selected GTFS trip frequency
FULLBUS03652,300,0.823,0.9,0.2,1509,Full e-bus coverage scenario; route assignment weighted by selected GTFS trip frequency
FULLBUS03653,300,0.862,0.9,0.2,1766,Full e-bus coverage scenario; route assignment weighted by selected GTFS trip frequency
FULLBUS03654,300,0.732,0.9,0.2,1766,Full e-bus coverage scenario; route assignment weighted by selected GTFS trip frequency
FULLBUS03655,300,0.735,0.9,0.2,2006675,Full e-bus coverage scenario; route assignment weighted by selected GTFS trip frequency
FULLBUS03656,300,0.812,0.9,0.2,2006675,Full e-bus coverage scenario; route assignment weighted by selected GTFS trip frequency
FULLBUS03657,300,0.731,0.9,0.2,2009119,Full e-bus coverage scenario; route assignment weighted by selected GTFS trip frequency
FULLBUS03658,300,0.758,0.9,0.2,2009119,Full e-bus coverage scenario; route assignment weighted by selected GTFS trip frequency
FULLBUS03659,300,0.758,0.9,0.2,2010401,Full e-bus coverage scenario; route assignment weighted by selected GTFS trip frequency
FULLBUS03660,300,0.862,0.9,0.2,2010401,Full e-bus coverage scenario; route assignment weighted by selected GTFS trip frequency
FULLBUS03661,300,0.731,0.9,0.2,1000350,Full e-bus coverage scenario; route assignment weighted by selected GTFS trip frequency
FULLBUS03662,300,0.742,0.9,0.2,1000350,Full e-bus coverage scenario; route assignment weighted by selected GTFS trip frequency
FULLBUS03663,300,0.811,0.9,0.2,1030,Full e-bus coverage scenario; route assignment weighted by selected GTFS trip frequency
FULLBUS03664,300,0.841,0.9,0.2,1030,Full e-bus coverage scenario; route assignment weighted by selected GTFS trip frequency
FULLBUS03665,300,0.815,0.9,0.2,1032,Full e-bus coverage scenario; route assignment weighted by selected GTFS trip frequency
FULLBUS03666,300,0.8,0.9,0.2,1032,Full e-bus coverage scenario; route assignment weighted by selected GTFS trip frequency
FULLBUS03667,300,0.875,0.9,0.2,1034,Full e-bus coverage scenario; route assignment weighted by selected GTFS trip frequency
FULLBUS03668,300,0.822,0.9,0.2,1034,Full e-bus coverage scenario; route assignment weighted by selected GTFS trip frequency
FULLBUS03669,300,0.791,0.9,0.2,1412,Full e-bus coverage scenario; route assignment weighted by selected GTFS trip frequency
FULLBUS03670,300,0.797,0.9,0.2,1412,Full e-bus coverage scenario; route assignment weighted by selected GTFS trip frequency
FULLBUS03671,300,0.813,0.9,0.2,1661,Full e-bus coverage scenario; route assignment weighted by selected GTFS trip frequency
FULLBUS03672,300,0.74,0.9,0.2,1661,Full e-bus coverage scenario; route assignment weighted by selected GTFS trip frequency
FULLBUS03673,300,0.828,0.9,0.2,2010104,Full e-bus coverage scenario; route assignment weighted by selected GTFS trip frequency
FULLBUS03674,300,0.753,0.9,0.2,2010104,Full e-bus coverage scenario; route assignment weighted by selected GTFS trip frequency
FULLBUS03675,300,0.869,0.9,0.2,1000197,Full e-bus coverage scenario; route assignment weighted by selected GTFS trip frequency
FULLBUS03676,300,0.854,0.9,0.2,1000197,Full e-bus coverage scenario; route assignment weighted by selected GTFS trip frequency
FULLBUS03677,300,0.838,0.9,0.2,1017,Full e-bus coverage scenario; route assignment weighted by selected GTFS trip frequency
FULLBUS03678,300,0.782,0.9,0.2,1017,Full e-bus coverage scenario; route assignment weighted by selected GTFS trip frequency
FULLBUS03679,300,0.753,0.9,0.2,1363,Full e-bus coverage scenario; route assignment weighted by selected GTFS trip frequency
FULLBUS03680,300,0.755,0.9,0.2,1363,Full e-bus coverage scenario; route assignment weighted by selected GTFS trip frequency
FULLBUS03681,300,0.824,0.9,0.2,1403,Full e-bus coverage scenario; route assignment weighted by selected GTFS trip frequency
FULLBUS03682,300,0.849,0.9,0.2,1403,Full e-bus coverage scenario; route assignment weighted by selected GTFS trip frequency
FULLBUS03683,300,0.785,0.9,0.2,1687,Full e-bus coverage scenario; route assignment weighted by selected GTFS trip frequency
FULLBUS03684,300,0.859,0.9,0.2,1687,Full e-bus coverage scenario; route assignment weighted by selected GTFS trip frequency
FULLBUS03685,300,0.753,0.9,0.2,1881,Full e-bus coverage scenario; route assignment weighted by selected GTFS trip frequency
FULLBUS03686,300,0.823,0.9,0.2,1881,Full e-bus coverage scenario; route assignment weighted by selected GTFS trip frequency
FULLBUS03687,300,0.807,0.9,0.2,2001038,Full e-bus coverage scenario; route assignment weighted by selected GTFS trip frequency
FULLBUS03688,300,0.745,0.9,0.2,2001038,Full e-bus coverage scenario; route assignment weighted by selected GTFS trip frequency
FULLBUS03689,300,0.747,0.9,0.2,2001855,Full e-bus coverage scenario; route assignment weighted by selected GTFS trip frequency
FULLBUS03690,300,0.833,0.9,0.2,2001855,Full e-bus coverage scenario; route assignment weighted by selected GTFS trip frequency
FULLBUS03691,300,0.857,0.9,0.2,2002327,Full e-bus coverage scenario; route assignment weighted by selected GTFS trip frequency
FULLBUS03692,300,0.743,0.9,0.2,2002327,Full e-bus coverage scenario; route assignment weighted by selected GTFS trip frequency
FULLBUS03693,300,0.829,0.9,0.2,2004331,Full e-bus coverage scenario; route assignment weighted by selected GTFS trip frequency
FULLBUS03694,300,0.82,0.9,0.2,2004331,Full e-bus coverage scenario; route assignment weighted by selected GTFS trip frequency
FULLBUS03695,300,0.781,0.9,0.2,2005583,Full e-bus coverage scenario; route assignment weighted by selected GTFS trip frequency
FULLBUS03696,300,0.83,0.9,0.2,2005583,Full e-bus coverage scenario; route assignment weighted by selected GTFS trip frequency
FULLBUS03697,300,0.838,0.9,0.2,2005689,Full e-bus coverage scenario; route assignment weighted by selected GTFS trip frequency
FULLBUS03698,300,0.732,0.9,0.2,2005689,Full e-bus coverage scenario; route assignment weighted by selected GTFS trip frequency
FULLBUS03699,300,0.837,0.9,0.2,2007773,Full e-bus coverage scenario; route assignment weighted by selected GTFS trip frequency
FULLBUS03700,300,0.773,0.9,0.2,2007773,Full e-bus coverage scenario; route assignment weighted by selected GTFS trip frequency
FULLBUS03701,300,0.791,0.9,0.2,8128,Full e-bus coverage scenario; route assignment weighted by selected GTFS trip frequency
FULLBUS03702,300,0.764,0.9,0.2,8128,Full e-bus coverage scenario; route assignment weighted by selected GTFS trip frequency
FULLBUS03703,300,0.744,0.9,0.2,8331,Full e-bus coverage scenario; route assignment weighted by selected GTFS trip frequency
FULLBUS03704,300,0.831,0.9,0.2,8331,Full e-bus coverage scenario; route assignment weighted by selected GTFS trip frequency
FULLBUS03705,300,0.855,0.9,0.2,8561,Full e-bus coverage scenario; route assignment weighted by selected GTFS trip frequency
FULLBUS03706,300,0.757,0.9,0.2,8561,Full e-bus coverage scenario; route assignment weighted by selected GTFS trip frequency
FULLBUS03707,300,0.739,0.9,0.2,1088,Full e-bus coverage scenario; route assignment weighted by selected GTFS trip frequency
FULLBUS03708,300,0.745,0.9,0.2,1088,Full e-bus coverage scenario; route assignment weighted by selected GTFS trip frequency
FULLBUS03709,300,0.819,0.9,0.2,1196,Full e-bus coverage scenario; route assignment weighted by selected GTFS trip frequency
FULLBUS03710,300,0.773,0.9,0.2,1196,Full e-bus coverage scenario; route assignment weighted by selected GTFS trip frequency
FULLBUS03711,300,0.845,0.9,0.2,1202,Full e-bus coverage scenario; route assignment weighted by selected GTFS trip frequency
FULLBUS03712,300,0.741,0.9,0.2,1202,Full e-bus coverage scenario; route assignment weighted by selected GTFS trip frequency
FULLBUS03713,300,0.743,0.9,0.2,1347,Full e-bus coverage scenario; route assignment weighted by selected GTFS trip frequency
FULLBUS03714,300,0.87,0.9,0.2,1347,Full e-bus coverage scenario; route assignment weighted by selected GTFS trip frequency
FULLBUS03715,300,0.847,0.9,0.2,1395,Full e-bus coverage scenario; route assignment weighted by selected GTFS trip frequency
FULLBUS03716,300,0.809,0.9,0.2,1395,Full e-bus coverage scenario; route assignment weighted by selected GTFS trip frequency
FULLBUS03717,300,0.724,0.9,0.2,1596,Full e-bus coverage scenario; route assignment weighted by selected GTFS trip frequency
FULLBUS03718,300,0.85,0.9,0.2,1596,Full e-bus coverage scenario; route assignment weighted by selected GTFS trip frequency
FULLBUS03719,300,0.731,0.9,0.2,1805,Full e-bus coverage scenario; route assignment weighted by selected GTFS trip frequency
FULLBUS03720,300,0.832,0.9,0.2,1805,Full e-bus coverage scenario; route assignment weighted by selected GTFS trip frequency
FULLBUS03721,300,0.837,0.9,0.2,1892,Full e-bus coverage scenario; route assignment weighted by selected GTFS trip frequency
FULLBUS03722,300,0.776,0.9,0.2,1892,Full e-bus coverage scenario; route assignment weighted by selected GTFS trip frequency
FULLBUS03723,300,0.841,0.9,0.2,2003835,Full e-bus coverage scenario; route assignment weighted by selected GTFS trip frequency
FULLBUS03724,300,0.862,0.9,0.2,2003835,Full e-bus coverage scenario; route assignment weighted by selected GTFS trip frequency
FULLBUS03725,300,0.753,0.9,0.2,2008786,Full e-bus coverage scenario; route assignment weighted by selected GTFS trip frequency
FULLBUS03726,300,0.753,0.9,0.2,2008786,Full e-bus coverage scenario; route assignment weighted by selected GTFS trip frequency
FULLBUS03727,300,0.764,0.9,0.2,8109,Full e-bus coverage scenario; route assignment weighted by selected GTFS trip frequency
FULLBUS03728,300,0.769,0.9,0.2,8109,Full e-bus coverage scenario; route assignment weighted by selected GTFS trip frequency
FULLBUS03729,300,0.819,0.9,0.2,8145,Full e-bus coverage scenario; route assignment weighted by selected GTFS trip frequency
FULLBUS03730,300,0.811,0.9,0.2,8145,Full e-bus coverage scenario; route assignment weighted by selected GTFS trip frequency
FULLBUS03731,300,0.772,0.9,0.2,1000448,Full e-bus coverage scenario; route assignment weighted by selected GTFS trip frequency
FULLBUS03732,300,0.842,0.9,0.2,1000448,Full e-bus coverage scenario; route assignment weighted by selected GTFS trip frequency
FULLBUS03733,300,0.763,0.9,0.2,1000612,Full e-bus coverage scenario; route assignment weighted by selected GTFS trip frequency
FULLBUS03734,300,0.776,0.9,0.2,1000612,Full e-bus coverage scenario; route assignment weighted by selected GTFS trip frequency
FULLBUS03735,300,0.776,0.9,0.2,1054,Full e-bus coverage scenario; route assignment weighted by selected GTFS trip frequency
FULLBUS03736,300,0.735,0.9,0.2,1054,Full e-bus coverage scenario; route assignment weighted by selected GTFS trip frequency
FULLBUS03737,300,0.796,0.9,0.2,1324,Full e-bus coverage scenario; route assignment weighted by selected GTFS trip frequency
FULLBUS03738,300,0.82,0.9,0.2,1324,Full e-bus coverage scenario; route assignment weighted by selected GTFS trip frequency
FULLBUS03739,300,0.843,0.9,0.2,1556,Full e-bus coverage scenario; route assignment weighted by selected GTFS trip frequency
FULLBUS03740,300,0.789,0.9,0.2,1556,Full e-bus coverage scenario; route assignment weighted by selected GTFS trip frequency
FULLBUS03741,300,0.836,0.9,0.2,1595,Full e-bus coverage scenario; route assignment weighted by selected GTFS trip frequency
FULLBUS03742,300,0.754,0.9,0.2,1595,Full e-bus coverage scenario; route assignment weighted by selected GTFS trip frequency
FULLBUS03743,300,0.723,0.9,0.2,1738,Full e-bus coverage scenario; route assignment weighted by selected GTFS trip frequency
FULLBUS03744,300,0.797,0.9,0.2,1738,Full e-bus coverage scenario; route assignment weighted by selected GTFS trip frequency
FULLBUS03745,300,0.862,0.9,0.2,1740,Full e-bus coverage scenario; route assignment weighted by selected GTFS trip frequency
FULLBUS03746,300,0.724,0.9,0.2,1740,Full e-bus coverage scenario; route assignment weighted by selected GTFS trip frequency
FULLBUS03747,300,0.833,0.9,0.2,2003408,Full e-bus coverage scenario; route assignment weighted by selected GTFS trip frequency
FULLBUS03748,300,0.766,0.9,0.2,2003408,Full e-bus coverage scenario; route assignment weighted by selected GTFS trip frequency
FULLBUS03749,300,0.775,0.9,0.2,2007768,Full e-bus coverage scenario; route assignment weighted by selected GTFS trip frequency
FULLBUS03750,300,0.771,0.9,0.2,2007768,Full e-bus coverage scenario; route assignment weighted by selected GTFS trip frequency
FULLBUS03751,300,0.822,0.9,0.2,8198,Full e-bus coverage scenario; route assignment weighted by selected GTFS trip frequency
FULLBUS03752,300,0.87,0.9,0.2,8198,Full e-bus coverage scenario; route assignment weighted by selected GTFS trip frequency
FULLBUS03753,300,0.739,0.9,0.2,8560,Full e-bus coverage scenario; route assignment weighted by selected GTFS trip frequency
FULLBUS03754,300,0.736,0.9,0.2,8560,Full e-bus coverage scenario; route assignment weighted by selected GTFS trip frequency
FULLBUS03755,300,0.828,0.9,0.2,8669,Full e-bus coverage scenario; route assignment weighted by selected GTFS trip frequency
FULLBUS03756,300,0.769,0.9,0.2,8669,Full e-bus coverage scenario; route assignment weighted by selected GTFS trip frequency
FULLBUS03757,300,0.803,0.9,0.2,1000310,Full e-bus coverage scenario; route assignment weighted by selected GTFS trip frequency
FULLBUS03758,300,0.781,0.9,0.2,1000310,Full e-bus coverage scenario; route assignment weighted by selected GTFS trip frequency
FULLBUS03759,300,0.818,0.9,0.2,1064,Full e-bus coverage scenario; route assignment weighted by selected GTFS trip frequency
FULLBUS03760,300,0.807,0.9,0.2,1064,Full e-bus coverage scenario; route assignment weighted by selected GTFS trip frequency
FULLBUS03761,300,0.86,0.9,0.2,1157,Full e-bus coverage scenario; route assignment weighted by selected GTFS trip frequency
FULLBUS03762,300,0.753,0.9,0.2,1157,Full e-bus coverage scenario; route assignment weighted by selected GTFS trip frequency
FULLBUS03763,300,0.797,0.9,0.2,1160,Full e-bus coverage scenario; route assignment weighted by selected GTFS trip frequency
FULLBUS03764,300,0.87,0.9,0.2,1160,Full e-bus coverage scenario; route assignment weighted by selected GTFS trip frequency
FULLBUS03765,300,0.756,0.9,0.2,1163,Full e-bus coverage scenario; route assignment weighted by selected GTFS trip frequency
FULLBUS03766,300,0.826,0.9,0.2,1163,Full e-bus coverage scenario; route assignment weighted by selected GTFS trip frequency
FULLBUS03767,300,0.779,0.9,0.2,1200,Full e-bus coverage scenario; route assignment weighted by selected GTFS trip frequency
FULLBUS03768,300,0.782,0.9,0.2,1200,Full e-bus coverage scenario; route assignment weighted by selected GTFS trip frequency
FULLBUS03769,300,0.828,0.9,0.2,1349,Full e-bus coverage scenario; route assignment weighted by selected GTFS trip frequency
FULLBUS03770,300,0.827,0.9,0.2,1349,Full e-bus coverage scenario; route assignment weighted by selected GTFS trip frequency
FULLBUS03771,300,0.731,0.9,0.2,1631,Full e-bus coverage scenario; route assignment weighted by selected GTFS trip frequency
FULLBUS03772,300,0.801,0.9,0.2,1631,Full e-bus coverage scenario; route assignment weighted by selected GTFS trip frequency
FULLBUS03773,300,0.812,0.9,0.2,1870,Full e-bus coverage scenario; route assignment weighted by selected GTFS trip frequency
FULLBUS03774,300,0.856,0.9,0.2,1870,Full e-bus coverage scenario; route assignment weighted by selected GTFS trip frequency
FULLBUS03775,300,0.753,0.9,0.2,1956,Full e-bus coverage scenario; route assignment weighted by selected GTFS trip frequency
FULLBUS03776,300,0.773,0.9,0.2,1956,Full e-bus coverage scenario; route assignment weighted by selected GTFS trip frequency
FULLBUS03777,300,0.867,0.9,0.2,2001027,Full e-bus coverage scenario; route assignment weighted by selected GTFS trip frequency
FULLBUS03778,300,0.78,0.9,0.2,2001027,Full e-bus coverage scenario; route assignment weighted by selected GTFS trip frequency
FULLBUS03779,300,0.755,0.9,0.2,2003570,Full e-bus coverage scenario; route assignment weighted by selected GTFS trip frequency
FULLBUS03780,300,0.726,0.9,0.2,2003570,Full e-bus coverage scenario; route assignment weighted by selected GTFS trip frequency
FULLBUS03781,300,0.827,0.9,0.2,2007436,Full e-bus coverage scenario; route assignment weighted by selected GTFS trip frequency
FULLBUS03782,300,0.808,0.9,0.2,2007436,Full e-bus coverage scenario; route assignment weighted by selected GTFS trip frequency
FULLBUS03783,300,0.8,0.9,0.2,2007533,Full e-bus coverage scenario; route assignment weighted by selected GTFS trip frequency
FULLBUS03784,300,0.729,0.9,0.2,2007533,Full e-bus coverage scenario; route assignment weighted by selected GTFS trip frequency
FULLBUS03785,300,0.821,0.9,0.2,2008094,Full e-bus coverage scenario; route assignment weighted by selected GTFS trip frequency
FULLBUS03786,300,0.86,0.9,0.2,2008094,Full e-bus coverage scenario; route assignment weighted by selected GTFS trip frequency
FULLBUS03787,300,0.871,0.9,0.2,2009118,Full e-bus coverage scenario; route assignment weighted by selected GTFS trip frequency
FULLBUS03788,300,0.756,0.9,0.2,2009118,Full e-bus coverage scenario; route assignment weighted by selected GTFS trip frequency
FULLBUS03789,300,0.768,0.9,0.2,2011391,Full e-bus coverage scenario; route assignment weighted by selected GTFS trip frequency
FULLBUS03790,300,0.762,0.9,0.2,2011391,Full e-bus coverage scenario; route assignment weighted by selected GTFS trip frequency
FULLBUS03791,300,0.731,0.9,0.2,8800,Full e-bus coverage scenario; route assignment weighted by selected GTFS trip frequency
FULLBUS03792,300,0.799,0.9,0.2,8800,Full e-bus coverage scenario; route assignment weighted by selected GTFS trip frequency
FULLBUS03793,300,0.844,0.9,0.2,1000276,Full e-bus coverage scenario; route assignment weighted by selected GTFS trip frequency
FULLBUS03794,300,0.876,0.9,0.2,1000276,Full e-bus coverage scenario; route assignment weighted by selected GTFS trip frequency
FULLBUS03795,300,0.771,0.9,0.2,1000309,Full e-bus coverage scenario; route assignment weighted by selected GTFS trip frequency
FULLBUS03796,300,0.85,0.9,0.2,1000309,Full e-bus coverage scenario; route assignment weighted by selected GTFS trip frequency
FULLBUS03797,300,0.736,0.9,0.2,1154,Full e-bus coverage scenario; route assignment weighted by selected GTFS trip frequency
FULLBUS03798,300,0.878,0.9,0.2,1154,Full e-bus coverage scenario; route assignment weighted by selected GTFS trip frequency
FULLBUS03799,300,0.876,0.9,0.2,1355,Full e-bus coverage scenario; route assignment weighted by selected GTFS trip frequency
FULLBUS03800,300,0.728,0.9,0.2,1355,Full e-bus coverage scenario; route assignment weighted by selected GTFS trip frequency
FULLBUS03801,300,0.817,0.9,0.2,1610,Full e-bus coverage scenario; route assignment weighted by selected GTFS trip frequency
FULLBUS03802,300,0.824,0.9,0.2,1610,Full e-bus coverage scenario; route assignment weighted by selected GTFS trip frequency
FULLBUS03803,300,0.742,0.9,0.2,1695,Full e-bus coverage scenario; route assignment weighted by selected GTFS trip frequency
FULLBUS03804,300,0.802,0.9,0.2,1695,Full e-bus coverage scenario; route assignment weighted by selected GTFS trip frequency
FULLBUS03805,300,0.8,0.9,0.2,1729,Full e-bus coverage scenario; route assignment weighted by selected GTFS trip frequency
FULLBUS03806,300,0.751,0.9,0.2,1729,Full e-bus coverage scenario; route assignment weighted by selected GTFS trip frequency
FULLBUS03807,300,0.844,0.9,0.2,1973,Full e-bus coverage scenario; route assignment weighted by selected GTFS trip frequency
FULLBUS03808,300,0.827,0.9,0.2,1973,Full e-bus coverage scenario; route assignment weighted by selected GTFS trip frequency
FULLBUS03809,300,0.838,0.9,0.2,2001035,Full e-bus coverage scenario; route assignment weighted by selected GTFS trip frequency
FULLBUS03810,300,0.872,0.9,0.2,2001035,Full e-bus coverage scenario; route assignment weighted by selected GTFS trip frequency
FULLBUS03811,300,0.79,0.9,0.2,2001265,Full e-bus coverage scenario; route assignment weighted by selected GTFS trip frequency
FULLBUS03812,300,0.762,0.9,0.2,2001265,Full e-bus coverage scenario; route assignment weighted by selected GTFS trip frequency
FULLBUS03813,300,0.832,0.9,0.2,2002350,Full e-bus coverage scenario; route assignment weighted by selected GTFS trip frequency
FULLBUS03814,300,0.735,0.9,0.2,2002350,Full e-bus coverage scenario; route assignment weighted by selected GTFS trip frequency
FULLBUS03815,300,0.725,0.9,0.2,2004828,Full e-bus coverage scenario; route assignment weighted by selected GTFS trip frequency
FULLBUS03816,300,0.772,0.9,0.2,2004828,Full e-bus coverage scenario; route assignment weighted by selected GTFS trip frequency
FULLBUS03817,300,0.845,0.9,0.2,2006706,Full e-bus coverage scenario; route assignment weighted by selected GTFS trip frequency
FULLBUS03818,300,0.869,0.9,0.2,2006706,Full e-bus coverage scenario; route assignment weighted by selected GTFS trip frequency
FULLBUS03819,300,0.857,0.9,0.2,2007770,Full e-bus coverage scenario; route assignment weighted by selected GTFS trip frequency
FULLBUS03820,300,0.725,0.9,0.2,2007770,Full e-bus coverage scenario; route assignment weighted by selected GTFS trip frequency
FULLBUS03821,300,0.791,0.9,0.2,2011358,Full e-bus coverage scenario; route assignment weighted by selected GTFS trip frequency
FULLBUS03822,300,0.76,0.9,0.2,2011358,Full e-bus coverage scenario; route assignment weighted by selected GTFS trip frequency
FULLBUS03823,300,0.828,0.9,0.2,8245,Full e-bus coverage scenario; route assignment weighted by selected GTFS trip frequency
FULLBUS03824,300,0.834,0.9,0.2,8245,Full e-bus coverage scenario; route assignment weighted by selected GTFS trip frequency
FULLBUS03825,300,0.82,0.9,0.2,1000374,Full e-bus coverage scenario; route assignment weighted by selected GTFS trip frequency
FULLBUS03826,300,0.849,0.9,0.2,1000374,Full e-bus coverage scenario; route assignment weighted by selected GTFS trip frequency
FULLBUS03827,300,0.821,0.9,0.2,1000628,Full e-bus coverage scenario; route assignment weighted by selected GTFS trip frequency
FULLBUS03828,300,0.771,0.9,0.2,1000628,Full e-bus coverage scenario; route assignment weighted by selected GTFS trip frequency
FULLBUS03829,300,0.804,0.9,0.2,1067,Full e-bus coverage scenario; route assignment weighted by selected GTFS trip frequency
FULLBUS03830,300,0.788,0.9,0.2,1067,Full e-bus coverage scenario; route assignment weighted by selected GTFS trip frequency
FULLBUS03831,300,0.844,0.9,0.2,1604,Full e-bus coverage scenario; route assignment weighted by selected GTFS trip frequency
FULLBUS03832,300,0.734,0.9,0.2,1604,Full e-bus coverage scenario; route assignment weighted by selected GTFS trip frequency
FULLBUS03833,300,0.865,0.9,0.2,1682,Full e-bus coverage scenario; route assignment weighted by selected GTFS trip frequency
FULLBUS03834,300,0.804,0.9,0.2,1682,Full e-bus coverage scenario; route assignment weighted by selected GTFS trip frequency
FULLBUS03835,300,0.869,0.9,0.2,1743,Full e-bus coverage scenario; route assignment weighted by selected GTFS trip frequency
FULLBUS03836,300,0.845,0.9,0.2,1743,Full e-bus coverage scenario; route assignment weighted by selected GTFS trip frequency
FULLBUS03837,300,0.879,0.9,0.2,2010277,Full e-bus coverage scenario; route assignment weighted by selected GTFS trip frequency
FULLBUS03838,300,0.806,0.9,0.2,2010277,Full e-bus coverage scenario; route assignment weighted by selected GTFS trip frequency
FULLBUS03839,300,0.774,0.9,0.2,8136,Full e-bus coverage scenario; route assignment weighted by selected GTFS trip frequency
FULLBUS03840,300,0.865,0.9,0.2,8136,Full e-bus coverage scenario; route assignment weighted by selected GTFS trip frequency
FULLBUS03841,300,0.777,0.9,0.2,8367,Full e-bus coverage scenario; route assignment weighted by selected GTFS trip frequency
FULLBUS03842,300,0.754,0.9,0.2,8367,Full e-bus coverage scenario; route assignment weighted by selected GTFS trip frequency
FULLBUS03843,300,0.761,0.9,0.2,8566,Full e-bus coverage scenario; route assignment weighted by selected GTFS trip frequency
FULLBUS03844,300,0.74,0.9,0.2,8566,Full e-bus coverage scenario; route assignment weighted by selected GTFS trip frequency
FULLBUS03845,300,0.771,0.9,0.2,1000031,Full e-bus coverage scenario; route assignment weighted by selected GTFS trip frequency
FULLBUS03846,300,0.72,0.9,0.2,1000031,Full e-bus coverage scenario; route assignment weighted by selected GTFS trip frequency
FULLBUS03847,300,0.764,0.9,0.2,1000487,Full e-bus coverage scenario; route assignment weighted by selected GTFS trip frequency
FULLBUS03848,300,0.846,0.9,0.2,1000487,Full e-bus coverage scenario; route assignment weighted by selected GTFS trip frequency
FULLBUS03849,300,0.752,0.9,0.2,1222,Full e-bus coverage scenario; route assignment weighted by selected GTFS trip frequency
FULLBUS03850,300,0.764,0.9,0.2,1222,Full e-bus coverage scenario; route assignment weighted by selected GTFS trip frequency
FULLBUS03851,300,0.747,0.9,0.2,1299,Full e-bus coverage scenario; route assignment weighted by selected GTFS trip frequency
FULLBUS03852,300,0.739,0.9,0.2,1299,Full e-bus coverage scenario; route assignment weighted by selected GTFS trip frequency
FULLBUS03853,300,0.859,0.9,0.2,1361,Full e-bus coverage scenario; route assignment weighted by selected GTFS trip frequency
FULLBUS03854,300,0.824,0.9,0.2,1361,Full e-bus coverage scenario; route assignment weighted by selected GTFS trip frequency
FULLBUS03855,300,0.786,0.9,0.2,1469,Full e-bus coverage scenario; route assignment weighted by selected GTFS trip frequency
FULLBUS03856,300,0.782,0.9,0.2,1469,Full e-bus coverage scenario; route assignment weighted by selected GTFS trip frequency
FULLBUS03857,300,0.738,0.9,0.2,1519,Full e-bus coverage scenario; route assignment weighted by selected GTFS trip frequency
FULLBUS03858,300,0.833,0.9,0.2,1519,Full e-bus coverage scenario; route assignment weighted by selected GTFS trip frequency
FULLBUS03859,300,0.841,0.9,0.2,1894,Full e-bus coverage scenario; route assignment weighted by selected GTFS trip frequency
FULLBUS03860,300,0.79,0.9,0.2,1894,Full e-bus coverage scenario; route assignment weighted by selected GTFS trip frequency
FULLBUS03861,300,0.79,0.9,0.2,2001003,Full e-bus coverage scenario; route assignment weighted by selected GTFS trip frequency
FULLBUS03862,300,0.74,0.9,0.2,2001003,Full e-bus coverage scenario; route assignment weighted by selected GTFS trip frequency
FULLBUS03863,300,0.762,0.9,0.2,2005332,Full e-bus coverage scenario; route assignment weighted by selected GTFS trip frequency
FULLBUS03864,300,0.821,0.9,0.2,2005332,Full e-bus coverage scenario; route assignment weighted by selected GTFS trip frequency
FULLBUS03865,300,0.846,0.9,0.2,2006276,Full e-bus coverage scenario; route assignment weighted by selected GTFS trip frequency
FULLBUS03866,300,0.832,0.9,0.2,2006276,Full e-bus coverage scenario; route assignment weighted by selected GTFS trip frequency
FULLBUS03867,300,0.856,0.9,0.2,2006673,Full e-bus coverage scenario; route assignment weighted by selected GTFS trip frequency
FULLBUS03868,300,0.786,0.9,0.2,2006673,Full e-bus coverage scenario; route assignment weighted by selected GTFS trip frequency
FULLBUS03869,300,0.828,0.9,0.2,2007499,Full e-bus coverage scenario; route assignment weighted by selected GTFS trip frequency
FULLBUS03870,300,0.774,0.9,0.2,2007499,Full e-bus coverage scenario; route assignment weighted by selected GTFS trip frequency
FULLBUS03871,300,0.765,0.9,0.2,2007630,Full e-bus coverage scenario; route assignment weighted by selected GTFS trip frequency
FULLBUS03872,300,0.747,0.9,0.2,2007630,Full e-bus coverage scenario; route assignment weighted by selected GTFS trip frequency
FULLBUS03873,300,0.783,0.9,0.2,2007861,Full e-bus coverage scenario; route assignment weighted by selected GTFS trip frequency
FULLBUS03874,300,0.867,0.9,0.2,2007861,Full e-bus coverage scenario; route assignment weighted by selected GTFS trip frequency
FULLBUS03875,300,0.735,0.9,0.2,2011327,Full e-bus coverage scenario; route assignment weighted by selected GTFS trip frequency
FULLBUS03876,300,0.746,0.9,0.2,2011327,Full e-bus coverage scenario; route assignment weighted by selected GTFS trip frequency
FULLBUS03877,300,0.812,0.9,0.2,8175,Full e-bus coverage scenario; route assignment weighted by selected GTFS trip frequency
FULLBUS03878,300,0.859,0.9,0.2,8175,Full e-bus coverage scenario; route assignment weighted by selected GTFS trip frequency
FULLBUS03879,300,0.74,0.9,0.2,8360,Full e-bus coverage scenario; route assignment weighted by selected GTFS trip frequency
FULLBUS03880,300,0.857,0.9,0.2,8360,Full e-bus coverage scenario; route assignment weighted by selected GTFS trip frequency
FULLBUS03881,300,0.845,0.9,0.2,8469,Full e-bus coverage scenario; route assignment weighted by selected GTFS trip frequency
FULLBUS03882,300,0.878,0.9,0.2,8469,Full e-bus coverage scenario; route assignment weighted by selected GTFS trip frequency
FULLBUS03883,300,0.736,0.9,0.2,8623,Full e-bus coverage scenario; route assignment weighted by selected GTFS trip frequency
FULLBUS03884,300,0.848,0.9,0.2,8623,Full e-bus coverage scenario; route assignment weighted by selected GTFS trip frequency
FULLBUS03885,300,0.75,0.9,0.2,8667,Full e-bus coverage scenario; route assignment weighted by selected GTFS trip frequency
FULLBUS03886,300,0.765,0.9,0.2,8667,Full e-bus coverage scenario; route assignment weighted by selected GTFS trip frequency
FULLBUS03887,300,0.816,0.9,0.2,8778,Full e-bus coverage scenario; route assignment weighted by selected GTFS trip frequency
FULLBUS03888,300,0.831,0.9,0.2,8778,Full e-bus coverage scenario; route assignment weighted by selected GTFS trip frequency
FULLBUS03889,300,0.77,0.9,0.2,1150,Full e-bus coverage scenario; route assignment weighted by selected GTFS trip frequency
FULLBUS03890,300,0.788,0.9,0.2,1150,Full e-bus coverage scenario; route assignment weighted by selected GTFS trip frequency
FULLBUS03891,300,0.8,0.9,0.2,1152,Full e-bus coverage scenario; route assignment weighted by selected GTFS trip frequency
FULLBUS03892,300,0.808,0.9,0.2,1152,Full e-bus coverage scenario; route assignment weighted by selected GTFS trip frequency
FULLBUS03893,300,0.724,0.9,0.2,1205,Full e-bus coverage scenario; route assignment weighted by selected GTFS trip frequency
FULLBUS03894,300,0.726,0.9,0.2,1205,Full e-bus coverage scenario; route assignment weighted by selected GTFS trip frequency
FULLBUS03895,300,0.74,0.9,0.2,1240,Full e-bus coverage scenario; route assignment weighted by selected GTFS trip frequency
FULLBUS03896,300,0.774,0.9,0.2,1240,Full e-bus coverage scenario; route assignment weighted by selected GTFS trip frequency
FULLBUS03897,300,0.764,0.9,0.2,1473,Full e-bus coverage scenario; route assignment weighted by selected GTFS trip frequency
FULLBUS03898,300,0.795,0.9,0.2,1473,Full e-bus coverage scenario; route assignment weighted by selected GTFS trip frequency
FULLBUS03899,300,0.78,0.9,0.2,1525,Full e-bus coverage scenario; route assignment weighted by selected GTFS trip frequency
FULLBUS03900,300,0.763,0.9,0.2,1525,Full e-bus coverage scenario; route assignment weighted by selected GTFS trip frequency
FULLBUS03901,300,0.723,0.9,0.2,1744,Full e-bus coverage scenario; route assignment weighted by selected GTFS trip frequency
FULLBUS03902,300,0.847,0.9,0.2,1744,Full e-bus coverage scenario; route assignment weighted by selected GTFS trip frequency
FULLBUS03903,300,0.758,0.9,0.2,2001023,Full e-bus coverage scenario; route assignment weighted by selected GTFS trip frequency
FULLBUS03904,300,0.874,0.9,0.2,2001023,Full e-bus coverage scenario; route assignment weighted by selected GTFS trip frequency
FULLBUS03905,300,0.828,0.9,0.2,2008004,Full e-bus coverage scenario; route assignment weighted by selected GTFS trip frequency
FULLBUS03906,300,0.84,0.9,0.2,2008004,Full e-bus coverage scenario; route assignment weighted by selected GTFS trip frequency
FULLBUS03907,300,0.721,0.9,0.2,8108,Full e-bus coverage scenario; route assignment weighted by selected GTFS trip frequency
FULLBUS03908,300,0.873,0.9,0.2,8108,Full e-bus coverage scenario; route assignment weighted by selected GTFS trip frequency
FULLBUS03909,300,0.824,0.9,0.2,8229,Full e-bus coverage scenario; route assignment weighted by selected GTFS trip frequency
FULLBUS03910,300,0.739,0.9,0.2,8229,Full e-bus coverage scenario; route assignment weighted by selected GTFS trip frequency
FULLBUS03911,300,0.86,0.9,0.2,8232,Full e-bus coverage scenario; route assignment weighted by selected GTFS trip frequency
FULLBUS03912,300,0.815,0.9,0.2,8232,Full e-bus coverage scenario; route assignment weighted by selected GTFS trip frequency
FULLBUS03913,300,0.813,0.9,0.2,8382,Full e-bus coverage scenario; route assignment weighted by selected GTFS trip frequency
FULLBUS03914,300,0.763,0.9,0.2,8382,Full e-bus coverage scenario; route assignment weighted by selected GTFS trip frequency
FULLBUS03915,300,0.842,0.9,0.2,8484,Full e-bus coverage scenario; route assignment weighted by selected GTFS trip frequency
FULLBUS03916,300,0.72,0.9,0.2,8484,Full e-bus coverage scenario; route assignment weighted by selected GTFS trip frequency
FULLBUS03917,300,0.84,0.9,0.2,8521,Full e-bus coverage scenario; route assignment weighted by selected GTFS trip frequency
FULLBUS03918,300,0.819,0.9,0.2,8521,Full e-bus coverage scenario; route assignment weighted by selected GTFS trip frequency
FULLBUS03919,300,0.856,0.9,0.2,8595,Full e-bus coverage scenario; route assignment weighted by selected GTFS trip frequency
FULLBUS03920,300,0.81,0.9,0.2,8595,Full e-bus coverage scenario; route assignment weighted by selected GTFS trip frequency
FULLBUS03921,300,0.768,0.9,0.2,8716,Full e-bus coverage scenario; route assignment weighted by selected GTFS trip frequency
FULLBUS03922,300,0.749,0.9,0.2,8716,Full e-bus coverage scenario; route assignment weighted by selected GTFS trip frequency
FULLBUS03923,300,0.764,0.9,0.2,8803,Full e-bus coverage scenario; route assignment weighted by selected GTFS trip frequency
FULLBUS03924,300,0.88,0.9,0.2,8803,Full e-bus coverage scenario; route assignment weighted by selected GTFS trip frequency
FULLBUS03925,300,0.797,0.9,0.2,1000044,Full e-bus coverage scenario; route assignment weighted by selected GTFS trip frequency
FULLBUS03926,300,0.738,0.9,0.2,1000044,Full e-bus coverage scenario; route assignment weighted by selected GTFS trip frequency
FULLBUS03927,300,0.819,0.9,0.2,1000053,Full e-bus coverage scenario; route assignment weighted by selected GTFS trip frequency
FULLBUS03928,300,0.805,0.9,0.2,1000053,Full e-bus coverage scenario; route assignment weighted by selected GTFS trip frequency
FULLBUS03929,300,0.794,0.9,0.2,1000390,Full e-bus coverage scenario; route assignment weighted by selected GTFS trip frequency
FULLBUS03930,300,0.766,0.9,0.2,1000390,Full e-bus coverage scenario; route assignment weighted by selected GTFS trip frequency
FULLBUS03931,300,0.818,0.9,0.2,1000405,Full e-bus coverage scenario; route assignment weighted by selected GTFS trip frequency
FULLBUS03932,300,0.752,0.9,0.2,1000405,Full e-bus coverage scenario; route assignment weighted by selected GTFS trip frequency
FULLBUS03933,300,0.796,0.9,0.2,1000618,Full e-bus coverage scenario; route assignment weighted by selected GTFS trip frequency
FULLBUS03934,300,0.87,0.9,0.2,1000618,Full e-bus coverage scenario; route assignment weighted by selected GTFS trip frequency
FULLBUS03935,300,0.851,0.9,0.2,1000657,Full e-bus coverage scenario; route assignment weighted by selected GTFS trip frequency
FULLBUS03936,300,0.799,0.9,0.2,1000657,Full e-bus coverage scenario; route assignment weighted by selected GTFS trip frequency
FULLBUS03937,300,0.756,0.9,0.2,1002,Full e-bus coverage scenario; route assignment weighted by selected GTFS trip frequency
FULLBUS03938,300,0.807,0.9,0.2,1002,Full e-bus coverage scenario; route assignment weighted by selected GTFS trip frequency
FULLBUS03939,300,0.784,0.9,0.2,1119,Full e-bus coverage scenario; route assignment weighted by selected GTFS trip frequency
FULLBUS03940,300,0.812,0.9,0.2,1119,Full e-bus coverage scenario; route assignment weighted by selected GTFS trip frequency
FULLBUS03941,300,0.804,0.9,0.2,1246,Full e-bus coverage scenario; route assignment weighted by selected GTFS trip frequency
FULLBUS03942,300,0.849,0.9,0.2,1246,Full e-bus coverage scenario; route assignment weighted by selected GTFS trip frequency
FULLBUS03943,300,0.847,0.9,0.2,1854,Full e-bus coverage scenario; route assignment weighted by selected GTFS trip frequency
FULLBUS03944,300,0.728,0.9,0.2,1854,Full e-bus coverage scenario; route assignment weighted by selected GTFS trip frequency
FULLBUS03945,300,0.826,0.9,0.2,2004033,Full e-bus coverage scenario; route assignment weighted by selected GTFS trip frequency
FULLBUS03946,300,0.829,0.9,0.2,2004033,Full e-bus coverage scenario; route assignment weighted by selected GTFS trip frequency
FULLBUS03947,300,0.803,0.9,0.2,2004067,Full e-bus coverage scenario; route assignment weighted by selected GTFS trip frequency
FULLBUS03948,300,0.809,0.9,0.2,2004067,Full e-bus coverage scenario; route assignment weighted by selected GTFS trip frequency
FULLBUS03949,300,0.852,0.9,0.2,2005551,Full e-bus coverage scenario; route assignment weighted by selected GTFS trip frequency
FULLBUS03950,300,0.815,0.9,0.2,2005551,Full e-bus coverage scenario; route assignment weighted by selected GTFS trip frequency
FULLBUS03951,300,0.747,0.9,0.2,2006510,Full e-bus coverage scenario; route assignment weighted by selected GTFS trip frequency
FULLBUS03952,300,0.74,0.9,0.2,2006510,Full e-bus coverage scenario; route assignment weighted by selected GTFS trip frequency
FULLBUS03953,300,0.754,0.9,0.2,2008224,Full e-bus coverage scenario; route assignment weighted by selected GTFS trip frequency
FULLBUS03954,300,0.854,0.9,0.2,2008224,Full e-bus coverage scenario; route assignment weighted by selected GTFS trip frequency
FULLBUS03955,300,0.875,0.9,0.2,2008393,Full e-bus coverage scenario; route assignment weighted by selected GTFS trip frequency
FULLBUS03956,300,0.746,0.9,0.2,2008393,Full e-bus coverage scenario; route assignment weighted by selected GTFS trip frequency
FULLBUS03957,300,0.795,0.9,0.2,2009180,Full e-bus coverage scenario; route assignment weighted by selected GTFS trip frequency
FULLBUS03958,300,0.814,0.9,0.2,2009180,Full e-bus coverage scenario; route assignment weighted by selected GTFS trip frequency
FULLBUS03959,300,0.766,0.9,0.2,8244,Full e-bus coverage scenario; route assignment weighted by selected GTFS trip frequency
FULLBUS03960,300,0.807,0.9,0.2,8244,Full e-bus coverage scenario; route assignment weighted by selected GTFS trip frequency
FULLBUS03961,300,0.739,0.9,0.2,8419,Full e-bus coverage scenario; route assignment weighted by selected GTFS trip frequency
FULLBUS03962,300,0.773,0.9,0.2,8419,Full e-bus coverage scenario; route assignment weighted by selected GTFS trip frequency
FULLBUS03963,300,0.808,0.9,0.2,8805,Full e-bus coverage scenario; route assignment weighted by selected GTFS trip frequency
FULLBUS03964,300,0.863,0.9,0.2,8805,Full e-bus coverage scenario; route assignment weighted by selected GTFS trip frequency
FULLBUS03965,300,0.852,0.9,0.2,1000016,Full e-bus coverage scenario; route assignment weighted by selected GTFS trip frequency
FULLBUS03966,300,0.865,0.9,0.2,1000016,Full e-bus coverage scenario; route assignment weighted by selected GTFS trip frequency
FULLBUS03967,300,0.773,0.9,0.2,1000066,Full e-bus coverage scenario; route assignment weighted by selected GTFS trip frequency
FULLBUS03968,300,0.813,0.9,0.2,1000066,Full e-bus coverage scenario; route assignment weighted by selected GTFS trip frequency
FULLBUS03969,300,0.866,0.9,0.2,1000074,Full e-bus coverage scenario; route assignment weighted by selected GTFS trip frequency
FULLBUS03970,300,0.825,0.9,0.2,1000074,Full e-bus coverage scenario; route assignment weighted by selected GTFS trip frequency
FULLBUS03971,300,0.797,0.9,0.2,1000206,Full e-bus coverage scenario; route assignment weighted by selected GTFS trip frequency
FULLBUS03972,300,0.782,0.9,0.2,1000206,Full e-bus coverage scenario; route assignment weighted by selected GTFS trip frequency
FULLBUS03973,300,0.753,0.9,0.2,1000262,Full e-bus coverage scenario; route assignment weighted by selected GTFS trip frequency
FULLBUS03974,300,0.838,0.9,0.2,1000262,Full e-bus coverage scenario; route assignment weighted by selected GTFS trip frequency
FULLBUS03975,300,0.754,0.9,0.2,1000402,Full e-bus coverage scenario; route assignment weighted by selected GTFS trip frequency
FULLBUS03976,300,0.802,0.9,0.2,1000402,Full e-bus coverage scenario; route assignment weighted by selected GTFS trip frequency
FULLBUS03977,300,0.823,0.9,0.2,1133,Full e-bus coverage scenario; route assignment weighted by selected GTFS trip frequency
FULLBUS03978,300,0.851,0.9,0.2,1133,Full e-bus coverage scenario; route assignment weighted by selected GTFS trip frequency
FULLBUS03979,300,0.813,0.9,0.2,1151,Full e-bus coverage scenario; route assignment weighted by selected GTFS trip frequency
FULLBUS03980,300,0.775,0.9,0.2,1151,Full e-bus coverage scenario; route assignment weighted by selected GTFS trip frequency
FULLBUS03981,300,0.725,0.9,0.2,1316,Full e-bus coverage scenario; route assignment weighted by selected GTFS trip frequency
FULLBUS03982,300,0.873,0.9,0.2,1316,Full e-bus coverage scenario; route assignment weighted by selected GTFS trip frequency
FULLBUS03983,300,0.816,0.9,0.2,1325,Full e-bus coverage scenario; route assignment weighted by selected GTFS trip frequency
FULLBUS03984,300,0.829,0.9,0.2,1325,Full e-bus coverage scenario; route assignment weighted by selected GTFS trip frequency
FULLBUS03985,300,0.866,0.9,0.2,1351,Full e-bus coverage scenario; route assignment weighted by selected GTFS trip frequency
FULLBUS03986,300,0.854,0.9,0.2,1351,Full e-bus coverage scenario; route assignment weighted by selected GTFS trip frequency
FULLBUS03987,300,0.763,0.9,0.2,1402,Full e-bus coverage scenario; route assignment weighted by selected GTFS trip frequency
FULLBUS03988,300,0.746,0.9,0.2,1402,Full e-bus coverage scenario; route assignment weighted by selected GTFS trip frequency
FULLBUS03989,300,0.773,0.9,0.2,1620,Full e-bus coverage scenario; route assignment weighted by selected GTFS trip frequency
FULLBUS03990,300,0.721,0.9,0.2,1620,Full e-bus coverage scenario; route assignment weighted by selected GTFS trip frequency
FULLBUS03991,300,0.745,0.9,0.2,1625,Full e-bus coverage scenario; route assignment weighted by selected GTFS trip frequency
FULLBUS03992,300,0.864,0.9,0.2,1625,Full e-bus coverage scenario; route assignment weighted by selected GTFS trip frequency
FULLBUS03993,300,0.799,0.9,0.2,1652,Full e-bus coverage scenario; route assignment weighted by selected GTFS trip frequency
FULLBUS03994,300,0.812,0.9,0.2,1652,Full e-bus coverage scenario; route assignment weighted by selected GTFS trip frequency
FULLBUS03995,300,0.761,0.9,0.2,1790,Full e-bus coverage scenario; route assignment weighted by selected GTFS trip frequency
FULLBUS03996,300,0.831,0.9,0.2,1790,Full e-bus coverage scenario; route assignment weighted by selected GTFS trip frequency
FULLBUS03997,300,0.841,0.9,0.2,2005684,Full e-bus coverage scenario; route assignment weighted by selected GTFS trip frequency
FULLBUS03998,300,0.754,0.9,0.2,2005684,Full e-bus coverage scenario; route assignment weighted by selected GTFS trip frequency
FULLBUS03999,300,0.773,0.9,0.2,2007895,Full e-bus coverage scenario; route assignment weighted by selected GTFS trip frequency
FULLBUS04000,300,0.879,0.9,0.2,2007895,Full e-bus coverage scenario; route assignment weighted by selected GTFS trip frequency
FULLBUS04001,300,0.811,0.9,0.2,2008631,Full e-bus coverage scenario; route assignment weighted by selected GTFS trip frequency
FULLBUS04002,300,0.812,0.9,0.2,2008631,Full e-bus coverage scenario; route assignment weighted by selected GTFS trip frequency
FULLBUS04003,300,0.723,0.9,0.2,8321,Full e-bus coverage scenario; route assignment weighted by selected GTFS trip frequency
FULLBUS04004,300,0.828,0.9,0.2,8321,Full e-bus coverage scenario; route assignment weighted by selected GTFS trip frequency
FULLBUS04005,300,0.758,0.9,0.2,1000100,Full e-bus coverage scenario; route assignment weighted by selected GTFS trip frequency
FULLBUS04006,300,0.725,0.9,0.2,1000100,Full e-bus coverage scenario; route assignment weighted by selected GTFS trip frequency
FULLBUS04007,300,0.775,0.9,0.2,1000256,Full e-bus coverage scenario; route assignment weighted by selected GTFS trip frequency
FULLBUS04008,300,0.871,0.9,0.2,1000256,Full e-bus coverage scenario; route assignment weighted by selected GTFS trip frequency
FULLBUS04009,300,0.823,0.9,0.2,1000355,Full e-bus coverage scenario; route assignment weighted by selected GTFS trip frequency
FULLBUS04010,300,0.865,0.9,0.2,1000355,Full e-bus coverage scenario; route assignment weighted by selected GTFS trip frequency
FULLBUS04011,300,0.821,0.9,0.2,1000634,Full e-bus coverage scenario; route assignment weighted by selected GTFS trip frequency
FULLBUS04012,300,0.755,0.9,0.2,1000634,Full e-bus coverage scenario; route assignment weighted by selected GTFS trip frequency
FULLBUS04013,300,0.87,0.9,0.2,1035,Full e-bus coverage scenario; route assignment weighted by selected GTFS trip frequency
FULLBUS04014,300,0.738,0.9,0.2,1035,Full e-bus coverage scenario; route assignment weighted by selected GTFS trip frequency
FULLBUS04015,300,0.871,0.9,0.2,1057,Full e-bus coverage scenario; route assignment weighted by selected GTFS trip frequency
FULLBUS04016,300,0.778,0.9,0.2,1057,Full e-bus coverage scenario; route assignment weighted by selected GTFS trip frequency
FULLBUS04017,300,0.802,0.9,0.2,1062,Full e-bus coverage scenario; route assignment weighted by selected GTFS trip frequency
FULLBUS04018,300,0.835,0.9,0.2,1062,Full e-bus coverage scenario; route assignment weighted by selected GTFS trip frequency
FULLBUS04019,300,0.759,0.9,0.2,1124,Full e-bus coverage scenario; route assignment weighted by selected GTFS trip frequency
FULLBUS04020,300,0.748,0.9,0.2,1124,Full e-bus coverage scenario; route assignment weighted by selected GTFS trip frequency
FULLBUS04021,300,0.858,0.9,0.2,1128,Full e-bus coverage scenario; route assignment weighted by selected GTFS trip frequency
FULLBUS04022,300,0.787,0.9,0.2,1128,Full e-bus coverage scenario; route assignment weighted by selected GTFS trip frequency
FULLBUS04023,300,0.832,0.9,0.2,1229,Full e-bus coverage scenario; route assignment weighted by selected GTFS trip frequency
FULLBUS04024,300,0.857,0.9,0.2,1229,Full e-bus coverage scenario; route assignment weighted by selected GTFS trip frequency
FULLBUS04025,300,0.745,0.9,0.2,1305,Full e-bus coverage scenario; route assignment weighted by selected GTFS trip frequency
FULLBUS04026,300,0.762,0.9,0.2,1305,Full e-bus coverage scenario; route assignment weighted by selected GTFS trip frequency
FULLBUS04027,300,0.834,0.9,0.2,1385,Full e-bus coverage scenario; route assignment weighted by selected GTFS trip frequency
FULLBUS04028,300,0.781,0.9,0.2,1385,Full e-bus coverage scenario; route assignment weighted by selected GTFS trip frequency
FULLBUS04029,300,0.766,0.9,0.2,1391,Full e-bus coverage scenario; route assignment weighted by selected GTFS trip frequency
FULLBUS04030,300,0.8,0.9,0.2,1391,Full e-bus coverage scenario; route assignment weighted by selected GTFS trip frequency
FULLBUS04031,300,0.809,0.9,0.2,1451,Full e-bus coverage scenario; route assignment weighted by selected GTFS trip frequency
FULLBUS04032,300,0.854,0.9,0.2,1451,Full e-bus coverage scenario; route assignment weighted by selected GTFS trip frequency
FULLBUS04033,300,0.731,0.9,0.2,1546,Full e-bus coverage scenario; route assignment weighted by selected GTFS trip frequency
FULLBUS04034,300,0.721,0.9,0.2,1546,Full e-bus coverage scenario; route assignment weighted by selected GTFS trip frequency
FULLBUS04035,300,0.872,0.9,0.2,1674,Full e-bus coverage scenario; route assignment weighted by selected GTFS trip frequency
FULLBUS04036,300,0.855,0.9,0.2,1674,Full e-bus coverage scenario; route assignment weighted by selected GTFS trip frequency
FULLBUS04037,300,0.813,0.9,0.2,1760,Full e-bus coverage scenario; route assignment weighted by selected GTFS trip frequency
FULLBUS04038,300,0.858,0.9,0.2,1760,Full e-bus coverage scenario; route assignment weighted by selected GTFS trip frequency
FULLBUS04039,300,0.876,0.9,0.2,1801,Full e-bus coverage scenario; route assignment weighted by selected GTFS trip frequency
FULLBUS04040,300,0.73,0.9,0.2,1801,Full e-bus coverage scenario; route assignment weighted by selected GTFS trip frequency
FULLBUS04041,300,0.752,0.9,0.2,1955,Full e-bus coverage scenario; route assignment weighted by selected GTFS trip frequency
FULLBUS04042,300,0.795,0.9,0.2,1955,Full e-bus coverage scenario; route assignment weighted by selected GTFS trip frequency
FULLBUS04043,300,0.75,0.9,0.2,2004098,Full e-bus coverage scenario; route assignment weighted by selected GTFS trip frequency
FULLBUS04044,300,0.769,0.9,0.2,2004098,Full e-bus coverage scenario; route assignment weighted by selected GTFS trip frequency
FULLBUS04045,300,0.798,0.9,0.2,2004461,Full e-bus coverage scenario; route assignment weighted by selected GTFS trip frequency
FULLBUS04046,300,0.728,0.9,0.2,2004461,Full e-bus coverage scenario; route assignment weighted by selected GTFS trip frequency
FULLBUS04047,300,0.811,0.9,0.2,2007765,Full e-bus coverage scenario; route assignment weighted by selected GTFS trip frequency
FULLBUS04048,300,0.774,0.9,0.2,2007765,Full e-bus coverage scenario; route assignment weighted by selected GTFS trip frequency
FULLBUS04049,300,0.842,0.9,0.2,2008000,Full e-bus coverage scenario; route assignment weighted by selected GTFS trip frequency
FULLBUS04050,300,0.772,0.9,0.2,2008000,Full e-bus coverage scenario; route assignment weighted by selected GTFS trip frequency
FULLBUS04051,300,0.815,0.9,0.2,2008593,Full e-bus coverage scenario; route assignment weighted by selected GTFS trip frequency
FULLBUS04052,300,0.827,0.9,0.2,2008593,Full e-bus coverage scenario; route assignment weighted by selected GTFS trip frequency
FULLBUS04053,300,0.726,0.9,0.2,2008754,Full e-bus coverage scenario; route assignment weighted by selected GTFS trip frequency
FULLBUS04054,300,0.739,0.9,0.2,2008754,Full e-bus coverage scenario; route assignment weighted by selected GTFS trip frequency
FULLBUS04055,300,0.8,0.9,0.2,2009048,Full e-bus coverage scenario; route assignment weighted by selected GTFS trip frequency
FULLBUS04056,300,0.785,0.9,0.2,2009048,Full e-bus coverage scenario; route assignment weighted by selected GTFS trip frequency
FULLBUS04057,300,0.857,0.9,0.2,8068,Full e-bus coverage scenario; route assignment weighted by selected GTFS trip frequency
FULLBUS04058,300,0.781,0.9,0.2,8068,Full e-bus coverage scenario; route assignment weighted by selected GTFS trip frequency
FULLBUS04059,300,0.742,0.9,0.2,8196,Full e-bus coverage scenario; route assignment weighted by selected GTFS trip frequency
FULLBUS04060,300,0.858,0.9,0.2,8196,Full e-bus coverage scenario; route assignment weighted by selected GTFS trip frequency
FULLBUS04061,300,0.834,0.9,0.2,8357,Full e-bus coverage scenario; route assignment weighted by selected GTFS trip frequency
FULLBUS04062,300,0.769,0.9,0.2,8357,Full e-bus coverage scenario; route assignment weighted by selected GTFS trip frequency
FULLBUS04063,300,0.855,0.9,0.2,8427,Full e-bus coverage scenario; route assignment weighted by selected GTFS trip frequency
FULLBUS04064,300,0.857,0.9,0.2,8427,Full e-bus coverage scenario; route assignment weighted by selected GTFS trip frequency
FULLBUS04065,300,0.867,0.9,0.2,8587,Full e-bus coverage scenario; route assignment weighted by selected GTFS trip frequency
FULLBUS04066,300,0.86,0.9,0.2,8587,Full e-bus coverage scenario; route assignment weighted by selected GTFS trip frequency
FULLBUS04067,300,0.851,0.9,0.2,8593,Full e-bus coverage scenario; route assignment weighted by selected GTFS trip frequency
FULLBUS04068,300,0.874,0.9,0.2,8593,Full e-bus coverage scenario; route assignment weighted by selected GTFS trip frequency
FULLBUS04069,300,0.8,0.9,0.2,8634,Full e-bus coverage scenario; route assignment weighted by selected GTFS trip frequency
FULLBUS04070,300,0.732,0.9,0.2,8634,Full e-bus coverage scenario; route assignment weighted by selected GTFS trip frequency
FULLBUS04071,300,0.856,0.9,0.2,8709,Full e-bus coverage scenario; route assignment weighted by selected GTFS trip frequency
FULLBUS04072,300,0.785,0.9,0.2,8709,Full e-bus coverage scenario; route assignment weighted by selected GTFS trip frequency
FULLBUS04073,300,0.79,0.9,0.2,1000242,Full e-bus coverage scenario; route assignment weighted by selected GTFS trip frequency
FULLBUS04074,300,0.818,0.9,0.2,1000242,Full e-bus coverage scenario; route assignment weighted by selected GTFS trip frequency
FULLBUS04075,300,0.807,0.9,0.2,1000243,Full e-bus coverage scenario; route assignment weighted by selected GTFS trip frequency
FULLBUS04076,300,0.814,0.9,0.2,1000243,Full e-bus coverage scenario; route assignment weighted by selected GTFS trip frequency
FULLBUS04077,300,0.832,0.9,0.2,1000324,Full e-bus coverage scenario; route assignment weighted by selected GTFS trip frequency
FULLBUS04078,300,0.772,0.9,0.2,1000324,Full e-bus coverage scenario; route assignment weighted by selected GTFS trip frequency
FULLBUS04079,300,0.843,0.9,0.2,1000383,Full e-bus coverage scenario; route assignment weighted by selected GTFS trip frequency
FULLBUS04080,300,0.87,0.9,0.2,1000383,Full e-bus coverage scenario; route assignment weighted by selected GTFS trip frequency
FULLBUS04081,300,0.733,0.9,0.2,1547,Full e-bus coverage scenario; route assignment weighted by selected GTFS trip frequency
FULLBUS04082,300,0.803,0.9,0.2,1547,Full e-bus coverage scenario; route assignment weighted by selected GTFS trip frequency
FULLBUS04083,300,0.839,0.9,0.2,1658,Full e-bus coverage scenario; route assignment weighted by selected GTFS trip frequency
FULLBUS04084,300,0.805,0.9,0.2,1658,Full e-bus coverage scenario; route assignment weighted by selected GTFS trip frequency
FULLBUS04085,300,0.865,0.9,0.2,1686,Full e-bus coverage scenario; route assignment weighted by selected GTFS trip frequency
FULLBUS04086,300,0.822,0.9,0.2,1686,Full e-bus coverage scenario; route assignment weighted by selected GTFS trip frequency
FULLBUS04087,300,0.86,0.9,0.2,2002337,Full e-bus coverage scenario; route assignment weighted by selected GTFS trip frequency
FULLBUS04088,300,0.727,0.9,0.2,2002337,Full e-bus coverage scenario; route assignment weighted by selected GTFS trip frequency
FULLBUS04089,300,0.81,0.9,0.2,2003240,Full e-bus coverage scenario; route assignment weighted by selected GTFS trip frequency
FULLBUS04090,300,0.734,0.9,0.2,2003240,Full e-bus coverage scenario; route assignment weighted by selected GTFS trip frequency
FULLBUS04091,300,0.759,0.9,0.2,2008092,Full e-bus coverage scenario; route assignment weighted by selected GTFS trip frequency
FULLBUS04092,300,0.756,0.9,0.2,2008092,Full e-bus coverage scenario; route assignment weighted by selected GTFS trip frequency
FULLBUS04093,300,0.795,0.9,0.2,2008623,Full e-bus coverage scenario; route assignment weighted by selected GTFS trip frequency
FULLBUS04094,300,0.789,0.9,0.2,2008623,Full e-bus coverage scenario; route assignment weighted by selected GTFS trip frequency
FULLBUS04095,300,0.755,0.9,0.2,8131,Full e-bus coverage scenario; route assignment weighted by selected GTFS trip frequency
FULLBUS04096,300,0.743,0.9,0.2,8131,Full e-bus coverage scenario; route assignment weighted by selected GTFS trip frequency
FULLBUS04097,300,0.76,0.9,0.2,8142,Full e-bus coverage scenario; route assignment weighted by selected GTFS trip frequency
FULLBUS04098,300,0.753,0.9,0.2,8142,Full e-bus coverage scenario; route assignment weighted by selected GTFS trip frequency
FULLBUS04099,300,0.828,0.9,0.2,8230,Full e-bus coverage scenario; route assignment weighted by selected GTFS trip frequency
FULLBUS04100,300,0.848,0.9,0.2,8230,Full e-bus coverage scenario; route assignment weighted by selected GTFS trip frequency
FULLBUS04101,300,0.826,0.9,0.2,8256,Full e-bus coverage scenario; route assignment weighted by selected GTFS trip frequency
FULLBUS04102,300,0.725,0.9,0.2,8256,Full e-bus coverage scenario; route assignment weighted by selected GTFS trip frequency
FULLBUS04103,300,0.873,0.9,0.2,8337,Full e-bus coverage scenario; route assignment weighted by selected GTFS trip frequency
FULLBUS04104,300,0.79,0.9,0.2,8337,Full e-bus coverage scenario; route assignment weighted by selected GTFS trip frequency
FULLBUS04105,300,0.749,0.9,0.2,8393,Full e-bus coverage scenario; route assignment weighted by selected GTFS trip frequency
FULLBUS04106,300,0.732,0.9,0.2,8393,Full e-bus coverage scenario; route assignment weighted by selected GTFS trip frequency
FULLBUS04107,300,0.817,0.9,0.2,8567,Full e-bus coverage scenario; route assignment weighted by selected GTFS trip frequency
FULLBUS04108,300,0.762,0.9,0.2,8567,Full e-bus coverage scenario; route assignment weighted by selected GTFS trip frequency
FULLBUS04109,300,0.735,0.9,0.2,8653,Full e-bus coverage scenario; route assignment weighted by selected GTFS trip frequency
FULLBUS04110,300,0.879,0.9,0.2,8653,Full e-bus coverage scenario; route assignment weighted by selected GTFS trip frequency
FULLBUS04111,300,0.755,0.9,0.2,8686,Full e-bus coverage scenario; route assignment weighted by selected GTFS trip frequency
FULLBUS04112,300,0.737,0.9,0.2,8686,Full e-bus coverage scenario; route assignment weighted by selected GTFS trip frequency
FULLBUS04113,300,0.801,0.9,0.2,1000047,Full e-bus coverage scenario; route assignment weighted by selected GTFS trip frequency
FULLBUS04114,300,0.722,0.9,0.2,1000047,Full e-bus coverage scenario; route assignment weighted by selected GTFS trip frequency
FULLBUS04115,300,0.803,0.9,0.2,1000076,Full e-bus coverage scenario; route assignment weighted by selected GTFS trip frequency
FULLBUS04116,300,0.826,0.9,0.2,1000076,Full e-bus coverage scenario; route assignment weighted by selected GTFS trip frequency
FULLBUS04117,300,0.768,0.9,0.2,1000281,Full e-bus coverage scenario; route assignment weighted by selected GTFS trip frequency
FULLBUS04118,300,0.861,0.9,0.2,1000281,Full e-bus coverage scenario; route assignment weighted by selected GTFS trip frequency
FULLBUS04119,300,0.874,0.9,0.2,1000308,Full e-bus coverage scenario; route assignment weighted by selected GTFS trip frequency
FULLBUS04120,300,0.845,0.9,0.2,1000308,Full e-bus coverage scenario; route assignment weighted by selected GTFS trip frequency
FULLBUS04121,300,0.729,0.9,0.2,1000377,Full e-bus coverage scenario; route assignment weighted by selected GTFS trip frequency
FULLBUS04122,300,0.844,0.9,0.2,1000377,Full e-bus coverage scenario; route assignment weighted by selected GTFS trip frequency
FULLBUS04123,300,0.834,0.9,0.2,1000557,Full e-bus coverage scenario; route assignment weighted by selected GTFS trip frequency
FULLBUS04124,300,0.74,0.9,0.2,1000557,Full e-bus coverage scenario; route assignment weighted by selected GTFS trip frequency
FULLBUS04125,300,0.878,0.9,0.2,1000676,Full e-bus coverage scenario; route assignment weighted by selected GTFS trip frequency
FULLBUS04126,300,0.777,0.9,0.2,1000676,Full e-bus coverage scenario; route assignment weighted by selected GTFS trip frequency
FULLBUS04127,300,0.837,0.9,0.2,1000678,Full e-bus coverage scenario; route assignment weighted by selected GTFS trip frequency
FULLBUS04128,300,0.821,0.9,0.2,1000678,Full e-bus coverage scenario; route assignment weighted by selected GTFS trip frequency
FULLBUS04129,300,0.86,0.9,0.2,1058,Full e-bus coverage scenario; route assignment weighted by selected GTFS trip frequency
FULLBUS04130,300,0.843,0.9,0.2,1058,Full e-bus coverage scenario; route assignment weighted by selected GTFS trip frequency
FULLBUS04131,300,0.731,0.9,0.2,1135,Full e-bus coverage scenario; route assignment weighted by selected GTFS trip frequency
FULLBUS04132,300,0.839,0.9,0.2,1135,Full e-bus coverage scenario; route assignment weighted by selected GTFS trip frequency
FULLBUS04133,300,0.799,0.9,0.2,1267,Full e-bus coverage scenario; route assignment weighted by selected GTFS trip frequency
FULLBUS04134,300,0.74,0.9,0.2,1267,Full e-bus coverage scenario; route assignment weighted by selected GTFS trip frequency
FULLBUS04135,300,0.855,0.9,0.2,1271,Full e-bus coverage scenario; route assignment weighted by selected GTFS trip frequency
FULLBUS04136,300,0.764,0.9,0.2,1271,Full e-bus coverage scenario; route assignment weighted by selected GTFS trip frequency
FULLBUS04137,300,0.834,0.9,0.2,1413,Full e-bus coverage scenario; route assignment weighted by selected GTFS trip frequency
FULLBUS04138,300,0.786,0.9,0.2,1413,Full e-bus coverage scenario; route assignment weighted by selected GTFS trip frequency
FULLBUS04139,300,0.872,0.9,0.2,1416,Full e-bus coverage scenario; route assignment weighted by selected GTFS trip frequency
FULLBUS04140,300,0.738,0.9,0.2,1416,Full e-bus coverage scenario; route assignment weighted by selected GTFS trip frequency
FULLBUS04141,300,0.781,0.9,0.2,1468,Full e-bus coverage scenario; route assignment weighted by selected GTFS trip frequency
FULLBUS04142,300,0.825,0.9,0.2,1468,Full e-bus coverage scenario; route assignment weighted by selected GTFS trip frequency
FULLBUS04143,300,0.756,0.9,0.2,1470,Full e-bus coverage scenario; route assignment weighted by selected GTFS trip frequency
FULLBUS04144,300,0.879,0.9,0.2,1470,Full e-bus coverage scenario; route assignment weighted by selected GTFS trip frequency
FULLBUS04145,300,0.821,0.9,0.2,1527,Full e-bus coverage scenario; route assignment weighted by selected GTFS trip frequency
FULLBUS04146,300,0.738,0.9,0.2,1527,Full e-bus coverage scenario; route assignment weighted by selected GTFS trip frequency
FULLBUS04147,300,0.873,0.9,0.2,1689,Full e-bus coverage scenario; route assignment weighted by selected GTFS trip frequency
FULLBUS04148,300,0.862,0.9,0.2,1689,Full e-bus coverage scenario; route assignment weighted by selected GTFS trip frequency
FULLBUS04149,300,0.802,0.9,0.2,2002382,Full e-bus coverage scenario; route assignment weighted by selected GTFS trip frequency
FULLBUS04150,300,0.731,0.9,0.2,2002382,Full e-bus coverage scenario; route assignment weighted by selected GTFS trip frequency
FULLBUS04151,300,0.79,0.9,0.2,2003637,Full e-bus coverage scenario; route assignment weighted by selected GTFS trip frequency
FULLBUS04152,300,0.739,0.9,0.2,2003637,Full e-bus coverage scenario; route assignment weighted by selected GTFS trip frequency
FULLBUS04153,300,0.796,0.9,0.2,2003679,Full e-bus coverage scenario; route assignment weighted by selected GTFS trip frequency
FULLBUS04154,300,0.88,0.9,0.2,2003679,Full e-bus coverage scenario; route assignment weighted by selected GTFS trip frequency
FULLBUS04155,300,0.744,0.9,0.2,2003902,Full e-bus coverage scenario; route assignment weighted by selected GTFS trip frequency
FULLBUS04156,300,0.835,0.9,0.2,2003902,Full e-bus coverage scenario; route assignment weighted by selected GTFS trip frequency
FULLBUS04157,300,0.745,0.9,0.2,2004081,Full e-bus coverage scenario; route assignment weighted by selected GTFS trip frequency
FULLBUS04158,300,0.767,0.9,0.2,2004081,Full e-bus coverage scenario; route assignment weighted by selected GTFS trip frequency
FULLBUS04159,300,0.746,0.9,0.2,2004087,Full e-bus coverage scenario; route assignment weighted by selected GTFS trip frequency
FULLBUS04160,300,0.851,0.9,0.2,2004087,Full e-bus coverage scenario; route assignment weighted by selected GTFS trip frequency
FULLBUS04161,300,0.747,0.9,0.2,2004659,Full e-bus coverage scenario; route assignment weighted by selected GTFS trip frequency
FULLBUS04162,300,0.748,0.9,0.2,2004659,Full e-bus coverage scenario; route assignment weighted by selected GTFS trip frequency
FULLBUS04163,300,0.82,0.9,0.2,2004759,Full e-bus coverage scenario; route assignment weighted by selected GTFS trip frequency
FULLBUS04164,300,0.738,0.9,0.2,2004759,Full e-bus coverage scenario; route assignment weighted by selected GTFS trip frequency
FULLBUS04165,300,0.819,0.9,0.2,2007434,Full e-bus coverage scenario; route assignment weighted by selected GTFS trip frequency
FULLBUS04166,300,0.752,0.9,0.2,2007434,Full e-bus coverage scenario; route assignment weighted by selected GTFS trip frequency
FULLBUS04167,300,0.752,0.9,0.2,2007764,Full e-bus coverage scenario; route assignment weighted by selected GTFS trip frequency
FULLBUS04168,300,0.773,0.9,0.2,2007764,Full e-bus coverage scenario; route assignment weighted by selected GTFS trip frequency
FULLBUS04169,300,0.8,0.9,0.2,2007860,Full e-bus coverage scenario; route assignment weighted by selected GTFS trip frequency
FULLBUS04170,300,0.793,0.9,0.2,2007860,Full e-bus coverage scenario; route assignment weighted by selected GTFS trip frequency
FULLBUS04171,300,0.878,0.9,0.2,2008883,Full e-bus coverage scenario; route assignment weighted by selected GTFS trip frequency
FULLBUS04172,300,0.831,0.9,0.2,2008883,Full e-bus coverage scenario; route assignment weighted by selected GTFS trip frequency
FULLBUS04173,300,0.811,0.9,0.2,8141,Full e-bus coverage scenario; route assignment weighted by selected GTFS trip frequency
FULLBUS04174,300,0.816,0.9,0.2,8141,Full e-bus coverage scenario; route assignment weighted by selected GTFS trip frequency
FULLBUS04175,300,0.733,0.9,0.2,8222,Full e-bus coverage scenario; route assignment weighted by selected GTFS trip frequency
FULLBUS04176,300,0.732,0.9,0.2,8222,Full e-bus coverage scenario; route assignment weighted by selected GTFS trip frequency
FULLBUS04177,300,0.848,0.9,0.2,8277,Full e-bus coverage scenario; route assignment weighted by selected GTFS trip frequency
FULLBUS04178,300,0.833,0.9,0.2,8277,Full e-bus coverage scenario; route assignment weighted by selected GTFS trip frequency
FULLBUS04179,300,0.853,0.9,0.2,8302,Full e-bus coverage scenario; route assignment weighted by selected GTFS trip frequency
FULLBUS04180,300,0.751,0.9,0.2,8302,Full e-bus coverage scenario; route assignment weighted by selected GTFS trip frequency
FULLBUS04181,300,0.849,0.9,0.2,8539,Full e-bus coverage scenario; route assignment weighted by selected GTFS trip frequency
FULLBUS04182,300,0.749,0.9,0.2,8539,Full e-bus coverage scenario; route assignment weighted by selected GTFS trip frequency
FULLBUS04183,300,0.769,0.9,0.2,8590,Full e-bus coverage scenario; route assignment weighted by selected GTFS trip frequency
FULLBUS04184,300,0.821,0.9,0.2,8590,Full e-bus coverage scenario; route assignment weighted by selected GTFS trip frequency
FULLBUS04185,300,0.818,0.9,0.2,8596,Full e-bus coverage scenario; route assignment weighted by selected GTFS trip frequency
FULLBUS04186,300,0.825,0.9,0.2,8596,Full e-bus coverage scenario; route assignment weighted by selected GTFS trip frequency
FULLBUS04187,300,0.763,0.9,0.2,8597,Full e-bus coverage scenario; route assignment weighted by selected GTFS trip frequency
FULLBUS04188,300,0.843,0.9,0.2,8597,Full e-bus coverage scenario; route assignment weighted by selected GTFS trip frequency
FULLBUS04189,300,0.798,0.9,0.2,8635,Full e-bus coverage scenario; route assignment weighted by selected GTFS trip frequency
FULLBUS04190,300,0.765,0.9,0.2,8635,Full e-bus coverage scenario; route assignment weighted by selected GTFS trip frequency
FULLBUS04191,300,0.747,0.9,0.2,8677,Full e-bus coverage scenario; route assignment weighted by selected GTFS trip frequency
FULLBUS04192,300,0.858,0.9,0.2,8677,Full e-bus coverage scenario; route assignment weighted by selected GTFS trip frequency
FULLBUS04193,300,0.741,0.9,0.2,1000045,Full e-bus coverage scenario; route assignment weighted by selected GTFS trip frequency
FULLBUS04194,300,0.8,0.9,0.2,1000045,Full e-bus coverage scenario; route assignment weighted by selected GTFS trip frequency
FULLBUS04195,300,0.83,0.9,0.2,1000081,Full e-bus coverage scenario; route assignment weighted by selected GTFS trip frequency
FULLBUS04196,300,0.767,0.9,0.2,1000081,Full e-bus coverage scenario; route assignment weighted by selected GTFS trip frequency
FULLBUS04197,300,0.73,0.9,0.2,1000234,Full e-bus coverage scenario; route assignment weighted by selected GTFS trip frequency
FULLBUS04198,300,0.878,0.9,0.2,1000234,Full e-bus coverage scenario; route assignment weighted by selected GTFS trip frequency
FULLBUS04199,300,0.814,0.9,0.2,1000246,Full e-bus coverage scenario; route assignment weighted by selected GTFS trip frequency
FULLBUS04200,300,0.837,0.9,0.2,1000246,Full e-bus coverage scenario; route assignment weighted by selected GTFS trip frequency
FULLBUS04201,300,0.833,0.9,0.2,1000293,Full e-bus coverage scenario; route assignment weighted by selected GTFS trip frequency
FULLBUS04202,300,0.85,0.9,0.2,1000293,Full e-bus coverage scenario; route assignment weighted by selected GTFS trip frequency
FULLBUS04203,300,0.812,0.9,0.2,1000314,Full e-bus coverage scenario; route assignment weighted by selected GTFS trip frequency
FULLBUS04204,300,0.865,0.9,0.2,1000314,Full e-bus coverage scenario; route assignment weighted by selected GTFS trip frequency
FULLBUS04205,300,0.724,0.9,0.2,1000356,Full e-bus coverage scenario; route assignment weighted by selected GTFS trip frequency
FULLBUS04206,300,0.741,0.9,0.2,1000356,Full e-bus coverage scenario; route assignment weighted by selected GTFS trip frequency
FULLBUS04207,300,0.876,0.9,0.2,1000447,Full e-bus coverage scenario; route assignment weighted by selected GTFS trip frequency
FULLBUS04208,300,0.751,0.9,0.2,1000447,Full e-bus coverage scenario; route assignment weighted by selected GTFS trip frequency
FULLBUS04209,300,0.805,0.9,0.2,1000473,Full e-bus coverage scenario; route assignment weighted by selected GTFS trip frequency
FULLBUS04210,300,0.773,0.9,0.2,1000473,Full e-bus coverage scenario; route assignment weighted by selected GTFS trip frequency
FULLBUS04211,300,0.757,0.9,0.2,1000493,Full e-bus coverage scenario; route assignment weighted by selected GTFS trip frequency
FULLBUS04212,300,0.818,0.9,0.2,1000493,Full e-bus coverage scenario; route assignment weighted by selected GTFS trip frequency
FULLBUS04213,300,0.826,0.9,0.2,1000575,Full e-bus coverage scenario; route assignment weighted by selected GTFS trip frequency
FULLBUS04214,300,0.851,0.9,0.2,1000575,Full e-bus coverage scenario; route assignment weighted by selected GTFS trip frequency
FULLBUS04215,300,0.727,0.9,0.2,1000602,Full e-bus coverage scenario; route assignment weighted by selected GTFS trip frequency
FULLBUS04216,300,0.761,0.9,0.2,1000602,Full e-bus coverage scenario; route assignment weighted by selected GTFS trip frequency
FULLBUS04217,300,0.764,0.9,0.2,1000603,Full e-bus coverage scenario; route assignment weighted by selected GTFS trip frequency
FULLBUS04218,300,0.866,0.9,0.2,1000603,Full e-bus coverage scenario; route assignment weighted by selected GTFS trip frequency
FULLBUS04219,300,0.761,0.9,0.2,1000648,Full e-bus coverage scenario; route assignment weighted by selected GTFS trip frequency
FULLBUS04220,300,0.745,0.9,0.2,1000648,Full e-bus coverage scenario; route assignment weighted by selected GTFS trip frequency
FULLBUS04221,300,0.757,0.9,0.2,1006,Full e-bus coverage scenario; route assignment weighted by selected GTFS trip frequency
FULLBUS04222,300,0.857,0.9,0.2,1006,Full e-bus coverage scenario; route assignment weighted by selected GTFS trip frequency
FULLBUS04223,300,0.818,0.9,0.2,1221,Full e-bus coverage scenario; route assignment weighted by selected GTFS trip frequency
FULLBUS04224,300,0.737,0.9,0.2,1221,Full e-bus coverage scenario; route assignment weighted by selected GTFS trip frequency
FULLBUS04225,300,0.851,0.9,0.2,1309,Full e-bus coverage scenario; route assignment weighted by selected GTFS trip frequency
FULLBUS04226,300,0.763,0.9,0.2,1309,Full e-bus coverage scenario; route assignment weighted by selected GTFS trip frequency
FULLBUS04227,300,0.832,0.9,0.2,1425,Full e-bus coverage scenario; route assignment weighted by selected GTFS trip frequency
FULLBUS04228,300,0.866,0.9,0.2,1425,Full e-bus coverage scenario; route assignment weighted by selected GTFS trip frequency
FULLBUS04229,300,0.788,0.9,0.2,1539,Full e-bus coverage scenario; route assignment weighted by selected GTFS trip frequency
FULLBUS04230,300,0.832,0.9,0.2,1539,Full e-bus coverage scenario; route assignment weighted by selected GTFS trip frequency
FULLBUS04231,300,0.853,0.9,0.2,1890,Full e-bus coverage scenario; route assignment weighted by selected GTFS trip frequency
FULLBUS04232,300,0.87,0.9,0.2,1890,Full e-bus coverage scenario; route assignment weighted by selected GTFS trip frequency
FULLBUS04233,300,0.794,0.9,0.2,2001788,Full e-bus coverage scenario; route assignment weighted by selected GTFS trip frequency
FULLBUS04234,300,0.752,0.9,0.2,2001788,Full e-bus coverage scenario; route assignment weighted by selected GTFS trip frequency
FULLBUS04235,300,0.87,0.9,0.2,2002287,Full e-bus coverage scenario; route assignment weighted by selected GTFS trip frequency
FULLBUS04236,300,0.867,0.9,0.2,2002287,Full e-bus coverage scenario; route assignment weighted by selected GTFS trip frequency
FULLBUS04237,300,0.863,0.9,0.2,2004629,Full e-bus coverage scenario; route assignment weighted by selected GTFS trip frequency
FULLBUS04238,300,0.871,0.9,0.2,2004629,Full e-bus coverage scenario; route assignment weighted by selected GTFS trip frequency
FULLBUS04239,300,0.756,0.9,0.2,2004630,Full e-bus coverage scenario; route assignment weighted by selected GTFS trip frequency
FULLBUS04240,300,0.768,0.9,0.2,2004630,Full e-bus coverage scenario; route assignment weighted by selected GTFS trip frequency
FULLBUS04241,300,0.78,0.9,0.2,2004989,Full e-bus coverage scenario; route assignment weighted by selected GTFS trip frequency
FULLBUS04242,300,0.823,0.9,0.2,2004989,Full e-bus coverage scenario; route assignment weighted by selected GTFS trip frequency
FULLBUS04243,300,0.828,0.9,0.2,2005325,Full e-bus coverage scenario; route assignment weighted by selected GTFS trip frequency
FULLBUS04244,300,0.803,0.9,0.2,2005325,Full e-bus coverage scenario; route assignment weighted by selected GTFS trip frequency
FULLBUS04245,300,0.786,0.9,0.2,2008685,Full e-bus coverage scenario; route assignment weighted by selected GTFS trip frequency
FULLBUS04246,300,0.801,0.9,0.2,2008685,Full e-bus coverage scenario; route assignment weighted by selected GTFS trip frequency
FULLBUS04247,300,0.817,0.9,0.2,8101,Full e-bus coverage scenario; route assignment weighted by selected GTFS trip frequency
FULLBUS04248,300,0.851,0.9,0.2,8101,Full e-bus coverage scenario; route assignment weighted by selected GTFS trip frequency
FULLBUS04249,300,0.789,0.9,0.2,8197,Full e-bus coverage scenario; route assignment weighted by selected GTFS trip frequency
FULLBUS04250,300,0.777,0.9,0.2,8197,Full e-bus coverage scenario; route assignment weighted by selected GTFS trip frequency
FULLBUS04251,300,0.811,0.9,0.2,8266,Full e-bus coverage scenario; route assignment weighted by selected GTFS trip frequency
FULLBUS04252,300,0.769,0.9,0.2,8266,Full e-bus coverage scenario; route assignment weighted by selected GTFS trip frequency
FULLBUS04253,300,0.774,0.9,0.2,8319,Full e-bus coverage scenario; route assignment weighted by selected GTFS trip frequency
FULLBUS04254,300,0.84,0.9,0.2,8319,Full e-bus coverage scenario; route assignment weighted by selected GTFS trip frequency
FULLBUS04255,300,0.779,0.9,0.2,8327,Full e-bus coverage scenario; route assignment weighted by selected GTFS trip frequency
FULLBUS04256,300,0.788,0.9,0.2,8327,Full e-bus coverage scenario; route assignment weighted by selected GTFS trip frequency
FULLBUS04257,300,0.729,0.9,0.2,8397,Full e-bus coverage scenario; route assignment weighted by selected GTFS trip frequency
FULLBUS04258,300,0.761,0.9,0.2,8397,Full e-bus coverage scenario; route assignment weighted by selected GTFS trip frequency
FULLBUS04259,300,0.786,0.9,0.2,8401,Full e-bus coverage scenario; route assignment weighted by selected GTFS trip frequency
FULLBUS04260,300,0.722,0.9,0.2,8401,Full e-bus coverage scenario; route assignment weighted by selected GTFS trip frequency
FULLBUS04261,300,0.819,0.9,0.2,8468,Full e-bus coverage scenario; route assignment weighted by selected GTFS trip frequency
FULLBUS04262,300,0.852,0.9,0.2,8468,Full e-bus coverage scenario; route assignment weighted by selected GTFS trip frequency
FULLBUS04263,300,0.753,0.9,0.2,8562,Full e-bus coverage scenario; route assignment weighted by selected GTFS trip frequency
FULLBUS04264,300,0.795,0.9,0.2,8562,Full e-bus coverage scenario; route assignment weighted by selected GTFS trip frequency
FULLBUS04265,300,0.852,0.9,0.2,8565,Full e-bus coverage scenario; route assignment weighted by selected GTFS trip frequency
FULLBUS04266,300,0.747,0.9,0.2,8565,Full e-bus coverage scenario; route assignment weighted by selected GTFS trip frequency
FULLBUS04267,300,0.774,0.9,0.2,8637,Full e-bus coverage scenario; route assignment weighted by selected GTFS trip frequency
FULLBUS04268,300,0.789,0.9,0.2,8637,Full e-bus coverage scenario; route assignment weighted by selected GTFS trip frequency
FULLBUS04269,300,0.729,0.9,0.2,8657,Full e-bus coverage scenario; route assignment weighted by selected GTFS trip frequency
FULLBUS04270,300,0.721,0.9,0.2,8657,Full e-bus coverage scenario; route assignment weighted by selected GTFS trip frequency
FULLBUS04271,300,0.775,0.9,0.2,8663,Full e-bus coverage scenario; route assignment weighted by selected GTFS trip frequency
FULLBUS04272,300,0.756,0.9,0.2,8663,Full e-bus coverage scenario; route assignment weighted by selected GTFS trip frequency
FULLBUS04273,300,0.781,0.9,0.2,8764,Full e-bus coverage scenario; route assignment weighted by selected GTFS trip frequency
FULLBUS04274,300,0.838,0.9,0.2,8764,Full e-bus coverage scenario; route assignment weighted by selected GTFS trip frequency
FULLBUS04275,300,0.785,0.9,0.2,8782,Full e-bus coverage scenario; route assignment weighted by selected GTFS trip frequency
FULLBUS04276,300,0.764,0.9,0.2,8782,Full e-bus coverage scenario; route assignment weighted by selected GTFS trip frequency
FULLBUS04277,300,0.755,0.9,0.2,1000084,Full e-bus coverage scenario; route assignment weighted by selected GTFS trip frequency
FULLBUS04278,300,0.851,0.9,0.2,1000084,Full e-bus coverage scenario; route assignment weighted by selected GTFS trip frequency
FULLBUS04279,300,0.814,0.9,0.2,1000088,Full e-bus coverage scenario; route assignment weighted by selected GTFS trip frequency
FULLBUS04280,300,0.815,0.9,0.2,1000088,Full e-bus coverage scenario; route assignment weighted by selected GTFS trip frequency
FULLBUS04281,300,0.829,0.9,0.2,1000116,Full e-bus coverage scenario; route assignment weighted by selected GTFS trip frequency
FULLBUS04282,300,0.81,0.9,0.2,1000116,Full e-bus coverage scenario; route assignment weighted by selected GTFS trip frequency
FULLBUS04283,300,0.82,0.9,0.2,1000236,Full e-bus coverage scenario; route assignment weighted by selected GTFS trip frequency
FULLBUS04284,300,0.869,0.9,0.2,1000236,Full e-bus coverage scenario; route assignment weighted by selected GTFS trip frequency
FULLBUS04285,300,0.751,0.9,0.2,1000240,Full e-bus coverage scenario; route assignment weighted by selected GTFS trip frequency
FULLBUS04286,300,0.756,0.9,0.2,1000240,Full e-bus coverage scenario; route assignment weighted by selected GTFS trip frequency
FULLBUS04287,300,0.745,0.9,0.2,1000241,Full e-bus coverage scenario; route assignment weighted by selected GTFS trip frequency
FULLBUS04288,300,0.764,0.9,0.2,1000241,Full e-bus coverage scenario; route assignment weighted by selected GTFS trip frequency
FULLBUS04289,300,0.782,0.9,0.2,1000261,Full e-bus coverage scenario; route assignment weighted by selected GTFS trip frequency
FULLBUS04290,300,0.841,0.9,0.2,1000261,Full e-bus coverage scenario; route assignment weighted by selected GTFS trip frequency
FULLBUS04291,300,0.796,0.9,0.2,1000273,Full e-bus coverage scenario; route assignment weighted by selected GTFS trip frequency
FULLBUS04292,300,0.773,0.9,0.2,1000273,Full e-bus coverage scenario; route assignment weighted by selected GTFS trip frequency
FULLBUS04293,300,0.875,0.9,0.2,1000537,Full e-bus coverage scenario; route assignment weighted by selected GTFS trip frequency
FULLBUS04294,300,0.849,0.9,0.2,1000537,Full e-bus coverage scenario; route assignment weighted by selected GTFS trip frequency
FULLBUS04295,300,0.753,0.9,0.2,1040,Full e-bus coverage scenario; route assignment weighted by selected GTFS trip frequency
FULLBUS04296,300,0.781,0.9,0.2,1040,Full e-bus coverage scenario; route assignment weighted by selected GTFS trip frequency
FULLBUS04297,300,0.874,0.9,0.2,1066,Full e-bus coverage scenario; route assignment weighted by selected GTFS trip frequency
FULLBUS04298,300,0.773,0.9,0.2,1066,Full e-bus coverage scenario; route assignment weighted by selected GTFS trip frequency
FULLBUS04299,300,0.8,0.9,0.2,1220,Full e-bus coverage scenario; route assignment weighted by selected GTFS trip frequency
FULLBUS04300,300,0.835,0.9,0.2,1220,Full e-bus coverage scenario; route assignment weighted by selected GTFS trip frequency
FULLBUS04301,300,0.779,0.9,0.2,1302,Full e-bus coverage scenario; route assignment weighted by selected GTFS trip frequency
FULLBUS04302,300,0.868,0.9,0.2,1302,Full e-bus coverage scenario; route assignment weighted by selected GTFS trip frequency
FULLBUS04303,300,0.844,0.9,0.2,1341,Full e-bus coverage scenario; route assignment weighted by selected GTFS trip frequency
FULLBUS04304,300,0.866,0.9,0.2,1341,Full e-bus coverage scenario; route assignment weighted by selected GTFS trip frequency
FULLBUS04305,300,0.862,0.9,0.2,1453,Full e-bus coverage scenario; route assignment weighted by selected GTFS trip frequency
FULLBUS04306,300,0.866,0.9,0.2,1453,Full e-bus coverage scenario; route assignment weighted by selected GTFS trip frequency
FULLBUS04307,300,0.866,0.9,0.2,1495,Full e-bus coverage scenario; route assignment weighted by selected GTFS trip frequency
FULLBUS04308,300,0.737,0.9,0.2,1495,Full e-bus coverage scenario; route assignment weighted by selected GTFS trip frequency
FULLBUS04309,300,0.877,0.9,0.2,1522,Full e-bus coverage scenario; route assignment weighted by selected GTFS trip frequency
FULLBUS04310,300,0.819,0.9,0.2,1522,Full e-bus coverage scenario; route assignment weighted by selected GTFS trip frequency
FULLBUS04311,300,0.858,0.9,0.2,1655,Full e-bus coverage scenario; route assignment weighted by selected GTFS trip frequency
FULLBUS04312,300,0.843,0.9,0.2,1655,Full e-bus coverage scenario; route assignment weighted by selected GTFS trip frequency
FULLBUS04313,300,0.807,0.9,0.2,1659,Full e-bus coverage scenario; route assignment weighted by selected GTFS trip frequency
FULLBUS04314,300,0.742,0.9,0.2,1659,Full e-bus coverage scenario; route assignment weighted by selected GTFS trip frequency
FULLBUS04315,300,0.85,0.9,0.2,1799,Full e-bus coverage scenario; route assignment weighted by selected GTFS trip frequency
FULLBUS04316,300,0.751,0.9,0.2,1799,Full e-bus coverage scenario; route assignment weighted by selected GTFS trip frequency
FULLBUS04317,300,0.749,0.9,0.2,2001010,Full e-bus coverage scenario; route assignment weighted by selected GTFS trip frequency
FULLBUS04318,300,0.863,0.9,0.2,2001010,Full e-bus coverage scenario; route assignment weighted by selected GTFS trip frequency
FULLBUS04319,300,0.866,0.9,0.2,2002283,Full e-bus coverage scenario; route assignment weighted by selected GTFS trip frequency
FULLBUS04320,300,0.877,0.9,0.2,2002283,Full e-bus coverage scenario; route assignment weighted by selected GTFS trip frequency
FULLBUS04321,300,0.736,0.9,0.2,2002317,Full e-bus coverage scenario; route assignment weighted by selected GTFS trip frequency
FULLBUS04322,300,0.733,0.9,0.2,2002317,Full e-bus coverage scenario; route assignment weighted by selected GTFS trip frequency
FULLBUS04323,300,0.8,0.9,0.2,2002815,Full e-bus coverage scenario; route assignment weighted by selected GTFS trip frequency
FULLBUS04324,300,0.863,0.9,0.2,2002815,Full e-bus coverage scenario; route assignment weighted by selected GTFS trip frequency
FULLBUS04325,300,0.772,0.9,0.2,2002945,Full e-bus coverage scenario; route assignment weighted by selected GTFS trip frequency
FULLBUS04326,300,0.774,0.9,0.2,2002945,Full e-bus coverage scenario; route assignment weighted by selected GTFS trip frequency
FULLBUS04327,300,0.764,0.9,0.2,2003538,Full e-bus coverage scenario; route assignment weighted by selected GTFS trip frequency
FULLBUS04328,300,0.804,0.9,0.2,2003538,Full e-bus coverage scenario; route assignment weighted by selected GTFS trip frequency
FULLBUS04329,300,0.776,0.9,0.2,2003677,Full e-bus coverage scenario; route assignment weighted by selected GTFS trip frequency
FULLBUS04330,300,0.763,0.9,0.2,2003677,Full e-bus coverage scenario; route assignment weighted by selected GTFS trip frequency
FULLBUS04331,300,0.75,0.9,0.2,2004091,Full e-bus coverage scenario; route assignment weighted by selected GTFS trip frequency
FULLBUS04332,300,0.852,0.9,0.2,2004091,Full e-bus coverage scenario; route assignment weighted by selected GTFS trip frequency
FULLBUS04333,300,0.869,0.9,0.2,2004632,Full e-bus coverage scenario; route assignment weighted by selected GTFS trip frequency
FULLBUS04334,300,0.834,0.9,0.2,2004632,Full e-bus coverage scenario; route assignment weighted by selected GTFS trip frequency
FULLBUS04335,300,0.858,0.9,0.2,2004758,Full e-bus coverage scenario; route assignment weighted by selected GTFS trip frequency
FULLBUS04336,300,0.729,0.9,0.2,2004758,Full e-bus coverage scenario; route assignment weighted by selected GTFS trip frequency
FULLBUS04337,300,0.834,0.9,0.2,2005121,Full e-bus coverage scenario; route assignment weighted by selected GTFS trip frequency
FULLBUS04338,300,0.745,0.9,0.2,2005121,Full e-bus coverage scenario; route assignment weighted by selected GTFS trip frequency
FULLBUS04339,300,0.819,0.9,0.2,2005253,Full e-bus coverage scenario; route assignment weighted by selected GTFS trip frequency
FULLBUS04340,300,0.875,0.9,0.2,2005253,Full e-bus coverage scenario; route assignment weighted by selected GTFS trip frequency
FULLBUS04341,300,0.815,0.9,0.2,2005319,Full e-bus coverage scenario; route assignment weighted by selected GTFS trip frequency
FULLBUS04342,300,0.813,0.9,0.2,2005319,Full e-bus coverage scenario; route assignment weighted by selected GTFS trip frequency
FULLBUS04343,300,0.799,0.9,0.2,2005880,Full e-bus coverage scenario; route assignment weighted by selected GTFS trip frequency
FULLBUS04344,300,0.829,0.9,0.2,2005880,Full e-bus coverage scenario; route assignment weighted by selected GTFS trip frequency
FULLBUS04345,300,0.745,0.9,0.2,2006318,Full e-bus coverage scenario; route assignment weighted by selected GTFS trip frequency
FULLBUS04346,300,0.783,0.9,0.2,2006318,Full e-bus coverage scenario; route assignment weighted by selected GTFS trip frequency
FULLBUS04347,300,0.873,0.9,0.2,2006543,Full e-bus coverage scenario; route assignment weighted by selected GTFS trip frequency
FULLBUS04348,300,0.808,0.9,0.2,2006543,Full e-bus coverage scenario; route assignment weighted by selected GTFS trip frequency
FULLBUS04349,300,0.867,0.9,0.2,2006705,Full e-bus coverage scenario; route assignment weighted by selected GTFS trip frequency
FULLBUS04350,300,0.857,0.9,0.2,2006705,Full e-bus coverage scenario; route assignment weighted by selected GTFS trip frequency
FULLBUS04351,300,0.844,0.9,0.2,2007002,Full e-bus coverage scenario; route assignment weighted by selected GTFS trip frequency
FULLBUS04352,300,0.871,0.9,0.2,2007002,Full e-bus coverage scenario; route assignment weighted by selected GTFS trip frequency
FULLBUS04353,300,0.876,0.9,0.2,2007201,Full e-bus coverage scenario; route assignment weighted by selected GTFS trip frequency
FULLBUS04354,300,0.839,0.9,0.2,2007201,Full e-bus coverage scenario; route assignment weighted by selected GTFS trip frequency
FULLBUS04355,300,0.734,0.9,0.2,2007596,Full e-bus coverage scenario; route assignment weighted by selected GTFS trip frequency
FULLBUS04356,300,0.86,0.9,0.2,2007596,Full e-bus coverage scenario; route assignment weighted by selected GTFS trip frequency
FULLBUS04357,300,0.784,0.9,0.2,2007762,Full e-bus coverage scenario; route assignment weighted by selected GTFS trip frequency
FULLBUS04358,300,0.721,0.9,0.2,2007762,Full e-bus coverage scenario; route assignment weighted by selected GTFS trip frequency
FULLBUS04359,300,0.874,0.9,0.2,2007992,Full e-bus coverage scenario; route assignment weighted by selected GTFS trip frequency
FULLBUS04360,300,0.823,0.9,0.2,2007992,Full e-bus coverage scenario; route assignment weighted by selected GTFS trip frequency
FULLBUS04361,300,0.76,0.9,0.2,2007997,Full e-bus coverage scenario; route assignment weighted by selected GTFS trip frequency
FULLBUS04362,300,0.806,0.9,0.2,2007997,Full e-bus coverage scenario; route assignment weighted by selected GTFS trip frequency
FULLBUS04363,300,0.752,0.9,0.2,2008223,Full e-bus coverage scenario; route assignment weighted by selected GTFS trip frequency
FULLBUS04364,300,0.783,0.9,0.2,2008223,Full e-bus coverage scenario; route assignment weighted by selected GTFS trip frequency
FULLBUS04365,300,0.846,0.9,0.2,2008291,Full e-bus coverage scenario; route assignment weighted by selected GTFS trip frequency
FULLBUS04366,300,0.765,0.9,0.2,2008291,Full e-bus coverage scenario; route assignment weighted by selected GTFS trip frequency
FULLBUS04367,300,0.799,0.9,0.2,2008592,Full e-bus coverage scenario; route assignment weighted by selected GTFS trip frequency
FULLBUS04368,300,0.762,0.9,0.2,2008592,Full e-bus coverage scenario; route assignment weighted by selected GTFS trip frequency
FULLBUS04369,300,0.795,0.9,0.2,2008601,Full e-bus coverage scenario; route assignment weighted by selected GTFS trip frequency
FULLBUS04370,300,0.863,0.9,0.2,2008601,Full e-bus coverage scenario; route assignment weighted by selected GTFS trip frequency
FULLBUS04371,300,0.866,0.9,0.2,2008654,Full e-bus coverage scenario; route assignment weighted by selected GTFS trip frequency
FULLBUS04372,300,0.725,0.9,0.2,2008654,Full e-bus coverage scenario; route assignment weighted by selected GTFS trip frequency
FULLBUS04373,300,0.724,0.9,0.2,2008785,Full e-bus coverage scenario; route assignment weighted by selected GTFS trip frequency
FULLBUS04374,300,0.851,0.9,0.2,2008785,Full e-bus coverage scenario; route assignment weighted by selected GTFS trip frequency
FULLBUS04375,300,0.832,0.9,0.2,2009147,Full e-bus coverage scenario; route assignment weighted by selected GTFS trip frequency
FULLBUS04376,300,0.75,0.9,0.2,2009147,Full e-bus coverage scenario; route assignment weighted by selected GTFS trip frequency
FULLBUS04377,300,0.75,0.9,0.2,2010270,Full e-bus coverage scenario; route assignment weighted by selected GTFS trip frequency
FULLBUS04378,300,0.854,0.9,0.2,2010270,Full e-bus coverage scenario; route assignment weighted by selected GTFS trip frequency
FULLBUS04379,300,0.838,0.9,0.2,2010368,Full e-bus coverage scenario; route assignment weighted by selected GTFS trip frequency
FULLBUS04380,300,0.805,0.9,0.2,2010368,Full e-bus coverage scenario; route assignment weighted by selected GTFS trip frequency
FULLBUS04381,300,0.781,0.9,0.2,8091,Full e-bus coverage scenario; route assignment weighted by selected GTFS trip frequency
FULLBUS04382,300,0.731,0.9,0.2,8091,Full e-bus coverage scenario; route assignment weighted by selected GTFS trip frequency
FULLBUS04383,300,0.768,0.9,0.2,8195,Full e-bus coverage scenario; route assignment weighted by selected GTFS trip frequency
FULLBUS04384,300,0.774,0.9,0.2,8195,Full e-bus coverage scenario; route assignment weighted by selected GTFS trip frequency
FULLBUS04385,300,0.745,0.9,0.2,8202,Full e-bus coverage scenario; route assignment weighted by selected GTFS trip frequency
FULLBUS04386,300,0.787,0.9,0.2,8202,Full e-bus coverage scenario; route assignment weighted by selected GTFS trip frequency
FULLBUS04387,300,0.746,0.9,0.2,8287,Full e-bus coverage scenario; route assignment weighted by selected GTFS trip frequency
FULLBUS04388,300,0.776,0.9,0.2,8287,Full e-bus coverage scenario; route assignment weighted by selected GTFS trip frequency
FULLBUS04389,300,0.776,0.9,0.2,8310,Full e-bus coverage scenario; route assignment weighted by selected GTFS trip frequency
FULLBUS04390,300,0.799,0.9,0.2,8310,Full e-bus coverage scenario; route assignment weighted by selected GTFS trip frequency
FULLBUS04391,300,0.862,0.9,0.2,8361,Full e-bus coverage scenario; route assignment weighted by selected GTFS trip frequency
FULLBUS04392,300,0.832,0.9,0.2,8361,Full e-bus coverage scenario; route assignment weighted by selected GTFS trip frequency
FULLBUS04393,300,0.823,0.9,0.2,8386,Full e-bus coverage scenario; route assignment weighted by selected GTFS trip frequency
FULLBUS04394,300,0.863,0.9,0.2,8386,Full e-bus coverage scenario; route assignment weighted by selected GTFS trip frequency
FULLBUS04395,300,0.819,0.9,0.2,8472,Full e-bus coverage scenario; route assignment weighted by selected GTFS trip frequency
FULLBUS04396,300,0.723,0.9,0.2,8472,Full e-bus coverage scenario; route assignment weighted by selected GTFS trip frequency
FULLBUS04397,300,0.84,0.9,0.2,8505,Full e-bus coverage scenario; route assignment weighted by selected GTFS trip frequency
FULLBUS04398,300,0.723,0.9,0.2,8505,Full e-bus coverage scenario; route assignment weighted by selected GTFS trip frequency
FULLBUS04399,300,0.81,0.9,0.2,8756,Full e-bus coverage scenario; route assignment weighted by selected GTFS trip frequency
FULLBUS04400,300,0.863,0.9,0.2,8756,Full e-bus coverage scenario; route assignment weighted by selected GTFS trip frequency
FULLBUS04401,300,0.846,0.9,0.2,8798,Full e-bus coverage scenario; route assignment weighted by selected GTFS trip frequency
FULLBUS04402,300,0.806,0.9,0.2,8798,Full e-bus coverage scenario; route assignment weighted by selected GTFS trip frequency
FULLBUS04403,300,0.773,0.9,0.2,8801,Full e-bus coverage scenario; route assignment weighted by selected GTFS trip frequency
FULLBUS04404,300,0.877,0.9,0.2,8801,Full e-bus coverage scenario; route assignment weighted by selected GTFS trip frequency
FULLBUS04405,300,0.814,0.9,0.2,1000209,Full e-bus coverage scenario; route assignment weighted by selected GTFS trip frequency
FULLBUS04406,300,0.866,0.9,0.2,1000209,Full e-bus coverage scenario; route assignment weighted by selected GTFS trip frequency
FULLBUS04407,300,0.795,0.9,0.2,1000230,Full e-bus coverage scenario; route assignment weighted by selected GTFS trip frequency
FULLBUS04408,300,0.773,0.9,0.2,1000230,Full e-bus coverage scenario; route assignment weighted by selected GTFS trip frequency
FULLBUS04409,300,0.85,0.9,0.2,1000245,Full e-bus coverage scenario; route assignment weighted by selected GTFS trip frequency
FULLBUS04410,300,0.781,0.9,0.2,1000245,Full e-bus coverage scenario; route assignment weighted by selected GTFS trip frequency
FULLBUS04411,300,0.874,0.9,0.2,1000399,Full e-bus coverage scenario; route assignment weighted by selected GTFS trip frequency
FULLBUS04412,300,0.744,0.9,0.2,1000399,Full e-bus coverage scenario; route assignment weighted by selected GTFS trip frequency
FULLBUS04413,300,0.843,0.9,0.2,1000451,Full e-bus coverage scenario; route assignment weighted by selected GTFS trip frequency
FULLBUS04414,300,0.838,0.9,0.2,1000451,Full e-bus coverage scenario; route assignment weighted by selected GTFS trip frequency
FULLBUS04415,300,0.728,0.9,0.2,1000536,Full e-bus coverage scenario; route assignment weighted by selected GTFS trip frequency
FULLBUS04416,300,0.783,0.9,0.2,1000536,Full e-bus coverage scenario; route assignment weighted by selected GTFS trip frequency
FULLBUS04417,300,0.751,0.9,0.2,1000684,Full e-bus coverage scenario; route assignment weighted by selected GTFS trip frequency
FULLBUS04418,300,0.756,0.9,0.2,1000684,Full e-bus coverage scenario; route assignment weighted by selected GTFS trip frequency
FULLBUS04419,300,0.872,0.9,0.2,1182,Full e-bus coverage scenario; route assignment weighted by selected GTFS trip frequency
FULLBUS04420,300,0.798,0.9,0.2,1182,Full e-bus coverage scenario; route assignment weighted by selected GTFS trip frequency
FULLBUS04421,300,0.765,0.9,0.2,1273,Full e-bus coverage scenario; route assignment weighted by selected GTFS trip frequency
FULLBUS04422,300,0.83,0.9,0.2,1273,Full e-bus coverage scenario; route assignment weighted by selected GTFS trip frequency
FULLBUS04423,300,0.814,0.9,0.2,1307,Full e-bus coverage scenario; route assignment weighted by selected GTFS trip frequency
FULLBUS04424,300,0.753,0.9,0.2,1307,Full e-bus coverage scenario; route assignment weighted by selected GTFS trip frequency
FULLBUS04425,300,0.872,0.9,0.2,1498,Full e-bus coverage scenario; route assignment weighted by selected GTFS trip frequency
FULLBUS04426,300,0.768,0.9,0.2,1498,Full e-bus coverage scenario; route assignment weighted by selected GTFS trip frequency
FULLBUS04427,300,0.775,0.9,0.2,1576,Full e-bus coverage scenario; route assignment weighted by selected GTFS trip frequency
FULLBUS04428,300,0.764,0.9,0.2,1576,Full e-bus coverage scenario; route assignment weighted by selected GTFS trip frequency
FULLBUS04429,300,0.803,0.9,0.2,1600,Full e-bus coverage scenario; route assignment weighted by selected GTFS trip frequency
FULLBUS04430,300,0.804,0.9,0.2,1600,Full e-bus coverage scenario; route assignment weighted by selected GTFS trip frequency
FULLBUS04431,300,0.872,0.9,0.2,1815,Full e-bus coverage scenario; route assignment weighted by selected GTFS trip frequency
FULLBUS04432,300,0.748,0.9,0.2,1815,Full e-bus coverage scenario; route assignment weighted by selected GTFS trip frequency
FULLBUS04433,300,0.747,0.9,0.2,2000971,Full e-bus coverage scenario; route assignment weighted by selected GTFS trip frequency
FULLBUS04434,300,0.809,0.9,0.2,2000971,Full e-bus coverage scenario; route assignment weighted by selected GTFS trip frequency
FULLBUS04435,300,0.777,0.9,0.2,2001360,Full e-bus coverage scenario; route assignment weighted by selected GTFS trip frequency
FULLBUS04436,300,0.802,0.9,0.2,2001360,Full e-bus coverage scenario; route assignment weighted by selected GTFS trip frequency
FULLBUS04437,300,0.74,0.9,0.2,2004095,Full e-bus coverage scenario; route assignment weighted by selected GTFS trip frequency
FULLBUS04438,300,0.781,0.9,0.2,2004095,Full e-bus coverage scenario; route assignment weighted by selected GTFS trip frequency
FULLBUS04439,300,0.783,0.9,0.2,2004096,Full e-bus coverage scenario; route assignment weighted by selected GTFS trip frequency
FULLBUS04440,300,0.861,0.9,0.2,2004096,Full e-bus coverage scenario; route assignment weighted by selected GTFS trip frequency
FULLBUS04441,300,0.743,0.9,0.2,2005330,Full e-bus coverage scenario; route assignment weighted by selected GTFS trip frequency
FULLBUS04442,300,0.76,0.9,0.2,2005330,Full e-bus coverage scenario; route assignment weighted by selected GTFS trip frequency
FULLBUS04443,300,0.793,0.9,0.2,2007795,Full e-bus coverage scenario; route assignment weighted by selected GTFS trip frequency
FULLBUS04444,300,0.804,0.9,0.2,2007795,Full e-bus coverage scenario; route assignment weighted by selected GTFS trip frequency
FULLBUS04445,300,0.853,0.9,0.2,2008001,Full e-bus coverage scenario; route assignment weighted by selected GTFS trip frequency
FULLBUS04446,300,0.863,0.9,0.2,2008001,Full e-bus coverage scenario; route assignment weighted by selected GTFS trip frequency
FULLBUS04447,300,0.794,0.9,0.2,2008622,Full e-bus coverage scenario; route assignment weighted by selected GTFS trip frequency
FULLBUS04448,300,0.804,0.9,0.2,2008622,Full e-bus coverage scenario; route assignment weighted by selected GTFS trip frequency
FULLBUS04449,300,0.83,0.9,0.2,2008632,Full e-bus coverage scenario; route assignment weighted by selected GTFS trip frequency
FULLBUS04450,300,0.721,0.9,0.2,2008632,Full e-bus coverage scenario; route assignment weighted by selected GTFS trip frequency
FULLBUS04451,300,0.849,0.9,0.2,2010074,Full e-bus coverage scenario; route assignment weighted by selected GTFS trip frequency
FULLBUS04452,300,0.726,0.9,0.2,2010074,Full e-bus coverage scenario; route assignment weighted by selected GTFS trip frequency
FULLBUS04453,300,0.826,0.9,0.2,2010698,Full e-bus coverage scenario; route assignment weighted by selected GTFS trip frequency
FULLBUS04454,300,0.727,0.9,0.2,2010698,Full e-bus coverage scenario; route assignment weighted by selected GTFS trip frequency
FULLBUS04455,300,0.779,0.9,0.2,8092,Full e-bus coverage scenario; route assignment weighted by selected GTFS trip frequency
FULLBUS04456,300,0.863,0.9,0.2,8092,Full e-bus coverage scenario; route assignment weighted by selected GTFS trip frequency
FULLBUS04457,300,0.853,0.9,0.2,8100,Full e-bus coverage scenario; route assignment weighted by selected GTFS trip frequency
FULLBUS04458,300,0.821,0.9,0.2,8100,Full e-bus coverage scenario; route assignment weighted by selected GTFS trip frequency
FULLBUS04459,300,0.755,0.9,0.2,8150,Full e-bus coverage scenario; route assignment weighted by selected GTFS trip frequency
FULLBUS04460,300,0.771,0.9,0.2,8150,Full e-bus coverage scenario; route assignment weighted by selected GTFS trip frequency
FULLBUS04461,300,0.83,0.9,0.2,8163,Full e-bus coverage scenario; route assignment weighted by selected GTFS trip frequency
FULLBUS04462,300,0.855,0.9,0.2,8163,Full e-bus coverage scenario; route assignment weighted by selected GTFS trip frequency
FULLBUS04463,300,0.842,0.9,0.2,8192,Full e-bus coverage scenario; route assignment weighted by selected GTFS trip frequency
FULLBUS04464,300,0.835,0.9,0.2,8192,Full e-bus coverage scenario; route assignment weighted by selected GTFS trip frequency
FULLBUS04465,300,0.763,0.9,0.2,8231,Full e-bus coverage scenario; route assignment weighted by selected GTFS trip frequency
FULLBUS04466,300,0.788,0.9,0.2,8231,Full e-bus coverage scenario; route assignment weighted by selected GTFS trip frequency
FULLBUS04467,300,0.782,0.9,0.2,8279,Full e-bus coverage scenario; route assignment weighted by selected GTFS trip frequency
FULLBUS04468,300,0.833,0.9,0.2,8279,Full e-bus coverage scenario; route assignment weighted by selected GTFS trip frequency
FULLBUS04469,300,0.783,0.9,0.2,8352,Full e-bus coverage scenario; route assignment weighted by selected GTFS trip frequency
FULLBUS04470,300,0.792,0.9,0.2,8352,Full e-bus coverage scenario; route assignment weighted by selected GTFS trip frequency
FULLBUS04471,300,0.81,0.9,0.2,8388,Full e-bus coverage scenario; route assignment weighted by selected GTFS trip frequency
FULLBUS04472,300,0.869,0.9,0.2,8388,Full e-bus coverage scenario; route assignment weighted by selected GTFS trip frequency
FULLBUS04473,300,0.726,0.9,0.2,8459,Full e-bus coverage scenario; route assignment weighted by selected GTFS trip frequency
FULLBUS04474,300,0.809,0.9,0.2,8459,Full e-bus coverage scenario; route assignment weighted by selected GTFS trip frequency
FULLBUS04475,300,0.837,0.9,0.2,8583,Full e-bus coverage scenario; route assignment weighted by selected GTFS trip frequency
FULLBUS04476,300,0.805,0.9,0.2,8583,Full e-bus coverage scenario; route assignment weighted by selected GTFS trip frequency
FULLBUS04477,300,0.873,0.9,0.2,8586,Full e-bus coverage scenario; route assignment weighted by selected GTFS trip frequency
FULLBUS04478,300,0.823,0.9,0.2,8586,Full e-bus coverage scenario; route assignment weighted by selected GTFS trip frequency
FULLBUS04479,300,0.825,0.9,0.2,8615,Full e-bus coverage scenario; route assignment weighted by selected GTFS trip frequency
FULLBUS04480,300,0.78,0.9,0.2,8615,Full e-bus coverage scenario; route assignment weighted by selected GTFS trip frequency
FULLBUS04481,300,0.767,0.9,0.2,8645,Full e-bus coverage scenario; route assignment weighted by selected GTFS trip frequency
FULLBUS04482,300,0.836,0.9,0.2,8645,Full e-bus coverage scenario; route assignment weighted by selected GTFS trip frequency
FULLBUS04483,300,0.747,0.9,0.2,8666,Full e-bus coverage scenario; route assignment weighted by selected GTFS trip frequency
FULLBUS04484,300,0.787,0.9,0.2,8666,Full e-bus coverage scenario; route assignment weighted by selected GTFS trip frequency
FULLBUS04485,300,0.876,0.9,0.2,8794,Full e-bus coverage scenario; route assignment weighted by selected GTFS trip frequency
FULLBUS04486,300,0.796,0.9,0.2,1000007,Full e-bus coverage scenario; route assignment weighted by selected GTFS trip frequency
FULLBUS04487,300,0.793,0.9,0.2,1000010,Full e-bus coverage scenario; route assignment weighted by selected GTFS trip frequency
FULLBUS04488,300,0.819,0.9,0.2,1000013,Full e-bus coverage scenario; route assignment weighted by selected GTFS trip frequency
FULLBUS04489,300,0.735,0.9,0.2,1000021,Full e-bus coverage scenario; route assignment weighted by selected GTFS trip frequency
FULLBUS04490,300,0.781,0.9,0.2,1000023,Full e-bus coverage scenario; route assignment weighted by selected GTFS trip frequency
FULLBUS04491,300,0.72,0.9,0.2,1000061,Full e-bus coverage scenario; route assignment weighted by selected GTFS trip frequency
FULLBUS04492,300,0.816,0.9,0.2,1000091,Full e-bus coverage scenario; route assignment weighted by selected GTFS trip frequency
FULLBUS04493,300,0.789,0.9,0.2,1000200,Full e-bus coverage scenario; route assignment weighted by selected GTFS trip frequency
FULLBUS04494,300,0.784,0.9,0.2,1000233,Full e-bus coverage scenario; route assignment weighted by selected GTFS trip frequency
FULLBUS04495,300,0.814,0.9,0.2,1000284,Full e-bus coverage scenario; route assignment weighted by selected GTFS trip frequency
FULLBUS04496,300,0.767,0.9,0.2,1000290,Full e-bus coverage scenario; route assignment weighted by selected GTFS trip frequency
FULLBUS04497,300,0.801,0.9,0.2,1000311,Full e-bus coverage scenario; route assignment weighted by selected GTFS trip frequency
FULLBUS04498,300,0.728,0.9,0.2,1000345,Full e-bus coverage scenario; route assignment weighted by selected GTFS trip frequency
FULLBUS04499,300,0.752,0.9,0.2,1000384,Full e-bus coverage scenario; route assignment weighted by selected GTFS trip frequency
FULLBUS04500,300,0.756,0.9,0.2,1000392,Full e-bus coverage scenario; route assignment weighted by selected GTFS trip frequency
FULLBUS04501,300,0.76,0.9,0.2,1000506,Full e-bus coverage scenario; route assignment weighted by selected GTFS trip frequency
FULLBUS04502,300,0.852,0.9,0.2,1000562,Full e-bus coverage scenario; route assignment weighted by selected GTFS trip frequency
FULLBUS04503,300,0.734,0.9,0.2,1000563,Full e-bus coverage scenario; route assignment weighted by selected GTFS trip frequency
FULLBUS04504,300,0.76,0.9,0.2,1081,Full e-bus coverage scenario; route assignment weighted by selected GTFS trip frequency
FULLBUS04505,300,0.768,0.9,0.2,1090,Full e-bus coverage scenario; route assignment weighted by selected GTFS trip frequency
FULLBUS04506,300,0.872,0.9,0.2,1198,Full e-bus coverage scenario; route assignment weighted by selected GTFS trip frequency
FULLBUS04507,300,0.732,0.9,0.2,1312,Full e-bus coverage scenario; route assignment weighted by selected GTFS trip frequency
FULLBUS04508,300,0.809,0.9,0.2,1345,Full e-bus coverage scenario; route assignment weighted by selected GTFS trip frequency
FULLBUS04509,300,0.848,0.9,0.2,1421,Full e-bus coverage scenario; route assignment weighted by selected GTFS trip frequency
FULLBUS04510,300,0.874,0.9,0.2,1490,Full e-bus coverage scenario; route assignment weighted by selected GTFS trip frequency
FULLBUS04511,300,0.725,0.9,0.2,1540,Full e-bus coverage scenario; route assignment weighted by selected GTFS trip frequency
FULLBUS04512,300,0.831,0.9,0.2,1561,Full e-bus coverage scenario; route assignment weighted by selected GTFS trip frequency
FULLBUS04513,300,0.842,0.9,0.2,1580,Full e-bus coverage scenario; route assignment weighted by selected GTFS trip frequency
FULLBUS04514,300,0.84,0.9,0.2,1607,Full e-bus coverage scenario; route assignment weighted by selected GTFS trip frequency
FULLBUS04515,300,0.784,0.9,0.2,1688,Full e-bus coverage scenario; route assignment weighted by selected GTFS trip frequency
FULLBUS04516,300,0.876,0.9,0.2,1775,Full e-bus coverage scenario; route assignment weighted by selected GTFS trip frequency
FULLBUS04517,300,0.873,0.9,0.2,1971,Full e-bus coverage scenario; route assignment weighted by selected GTFS trip frequency
FULLBUS04518,300,0.836,0.9,0.2,2001025,Full e-bus coverage scenario; route assignment weighted by selected GTFS trip frequency
FULLBUS04519,300,0.872,0.9,0.2,2001133,Full e-bus coverage scenario; route assignment weighted by selected GTFS trip frequency
FULLBUS04520,300,0.776,0.9,0.2,2002321,Full e-bus coverage scenario; route assignment weighted by selected GTFS trip frequency
FULLBUS04521,300,0.792,0.9,0.2,2002342,Full e-bus coverage scenario; route assignment weighted by selected GTFS trip frequency
FULLBUS04522,300,0.872,0.9,0.2,2003174,Full e-bus coverage scenario; route assignment weighted by selected GTFS trip frequency
FULLBUS04523,300,0.795,0.9,0.2,2003472,Full e-bus coverage scenario; route assignment weighted by selected GTFS trip frequency
FULLBUS04524,300,0.815,0.9,0.2,2003636,Full e-bus coverage scenario; route assignment weighted by selected GTFS trip frequency
FULLBUS04525,300,0.87,0.9,0.2,2003669,Full e-bus coverage scenario; route assignment weighted by selected GTFS trip frequency
FULLBUS04526,300,0.749,0.9,0.2,2004071,Full e-bus coverage scenario; route assignment weighted by selected GTFS trip frequency
FULLBUS04527,300,0.808,0.9,0.2,2004463,Full e-bus coverage scenario; route assignment weighted by selected GTFS trip frequency
FULLBUS04528,300,0.75,0.9,0.2,2004764,Full e-bus coverage scenario; route assignment weighted by selected GTFS trip frequency
FULLBUS04529,300,0.779,0.9,0.2,2005293,Full e-bus coverage scenario; route assignment weighted by selected GTFS trip frequency
FULLBUS04530,300,0.752,0.9,0.2,2005517,Full e-bus coverage scenario; route assignment weighted by selected GTFS trip frequency
FULLBUS04531,300,0.773,0.9,0.2,2006012,Full e-bus coverage scenario; route assignment weighted by selected GTFS trip frequency
FULLBUS04532,300,0.799,0.9,0.2,2006441,Full e-bus coverage scenario; route assignment weighted by selected GTFS trip frequency
FULLBUS04533,300,0.751,0.9,0.2,2006577,Full e-bus coverage scenario; route assignment weighted by selected GTFS trip frequency
FULLBUS04534,300,0.744,0.9,0.2,2007766,Full e-bus coverage scenario; route assignment weighted by selected GTFS trip frequency
FULLBUS04535,300,0.859,0.9,0.2,2007893,Full e-bus coverage scenario; route assignment weighted by selected GTFS trip frequency
FULLBUS04536,300,0.758,0.9,0.2,2008225,Full e-bus coverage scenario; route assignment weighted by selected GTFS trip frequency
FULLBUS04537,300,0.845,0.9,0.2,2008355,Full e-bus coverage scenario; route assignment weighted by selected GTFS trip frequency
FULLBUS04538,300,0.839,0.9,0.2,2009116,Full e-bus coverage scenario; route assignment weighted by selected GTFS trip frequency
FULLBUS04539,300,0.732,0.9,0.2,2009675,Full e-bus coverage scenario; route assignment weighted by selected GTFS trip frequency
FULLBUS04540,300,0.731,0.9,0.2,2010005,Full e-bus coverage scenario; route assignment weighted by selected GTFS trip frequency
FULLBUS04541,300,0.796,0.9,0.2,2010274,Full e-bus coverage scenario; route assignment weighted by selected GTFS trip frequency
FULLBUS04542,300,0.766,0.9,0.2,2010275,Full e-bus coverage scenario; route assignment weighted by selected GTFS trip frequency
FULLBUS04543,300,0.776,0.9,0.2,2011292,Full e-bus coverage scenario; route assignment weighted by selected GTFS trip frequency
FULLBUS04544,300,0.785,0.9,0.2,8073,Full e-bus coverage scenario; route assignment weighted by selected GTFS trip frequency
FULLBUS04545,300,0.878,0.9,0.2,8093,Full e-bus coverage scenario; route assignment weighted by selected GTFS trip frequency
FULLBUS04546,300,0.849,0.9,0.2,8134,Full e-bus coverage scenario; route assignment weighted by selected GTFS trip frequency
FULLBUS04547,300,0.835,0.9,0.2,8200,Full e-bus coverage scenario; route assignment weighted by selected GTFS trip frequency
FULLBUS04548,300,0.762,0.9,0.2,8225,Full e-bus coverage scenario; route assignment weighted by selected GTFS trip frequency
FULLBUS04549,300,0.722,0.9,0.2,8257,Full e-bus coverage scenario; route assignment weighted by selected GTFS trip frequency
FULLBUS04550,300,0.774,0.9,0.2,8278,Full e-bus coverage scenario; route assignment weighted by selected GTFS trip frequency
FULLBUS04551,300,0.833,0.9,0.2,8312,Full e-bus coverage scenario; route assignment weighted by selected GTFS trip frequency
FULLBUS04552,300,0.811,0.9,0.2,8330,Full e-bus coverage scenario; route assignment weighted by selected GTFS trip frequency
FULLBUS04553,300,0.797,0.9,0.2,8381,Full e-bus coverage scenario; route assignment weighted by selected GTFS trip frequency
FULLBUS04554,300,0.869,0.9,0.2,8399,Full e-bus coverage scenario; route assignment weighted by selected GTFS trip frequency
FULLBUS04555,300,0.728,0.9,0.2,8404,Full e-bus coverage scenario; route assignment weighted by selected GTFS trip frequency
FULLBUS04556,300,0.824,0.9,0.2,8413,Full e-bus coverage scenario; route assignment weighted by selected GTFS trip frequency
FULLBUS04557,300,0.807,0.9,0.2,8422,Full e-bus coverage scenario; route assignment weighted by selected GTFS trip frequency
FULLBUS04558,300,0.81,0.9,0.2,8432,Full e-bus coverage scenario; route assignment weighted by selected GTFS trip frequency
FULLBUS04559,300,0.874,0.9,0.2,8518,Full e-bus coverage scenario; route assignment weighted by selected GTFS trip frequency
FULLBUS04560,300,0.783,0.9,0.2,8609,Full e-bus coverage scenario; route assignment weighted by selected GTFS trip frequency
FULLBUS04561,300,0.818,0.9,0.2,8691,Full e-bus coverage scenario; route assignment weighted by selected GTFS trip frequency
FULLBUS04562,300,0.723,0.9,0.2,8733,Full e-bus coverage scenario; route assignment weighted by selected GTFS trip frequency
FULLBUS04563,300,0.775,0.9,0.2,8758,Full e-bus coverage scenario; route assignment weighted by selected GTFS trip frequency
FULLBUS04564,300,0.762,0.9,0.2,8787,Full e-bus coverage scenario; route assignment weighted by selected GTFS trip frequency
FULLBUS04565,300,0.763,0.9,0.2,8792,Full e-bus coverage scenario; route assignment weighted by selected GTFS trip frequency
FULLBUS04566,300,0.744,0.9,0.2,1000065,Full e-bus coverage scenario; route assignment weighted by selected GTFS trip frequency
FULLBUS04567,300,0.797,0.9,0.2,1000085,Full e-bus coverage scenario; route assignment weighted by selected GTFS trip frequency
FULLBUS04568,300,0.755,0.9,0.2,1000104,Full e-bus coverage scenario; route assignment weighted by selected GTFS trip frequency
FULLBUS04569,300,0.868,0.9,0.2,1000254,Full e-bus coverage scenario; route assignment weighted by selected GTFS trip frequency
FULLBUS04570,300,0.778,0.9,0.2,1000315,Full e-bus coverage scenario; route assignment weighted by selected GTFS trip frequency
FULLBUS04571,300,0.818,0.9,0.2,1000335,Full e-bus coverage scenario; route assignment weighted by selected GTFS trip frequency
FULLBUS04572,300,0.852,0.9,0.2,1000395,Full e-bus coverage scenario; route assignment weighted by selected GTFS trip frequency
FULLBUS04573,300,0.846,0.9,0.2,1000524,Full e-bus coverage scenario; route assignment weighted by selected GTFS trip frequency
FULLBUS04574,300,0.798,0.9,0.2,1000550,Full e-bus coverage scenario; route assignment weighted by selected GTFS trip frequency
FULLBUS04575,300,0.805,0.9,0.2,1000570,Full e-bus coverage scenario; route assignment weighted by selected GTFS trip frequency
FULLBUS04576,300,0.874,0.9,0.2,1000645,Full e-bus coverage scenario; route assignment weighted by selected GTFS trip frequency
FULLBUS04577,300,0.825,0.9,0.2,1168,Full e-bus coverage scenario; route assignment weighted by selected GTFS trip frequency
FULLBUS04578,300,0.801,0.9,0.2,1238,Full e-bus coverage scenario; route assignment weighted by selected GTFS trip frequency
FULLBUS04579,300,0.763,0.9,0.2,1311,Full e-bus coverage scenario; route assignment weighted by selected GTFS trip frequency
FULLBUS04580,300,0.744,0.9,0.2,1366,Full e-bus coverage scenario; route assignment weighted by selected GTFS trip frequency
FULLBUS04581,300,0.786,0.9,0.2,1407,Full e-bus coverage scenario; route assignment weighted by selected GTFS trip frequency
FULLBUS04582,300,0.836,0.9,0.2,1492,Full e-bus coverage scenario; route assignment weighted by selected GTFS trip frequency
FULLBUS04583,300,0.809,0.9,0.2,1531,Full e-bus coverage scenario; route assignment weighted by selected GTFS trip frequency
FULLBUS04584,300,0.758,0.9,0.2,1566,Full e-bus coverage scenario; route assignment weighted by selected GTFS trip frequency
FULLBUS04585,300,0.75,0.9,0.2,1632,Full e-bus coverage scenario; route assignment weighted by selected GTFS trip frequency
FULLBUS04586,300,0.743,0.9,0.2,1650,Full e-bus coverage scenario; route assignment weighted by selected GTFS trip frequency
FULLBUS04587,300,0.873,0.9,0.2,1671,Full e-bus coverage scenario; route assignment weighted by selected GTFS trip frequency
FULLBUS04588,300,0.824,0.9,0.2,1702,Full e-bus coverage scenario; route assignment weighted by selected GTFS trip frequency
FULLBUS04589,300,0.728,0.9,0.2,1711,Full e-bus coverage scenario; route assignment weighted by selected GTFS trip frequency
FULLBUS04590,300,0.749,0.9,0.2,1734,Full e-bus coverage scenario; route assignment weighted by selected GTFS trip frequency
FULLBUS04591,300,0.771,0.9,0.2,1755,Full e-bus coverage scenario; route assignment weighted by selected GTFS trip frequency
FULLBUS04592,300,0.867,0.9,0.2,1791,Full e-bus coverage scenario; route assignment weighted by selected GTFS trip frequency
FULLBUS04593,300,0.739,0.9,0.2,2001272,Full e-bus coverage scenario; route assignment weighted by selected GTFS trip frequency
FULLBUS04594,300,0.78,0.9,0.2,2002285,Full e-bus coverage scenario; route assignment weighted by selected GTFS trip frequency
FULLBUS04595,300,0.876,0.9,0.2,2003903,Full e-bus coverage scenario; route assignment weighted by selected GTFS trip frequency
FULLBUS04596,300,0.739,0.9,0.2,2004070,Full e-bus coverage scenario; route assignment weighted by selected GTFS trip frequency
FULLBUS04597,300,0.867,0.9,0.2,2004593,Full e-bus coverage scenario; route assignment weighted by selected GTFS trip frequency
FULLBUS04598,300,0.838,0.9,0.2,2004594,Full e-bus coverage scenario; route assignment weighted by selected GTFS trip frequency
FULLBUS04599,300,0.861,0.9,0.2,2007500,Full e-bus coverage scenario; route assignment weighted by selected GTFS trip frequency
FULLBUS04600,300,0.864,0.9,0.2,2007769,Full e-bus coverage scenario; route assignment weighted by selected GTFS trip frequency
FULLBUS04601,300,0.873,0.9,0.2,2008554,Full e-bus coverage scenario; route assignment weighted by selected GTFS trip frequency
FULLBUS04602,300,0.816,0.9,0.2,2008653,Full e-bus coverage scenario; route assignment weighted by selected GTFS trip frequency
FULLBUS04603,300,0.797,0.9,0.2,2008655,Full e-bus coverage scenario; route assignment weighted by selected GTFS trip frequency
FULLBUS04604,300,0.85,0.9,0.2,2010077,Full e-bus coverage scenario; route assignment weighted by selected GTFS trip frequency
FULLBUS04605,300,0.735,0.9,0.2,8099,Full e-bus coverage scenario; route assignment weighted by selected GTFS trip frequency
FULLBUS04606,300,0.764,0.9,0.2,8104,Full e-bus coverage scenario; route assignment weighted by selected GTFS trip frequency
FULLBUS04607,300,0.803,0.9,0.2,8144,Full e-bus coverage scenario; route assignment weighted by selected GTFS trip frequency
FULLBUS04608,300,0.725,0.9,0.2,8148,Full e-bus coverage scenario; route assignment weighted by selected GTFS trip frequency
FULLBUS04609,300,0.866,0.9,0.2,8151,Full e-bus coverage scenario; route assignment weighted by selected GTFS trip frequency
FULLBUS04610,300,0.868,0.9,0.2,8186,Full e-bus coverage scenario; route assignment weighted by selected GTFS trip frequency
FULLBUS04611,300,0.796,0.9,0.2,8213,Full e-bus coverage scenario; route assignment weighted by selected GTFS trip frequency
FULLBUS04612,300,0.731,0.9,0.2,8214,Full e-bus coverage scenario; route assignment weighted by selected GTFS trip frequency
FULLBUS04613,300,0.807,0.9,0.2,8242,Full e-bus coverage scenario; route assignment weighted by selected GTFS trip frequency
FULLBUS04614,300,0.843,0.9,0.2,8267,Full e-bus coverage scenario; route assignment weighted by selected GTFS trip frequency
FULLBUS04615,300,0.728,0.9,0.2,8308,Full e-bus coverage scenario; route assignment weighted by selected GTFS trip frequency
FULLBUS04616,300,0.843,0.9,0.2,8426,Full e-bus coverage scenario; route assignment weighted by selected GTFS trip frequency
FULLBUS04617,300,0.763,0.9,0.2,8449,Full e-bus coverage scenario; route assignment weighted by selected GTFS trip frequency
FULLBUS04618,300,0.824,0.9,0.2,8527,Full e-bus coverage scenario; route assignment weighted by selected GTFS trip frequency
FULLBUS04619,300,0.849,0.9,0.2,8602,Full e-bus coverage scenario; route assignment weighted by selected GTFS trip frequency
FULLBUS04620,300,0.788,0.9,0.2,8785,Full e-bus coverage scenario; route assignment weighted by selected GTFS trip frequency
FULLBUS04621,300,0.859,0.9,0.2,1000014,Full e-bus coverage scenario; route assignment weighted by selected GTFS trip frequency
FULLBUS04622,300,0.737,0.9,0.2,1000059,Full e-bus coverage scenario; route assignment weighted by selected GTFS trip frequency
FULLBUS04623,300,0.848,0.9,0.2,1000070,Full e-bus coverage scenario; route assignment weighted by selected GTFS trip frequency
FULLBUS04624,300,0.846,0.9,0.2,1000089,Full e-bus coverage scenario; route assignment weighted by selected GTFS trip frequency
FULLBUS04625,300,0.743,0.9,0.2,1000219,Full e-bus coverage scenario; route assignment weighted by selected GTFS trip frequency
FULLBUS04626,300,0.817,0.9,0.2,1000239,Full e-bus coverage scenario; route assignment weighted by selected GTFS trip frequency
FULLBUS04627,300,0.75,0.9,0.2,1000257,Full e-bus coverage scenario; route assignment weighted by selected GTFS trip frequency
FULLBUS04628,300,0.833,0.9,0.2,1000258,Full e-bus coverage scenario; route assignment weighted by selected GTFS trip frequency
FULLBUS04629,300,0.832,0.9,0.2,1000295,Full e-bus coverage scenario; route assignment weighted by selected GTFS trip frequency
FULLBUS04630,300,0.771,0.9,0.2,1000313,Full e-bus coverage scenario; route assignment weighted by selected GTFS trip frequency
FULLBUS04631,300,0.841,0.9,0.2,1000316,Full e-bus coverage scenario; route assignment weighted by selected GTFS trip frequency
FULLBUS04632,300,0.872,0.9,0.2,1000344,Full e-bus coverage scenario; route assignment weighted by selected GTFS trip frequency
FULLBUS04633,300,0.751,0.9,0.2,1000359,Full e-bus coverage scenario; route assignment weighted by selected GTFS trip frequency
FULLBUS04634,300,0.877,0.9,0.2,1000396,Full e-bus coverage scenario; route assignment weighted by selected GTFS trip frequency
FULLBUS04635,300,0.742,0.9,0.2,1000450,Full e-bus coverage scenario; route assignment weighted by selected GTFS trip frequency
FULLBUS04636,300,0.733,0.9,0.2,1000459,Full e-bus coverage scenario; route assignment weighted by selected GTFS trip frequency
FULLBUS04637,300,0.78,0.9,0.2,1000466,Full e-bus coverage scenario; route assignment weighted by selected GTFS trip frequency
FULLBUS04638,300,0.806,0.9,0.2,1000530,Full e-bus coverage scenario; route assignment weighted by selected GTFS trip frequency
FULLBUS04639,300,0.811,0.9,0.2,1000640,Full e-bus coverage scenario; route assignment weighted by selected GTFS trip frequency
FULLBUS04640,300,0.845,0.9,0.2,1000661,Full e-bus coverage scenario; route assignment weighted by selected GTFS trip frequency
FULLBUS04641,300,0.872,0.9,0.2,1045,Full e-bus coverage scenario; route assignment weighted by selected GTFS trip frequency
FULLBUS04642,300,0.873,0.9,0.2,1050,Full e-bus coverage scenario; route assignment weighted by selected GTFS trip frequency
FULLBUS04643,300,0.813,0.9,0.2,1078,Full e-bus coverage scenario; route assignment weighted by selected GTFS trip frequency
FULLBUS04644,300,0.753,0.9,0.2,1171,Full e-bus coverage scenario; route assignment weighted by selected GTFS trip frequency
FULLBUS04645,300,0.786,0.9,0.2,1250,Full e-bus coverage scenario; route assignment weighted by selected GTFS trip frequency
FULLBUS04646,300,0.749,0.9,0.2,1258,Full e-bus coverage scenario; route assignment weighted by selected GTFS trip frequency
FULLBUS04647,300,0.779,0.9,0.2,1294,Full e-bus coverage scenario; route assignment weighted by selected GTFS trip frequency
FULLBUS04648,300,0.808,0.9,0.2,1431,Full e-bus coverage scenario; route assignment weighted by selected GTFS trip frequency
FULLBUS04649,300,0.84,0.9,0.2,1434,Full e-bus coverage scenario; route assignment weighted by selected GTFS trip frequency
FULLBUS04650,300,0.728,0.9,0.2,1441,Full e-bus coverage scenario; route assignment weighted by selected GTFS trip frequency
FULLBUS04651,300,0.731,0.9,0.2,1443,Full e-bus coverage scenario; route assignment weighted by selected GTFS trip frequency
FULLBUS04652,300,0.872,0.9,0.2,1603,Full e-bus coverage scenario; route assignment weighted by selected GTFS trip frequency
FULLBUS04653,300,0.836,0.9,0.2,1664,Full e-bus coverage scenario; route assignment weighted by selected GTFS trip frequency
FULLBUS04654,300,0.829,0.9,0.2,1701,Full e-bus coverage scenario; route assignment weighted by selected GTFS trip frequency
FULLBUS04655,300,0.871,0.9,0.2,1710,Full e-bus coverage scenario; route assignment weighted by selected GTFS trip frequency
FULLBUS04656,300,0.852,0.9,0.2,1722,Full e-bus coverage scenario; route assignment weighted by selected GTFS trip frequency
FULLBUS04657,300,0.728,0.9,0.2,1795,Full e-bus coverage scenario; route assignment weighted by selected GTFS trip frequency
FULLBUS04658,300,0.827,0.9,0.2,1875,Full e-bus coverage scenario; route assignment weighted by selected GTFS trip frequency
FULLBUS04659,300,0.724,0.9,0.2,1895,Full e-bus coverage scenario; route assignment weighted by selected GTFS trip frequency
FULLBUS04660,300,0.871,0.9,0.2,1898,Full e-bus coverage scenario; route assignment weighted by selected GTFS trip frequency
FULLBUS04661,300,0.79,0.9,0.2,1972,Full e-bus coverage scenario; route assignment weighted by selected GTFS trip frequency
FULLBUS04662,300,0.789,0.9,0.2,2001231,Full e-bus coverage scenario; route assignment weighted by selected GTFS trip frequency
FULLBUS04663,300,0.862,0.9,0.2,2001276,Full e-bus coverage scenario; route assignment weighted by selected GTFS trip frequency
FULLBUS04664,300,0.792,0.9,0.2,2001472,Full e-bus coverage scenario; route assignment weighted by selected GTFS trip frequency
FULLBUS04665,300,0.785,0.9,0.2,2001591,Full e-bus coverage scenario; route assignment weighted by selected GTFS trip frequency
FULLBUS04666,300,0.824,0.9,0.2,2002053,Full e-bus coverage scenario; route assignment weighted by selected GTFS trip frequency
FULLBUS04667,300,0.781,0.9,0.2,2002092,Full e-bus coverage scenario; route assignment weighted by selected GTFS trip frequency
FULLBUS04668,300,0.793,0.9,0.2,2002250,Full e-bus coverage scenario; route assignment weighted by selected GTFS trip frequency
FULLBUS04669,300,0.807,0.9,0.2,2002614,Full e-bus coverage scenario; route assignment weighted by selected GTFS trip frequency
FULLBUS04670,300,0.851,0.9,0.2,2003051,Full e-bus coverage scenario; route assignment weighted by selected GTFS trip frequency
FULLBUS04671,300,0.837,0.9,0.2,2003306,Full e-bus coverage scenario; route assignment weighted by selected GTFS trip frequency
FULLBUS04672,300,0.766,0.9,0.2,2004068,Full e-bus coverage scenario; route assignment weighted by selected GTFS trip frequency
FULLBUS04673,300,0.729,0.9,0.2,2005682,Full e-bus coverage scenario; route assignment weighted by selected GTFS trip frequency
FULLBUS04674,300,0.797,0.9,0.2,2006574,Full e-bus coverage scenario; route assignment weighted by selected GTFS trip frequency
FULLBUS04675,300,0.85,0.9,0.2,2006739,Full e-bus coverage scenario; route assignment weighted by selected GTFS trip frequency
FULLBUS04676,300,0.82,0.9,0.2,2007267,Full e-bus coverage scenario; route assignment weighted by selected GTFS trip frequency
FULLBUS04677,300,0.851,0.9,0.2,2007827,Full e-bus coverage scenario; route assignment weighted by selected GTFS trip frequency
FULLBUS04678,300,0.764,0.9,0.2,2008226,Full e-bus coverage scenario; route assignment weighted by selected GTFS trip frequency
FULLBUS04679,300,0.726,0.9,0.2,2008686,Full e-bus coverage scenario; route assignment weighted by selected GTFS trip frequency
FULLBUS04680,300,0.77,0.9,0.2,2008753,Full e-bus coverage scenario; route assignment weighted by selected GTFS trip frequency
FULLBUS04681,300,0.789,0.9,0.2,2008784,Full e-bus coverage scenario; route assignment weighted by selected GTFS trip frequency
FULLBUS04682,300,0.772,0.9,0.2,2009081,Full e-bus coverage scenario; route assignment weighted by selected GTFS trip frequency
FULLBUS04683,300,0.861,0.9,0.2,2010076,Full e-bus coverage scenario; route assignment weighted by selected GTFS trip frequency
FULLBUS04684,300,0.782,0.9,0.2,2010171,Full e-bus coverage scenario; route assignment weighted by selected GTFS trip frequency
FULLBUS04685,300,0.798,0.9,0.2,2010203,Full e-bus coverage scenario; route assignment weighted by selected GTFS trip frequency
FULLBUS04686,300,0.787,0.9,0.2,2010635,Full e-bus coverage scenario; route assignment weighted by selected GTFS trip frequency
FULLBUS04687,300,0.844,0.9,0.2,2010764,Full e-bus coverage scenario; route assignment weighted by selected GTFS trip frequency
FULLBUS04688,300,0.813,0.9,0.2,8064,Full e-bus coverage scenario; route assignment weighted by selected GTFS trip frequency
FULLBUS04689,300,0.744,0.9,0.2,8152,Full e-bus coverage scenario; route assignment weighted by selected GTFS trip frequency
FULLBUS04690,300,0.732,0.9,0.2,8169,Full e-bus coverage scenario; route assignment weighted by selected GTFS trip frequency
FULLBUS04691,300,0.848,0.9,0.2,8182,Full e-bus coverage scenario; route assignment weighted by selected GTFS trip frequency
FULLBUS04692,300,0.835,0.9,0.2,8194,Full e-bus coverage scenario; route assignment weighted by selected GTFS trip frequency
FULLBUS04693,300,0.799,0.9,0.2,8208,Full e-bus coverage scenario; route assignment weighted by selected GTFS trip frequency
FULLBUS04694,300,0.726,0.9,0.2,8258,Full e-bus coverage scenario; route assignment weighted by selected GTFS trip frequency
FULLBUS04695,300,0.733,0.9,0.2,8270,Full e-bus coverage scenario; route assignment weighted by selected GTFS trip frequency
FULLBUS04696,300,0.739,0.9,0.2,8271,Full e-bus coverage scenario; route assignment weighted by selected GTFS trip frequency
FULLBUS04697,300,0.838,0.9,0.2,8307,Full e-bus coverage scenario; route assignment weighted by selected GTFS trip frequency
FULLBUS04698,300,0.83,0.9,0.2,8309,Full e-bus coverage scenario; route assignment weighted by selected GTFS trip frequency
FULLBUS04699,300,0.796,0.9,0.2,8311,Full e-bus coverage scenario; route assignment weighted by selected GTFS trip frequency
FULLBUS04700,300,0.852,0.9,0.2,8324,Full e-bus coverage scenario; route assignment weighted by selected GTFS trip frequency
FULLBUS04701,300,0.853,0.9,0.2,8391,Full e-bus coverage scenario; route assignment weighted by selected GTFS trip frequency
FULLBUS04702,300,0.777,0.9,0.2,8402,Full e-bus coverage scenario; route assignment weighted by selected GTFS trip frequency
FULLBUS04703,300,0.778,0.9,0.2,8405,Full e-bus coverage scenario; route assignment weighted by selected GTFS trip frequency
FULLBUS04704,300,0.824,0.9,0.2,8448,Full e-bus coverage scenario; route assignment weighted by selected GTFS trip frequency
FULLBUS04705,300,0.804,0.9,0.2,8522,Full e-bus coverage scenario; route assignment weighted by selected GTFS trip frequency
FULLBUS04706,300,0.723,0.9,0.2,8553,Full e-bus coverage scenario; route assignment weighted by selected GTFS trip frequency
FULLBUS04707,300,0.795,0.9,0.2,8556,Full e-bus coverage scenario; route assignment weighted by selected GTFS trip frequency
FULLBUS04708,300,0.81,0.9,0.2,8569,Full e-bus coverage scenario; route assignment weighted by selected GTFS trip frequency
FULLBUS04709,300,0.754,0.9,0.2,8584,Full e-bus coverage scenario; route assignment weighted by selected GTFS trip frequency
FULLBUS04710,300,0.793,0.9,0.2,8644,Full e-bus coverage scenario; route assignment weighted by selected GTFS trip frequency
FULLBUS04711,300,0.746,0.9,0.2,8655,Full e-bus coverage scenario; route assignment weighted by selected GTFS trip frequency
FULLBUS04712,300,0.821,0.9,0.2,8668,Full e-bus coverage scenario; route assignment weighted by selected GTFS trip frequency
FULLBUS04713,300,0.852,0.9,0.2,8698,Full e-bus coverage scenario; route assignment weighted by selected GTFS trip frequency
FULLBUS04714,300,0.856,0.9,0.2,8704,Full e-bus coverage scenario; route assignment weighted by selected GTFS trip frequency
FULLBUS04715,300,0.75,0.9,0.2,8705,Full e-bus coverage scenario; route assignment weighted by selected GTFS trip frequency
FULLBUS04716,300,0.877,0.9,0.2,8715,Full e-bus coverage scenario; route assignment weighted by selected GTFS trip frequency
FULLBUS04717,300,0.738,0.9,0.2,8755,Full e-bus coverage scenario; route assignment weighted by selected GTFS trip frequency
FULLBUS04718,300,0.865,0.9,0.2,1000046,Full e-bus coverage scenario; route assignment weighted by selected GTFS trip frequency
FULLBUS04719,300,0.739,0.9,0.2,1000150,Full e-bus coverage scenario; route assignment weighted by selected GTFS trip frequency
FULLBUS04720,300,0.787,0.9,0.2,1000196,Full e-bus coverage scenario; route assignment weighted by selected GTFS trip frequency
FULLBUS04721,300,0.784,0.9,0.2,1000198,Full e-bus coverage scenario; route assignment weighted by selected GTFS trip frequency
FULLBUS04722,300,0.834,0.9,0.2,1000205,Full e-bus coverage scenario; route assignment weighted by selected GTFS trip frequency
FULLBUS04723,300,0.791,0.9,0.2,1000244,Full e-bus coverage scenario; route assignment weighted by selected GTFS trip frequency
FULLBUS04724,300,0.845,0.9,0.2,1000285,Full e-bus coverage scenario; route assignment weighted by selected GTFS trip frequency
FULLBUS04725,300,0.73,0.9,0.2,1000366,Full e-bus coverage scenario; route assignment weighted by selected GTFS trip frequency
FULLBUS04726,300,0.724,0.9,0.2,1000386,Full e-bus coverage scenario; route assignment weighted by selected GTFS trip frequency
FULLBUS04727,300,0.768,0.9,0.2,1000397,Full e-bus coverage scenario; route assignment weighted by selected GTFS trip frequency
FULLBUS04728,300,0.785,0.9,0.2,1000398,Full e-bus coverage scenario; route assignment weighted by selected GTFS trip frequency
FULLBUS04729,300,0.875,0.9,0.2,1000413,Full e-bus coverage scenario; route assignment weighted by selected GTFS trip frequency
FULLBUS04730,300,0.735,0.9,0.2,1000419,Full e-bus coverage scenario; route assignment weighted by selected GTFS trip frequency
FULLBUS04731,300,0.807,0.9,0.2,1000425,Full e-bus coverage scenario; route assignment weighted by selected GTFS trip frequency
FULLBUS04732,300,0.832,0.9,0.2,1000442,Full e-bus coverage scenario; route assignment weighted by selected GTFS trip frequency
FULLBUS04733,300,0.749,0.9,0.2,1000443,Full e-bus coverage scenario; route assignment weighted by selected GTFS trip frequency
FULLBUS04734,300,0.869,0.9,0.2,1000461,Full e-bus coverage scenario; route assignment weighted by selected GTFS trip frequency
FULLBUS04735,300,0.826,0.9,0.2,1000535,Full e-bus coverage scenario; route assignment weighted by selected GTFS trip frequency
FULLBUS04736,300,0.789,0.9,0.2,1000621,Full e-bus coverage scenario; route assignment weighted by selected GTFS trip frequency
FULLBUS04737,300,0.777,0.9,0.2,1000658,Full e-bus coverage scenario; route assignment weighted by selected GTFS trip frequency
FULLBUS04738,300,0.825,0.9,0.2,1068,Full e-bus coverage scenario; route assignment weighted by selected GTFS trip frequency
FULLBUS04739,300,0.751,0.9,0.2,1089,Full e-bus coverage scenario; route assignment weighted by selected GTFS trip frequency
FULLBUS04740,300,0.854,0.9,0.2,1113,Full e-bus coverage scenario; route assignment weighted by selected GTFS trip frequency
FULLBUS04741,300,0.82,0.9,0.2,1125,Full e-bus coverage scenario; route assignment weighted by selected GTFS trip frequency
FULLBUS04742,300,0.831,0.9,0.2,1131,Full e-bus coverage scenario; route assignment weighted by selected GTFS trip frequency
FULLBUS04743,300,0.758,0.9,0.2,1162,Full e-bus coverage scenario; route assignment weighted by selected GTFS trip frequency
FULLBUS04744,300,0.771,0.9,0.2,1194,Full e-bus coverage scenario; route assignment weighted by selected GTFS trip frequency
FULLBUS04745,300,0.871,0.9,0.2,1285,Full e-bus coverage scenario; route assignment weighted by selected GTFS trip frequency
FULLBUS04746,300,0.764,0.9,0.2,1290,Full e-bus coverage scenario; route assignment weighted by selected GTFS trip frequency
FULLBUS04747,300,0.795,0.9,0.2,1348,Full e-bus coverage scenario; route assignment weighted by selected GTFS trip frequency
FULLBUS04748,300,0.805,0.9,0.2,1401,Full e-bus coverage scenario; route assignment weighted by selected GTFS trip frequency
FULLBUS04749,300,0.772,0.9,0.2,1409,Full e-bus coverage scenario; route assignment weighted by selected GTFS trip frequency
FULLBUS04750,300,0.819,0.9,0.2,1435,Full e-bus coverage scenario; route assignment weighted by selected GTFS trip frequency
FULLBUS04751,300,0.878,0.9,0.2,1439,Full e-bus coverage scenario; route assignment weighted by selected GTFS trip frequency
FULLBUS04752,300,0.749,0.9,0.2,1444,Full e-bus coverage scenario; route assignment weighted by selected GTFS trip frequency
FULLBUS04753,300,0.824,0.9,0.2,1445,Full e-bus coverage scenario; route assignment weighted by selected GTFS trip frequency
FULLBUS04754,300,0.737,0.9,0.2,1514,Full e-bus coverage scenario; route assignment weighted by selected GTFS trip frequency
FULLBUS04755,300,0.865,0.9,0.2,1515,Full e-bus coverage scenario; route assignment weighted by selected GTFS trip frequency
FULLBUS04756,300,0.845,0.9,0.2,1516,Full e-bus coverage scenario; route assignment weighted by selected GTFS trip frequency
FULLBUS04757,300,0.849,0.9,0.2,1638,Full e-bus coverage scenario; route assignment weighted by selected GTFS trip frequency
FULLBUS04758,300,0.857,0.9,0.2,1646,Full e-bus coverage scenario; route assignment weighted by selected GTFS trip frequency
FULLBUS04759,300,0.768,0.9,0.2,1656,Full e-bus coverage scenario; route assignment weighted by selected GTFS trip frequency
FULLBUS04760,300,0.877,0.9,0.2,1663,Full e-bus coverage scenario; route assignment weighted by selected GTFS trip frequency
FULLBUS04761,300,0.776,0.9,0.2,1683,Full e-bus coverage scenario; route assignment weighted by selected GTFS trip frequency
FULLBUS04762,300,0.768,0.9,0.2,1697,Full e-bus coverage scenario; route assignment weighted by selected GTFS trip frequency
FULLBUS04763,300,0.81,0.9,0.2,1735,Full e-bus coverage scenario; route assignment weighted by selected GTFS trip frequency
FULLBUS04764,300,0.866,0.9,0.2,1751,Full e-bus coverage scenario; route assignment weighted by selected GTFS trip frequency
FULLBUS04765,300,0.799,0.9,0.2,1765,Full e-bus coverage scenario; route assignment weighted by selected GTFS trip frequency
FULLBUS04766,300,0.834,0.9,0.2,1893,Full e-bus coverage scenario; route assignment weighted by selected GTFS trip frequency
FULLBUS04767,300,0.744,0.9,0.2,1958,Full e-bus coverage scenario; route assignment weighted by selected GTFS trip frequency
FULLBUS04768,300,0.744,0.9,0.2,1985,Full e-bus coverage scenario; route assignment weighted by selected GTFS trip frequency
FULLBUS04769,300,0.782,0.9,0.2,2000961,Full e-bus coverage scenario; route assignment weighted by selected GTFS trip frequency
FULLBUS04770,300,0.836,0.9,0.2,2000967,Full e-bus coverage scenario; route assignment weighted by selected GTFS trip frequency
FULLBUS04771,300,0.814,0.9,0.2,2001196,Full e-bus coverage scenario; route assignment weighted by selected GTFS trip frequency
FULLBUS04772,300,0.866,0.9,0.2,2001278,Full e-bus coverage scenario; route assignment weighted by selected GTFS trip frequency
FULLBUS04773,300,0.841,0.9,0.2,2001463,Full e-bus coverage scenario; route assignment weighted by selected GTFS trip frequency
FULLBUS04774,300,0.809,0.9,0.2,2001476,Full e-bus coverage scenario; route assignment weighted by selected GTFS trip frequency
FULLBUS04775,300,0.774,0.9,0.2,2001825,Full e-bus coverage scenario; route assignment weighted by selected GTFS trip frequency
FULLBUS04776,300,0.856,0.9,0.2,2002336,Full e-bus coverage scenario; route assignment weighted by selected GTFS trip frequency
FULLBUS04777,300,0.799,0.9,0.2,2003050,Full e-bus coverage scenario; route assignment weighted by selected GTFS trip frequency
FULLBUS04778,300,0.8,0.9,0.2,2003179,Full e-bus coverage scenario; route assignment weighted by selected GTFS trip frequency
FULLBUS04779,300,0.76,0.9,0.2,2003438,Full e-bus coverage scenario; route assignment weighted by selected GTFS trip frequency
FULLBUS04780,300,0.766,0.9,0.2,2004074,Full e-bus coverage scenario; route assignment weighted by selected GTFS trip frequency
FULLBUS04781,300,0.855,0.9,0.2,2004078,Full e-bus coverage scenario; route assignment weighted by selected GTFS trip frequency
FULLBUS04782,300,0.837,0.9,0.2,2004080,Full e-bus coverage scenario; route assignment weighted by selected GTFS trip frequency
FULLBUS04783,300,0.874,0.9,0.2,2004660,Full e-bus coverage scenario; route assignment weighted by selected GTFS trip frequency
FULLBUS04784,300,0.871,0.9,0.2,2004725,Full e-bus coverage scenario; route assignment weighted by selected GTFS trip frequency
FULLBUS04785,300,0.735,0.9,0.2,2005286,Full e-bus coverage scenario; route assignment weighted by selected GTFS trip frequency
FULLBUS04786,300,0.78,0.9,0.2,2006936,Full e-bus coverage scenario; route assignment weighted by selected GTFS trip frequency
FULLBUS04787,300,0.875,0.9,0.2,2007068,Full e-bus coverage scenario; route assignment weighted by selected GTFS trip frequency
FULLBUS04788,300,0.827,0.9,0.2,2008586,Full e-bus coverage scenario; route assignment weighted by selected GTFS trip frequency
FULLBUS04789,300,0.811,0.9,0.2,2009312,Full e-bus coverage scenario; route assignment weighted by selected GTFS trip frequency
FULLBUS04790,300,0.857,0.9,0.2,2009774,Full e-bus coverage scenario; route assignment weighted by selected GTFS trip frequency
FULLBUS04791,300,0.757,0.9,0.2,8168,Full e-bus coverage scenario; route assignment weighted by selected GTFS trip frequency
FULLBUS04792,300,0.826,0.9,0.2,8172,Full e-bus coverage scenario; route assignment weighted by selected GTFS trip frequency
FULLBUS04793,300,0.751,0.9,0.2,8174,Full e-bus coverage scenario; route assignment weighted by selected GTFS trip frequency
FULLBUS04794,300,0.729,0.9,0.2,8209,Full e-bus coverage scenario; route assignment weighted by selected GTFS trip frequency
FULLBUS04795,300,0.859,0.9,0.2,8224,Full e-bus coverage scenario; route assignment weighted by selected GTFS trip frequency
FULLBUS04796,300,0.859,0.9,0.2,8261,Full e-bus coverage scenario; route assignment weighted by selected GTFS trip frequency
FULLBUS04797,300,0.786,0.9,0.2,8262,Full e-bus coverage scenario; route assignment weighted by selected GTFS trip frequency
FULLBUS04798,300,0.745,0.9,0.2,8293,Full e-bus coverage scenario; route assignment weighted by selected GTFS trip frequency
FULLBUS04799,300,0.767,0.9,0.2,8365,Full e-bus coverage scenario; route assignment weighted by selected GTFS trip frequency
FULLBUS04800,300,0.807,0.9,0.2,8368,Full e-bus coverage scenario; route assignment weighted by selected GTFS trip frequency
FULLBUS04801,300,0.739,0.9,0.2,8374,Full e-bus coverage scenario; route assignment weighted by selected GTFS trip frequency
FULLBUS04802,300,0.792,0.9,0.2,8378,Full e-bus coverage scenario; route assignment weighted by selected GTFS trip frequency
FULLBUS04803,300,0.849,0.9,0.2,8384,Full e-bus coverage scenario; route assignment weighted by selected GTFS trip frequency
FULLBUS04804,300,0.857,0.9,0.2,8394,Full e-bus coverage scenario; route assignment weighted by selected GTFS trip frequency
FULLBUS04805,300,0.744,0.9,0.2,8509,Full e-bus coverage scenario; route assignment weighted by selected GTFS trip frequency
FULLBUS04806,300,0.732,0.9,0.2,8519,Full e-bus coverage scenario; route assignment weighted by selected GTFS trip frequency
FULLBUS04807,300,0.878,0.9,0.2,8525,Full e-bus coverage scenario; route assignment weighted by selected GTFS trip frequency
FULLBUS04808,300,0.821,0.9,0.2,8638,Full e-bus coverage scenario; route assignment weighted by selected GTFS trip frequency
FULLBUS04809,300,0.78,0.9,0.2,8639,Full e-bus coverage scenario; route assignment weighted by selected GTFS trip frequency
FULLBUS04810,300,0.877,0.9,0.2,8656,Full e-bus coverage scenario; route assignment weighted by selected GTFS trip frequency
FULLBUS04811,300,0.805,0.9,0.2,8700,Full e-bus coverage scenario; route assignment weighted by selected GTFS trip frequency
FULLBUS04812,300,0.788,0.9,0.2,8749,Full e-bus coverage scenario; route assignment weighted by selected GTFS trip frequency
FULLBUS04813,300,0.731,0.9,0.2,1000004,Full e-bus coverage scenario; route assignment weighted by selected GTFS trip frequency
FULLBUS04814,300,0.843,0.9,0.2,1000009,Full e-bus coverage scenario; route assignment weighted by selected GTFS trip frequency
FULLBUS04815,300,0.739,0.9,0.2,1000015,Full e-bus coverage scenario; route assignment weighted by selected GTFS trip frequency
FULLBUS04816,300,0.801,0.9,0.2,1000022,Full e-bus coverage scenario; route assignment weighted by selected GTFS trip frequency
FULLBUS04817,300,0.85,0.9,0.2,1000027,Full e-bus coverage scenario; route assignment weighted by selected GTFS trip frequency
FULLBUS04818,300,0.789,0.9,0.2,1000029,Full e-bus coverage scenario; route assignment weighted by selected GTFS trip frequency
FULLBUS04819,300,0.739,0.9,0.2,1000063,Full e-bus coverage scenario; route assignment weighted by selected GTFS trip frequency
FULLBUS04820,300,0.744,0.9,0.2,1000083,Full e-bus coverage scenario; route assignment weighted by selected GTFS trip frequency
FULLBUS04821,300,0.737,0.9,0.2,1000106,Full e-bus coverage scenario; route assignment weighted by selected GTFS trip frequency
FULLBUS04822,300,0.831,0.9,0.2,1000142,Full e-bus coverage scenario; route assignment weighted by selected GTFS trip frequency
FULLBUS04823,300,0.78,0.9,0.2,1000190,Full e-bus coverage scenario; route assignment weighted by selected GTFS trip frequency
FULLBUS04824,300,0.877,0.9,0.2,1000210,Full e-bus coverage scenario; route assignment weighted by selected GTFS trip frequency
FULLBUS04825,300,0.747,0.9,0.2,1000231,Full e-bus coverage scenario; route assignment weighted by selected GTFS trip frequency
FULLBUS04826,300,0.771,0.9,0.2,1000265,Full e-bus coverage scenario; route assignment weighted by selected GTFS trip frequency
FULLBUS04827,300,0.843,0.9,0.2,1000268,Full e-bus coverage scenario; route assignment weighted by selected GTFS trip frequency
FULLBUS04828,300,0.865,0.9,0.2,1000274,Full e-bus coverage scenario; route assignment weighted by selected GTFS trip frequency
FULLBUS04829,300,0.815,0.9,0.2,1000286,Full e-bus coverage scenario; route assignment weighted by selected GTFS trip frequency
FULLBUS04830,300,0.844,0.9,0.2,1000289,Full e-bus coverage scenario; route assignment weighted by selected GTFS trip frequency
FULLBUS04831,300,0.844,0.9,0.2,1000294,Full e-bus coverage scenario; route assignment weighted by selected GTFS trip frequency
FULLBUS04832,300,0.779,0.9,0.2,1000354,Full e-bus coverage scenario; route assignment weighted by selected GTFS trip frequency
FULLBUS04833,300,0.865,0.9,0.2,1000360,Full e-bus coverage scenario; route assignment weighted by selected GTFS trip frequency
FULLBUS04834,300,0.868,0.9,0.2,1000403,Full e-bus coverage scenario; route assignment weighted by selected GTFS trip frequency
FULLBUS04835,300,0.855,0.9,0.2,1000412,Full e-bus coverage scenario; route assignment weighted by selected GTFS trip frequency
FULLBUS04836,300,0.8,0.9,0.2,1000454,Full e-bus coverage scenario; route assignment weighted by selected GTFS trip frequency
FULLBUS04837,300,0.869,0.9,0.2,1000455,Full e-bus coverage scenario; route assignment weighted by selected GTFS trip frequency
FULLBUS04838,300,0.816,0.9,0.2,1000460,Full e-bus coverage scenario; route assignment weighted by selected GTFS trip frequency
FULLBUS04839,300,0.784,0.9,0.2,1000500,Full e-bus coverage scenario; route assignment weighted by selected GTFS trip frequency
FULLBUS04840,300,0.879,0.9,0.2,1000532,Full e-bus coverage scenario; route assignment weighted by selected GTFS trip frequency
FULLBUS04841,300,0.732,0.9,0.2,1000538,Full e-bus coverage scenario; route assignment weighted by selected GTFS trip frequency
FULLBUS04842,300,0.811,0.9,0.2,1000558,Full e-bus coverage scenario; route assignment weighted by selected GTFS trip frequency
FULLBUS04843,300,0.86,0.9,0.2,1000567,Full e-bus coverage scenario; route assignment weighted by selected GTFS trip frequency
FULLBUS04844,300,0.822,0.9,0.2,1000607,Full e-bus coverage scenario; route assignment weighted by selected GTFS trip frequency
FULLBUS04845,300,0.836,0.9,0.2,1000632,Full e-bus coverage scenario; route assignment weighted by selected GTFS trip frequency
FULLBUS04846,300,0.748,0.9,0.2,1000643,Full e-bus coverage scenario; route assignment weighted by selected GTFS trip frequency
FULLBUS04847,300,0.864,0.9,0.2,1000665,Full e-bus coverage scenario; route assignment weighted by selected GTFS trip frequency
FULLBUS04848,300,0.782,0.9,0.2,1000668,Full e-bus coverage scenario; route assignment weighted by selected GTFS trip frequency
FULLBUS04849,300,0.874,0.9,0.2,1000669,Full e-bus coverage scenario; route assignment weighted by selected GTFS trip frequency
FULLBUS04850,300,0.863,0.9,0.2,1098,Full e-bus coverage scenario; route assignment weighted by selected GTFS trip frequency
FULLBUS04851,300,0.751,0.9,0.2,1104,Full e-bus coverage scenario; route assignment weighted by selected GTFS trip frequency
FULLBUS04852,300,0.745,0.9,0.2,1141,Full e-bus coverage scenario; route assignment weighted by selected GTFS trip frequency
FULLBUS04853,300,0.739,0.9,0.2,1315,Full e-bus coverage scenario; route assignment weighted by selected GTFS trip frequency
FULLBUS04854,300,0.872,0.9,0.2,1374,Full e-bus coverage scenario; route assignment weighted by selected GTFS trip frequency
FULLBUS04855,300,0.815,0.9,0.2,1388,Full e-bus coverage scenario; route assignment weighted by selected GTFS trip frequency
FULLBUS04856,300,0.768,0.9,0.2,1423,Full e-bus coverage scenario; route assignment weighted by selected GTFS trip frequency
FULLBUS04857,300,0.861,0.9,0.2,1432,Full e-bus coverage scenario; route assignment weighted by selected GTFS trip frequency
FULLBUS04858,300,0.752,0.9,0.2,1459,Full e-bus coverage scenario; route assignment weighted by selected GTFS trip frequency
FULLBUS04859,300,0.736,0.9,0.2,1460,Full e-bus coverage scenario; route assignment weighted by selected GTFS trip frequency
FULLBUS04860,300,0.838,0.9,0.2,1543,Full e-bus coverage scenario; route assignment weighted by selected GTFS trip frequency
FULLBUS04861,300,0.847,0.9,0.2,1552,Full e-bus coverage scenario; route assignment weighted by selected GTFS trip frequency
FULLBUS04862,300,0.873,0.9,0.2,1553,Full e-bus coverage scenario; route assignment weighted by selected GTFS trip frequency
FULLBUS04863,300,0.727,0.9,0.2,1572,Full e-bus coverage scenario; route assignment weighted by selected GTFS trip frequency
FULLBUS04864,300,0.798,0.9,0.2,1583,Full e-bus coverage scenario; route assignment weighted by selected GTFS trip frequency
FULLBUS04865,300,0.803,0.9,0.2,1619,Full e-bus coverage scenario; route assignment weighted by selected GTFS trip frequency
FULLBUS04866,300,0.861,0.9,0.2,1627,Full e-bus coverage scenario; route assignment weighted by selected GTFS trip frequency
FULLBUS04867,300,0.845,0.9,0.2,1667,Full e-bus coverage scenario; route assignment weighted by selected GTFS trip frequency
FULLBUS04868,300,0.791,0.9,0.2,1676,Full e-bus coverage scenario; route assignment weighted by selected GTFS trip frequency
FULLBUS04869,300,0.85,0.9,0.2,1698,Full e-bus coverage scenario; route assignment weighted by selected GTFS trip frequency
FULLBUS04870,300,0.809,0.9,0.2,1703,Full e-bus coverage scenario; route assignment weighted by selected GTFS trip frequency
FULLBUS04871,300,0.733,0.9,0.2,1709,Full e-bus coverage scenario; route assignment weighted by selected GTFS trip frequency
FULLBUS04872,300,0.756,0.9,0.2,1733,Full e-bus coverage scenario; route assignment weighted by selected GTFS trip frequency
FULLBUS04873,300,0.827,0.9,0.2,1737,Full e-bus coverage scenario; route assignment weighted by selected GTFS trip frequency
FULLBUS04874,300,0.87,0.9,0.2,1758,Full e-bus coverage scenario; route assignment weighted by selected GTFS trip frequency
FULLBUS04875,300,0.724,0.9,0.2,1764,Full e-bus coverage scenario; route assignment weighted by selected GTFS trip frequency
FULLBUS04876,300,0.762,0.9,0.2,1777,Full e-bus coverage scenario; route assignment weighted by selected GTFS trip frequency
FULLBUS04877,300,0.87,0.9,0.2,1785,Full e-bus coverage scenario; route assignment weighted by selected GTFS trip frequency
FULLBUS04878,300,0.842,0.9,0.2,1951,Full e-bus coverage scenario; route assignment weighted by selected GTFS trip frequency
FULLBUS04879,300,0.827,0.9,0.2,2000819,Full e-bus coverage scenario; route assignment weighted by selected GTFS trip frequency
FULLBUS04880,300,0.843,0.9,0.2,2000968,Full e-bus coverage scenario; route assignment weighted by selected GTFS trip frequency
FULLBUS04881,300,0.84,0.9,0.2,2000970,Full e-bus coverage scenario; route assignment weighted by selected GTFS trip frequency
FULLBUS04882,300,0.736,0.9,0.2,2000995,Full e-bus coverage scenario; route assignment weighted by selected GTFS trip frequency
FULLBUS04883,300,0.74,0.9,0.2,2000996,Full e-bus coverage scenario; route assignment weighted by selected GTFS trip frequency
FULLBUS04884,300,0.851,0.9,0.2,2000997,Full e-bus coverage scenario; route assignment weighted by selected GTFS trip frequency
FULLBUS04885,300,0.745,0.9,0.2,2001005,Full e-bus coverage scenario; route assignment weighted by selected GTFS trip frequency
FULLBUS04886,300,0.819,0.9,0.2,2001020,Full e-bus coverage scenario; route assignment weighted by selected GTFS trip frequency
FULLBUS04887,300,0.823,0.9,0.2,2001161,Full e-bus coverage scenario; route assignment weighted by selected GTFS trip frequency
FULLBUS04888,300,0.813,0.9,0.2,2001194,Full e-bus coverage scenario; route assignment weighted by selected GTFS trip frequency
FULLBUS04889,300,0.796,0.9,0.2,2001262,Full e-bus coverage scenario; route assignment weighted by selected GTFS trip frequency
FULLBUS04890,300,0.792,0.9,0.2,2001467,Full e-bus coverage scenario; route assignment weighted by selected GTFS trip frequency
FULLBUS04891,300,0.86,0.9,0.2,2001740,Full e-bus coverage scenario; route assignment weighted by selected GTFS trip frequency
FULLBUS04892,300,0.775,0.9,0.2,2002325,Full e-bus coverage scenario; route assignment weighted by selected GTFS trip frequency
FULLBUS04893,300,0.879,0.9,0.2,2002329,Full e-bus coverage scenario; route assignment weighted by selected GTFS trip frequency
FULLBUS04894,300,0.836,0.9,0.2,2002331,Full e-bus coverage scenario; route assignment weighted by selected GTFS trip frequency
FULLBUS04895,300,0.819,0.9,0.2,2002333,Full e-bus coverage scenario; route assignment weighted by selected GTFS trip frequency
FULLBUS04896,300,0.722,0.9,0.2,2002339,Full e-bus coverage scenario; route assignment weighted by selected GTFS trip frequency
FULLBUS04897,300,0.766,0.9,0.2,2002352,Full e-bus coverage scenario; route assignment weighted by selected GTFS trip frequency
FULLBUS04898,300,0.827,0.9,0.2,2002547,Full e-bus coverage scenario; route assignment weighted by selected GTFS trip frequency
FULLBUS04899,300,0.743,0.9,0.2,2003900,Full e-bus coverage scenario; route assignment weighted by selected GTFS trip frequency
FULLBUS04900,300,0.841,0.9,0.2,2004092,Full e-bus coverage scenario; route assignment weighted by selected GTFS trip frequency
FULLBUS04901,300,0.733,0.9,0.2,2004395,Full e-bus coverage scenario; route assignment weighted by selected GTFS trip frequency
FULLBUS04902,300,0.74,0.9,0.2,2004462,Full e-bus coverage scenario; route assignment weighted by selected GTFS trip frequency
FULLBUS04903,300,0.791,0.9,0.2,2004824,Full e-bus coverage scenario; route assignment weighted by selected GTFS trip frequency
FULLBUS04904,300,0.834,0.9,0.2,2004826,Full e-bus coverage scenario; route assignment weighted by selected GTFS trip frequency
FULLBUS04905,300,0.776,0.9,0.2,2005294,Full e-bus coverage scenario; route assignment weighted by selected GTFS trip frequency
FULLBUS04906,300,0.828,0.9,0.2,2005327,Full e-bus coverage scenario; route assignment weighted by selected GTFS trip frequency
FULLBUS04907,300,0.766,0.9,0.2,2005650,Full e-bus coverage scenario; route assignment weighted by selected GTFS trip frequency
FULLBUS04908,300,0.83,0.9,0.2,2005685,Full e-bus coverage scenario; route assignment weighted by selected GTFS trip frequency
FULLBUS04909,300,0.776,0.9,0.2,2005686,Full e-bus coverage scenario; route assignment weighted by selected GTFS trip frequency
FULLBUS04910,300,0.877,0.9,0.2,2006312,Full e-bus coverage scenario; route assignment weighted by selected GTFS trip frequency
FULLBUS04911,300,0.769,0.9,0.2,2006540,Full e-bus coverage scenario; route assignment weighted by selected GTFS trip frequency
FULLBUS04912,300,0.778,0.9,0.2,2006611,Full e-bus coverage scenario; route assignment weighted by selected GTFS trip frequency
FULLBUS04913,300,0.847,0.9,0.2,2006674,Full e-bus coverage scenario; route assignment weighted by selected GTFS trip frequency
FULLBUS04914,300,0.836,0.9,0.2,2007498,Full e-bus coverage scenario; route assignment weighted by selected GTFS trip frequency
FULLBUS04915,300,0.736,0.9,0.2,2007629,Full e-bus coverage scenario; route assignment weighted by selected GTFS trip frequency
FULLBUS04916,300,0.842,0.9,0.2,2007828,Full e-bus coverage scenario; route assignment weighted by selected GTFS trip frequency
FULLBUS04917,300,0.763,0.9,0.2,2007862,Full e-bus coverage scenario; route assignment weighted by selected GTFS trip frequency
FULLBUS04918,300,0.846,0.9,0.2,2009477,Full e-bus coverage scenario; route assignment weighted by selected GTFS trip frequency
FULLBUS04919,300,0.795,0.9,0.2,2010170,Full e-bus coverage scenario; route assignment weighted by selected GTFS trip frequency
FULLBUS04920,300,0.739,0.9,0.2,2010281,Full e-bus coverage scenario; route assignment weighted by selected GTFS trip frequency
FULLBUS04921,300,0.813,0.9,0.2,2010500,Full e-bus coverage scenario; route assignment weighted by selected GTFS trip frequency
FULLBUS04922,300,0.737,0.9,0.2,2010995,Full e-bus coverage scenario; route assignment weighted by selected GTFS trip frequency
FULLBUS04923,300,0.731,0.9,0.2,2011226,Full e-bus coverage scenario; route assignment weighted by selected GTFS trip frequency
FULLBUS04924,300,0.822,0.9,0.2,8012,Full e-bus coverage scenario; route assignment weighted by selected GTFS trip frequency
FULLBUS04925,300,0.727,0.9,0.2,8110,Full e-bus coverage scenario; route assignment weighted by selected GTFS trip frequency
FULLBUS04926,300,0.732,0.9,0.2,8111,Full e-bus coverage scenario; route assignment weighted by selected GTFS trip frequency
FULLBUS04927,300,0.816,0.9,0.2,8113,Full e-bus coverage scenario; route assignment weighted by selected GTFS trip frequency
FULLBUS04928,300,0.756,0.9,0.2,8127,Full e-bus coverage scenario; route assignment weighted by selected GTFS trip frequency
FULLBUS04929,300,0.732,0.9,0.2,8153,Full e-bus coverage scenario; route assignment weighted by selected GTFS trip frequency
FULLBUS04930,300,0.846,0.9,0.2,8156,Full e-bus coverage scenario; route assignment weighted by selected GTFS trip frequency
FULLBUS04931,300,0.82,0.9,0.2,8178,Full e-bus coverage scenario; route assignment weighted by selected GTFS trip frequency
FULLBUS04932,300,0.8,0.9,0.2,8181,Full e-bus coverage scenario; route assignment weighted by selected GTFS trip frequency
FULLBUS04933,300,0.769,0.9,0.2,8185,Full e-bus coverage scenario; route assignment weighted by selected GTFS trip frequency
FULLBUS04934,300,0.854,0.9,0.2,8191,Full e-bus coverage scenario; route assignment weighted by selected GTFS trip frequency
FULLBUS04935,300,0.755,0.9,0.2,8205,Full e-bus coverage scenario; route assignment weighted by selected GTFS trip frequency
FULLBUS04936,300,0.798,0.9,0.2,8207,Full e-bus coverage scenario; route assignment weighted by selected GTFS trip frequency
FULLBUS04937,300,0.876,0.9,0.2,8210,Full e-bus coverage scenario; route assignment weighted by selected GTFS trip frequency
FULLBUS04938,300,0.817,0.9,0.2,8240,Full e-bus coverage scenario; route assignment weighted by selected GTFS trip frequency
FULLBUS04939,300,0.843,0.9,0.2,8248,Full e-bus coverage scenario; route assignment weighted by selected GTFS trip frequency
FULLBUS04940,300,0.792,0.9,0.2,8252,Full e-bus coverage scenario; route assignment weighted by selected GTFS trip frequency
FULLBUS04941,300,0.817,0.9,0.2,8283,Full e-bus coverage scenario; route assignment weighted by selected GTFS trip frequency
FULLBUS04942,300,0.725,0.9,0.2,8291,Full e-bus coverage scenario; route assignment weighted by selected GTFS trip frequency
FULLBUS04943,300,0.856,0.9,0.2,8346,Full e-bus coverage scenario; route assignment weighted by selected GTFS trip frequency
FULLBUS04944,300,0.876,0.9,0.2,8355,Full e-bus coverage scenario; route assignment weighted by selected GTFS trip frequency
FULLBUS04945,300,0.863,0.9,0.2,8377,Full e-bus coverage scenario; route assignment weighted by selected GTFS trip frequency
FULLBUS04946,300,0.767,0.9,0.2,8383,Full e-bus coverage scenario; route assignment weighted by selected GTFS trip frequency
FULLBUS04947,300,0.762,0.9,0.2,8389,Full e-bus coverage scenario; route assignment weighted by selected GTFS trip frequency
FULLBUS04948,300,0.846,0.9,0.2,8398,Full e-bus coverage scenario; route assignment weighted by selected GTFS trip frequency
FULLBUS04949,300,0.845,0.9,0.2,8403,Full e-bus coverage scenario; route assignment weighted by selected GTFS trip frequency
FULLBUS04950,300,0.791,0.9,0.2,8406,Full e-bus coverage scenario; route assignment weighted by selected GTFS trip frequency
FULLBUS04951,300,0.742,0.9,0.2,8424,Full e-bus coverage scenario; route assignment weighted by selected GTFS trip frequency
FULLBUS04952,300,0.869,0.9,0.2,8436,Full e-bus coverage scenario; route assignment weighted by selected GTFS trip frequency
FULLBUS04953,300,0.724,0.9,0.2,8440,Full e-bus coverage scenario; route assignment weighted by selected GTFS trip frequency
FULLBUS04954,300,0.868,0.9,0.2,8483,Full e-bus coverage scenario; route assignment weighted by selected GTFS trip frequency
FULLBUS04955,300,0.804,0.9,0.2,8488,Full e-bus coverage scenario; route assignment weighted by selected GTFS trip frequency
FULLBUS04956,300,0.835,0.9,0.2,8491,Full e-bus coverage scenario; route assignment weighted by selected GTFS trip frequency
FULLBUS04957,300,0.753,0.9,0.2,8504,Full e-bus coverage scenario; route assignment weighted by selected GTFS trip frequency
FULLBUS04958,300,0.812,0.9,0.2,8517,Full e-bus coverage scenario; route assignment weighted by selected GTFS trip frequency
FULLBUS04959,300,0.866,0.9,0.2,8535,Full e-bus coverage scenario; route assignment weighted by selected GTFS trip frequency
FULLBUS04960,300,0.795,0.9,0.2,8558,Full e-bus coverage scenario; route assignment weighted by selected GTFS trip frequency
FULLBUS04961,300,0.768,0.9,0.2,8607,Full e-bus coverage scenario; route assignment weighted by selected GTFS trip frequency
FULLBUS04962,300,0.752,0.9,0.2,8626,Full e-bus coverage scenario; route assignment weighted by selected GTFS trip frequency
FULLBUS04963,300,0.774,0.9,0.2,8633,Full e-bus coverage scenario; route assignment weighted by selected GTFS trip frequency
FULLBUS04964,300,0.826,0.9,0.2,8642,Full e-bus coverage scenario; route assignment weighted by selected GTFS trip frequency
FULLBUS04965,300,0.806,0.9,0.2,8696,Full e-bus coverage scenario; route assignment weighted by selected GTFS trip frequency
FULLBUS04966,300,0.818,0.9,0.2,8697,Full e-bus coverage scenario; route assignment weighted by selected GTFS trip frequency
FULLBUS04967,300,0.759,0.9,0.2,8703,Full e-bus coverage scenario; route assignment weighted by selected GTFS trip frequency
FULLBUS04968,300,0.822,0.9,0.2,8722,Full e-bus coverage scenario; route assignment weighted by selected GTFS trip frequency
FULLBUS04969,300,0.863,0.9,0.2,8726,Full e-bus coverage scenario; route assignment weighted by selected GTFS trip frequency
FULLBUS04970,300,0.802,0.9,0.2,8727,Full e-bus coverage scenario; route assignment weighted by selected GTFS trip frequency
FULLBUS04971,300,0.858,0.9,0.2,8744,Full e-bus coverage scenario; route assignment weighted by selected GTFS trip frequency
FULLBUS04972,300,0.878,0.9,0.2,8747,Full e-bus coverage scenario; route assignment weighted by selected GTFS trip frequency
FULLBUS04973,300,0.782,0.9,0.2,8751,Full e-bus coverage scenario; route assignment weighted by selected GTFS trip frequency
FULLBUS04974,300,0.845,0.9,0.2,8762,Full e-bus coverage scenario; route assignment weighted by selected GTFS trip frequency
FULLBUS04975,300,0.807,0.9,0.2,8763,Full e-bus coverage scenario; route assignment weighted by selected GTFS trip frequency
FULLBUS04976,300,0.777,0.9,0.2,8768,Full e-bus coverage scenario; route assignment weighted by selected GTFS trip frequency
FULLBUS04977,300,0.748,0.9,0.2,8791,Full e-bus coverage scenario; route assignment weighted by selected GTFS trip frequency
FULLBUS04978,300,0.742,0.9,0.2,1000035,Full e-bus coverage scenario; route assignment weighted by selected GTFS trip frequency
FULLBUS04979,300,0.741,0.9,0.2,1000079,Full e-bus coverage scenario; route assignment weighted by selected GTFS trip frequency
FULLBUS04980,300,0.787,0.9,0.2,1000082,Full e-bus coverage scenario; route assignment weighted by selected GTFS trip frequency
FULLBUS04981,300,0.786,0.9,0.2,1000094,Full e-bus coverage scenario; route assignment weighted by selected GTFS trip frequency
FULLBUS04982,300,0.748,0.9,0.2,1000132,Full e-bus coverage scenario; route assignment weighted by selected GTFS trip frequency
FULLBUS04983,300,0.852,0.9,0.2,1000203,Full e-bus coverage scenario; route assignment weighted by selected GTFS trip frequency
FULLBUS04984,300,0.81,0.9,0.2,1000248,Full e-bus coverage scenario; route assignment weighted by selected GTFS trip frequency
FULLBUS04985,300,0.767,0.9,0.2,1000260,Full e-bus coverage scenario; route assignment weighted by selected GTFS trip frequency
FULLBUS04986,300,0.812,0.9,0.2,1000263,Full e-bus coverage scenario; route assignment weighted by selected GTFS trip frequency
FULLBUS04987,300,0.78,0.9,0.2,1000279,Full e-bus coverage scenario; route assignment weighted by selected GTFS trip frequency
FULLBUS04988,300,0.819,0.9,0.2,1000283,Full e-bus coverage scenario; route assignment weighted by selected GTFS trip frequency
FULLBUS04989,300,0.774,0.9,0.2,1000288,Full e-bus coverage scenario; route assignment weighted by selected GTFS trip frequency
FULLBUS04990,300,0.723,0.9,0.2,1000326,Full e-bus coverage scenario; route assignment weighted by selected GTFS trip frequency
FULLBUS04991,300,0.743,0.9,0.2,1000367,Full e-bus coverage scenario; route assignment weighted by selected GTFS trip frequency
FULLBUS04992,300,0.723,0.9,0.2,1000408,Full e-bus coverage scenario; route assignment weighted by selected GTFS trip frequency
FULLBUS04993,300,0.823,0.9,0.2,1000439,Full e-bus coverage scenario; route assignment weighted by selected GTFS trip frequency
FULLBUS04994,300,0.749,0.9,0.2,1000456,Full e-bus coverage scenario; route assignment weighted by selected GTFS trip frequency
FULLBUS04995,300,0.838,0.9,0.2,1000462,Full e-bus coverage scenario; route assignment weighted by selected GTFS trip frequency
FULLBUS04996,300,0.88,0.9,0.2,1000505,Full e-bus coverage scenario; route assignment weighted by selected GTFS trip frequency
FULLBUS04997,300,0.88,0.9,0.2,1000529,Full e-bus coverage scenario; route assignment weighted by selected GTFS trip frequency
FULLBUS04998,300,0.822,0.9,0.2,1000545,Full e-bus coverage scenario; route assignment weighted by selected GTFS trip frequency
FULLBUS04999,300,0.795,0.9,0.2,1000561,Full e-bus coverage scenario; route assignment weighted by selected GTFS trip frequency
FULLBUS05000,300,0.768,0.9,0.2,1000564,Full e-bus coverage scenario; route assignment weighted by selected GTFS trip frequency
FULLBUS05001,300,0.751,0.9,0.2,1000667,Full e-bus coverage scenario; route assignment weighted by selected GTFS trip frequency
FULLBUS05002,300,0.796,0.9,0.2,1000677,Full e-bus coverage scenario; route assignment weighted by selected GTFS trip frequency
FULLBUS05003,300,0.772,0.9,0.2,1000679,Full e-bus coverage scenario; route assignment weighted by selected GTFS trip frequency
FULLBUS05004,300,0.851,0.9,0.2,1000680,Full e-bus coverage scenario; route assignment weighted by selected GTFS trip frequency
FULLBUS05005,300,0.74,0.9,0.2,1000688,Full e-bus coverage scenario; route assignment weighted by selected GTFS trip frequency
FULLBUS05006,300,0.723,0.9,0.2,1000690,Full e-bus coverage scenario; route assignment weighted by selected GTFS trip frequency
FULLBUS05007,300,0.853,0.9,0.2,1092,Full e-bus coverage scenario; route assignment weighted by selected GTFS trip frequency
FULLBUS05008,300,0.739,0.9,0.2,1099,Full e-bus coverage scenario; route assignment weighted by selected GTFS trip frequency
FULLBUS05009,300,0.734,0.9,0.2,1252,Full e-bus coverage scenario; route assignment weighted by selected GTFS trip frequency
FULLBUS05010,300,0.789,0.9,0.2,1257,Full e-bus coverage scenario; route assignment weighted by selected GTFS trip frequency
FULLBUS05011,300,0.783,0.9,0.2,1332,Full e-bus coverage scenario; route assignment weighted by selected GTFS trip frequency
FULLBUS05012,300,0.814,0.9,0.2,1373,Full e-bus coverage scenario; route assignment weighted by selected GTFS trip frequency
FULLBUS05013,300,0.747,0.9,0.2,1420,Full e-bus coverage scenario; route assignment weighted by selected GTFS trip frequency
FULLBUS05014,300,0.832,0.9,0.2,1437,Full e-bus coverage scenario; route assignment weighted by selected GTFS trip frequency
FULLBUS05015,300,0.843,0.9,0.2,1450,Full e-bus coverage scenario; route assignment weighted by selected GTFS trip frequency
FULLBUS05016,300,0.724,0.9,0.2,1458,Full e-bus coverage scenario; route assignment weighted by selected GTFS trip frequency
FULLBUS05017,300,0.724,0.9,0.2,1550,Full e-bus coverage scenario; route assignment weighted by selected GTFS trip frequency
FULLBUS05018,300,0.826,0.9,0.2,1569,Full e-bus coverage scenario; route assignment weighted by selected GTFS trip frequency
FULLBUS05019,300,0.792,0.9,0.2,1571,Full e-bus coverage scenario; route assignment weighted by selected GTFS trip frequency
FULLBUS05020,300,0.809,0.9,0.2,1579,Full e-bus coverage scenario; route assignment weighted by selected GTFS trip frequency
FULLBUS05021,300,0.829,0.9,0.2,1612,Full e-bus coverage scenario; route assignment weighted by selected GTFS trip frequency
FULLBUS05022,300,0.782,0.9,0.2,1679,Full e-bus coverage scenario; route assignment weighted by selected GTFS trip frequency
FULLBUS05023,300,0.786,0.9,0.2,1696,Full e-bus coverage scenario; route assignment weighted by selected GTFS trip frequency
FULLBUS05024,300,0.876,0.9,0.2,1817,Full e-bus coverage scenario; route assignment weighted by selected GTFS trip frequency
FULLBUS05025,300,0.825,0.9,0.2,1852,Full e-bus coverage scenario; route assignment weighted by selected GTFS trip frequency
FULLBUS05026,300,0.85,0.9,0.2,1887,Full e-bus coverage scenario; route assignment weighted by selected GTFS trip frequency
FULLBUS05027,300,0.847,0.9,0.2,1891,Full e-bus coverage scenario; route assignment weighted by selected GTFS trip frequency
FULLBUS05028,300,0.79,0.9,0.2,1897,Full e-bus coverage scenario; route assignment weighted by selected GTFS trip frequency
FULLBUS05029,300,0.749,0.9,0.2,1957,Full e-bus coverage scenario; route assignment weighted by selected GTFS trip frequency
FULLBUS05030,300,0.849,0.9,0.2,1959,Full e-bus coverage scenario; route assignment weighted by selected GTFS trip frequency
FULLBUS05031,300,0.721,0.9,0.2,1980,Full e-bus coverage scenario; route assignment weighted by selected GTFS trip frequency
FULLBUS05032,300,0.754,0.9,0.2,2000985,Full e-bus coverage scenario; route assignment weighted by selected GTFS trip frequency
FULLBUS05033,300,0.865,0.9,0.2,2000999,Full e-bus coverage scenario; route assignment weighted by selected GTFS trip frequency
FULLBUS05034,300,0.828,0.9,0.2,2001635,Full e-bus coverage scenario; route assignment weighted by selected GTFS trip frequency
FULLBUS05035,300,0.812,0.9,0.2,2001741,Full e-bus coverage scenario; route assignment weighted by selected GTFS trip frequency
FULLBUS05036,300,0.792,0.9,0.2,2001888,Full e-bus coverage scenario; route assignment weighted by selected GTFS trip frequency
FULLBUS05037,300,0.759,0.9,0.2,2002021,Full e-bus coverage scenario; route assignment weighted by selected GTFS trip frequency
FULLBUS05038,300,0.813,0.9,0.2,2002582,Full e-bus coverage scenario; route assignment weighted by selected GTFS trip frequency
FULLBUS05039,300,0.784,0.9,0.2,2002910,Full e-bus coverage scenario; route assignment weighted by selected GTFS trip frequency
FULLBUS05040,300,0.741,0.9,0.2,2003048,Full e-bus coverage scenario; route assignment weighted by selected GTFS trip frequency
FULLBUS05041,300,0.874,0.9,0.2,2003735,Full e-bus coverage scenario; route assignment weighted by selected GTFS trip frequency
FULLBUS05042,300,0.879,0.9,0.2,2004085,Full e-bus coverage scenario; route assignment weighted by selected GTFS trip frequency
FULLBUS05043,300,0.858,0.9,0.2,2004089,Full e-bus coverage scenario; route assignment weighted by selected GTFS trip frequency
FULLBUS05044,300,0.748,0.9,0.2,2004090,Full e-bus coverage scenario; route assignment weighted by selected GTFS trip frequency
FULLBUS05045,300,0.764,0.9,0.2,2004397,Full e-bus coverage scenario; route assignment weighted by selected GTFS trip frequency
FULLBUS05046,300,0.873,0.9,0.2,2004627,Full e-bus coverage scenario; route assignment weighted by selected GTFS trip frequency
FULLBUS05047,300,0.804,0.9,0.2,2004763,Full e-bus coverage scenario; route assignment weighted by selected GTFS trip frequency
FULLBUS05048,300,0.854,0.9,0.2,2005289,Full e-bus coverage scenario; route assignment weighted by selected GTFS trip frequency
FULLBUS05049,300,0.783,0.9,0.2,2005333,Full e-bus coverage scenario; route assignment weighted by selected GTFS trip frequency
FULLBUS05050,300,0.855,0.9,0.2,2005550,Full e-bus coverage scenario; route assignment weighted by selected GTFS trip frequency
FULLBUS05051,300,0.815,0.9,0.2,2005782,Full e-bus coverage scenario; route assignment weighted by selected GTFS trip frequency
FULLBUS05052,300,0.847,0.9,0.2,2006476,Full e-bus coverage scenario; route assignment weighted by selected GTFS trip frequency
FULLBUS05053,300,0.751,0.9,0.2,2006677,Full e-bus coverage scenario; route assignment weighted by selected GTFS trip frequency
FULLBUS05054,300,0.771,0.9,0.2,2006772,Full e-bus coverage scenario; route assignment weighted by selected GTFS trip frequency
FULLBUS05055,300,0.877,0.9,0.2,2006969,Full e-bus coverage scenario; route assignment weighted by selected GTFS trip frequency
FULLBUS05056,300,0.839,0.9,0.2,2007035,Full e-bus coverage scenario; route assignment weighted by selected GTFS trip frequency
FULLBUS05057,300,0.725,0.9,0.2,2007830,Full e-bus coverage scenario; route assignment weighted by selected GTFS trip frequency
FULLBUS05058,300,0.865,0.9,0.2,2008603,Full e-bus coverage scenario; route assignment weighted by selected GTFS trip frequency
FULLBUS05059,300,0.821,0.9,0.2,2008751,Full e-bus coverage scenario; route assignment weighted by selected GTFS trip frequency
FULLBUS05060,300,0.879,0.9,0.2,2009906,Full e-bus coverage scenario; route assignment weighted by selected GTFS trip frequency
FULLBUS05061,300,0.783,0.9,0.2,2009939,Full e-bus coverage scenario; route assignment weighted by selected GTFS trip frequency
FULLBUS05062,300,0.837,0.9,0.2,2010434,Full e-bus coverage scenario; route assignment weighted by selected GTFS trip frequency
FULLBUS05063,300,0.812,0.9,0.2,2010830,Full e-bus coverage scenario; route assignment weighted by selected GTFS trip frequency
FULLBUS05064,300,0.874,0.9,0.2,8071,Full e-bus coverage scenario; route assignment weighted by selected GTFS trip frequency
FULLBUS05065,300,0.776,0.9,0.2,8114,Full e-bus coverage scenario; route assignment weighted by selected GTFS trip frequency
FULLBUS05066,300,0.832,0.9,0.2,8126,Full e-bus coverage scenario; route assignment weighted by selected GTFS trip frequency
FULLBUS05067,300,0.805,0.9,0.2,8130,Full e-bus coverage scenario; route assignment weighted by selected GTFS trip frequency
FULLBUS05068,300,0.754,0.9,0.2,8137,Full e-bus coverage scenario; route assignment weighted by selected GTFS trip frequency
FULLBUS05069,300,0.738,0.9,0.2,8138,Full e-bus coverage scenario; route assignment weighted by selected GTFS trip frequency
FULLBUS05070,300,0.828,0.9,0.2,8139,Full e-bus coverage scenario; route assignment weighted by selected GTFS trip frequency
FULLBUS05071,300,0.814,0.9,0.2,8149,Full e-bus coverage scenario; route assignment weighted by selected GTFS trip frequency
FULLBUS05072,300,0.786,0.9,0.2,8158,Full e-bus coverage scenario; route assignment weighted by selected GTFS trip frequency
FULLBUS05073,300,0.832,0.9,0.2,8161,Full e-bus coverage scenario; route assignment weighted by selected GTFS trip frequency
FULLBUS05074,300,0.816,0.9,0.2,8167,Full e-bus coverage scenario; route assignment weighted by selected GTFS trip frequency
FULLBUS05075,300,0.78,0.9,0.2,8170,Full e-bus coverage scenario; route assignment weighted by selected GTFS trip frequency
FULLBUS05076,300,0.88,0.9,0.2,8199,Full e-bus coverage scenario; route assignment weighted by selected GTFS trip frequency
FULLBUS05077,300,0.769,0.9,0.2,8247,Full e-bus coverage scenario; route assignment weighted by selected GTFS trip frequency
FULLBUS05078,300,0.86,0.9,0.2,8254,Full e-bus coverage scenario; route assignment weighted by selected GTFS trip frequency
FULLBUS05079,300,0.787,0.9,0.2,8273,Full e-bus coverage scenario; route assignment weighted by selected GTFS trip frequency
FULLBUS05080,300,0.724,0.9,0.2,8281,Full e-bus coverage scenario; route assignment weighted by selected GTFS trip frequency
FULLBUS05081,300,0.852,0.9,0.2,8288,Full e-bus coverage scenario; route assignment weighted by selected GTFS trip frequency
FULLBUS05082,300,0.758,0.9,0.2,8290,Full e-bus coverage scenario; route assignment weighted by selected GTFS trip frequency
FULLBUS05083,300,0.833,0.9,0.2,8320,Full e-bus coverage scenario; route assignment weighted by selected GTFS trip frequency
FULLBUS05084,300,0.754,0.9,0.2,8328,Full e-bus coverage scenario; route assignment weighted by selected GTFS trip frequency
FULLBUS05085,300,0.831,0.9,0.2,8347,Full e-bus coverage scenario; route assignment weighted by selected GTFS trip frequency
FULLBUS05086,300,0.774,0.9,0.2,8363,Full e-bus coverage scenario; route assignment weighted by selected GTFS trip frequency
FULLBUS05087,300,0.873,0.9,0.2,8380,Full e-bus coverage scenario; route assignment weighted by selected GTFS trip frequency
FULLBUS05088,300,0.787,0.9,0.2,8387,Full e-bus coverage scenario; route assignment weighted by selected GTFS trip frequency
FULLBUS05089,300,0.73,0.9,0.2,8390,Full e-bus coverage scenario; route assignment weighted by selected GTFS trip frequency
FULLBUS05090,300,0.741,0.9,0.2,8400,Full e-bus coverage scenario; route assignment weighted by selected GTFS trip frequency
FULLBUS05091,300,0.817,0.9,0.2,8470,Full e-bus coverage scenario; route assignment weighted by selected GTFS trip frequency
FULLBUS05092,300,0.841,0.9,0.2,8474,Full e-bus coverage scenario; route assignment weighted by selected GTFS trip frequency
FULLBUS05093,300,0.815,0.9,0.2,8478,Full e-bus coverage scenario; route assignment weighted by selected GTFS trip frequency
FULLBUS05094,300,0.839,0.9,0.2,8513,Full e-bus coverage scenario; route assignment weighted by selected GTFS trip frequency
FULLBUS05095,300,0.856,0.9,0.2,8523,Full e-bus coverage scenario; route assignment weighted by selected GTFS trip frequency
FULLBUS05096,300,0.837,0.9,0.2,8526,Full e-bus coverage scenario; route assignment weighted by selected GTFS trip frequency
FULLBUS05097,300,0.827,0.9,0.2,8532,Full e-bus coverage scenario; route assignment weighted by selected GTFS trip frequency
FULLBUS05098,300,0.749,0.9,0.2,8543,Full e-bus coverage scenario; route assignment weighted by selected GTFS trip frequency
FULLBUS05099,300,0.801,0.9,0.2,8549,Full e-bus coverage scenario; route assignment weighted by selected GTFS trip frequency
FULLBUS05100,300,0.724,0.9,0.2,8552,Full e-bus coverage scenario; route assignment weighted by selected GTFS trip frequency
FULLBUS05101,300,0.867,0.9,0.2,8554,Full e-bus coverage scenario; route assignment weighted by selected GTFS trip frequency
FULLBUS05102,300,0.844,0.9,0.2,8555,Full e-bus coverage scenario; route assignment weighted by selected GTFS trip frequency
FULLBUS05103,300,0.774,0.9,0.2,8557,Full e-bus coverage scenario; route assignment weighted by selected GTFS trip frequency
FULLBUS05104,300,0.865,0.9,0.2,8572,Full e-bus coverage scenario; route assignment weighted by selected GTFS trip frequency
FULLBUS05105,300,0.734,0.9,0.2,8581,Full e-bus coverage scenario; route assignment weighted by selected GTFS trip frequency
FULLBUS05106,300,0.792,0.9,0.2,8582,Full e-bus coverage scenario; route assignment weighted by selected GTFS trip frequency
FULLBUS05107,300,0.855,0.9,0.2,8588,Full e-bus coverage scenario; route assignment weighted by selected GTFS trip frequency
FULLBUS05108,300,0.803,0.9,0.2,8617,Full e-bus coverage scenario; route assignment weighted by selected GTFS trip frequency
FULLBUS05109,300,0.781,0.9,0.2,8654,Full e-bus coverage scenario; route assignment weighted by selected GTFS trip frequency
FULLBUS05110,300,0.771,0.9,0.2,8680,Full e-bus coverage scenario; route assignment weighted by selected GTFS trip frequency
FULLBUS05111,300,0.793,0.9,0.2,8693,Full e-bus coverage scenario; route assignment weighted by selected GTFS trip frequency
FULLBUS05112,300,0.769,0.9,0.2,8706,Full e-bus coverage scenario; route assignment weighted by selected GTFS trip frequency
FULLBUS05113,300,0.805,0.9,0.2,8725,Full e-bus coverage scenario; route assignment weighted by selected GTFS trip frequency
FULLBUS05114,300,0.856,0.9,0.2,8730,Full e-bus coverage scenario; route assignment weighted by selected GTFS trip frequency
FULLBUS05115,300,0.866,0.9,0.2,8743,Full e-bus coverage scenario; route assignment weighted by selected GTFS trip frequency
FULLBUS05116,300,0.824,0.9,0.2,8745,Full e-bus coverage scenario; route assignment weighted by selected GTFS trip frequency
FULLBUS05117,300,0.768,0.9,0.2,8765,Full e-bus coverage scenario; route assignment weighted by selected GTFS trip frequency
FULLBUS05118,300,0.857,0.9,0.2,8780,Full e-bus coverage scenario; route assignment weighted by selected GTFS trip frequency
FULLBUS05119,300,0.875,0.9,0.2,1000001,Full e-bus coverage scenario; route assignment weighted by selected GTFS trip frequency
FULLBUS05120,300,0.747,0.9,0.2,1000011,Full e-bus coverage scenario; route assignment weighted by selected GTFS trip frequency
FULLBUS05121,300,0.872,0.9,0.2,1000024,Full e-bus coverage scenario; route assignment weighted by selected GTFS trip frequency
FULLBUS05122,300,0.784,0.9,0.2,1000037,Full e-bus coverage scenario; route assignment weighted by selected GTFS trip frequency
FULLBUS05123,300,0.741,0.9,0.2,1000051,Full e-bus coverage scenario; route assignment weighted by selected GTFS trip frequency
FULLBUS05124,300,0.744,0.9,0.2,1000052,Full e-bus coverage scenario; route assignment weighted by selected GTFS trip frequency
FULLBUS05125,300,0.837,0.9,0.2,1000054,Full e-bus coverage scenario; route assignment weighted by selected GTFS trip frequency
FULLBUS05126,300,0.872,0.9,0.2,1000068,Full e-bus coverage scenario; route assignment weighted by selected GTFS trip frequency
FULLBUS05127,300,0.868,0.9,0.2,1000077,Full e-bus coverage scenario; route assignment weighted by selected GTFS trip frequency
FULLBUS05128,300,0.84,0.9,0.2,1000086,Full e-bus coverage scenario; route assignment weighted by selected GTFS trip frequency
FULLBUS05129,300,0.764,0.9,0.2,1000096,Full e-bus coverage scenario; route assignment weighted by selected GTFS trip frequency
FULLBUS05130,300,0.812,0.9,0.2,1000097,Full e-bus coverage scenario; route assignment weighted by selected GTFS trip frequency
FULLBUS05131,300,0.747,0.9,0.2,1000102,Full e-bus coverage scenario; route assignment weighted by selected GTFS trip frequency
FULLBUS05132,300,0.814,0.9,0.2,1000103,Full e-bus coverage scenario; route assignment weighted by selected GTFS trip frequency
FULLBUS05133,300,0.744,0.9,0.2,1000105,Full e-bus coverage scenario; route assignment weighted by selected GTFS trip frequency
FULLBUS05134,300,0.85,0.9,0.2,1000124,Full e-bus coverage scenario; route assignment weighted by selected GTFS trip frequency
FULLBUS05135,300,0.851,0.9,0.2,1000154,Full e-bus coverage scenario; route assignment weighted by selected GTFS trip frequency
FULLBUS05136,300,0.845,0.9,0.2,1000215,Full e-bus coverage scenario; route assignment weighted by selected GTFS trip frequency
FULLBUS05137,300,0.849,0.9,0.2,1000216,Full e-bus coverage scenario; route assignment weighted by selected GTFS trip frequency
FULLBUS05138,300,0.78,0.9,0.2,1000220,Full e-bus coverage scenario; route assignment weighted by selected GTFS trip frequency
FULLBUS05139,300,0.733,0.9,0.2,1000221,Full e-bus coverage scenario; route assignment weighted by selected GTFS trip frequency
FULLBUS05140,300,0.818,0.9,0.2,1000229,Full e-bus coverage scenario; route assignment weighted by selected GTFS trip frequency
FULLBUS05141,300,0.81,0.9,0.2,1000237,Full e-bus coverage scenario; route assignment weighted by selected GTFS trip frequency
FULLBUS05142,300,0.864,0.9,0.2,1000238,Full e-bus coverage scenario; route assignment weighted by selected GTFS trip frequency
FULLBUS05143,300,0.875,0.9,0.2,1000251,Full e-bus coverage scenario; route assignment weighted by selected GTFS trip frequency
FULLBUS05144,300,0.795,0.9,0.2,1000252,Full e-bus coverage scenario; route assignment weighted by selected GTFS trip frequency
FULLBUS05145,300,0.77,0.9,0.2,1000269,Full e-bus coverage scenario; route assignment weighted by selected GTFS trip frequency
FULLBUS05146,300,0.855,0.9,0.2,1000270,Full e-bus coverage scenario; route assignment weighted by selected GTFS trip frequency
FULLBUS05147,300,0.784,0.9,0.2,1000275,Full e-bus coverage scenario; route assignment weighted by selected GTFS trip frequency
FULLBUS05148,300,0.792,0.9,0.2,1000287,Full e-bus coverage scenario; route assignment weighted by selected GTFS trip frequency
FULLBUS05149,300,0.726,0.9,0.2,1000292,Full e-bus coverage scenario; route assignment weighted by selected GTFS trip frequency
FULLBUS05150,300,0.783,0.9,0.2,1000300,Full e-bus coverage scenario; route assignment weighted by selected GTFS trip frequency
FULLBUS05151,300,0.779,0.9,0.2,1000305,Full e-bus coverage scenario; route assignment weighted by selected GTFS trip frequency
FULLBUS05152,300,0.83,0.9,0.2,1000306,Full e-bus coverage scenario; route assignment weighted by selected GTFS trip frequency
FULLBUS05153,300,0.864,0.9,0.2,1000307,Full e-bus coverage scenario; route assignment weighted by selected GTFS trip frequency
FULLBUS05154,300,0.865,0.9,0.2,1000312,Full e-bus coverage scenario; route assignment weighted by selected GTFS trip frequency
FULLBUS05155,300,0.736,0.9,0.2,1000322,Full e-bus coverage scenario; route assignment weighted by selected GTFS trip frequency
FULLBUS05156,300,0.793,0.9,0.2,1000323,Full e-bus coverage scenario; route assignment weighted by selected GTFS trip frequency
FULLBUS05157,300,0.74,0.9,0.2,1000325,Full e-bus coverage scenario; route assignment weighted by selected GTFS trip frequency
FULLBUS05158,300,0.731,0.9,0.2,1000327,Full e-bus coverage scenario; route assignment weighted by selected GTFS trip frequency
FULLBUS05159,300,0.747,0.9,0.2,1000330,Full e-bus coverage scenario; route assignment weighted by selected GTFS trip frequency
FULLBUS05160,300,0.84,0.9,0.2,1000331,Full e-bus coverage scenario; route assignment weighted by selected GTFS trip frequency
FULLBUS05161,300,0.871,0.9,0.2,1000338,Full e-bus coverage scenario; route assignment weighted by selected GTFS trip frequency
FULLBUS05162,300,0.842,0.9,0.2,1000342,Full e-bus coverage scenario; route assignment weighted by selected GTFS trip frequency
FULLBUS05163,300,0.869,0.9,0.2,1000343,Full e-bus coverage scenario; route assignment weighted by selected GTFS trip frequency
FULLBUS05164,300,0.772,0.9,0.2,1000351,Full e-bus coverage scenario; route assignment weighted by selected GTFS trip frequency
FULLBUS05165,300,0.818,0.9,0.2,1000353,Full e-bus coverage scenario; route assignment weighted by selected GTFS trip frequency
FULLBUS05166,300,0.772,0.9,0.2,1000358,Full e-bus coverage scenario; route assignment weighted by selected GTFS trip frequency
FULLBUS05167,300,0.786,0.9,0.2,1000365,Full e-bus coverage scenario; route assignment weighted by selected GTFS trip frequency
FULLBUS05168,300,0.836,0.9,0.2,1000372,Full e-bus coverage scenario; route assignment weighted by selected GTFS trip frequency
FULLBUS05169,300,0.822,0.9,0.2,1000373,Full e-bus coverage scenario; route assignment weighted by selected GTFS trip frequency
FULLBUS05170,300,0.803,0.9,0.2,1000376,Full e-bus coverage scenario; route assignment weighted by selected GTFS trip frequency
FULLBUS05171,300,0.75,0.9,0.2,1000382,Full e-bus coverage scenario; route assignment weighted by selected GTFS trip frequency
FULLBUS05172,300,0.722,0.9,0.2,1000388,Full e-bus coverage scenario; route assignment weighted by selected GTFS trip frequency
FULLBUS05173,300,0.791,0.9,0.2,1000389,Full e-bus coverage scenario; route assignment weighted by selected GTFS trip frequency
FULLBUS05174,300,0.732,0.9,0.2,1000406,Full e-bus coverage scenario; route assignment weighted by selected GTFS trip frequency
FULLBUS05175,300,0.848,0.9,0.2,1000409,Full e-bus coverage scenario; route assignment weighted by selected GTFS trip frequency
FULLBUS05176,300,0.759,0.9,0.2,1000421,Full e-bus coverage scenario; route assignment weighted by selected GTFS trip frequency
FULLBUS05177,300,0.815,0.9,0.2,1000441,Full e-bus coverage scenario; route assignment weighted by selected GTFS trip frequency
FULLBUS05178,300,0.726,0.9,0.2,1000446,Full e-bus coverage scenario; route assignment weighted by selected GTFS trip frequency
FULLBUS05179,300,0.854,0.9,0.2,1000453,Full e-bus coverage scenario; route assignment weighted by selected GTFS trip frequency
FULLBUS05180,300,0.746,0.9,0.2,1000458,Full e-bus coverage scenario; route assignment weighted by selected GTFS trip frequency
FULLBUS05181,300,0.776,0.9,0.2,1000467,Full e-bus coverage scenario; route assignment weighted by selected GTFS trip frequency
FULLBUS05182,300,0.755,0.9,0.2,1000471,Full e-bus coverage scenario; route assignment weighted by selected GTFS trip frequency
FULLBUS05183,300,0.864,0.9,0.2,1000492,Full e-bus coverage scenario; route assignment weighted by selected GTFS trip frequency
FULLBUS05184,300,0.724,0.9,0.2,1000494,Full e-bus coverage scenario; route assignment weighted by selected GTFS trip frequency
FULLBUS05185,300,0.826,0.9,0.2,1000496,Full e-bus coverage scenario; route assignment weighted by selected GTFS trip frequency
FULLBUS05186,300,0.773,0.9,0.2,1000499,Full e-bus coverage scenario; route assignment weighted by selected GTFS trip frequency
FULLBUS05187,300,0.769,0.9,0.2,1000512,Full e-bus coverage scenario; route assignment weighted by selected GTFS trip frequency
FULLBUS05188,300,0.729,0.9,0.2,1000514,Full e-bus coverage scenario; route assignment weighted by selected GTFS trip frequency
FULLBUS05189,300,0.852,0.9,0.2,1000519,Full e-bus coverage scenario; route assignment weighted by selected GTFS trip frequency
FULLBUS05190,300,0.842,0.9,0.2,1000522,Full e-bus coverage scenario; route assignment weighted by selected GTFS trip frequency
FULLBUS05191,300,0.74,0.9,0.2,1000533,Full e-bus coverage scenario; route assignment weighted by selected GTFS trip frequency
FULLBUS05192,300,0.821,0.9,0.2,1000534,Full e-bus coverage scenario; route assignment weighted by selected GTFS trip frequency
FULLBUS05193,300,0.875,0.9,0.2,1000547,Full e-bus coverage scenario; route assignment weighted by selected GTFS trip frequency
FULLBUS05194,300,0.824,0.9,0.2,1000551,Full e-bus coverage scenario; route assignment weighted by selected GTFS trip frequency
FULLBUS05195,300,0.779,0.9,0.2,1000552,Full e-bus coverage scenario; route assignment weighted by selected GTFS trip frequency
FULLBUS05196,300,0.721,0.9,0.2,1000554,Full e-bus coverage scenario; route assignment weighted by selected GTFS trip frequency
FULLBUS05197,300,0.817,0.9,0.2,1000556,Full e-bus coverage scenario; route assignment weighted by selected GTFS trip frequency
FULLBUS05198,300,0.784,0.9,0.2,1000566,Full e-bus coverage scenario; route assignment weighted by selected GTFS trip frequency
FULLBUS05199,300,0.769,0.9,0.2,1000569,Full e-bus coverage scenario; route assignment weighted by selected GTFS trip frequency
FULLBUS05200,300,0.782,0.9,0.2,1000574,Full e-bus coverage scenario; route assignment weighted by selected GTFS trip frequency
FULLBUS05201,300,0.809,0.9,0.2,1000588,Full e-bus coverage scenario; route assignment weighted by selected GTFS trip frequency
FULLBUS05202,300,0.838,0.9,0.2,1000589,Full e-bus coverage scenario; route assignment weighted by selected GTFS trip frequency
FULLBUS05203,300,0.75,0.9,0.2,1000594,Full e-bus coverage scenario; route assignment weighted by selected GTFS trip frequency
FULLBUS05204,300,0.74,0.9,0.2,1000597,Full e-bus coverage scenario; route assignment weighted by selected GTFS trip frequency
FULLBUS05205,300,0.799,0.9,0.2,1000614,Full e-bus coverage scenario; route assignment weighted by selected GTFS trip frequency
FULLBUS05206,300,0.855,0.9,0.2,1000620,Full e-bus coverage scenario; route assignment weighted by selected GTFS trip frequency
FULLBUS05207,300,0.82,0.9,0.2,1000622,Full e-bus coverage scenario; route assignment weighted by selected GTFS trip frequency
FULLBUS05208,300,0.848,0.9,0.2,1000624,Full e-bus coverage scenario; route assignment weighted by selected GTFS trip frequency
FULLBUS05209,300,0.723,0.9,0.2,1000625,Full e-bus coverage scenario; route assignment weighted by selected GTFS trip frequency
FULLBUS05210,300,0.786,0.9,0.2,1000633,Full e-bus coverage scenario; route assignment weighted by selected GTFS trip frequency
FULLBUS05211,300,0.807,0.9,0.2,1000635,Full e-bus coverage scenario; route assignment weighted by selected GTFS trip frequency
FULLBUS05212,300,0.746,0.9,0.2,1000637,Full e-bus coverage scenario; route assignment weighted by selected GTFS trip frequency
FULLBUS05213,300,0.856,0.9,0.2,1000638,Full e-bus coverage scenario; route assignment weighted by selected GTFS trip frequency
FULLBUS05214,300,0.849,0.9,0.2,1000639,Full e-bus coverage scenario; route assignment weighted by selected GTFS trip frequency
FULLBUS05215,300,0.862,0.9,0.2,1000641,Full e-bus coverage scenario; route assignment weighted by selected GTFS trip frequency
FULLBUS05216,300,0.857,0.9,0.2,1000647,Full e-bus coverage scenario; route assignment weighted by selected GTFS trip frequency
FULLBUS05217,300,0.858,0.9,0.2,1000653,Full e-bus coverage scenario; route assignment weighted by selected GTFS trip frequency
FULLBUS05218,300,0.862,0.9,0.2,1000654,Full e-bus coverage scenario; route assignment weighted by selected GTFS trip frequency
FULLBUS05219,300,0.781,0.9,0.2,1000655,Full e-bus coverage scenario; route assignment weighted by selected GTFS trip frequency
FULLBUS05220,300,0.876,0.9,0.2,1000656,Full e-bus coverage scenario; route assignment weighted by selected GTFS trip frequency
FULLBUS05221,300,0.773,0.9,0.2,1000663,Full e-bus coverage scenario; route assignment weighted by selected GTFS trip frequency
FULLBUS05222,300,0.88,0.9,0.2,1000685,Full e-bus coverage scenario; route assignment weighted by selected GTFS trip frequency
FULLBUS05223,300,0.765,0.9,0.2,1000691,Full e-bus coverage scenario; route assignment weighted by selected GTFS trip frequency
FULLBUS05224,300,0.74,0.9,0.2,1022,Full e-bus coverage scenario; route assignment weighted by selected GTFS trip frequency
FULLBUS05225,300,0.841,0.9,0.2,1084,Full e-bus coverage scenario; route assignment weighted by selected GTFS trip frequency
FULLBUS05226,300,0.777,0.9,0.2,1093,Full e-bus coverage scenario; route assignment weighted by selected GTFS trip frequency
FULLBUS05227,300,0.819,0.9,0.2,1103,Full e-bus coverage scenario; route assignment weighted by selected GTFS trip frequency
FULLBUS05228,300,0.728,0.9,0.2,1111,Full e-bus coverage scenario; route assignment weighted by selected GTFS trip frequency
FULLBUS05229,300,0.796,0.9,0.2,1132,Full e-bus coverage scenario; route assignment weighted by selected GTFS trip frequency
FULLBUS05230,300,0.796,0.9,0.2,1144,Full e-bus coverage scenario; route assignment weighted by selected GTFS trip frequency
FULLBUS05231,300,0.804,0.9,0.2,1166,Full e-bus coverage scenario; route assignment weighted by selected GTFS trip frequency
FULLBUS05232,300,0.84,0.9,0.2,1174,Full e-bus coverage scenario; route assignment weighted by selected GTFS trip frequency
FULLBUS05233,300,0.777,0.9,0.2,1235,Full e-bus coverage scenario; route assignment weighted by selected GTFS trip frequency
FULLBUS05234,300,0.834,0.9,0.2,1244,Full e-bus coverage scenario; route assignment weighted by selected GTFS trip frequency
FULLBUS05235,300,0.799,0.9,0.2,1264,Full e-bus coverage scenario; route assignment weighted by selected GTFS trip frequency
FULLBUS05236,300,0.846,0.9,0.2,1356,Full e-bus coverage scenario; route assignment weighted by selected GTFS trip frequency
FULLBUS05237,300,0.761,0.9,0.2,1390,Full e-bus coverage scenario; route assignment weighted by selected GTFS trip frequency
FULLBUS05238,300,0.876,0.9,0.2,1397,Full e-bus coverage scenario; route assignment weighted by selected GTFS trip frequency
FULLBUS05239,300,0.833,0.9,0.2,1404,Full e-bus coverage scenario; route assignment weighted by selected GTFS trip frequency
FULLBUS05240,300,0.755,0.9,0.2,1433,Full e-bus coverage scenario; route assignment weighted by selected GTFS trip frequency
FULLBUS05241,300,0.831,0.9,0.2,1438,Full e-bus coverage scenario; route assignment weighted by selected GTFS trip frequency
FULLBUS05242,300,0.795,0.9,0.2,1457,Full e-bus coverage scenario; route assignment weighted by selected GTFS trip frequency
FULLBUS05243,300,0.77,0.9,0.2,1508,Full e-bus coverage scenario; route assignment weighted by selected GTFS trip frequency
FULLBUS05244,300,0.829,0.9,0.2,1511,Full e-bus coverage scenario; route assignment weighted by selected GTFS trip frequency
FULLBUS05245,300,0.753,0.9,0.2,1534,Full e-bus coverage scenario; route assignment weighted by selected GTFS trip frequency
FULLBUS05246,300,0.842,0.9,0.2,1545,Full e-bus coverage scenario; route assignment weighted by selected GTFS trip frequency
FULLBUS05247,300,0.761,0.9,0.2,1562,Full e-bus coverage scenario; route assignment weighted by selected GTFS trip frequency
FULLBUS05248,300,0.738,0.9,0.2,1564,Full e-bus coverage scenario; route assignment weighted by selected GTFS trip frequency
FULLBUS05249,300,0.85,0.9,0.2,1573,Full e-bus coverage scenario; route assignment weighted by selected GTFS trip frequency
FULLBUS05250,300,0.75,0.9,0.2,1585,Full e-bus coverage scenario; route assignment weighted by selected GTFS trip frequency
FULLBUS05251,300,0.774,0.9,0.2,1598,Full e-bus coverage scenario; route assignment weighted by selected GTFS trip frequency
FULLBUS05252,300,0.865,0.9,0.2,1606,Full e-bus coverage scenario; route assignment weighted by selected GTFS trip frequency
FULLBUS05253,300,0.794,0.9,0.2,1642,Full e-bus coverage scenario; route assignment weighted by selected GTFS trip frequency
FULLBUS05254,300,0.839,0.9,0.2,1653,Full e-bus coverage scenario; route assignment weighted by selected GTFS trip frequency
FULLBUS05255,300,0.744,0.9,0.2,1681,Full e-bus coverage scenario; route assignment weighted by selected GTFS trip frequency
FULLBUS05256,300,0.856,0.9,0.2,1707,Full e-bus coverage scenario; route assignment weighted by selected GTFS trip frequency
FULLBUS05257,300,0.831,0.9,0.2,1708,Full e-bus coverage scenario; route assignment weighted by selected GTFS trip frequency
FULLBUS05258,300,0.861,0.9,0.2,1716,Full e-bus coverage scenario; route assignment weighted by selected GTFS trip frequency
FULLBUS05259,300,0.87,0.9,0.2,1749,Full e-bus coverage scenario; route assignment weighted by selected GTFS trip frequency
FULLBUS05260,300,0.831,0.9,0.2,1786,Full e-bus coverage scenario; route assignment weighted by selected GTFS trip frequency
FULLBUS05261,300,0.787,0.9,0.2,1787,Full e-bus coverage scenario; route assignment weighted by selected GTFS trip frequency
FULLBUS05262,300,0.726,0.9,0.2,1800,Full e-bus coverage scenario; route assignment weighted by selected GTFS trip frequency
FULLBUS05263,300,0.816,0.9,0.2,1806,Full e-bus coverage scenario; route assignment weighted by selected GTFS trip frequency
FULLBUS05264,300,0.833,0.9,0.2,1808,Full e-bus coverage scenario; route assignment weighted by selected GTFS trip frequency
FULLBUS05265,300,0.834,0.9,0.2,1816,Full e-bus coverage scenario; route assignment weighted by selected GTFS trip frequency
FULLBUS05266,300,0.731,0.9,0.2,1818,Full e-bus coverage scenario; route assignment weighted by selected GTFS trip frequency
FULLBUS05267,300,0.728,0.9,0.2,1880,Full e-bus coverage scenario; route assignment weighted by selected GTFS trip frequency
FULLBUS05268,300,0.754,0.9,0.2,1961,Full e-bus coverage scenario; route assignment weighted by selected GTFS trip frequency
FULLBUS05269,300,0.809,0.9,0.2,1982,Full e-bus coverage scenario; route assignment weighted by selected GTFS trip frequency
FULLBUS05270,300,0.757,0.9,0.2,2000410,Full e-bus coverage scenario; route assignment weighted by selected GTFS trip frequency
FULLBUS05271,300,0.801,0.9,0.2,2000972,Full e-bus coverage scenario; route assignment weighted by selected GTFS trip frequency
FULLBUS05272,300,0.776,0.9,0.2,2000973,Full e-bus coverage scenario; route assignment weighted by selected GTFS trip frequency
FULLBUS05273,300,0.762,0.9,0.2,2000978,Full e-bus coverage scenario; route assignment weighted by selected GTFS trip frequency
FULLBUS05274,300,0.777,0.9,0.2,2000987,Full e-bus coverage scenario; route assignment weighted by selected GTFS trip frequency
FULLBUS05275,300,0.726,0.9,0.2,2000992,Full e-bus coverage scenario; route assignment weighted by selected GTFS trip frequency
FULLBUS05276,300,0.878,0.9,0.2,2001008,Full e-bus coverage scenario; route assignment weighted by selected GTFS trip frequency
FULLBUS05277,300,0.789,0.9,0.2,2001012,Full e-bus coverage scenario; route assignment weighted by selected GTFS trip frequency
FULLBUS05278,300,0.734,0.9,0.2,2001015,Full e-bus coverage scenario; route assignment weighted by selected GTFS trip frequency
FULLBUS05279,300,0.867,0.9,0.2,2001128,Full e-bus coverage scenario; route assignment weighted by selected GTFS trip frequency
FULLBUS05280,300,0.866,0.9,0.2,2001129,Full e-bus coverage scenario; route assignment weighted by selected GTFS trip frequency
FULLBUS05281,300,0.741,0.9,0.2,2001195,Full e-bus coverage scenario; route assignment weighted by selected GTFS trip frequency
FULLBUS05282,300,0.767,0.9,0.2,2001197,Full e-bus coverage scenario; route assignment weighted by selected GTFS trip frequency
FULLBUS05283,300,0.806,0.9,0.2,2001204,Full e-bus coverage scenario; route assignment weighted by selected GTFS trip frequency
FULLBUS05284,300,0.812,0.9,0.2,2001206,Full e-bus coverage scenario; route assignment weighted by selected GTFS trip frequency
FULLBUS05285,300,0.871,0.9,0.2,2001229,Full e-bus coverage scenario; route assignment weighted by selected GTFS trip frequency
FULLBUS05286,300,0.813,0.9,0.2,2001234,Full e-bus coverage scenario; route assignment weighted by selected GTFS trip frequency
FULLBUS05287,300,0.825,0.9,0.2,2001261,Full e-bus coverage scenario; route assignment weighted by selected GTFS trip frequency
FULLBUS05288,300,0.744,0.9,0.2,2001264,Full e-bus coverage scenario; route assignment weighted by selected GTFS trip frequency
FULLBUS05289,300,0.729,0.9,0.2,2001274,Full e-bus coverage scenario; route assignment weighted by selected GTFS trip frequency
FULLBUS05290,300,0.741,0.9,0.2,2001275,Full e-bus coverage scenario; route assignment weighted by selected GTFS trip frequency
FULLBUS05291,300,0.862,0.9,0.2,2001465,Full e-bus coverage scenario; route assignment weighted by selected GTFS trip frequency
FULLBUS05292,300,0.761,0.9,0.2,2001473,Full e-bus coverage scenario; route assignment weighted by selected GTFS trip frequency
FULLBUS05293,300,0.791,0.9,0.2,2001475,Full e-bus coverage scenario; route assignment weighted by selected GTFS trip frequency
FULLBUS05294,300,0.724,0.9,0.2,2001478,Full e-bus coverage scenario; route assignment weighted by selected GTFS trip frequency
FULLBUS05295,300,0.871,0.9,0.2,2001557,Full e-bus coverage scenario; route assignment weighted by selected GTFS trip frequency
FULLBUS05296,300,0.765,0.9,0.2,2001636,Full e-bus coverage scenario; route assignment weighted by selected GTFS trip frequency
FULLBUS05297,300,0.834,0.9,0.2,2001690,Full e-bus coverage scenario; route assignment weighted by selected GTFS trip frequency
FULLBUS05298,300,0.733,0.9,0.2,2001891,Full e-bus coverage scenario; route assignment weighted by selected GTFS trip frequency
FULLBUS05299,300,0.809,0.9,0.2,2002085,Full e-bus coverage scenario; route assignment weighted by selected GTFS trip frequency
FULLBUS05300,300,0.756,0.9,0.2,2002087,Full e-bus coverage scenario; route assignment weighted by selected GTFS trip frequency
FULLBUS05301,300,0.848,0.9,0.2,2002091,Full e-bus coverage scenario; route assignment weighted by selected GTFS trip frequency
FULLBUS05302,300,0.751,0.9,0.2,2002118,Full e-bus coverage scenario; route assignment weighted by selected GTFS trip frequency
FULLBUS05303,300,0.736,0.9,0.2,2002289,Full e-bus coverage scenario; route assignment weighted by selected GTFS trip frequency
FULLBUS05304,300,0.767,0.9,0.2,2002291,Full e-bus coverage scenario; route assignment weighted by selected GTFS trip frequency
FULLBUS05305,300,0.777,0.9,0.2,2002355,Full e-bus coverage scenario; route assignment weighted by selected GTFS trip frequency
FULLBUS05306,300,0.743,0.9,0.2,2002679,Full e-bus coverage scenario; route assignment weighted by selected GTFS trip frequency
FULLBUS05307,300,0.73,0.9,0.2,2002712,Full e-bus coverage scenario; route assignment weighted by selected GTFS trip frequency
FULLBUS05308,300,0.782,0.9,0.2,2002745,Full e-bus coverage scenario; route assignment weighted by selected GTFS trip frequency
FULLBUS05309,300,0.786,0.9,0.2,2002746,Full e-bus coverage scenario; route assignment weighted by selected GTFS trip frequency
FULLBUS05310,300,0.735,0.9,0.2,2002748,Full e-bus coverage scenario; route assignment weighted by selected GTFS trip frequency
FULLBUS05311,300,0.862,0.9,0.2,2002850,Full e-bus coverage scenario; route assignment weighted by selected GTFS trip frequency
FULLBUS05312,300,0.721,0.9,0.2,2003042,Full e-bus coverage scenario; route assignment weighted by selected GTFS trip frequency
FULLBUS05313,300,0.842,0.9,0.2,2003043,Full e-bus coverage scenario; route assignment weighted by selected GTFS trip frequency
FULLBUS05314,300,0.727,0.9,0.2,2003075,Full e-bus coverage scenario; route assignment weighted by selected GTFS trip frequency
FULLBUS05315,300,0.857,0.9,0.2,2003207,Full e-bus coverage scenario; route assignment weighted by selected GTFS trip frequency
FULLBUS05316,300,0.818,0.9,0.2,2003242,Full e-bus coverage scenario; route assignment weighted by selected GTFS trip frequency
FULLBUS05317,300,0.831,0.9,0.2,2003372,Full e-bus coverage scenario; route assignment weighted by selected GTFS trip frequency
FULLBUS05318,300,0.838,0.9,0.2,2003673,Full e-bus coverage scenario; route assignment weighted by selected GTFS trip frequency
FULLBUS05319,300,0.785,0.9,0.2,2003675,Full e-bus coverage scenario; route assignment weighted by selected GTFS trip frequency
FULLBUS05320,300,0.868,0.9,0.2,2003681,Full e-bus coverage scenario; route assignment weighted by selected GTFS trip frequency
FULLBUS05321,300,0.859,0.9,0.2,2003683,Full e-bus coverage scenario; route assignment weighted by selected GTFS trip frequency
FULLBUS05322,300,0.746,0.9,0.2,2004077,Full e-bus coverage scenario; route assignment weighted by selected GTFS trip frequency
FULLBUS05323,300,0.821,0.9,0.2,2004082,Full e-bus coverage scenario; route assignment weighted by selected GTFS trip frequency
FULLBUS05324,300,0.848,0.9,0.2,2004083,Full e-bus coverage scenario; route assignment weighted by selected GTFS trip frequency
FULLBUS05325,300,0.744,0.9,0.2,2004084,Full e-bus coverage scenario; route assignment weighted by selected GTFS trip frequency
FULLBUS05326,300,0.83,0.9,0.2,2004097,Full e-bus coverage scenario; route assignment weighted by selected GTFS trip frequency
FULLBUS05327,300,0.762,0.9,0.2,2004100,Full e-bus coverage scenario; route assignment weighted by selected GTFS trip frequency
FULLBUS05328,300,0.776,0.9,0.2,2004164,Full e-bus coverage scenario; route assignment weighted by selected GTFS trip frequency
FULLBUS05329,300,0.793,0.9,0.2,2004165,Full e-bus coverage scenario; route assignment weighted by selected GTFS trip frequency
FULLBUS05330,300,0.787,0.9,0.2,2004197,Full e-bus coverage scenario; route assignment weighted by selected GTFS trip frequency
FULLBUS05331,300,0.828,0.9,0.2,2004330,Full e-bus coverage scenario; route assignment weighted by selected GTFS trip frequency
FULLBUS05332,300,0.757,0.9,0.2,2004396,Full e-bus coverage scenario; route assignment weighted by selected GTFS trip frequency
FULLBUS05333,300,0.729,0.9,0.2,2004398,Full e-bus coverage scenario; route assignment weighted by selected GTFS trip frequency
FULLBUS05334,300,0.772,0.9,0.2,2004595,Full e-bus coverage scenario; route assignment weighted by selected GTFS trip frequency
FULLBUS05335,300,0.88,0.9,0.2,2004599,Full e-bus coverage scenario; route assignment weighted by selected GTFS trip frequency
FULLBUS05336,300,0.764,0.9,0.2,2004761,Full e-bus coverage scenario; route assignment weighted by selected GTFS trip frequency
FULLBUS05337,300,0.826,0.9,0.2,2004857,Full e-bus coverage scenario; route assignment weighted by selected GTFS trip frequency
FULLBUS05338,300,0.78,0.9,0.2,2004990,Full e-bus coverage scenario; route assignment weighted by selected GTFS trip frequency
FULLBUS05339,300,0.85,0.9,0.2,2005222,Full e-bus coverage scenario; route assignment weighted by selected GTFS trip frequency
FULLBUS05340,300,0.751,0.9,0.2,2005254,Full e-bus coverage scenario; route assignment weighted by selected GTFS trip frequency
FULLBUS05341,300,0.771,0.9,0.2,2005334,Full e-bus coverage scenario; route assignment weighted by selected GTFS trip frequency
FULLBUS05342,300,0.815,0.9,0.2,2005690,Full e-bus coverage scenario; route assignment weighted by selected GTFS trip frequency
FULLBUS05343,300,0.777,0.9,0.2,2005783,Full e-bus coverage scenario; route assignment weighted by selected GTFS trip frequency
FULLBUS05344,300,0.835,0.9,0.2,2005913,Full e-bus coverage scenario; route assignment weighted by selected GTFS trip frequency
FULLBUS05345,300,0.844,0.9,0.2,2005914,Full e-bus coverage scenario; route assignment weighted by selected GTFS trip frequency
FULLBUS05346,300,0.808,0.9,0.2,2005949,Full e-bus coverage scenario; route assignment weighted by selected GTFS trip frequency
FULLBUS05347,300,0.806,0.9,0.2,2006045,Full e-bus coverage scenario; route assignment weighted by selected GTFS trip frequency
FULLBUS05348,300,0.74,0.9,0.2,2006078,Full e-bus coverage scenario; route assignment weighted by selected GTFS trip frequency
FULLBUS05349,300,0.844,0.9,0.2,2006079,Full e-bus coverage scenario; route assignment weighted by selected GTFS trip frequency
FULLBUS05350,300,0.766,0.9,0.2,2006112,Full e-bus coverage scenario; route assignment weighted by selected GTFS trip frequency
FULLBUS05351,300,0.766,0.9,0.2,2006279,Full e-bus coverage scenario; route assignment weighted by selected GTFS trip frequency
FULLBUS05352,300,0.863,0.9,0.2,2006281,Full e-bus coverage scenario; route assignment weighted by selected GTFS trip frequency
FULLBUS05353,300,0.739,0.9,0.2,2006314,Full e-bus coverage scenario; route assignment weighted by selected GTFS trip frequency
FULLBUS05354,300,0.79,0.9,0.2,2006317,Full e-bus coverage scenario; route assignment weighted by selected GTFS trip frequency
FULLBUS05355,300,0.811,0.9,0.2,2006342,Full e-bus coverage scenario; route assignment weighted by selected GTFS trip frequency
FULLBUS05356,300,0.846,0.9,0.2,2006474,Full e-bus coverage scenario; route assignment weighted by selected GTFS trip frequency
FULLBUS05357,300,0.748,0.9,0.2,2006507,Full e-bus coverage scenario; route assignment weighted by selected GTFS trip frequency
FULLBUS05358,300,0.858,0.9,0.2,2006511,Full e-bus coverage scenario; route assignment weighted by selected GTFS trip frequency
FULLBUS05359,300,0.849,0.9,0.2,2006541,Full e-bus coverage scenario; route assignment weighted by selected GTFS trip frequency
FULLBUS05360,300,0.757,0.9,0.2,2006542,Full e-bus coverage scenario; route assignment weighted by selected GTFS trip frequency
FULLBUS05361,300,0.858,0.9,0.2,2006575,Full e-bus coverage scenario; route assignment weighted by selected GTFS trip frequency
FULLBUS05362,300,0.841,0.9,0.2,2006612,Full e-bus coverage scenario; route assignment weighted by selected GTFS trip frequency
FULLBUS05363,300,0.821,0.9,0.2,2006672,Full e-bus coverage scenario; route assignment weighted by selected GTFS trip frequency
FULLBUS05364,300,0.817,0.9,0.2,2006837,Full e-bus coverage scenario; route assignment weighted by selected GTFS trip frequency
FULLBUS05365,300,0.749,0.9,0.2,2007169,Full e-bus coverage scenario; route assignment weighted by selected GTFS trip frequency
FULLBUS05366,300,0.873,0.9,0.2,2007299,Full e-bus coverage scenario; route assignment weighted by selected GTFS trip frequency
FULLBUS05367,300,0.784,0.9,0.2,2007367,Full e-bus coverage scenario; route assignment weighted by selected GTFS trip frequency
FULLBUS05368,300,0.726,0.9,0.2,2007433,Full e-bus coverage scenario; route assignment weighted by selected GTFS trip frequency
FULLBUS05369,300,0.793,0.9,0.2,2007501,Full e-bus coverage scenario; route assignment weighted by selected GTFS trip frequency
FULLBUS05370,300,0.724,0.9,0.2,2007530,Full e-bus coverage scenario; route assignment weighted by selected GTFS trip frequency
FULLBUS05371,300,0.782,0.9,0.2,2007761,Full e-bus coverage scenario; route assignment weighted by selected GTFS trip frequency
FULLBUS05372,300,0.721,0.9,0.2,2007763,Full e-bus coverage scenario; route assignment weighted by selected GTFS trip frequency
FULLBUS05373,300,0.845,0.9,0.2,2007767,Full e-bus coverage scenario; route assignment weighted by selected GTFS trip frequency
FULLBUS05374,300,0.813,0.9,0.2,2007894,Full e-bus coverage scenario; route assignment weighted by selected GTFS trip frequency
FULLBUS05375,300,0.74,0.9,0.2,2007998,Full e-bus coverage scenario; route assignment weighted by selected GTFS trip frequency
FULLBUS05376,300,0.791,0.9,0.2,2008227,Full e-bus coverage scenario; route assignment weighted by selected GTFS trip frequency
FULLBUS05377,300,0.876,0.9,0.2,2008290,Full e-bus coverage scenario; route assignment weighted by selected GTFS trip frequency
FULLBUS05378,300,0.749,0.9,0.2,2008322,Full e-bus coverage scenario; route assignment weighted by selected GTFS trip frequency
FULLBUS05379,300,0.754,0.9,0.2,2008390,Full e-bus coverage scenario; route assignment weighted by selected GTFS trip frequency
FULLBUS05380,300,0.813,0.9,0.2,2008555,Full e-bus coverage scenario; route assignment weighted by selected GTFS trip frequency
FULLBUS05381,300,0.804,0.9,0.2,2008590,Full e-bus coverage scenario; route assignment weighted by selected GTFS trip frequency
FULLBUS05382,300,0.866,0.9,0.2,2008595,Full e-bus coverage scenario; route assignment weighted by selected GTFS trip frequency
FULLBUS05383,300,0.765,0.9,0.2,2008602,Full e-bus coverage scenario; route assignment weighted by selected GTFS trip frequency
FULLBUS05384,300,0.854,0.9,0.2,2008624,Full e-bus coverage scenario; route assignment weighted by selected GTFS trip frequency
FULLBUS05385,300,0.817,0.9,0.2,2008630,Full e-bus coverage scenario; route assignment weighted by selected GTFS trip frequency
FULLBUS05386,300,0.83,0.9,0.2,2008817,Full e-bus coverage scenario; route assignment weighted by selected GTFS trip frequency
FULLBUS05387,300,0.781,0.9,0.2,2009082,Full e-bus coverage scenario; route assignment weighted by selected GTFS trip frequency
FULLBUS05388,300,0.844,0.9,0.2,2009114,Full e-bus coverage scenario; route assignment weighted by selected GTFS trip frequency
FULLBUS05389,300,0.778,0.9,0.2,2010278,Full e-bus coverage scenario; route assignment weighted by selected GTFS trip frequency
FULLBUS05390,300,0.751,0.9,0.2,2010335,Full e-bus coverage scenario; route assignment weighted by selected GTFS trip frequency
FULLBUS05391,300,0.735,0.9,0.2,2011160,Full e-bus coverage scenario; route assignment weighted by selected GTFS trip frequency
FULLBUS05392,300,0.783,0.9,0.2,2011457,Full e-bus coverage scenario; route assignment weighted by selected GTFS trip frequency
FULLBUS05393,300,0.863,0.9,0.2,2011523,Full e-bus coverage scenario; route assignment weighted by selected GTFS trip frequency
FULLBUS05394,300,0.867,0.9,0.2,8043,Full e-bus coverage scenario; route assignment weighted by selected GTFS trip frequency
FULLBUS05395,300,0.858,0.9,0.2,8096,Full e-bus coverage scenario; route assignment weighted by selected GTFS trip frequency
FULLBUS05396,300,0.791,0.9,0.2,8102,Full e-bus coverage scenario; route assignment weighted by selected GTFS trip frequency
FULLBUS05397,300,0.832,0.9,0.2,8159,Full e-bus coverage scenario; route assignment weighted by selected GTFS trip frequency
FULLBUS05398,300,0.776,0.9,0.2,8165,Full e-bus coverage scenario; route assignment weighted by selected GTFS trip frequency
FULLBUS05399,300,0.76,0.9,0.2,8166,Full e-bus coverage scenario; route assignment weighted by selected GTFS trip frequency
FULLBUS05400,300,0.738,0.9,0.2,8173,Full e-bus coverage scenario; route assignment weighted by selected GTFS trip frequency
FULLBUS05401,300,0.791,0.9,0.2,8179,Full e-bus coverage scenario; route assignment weighted by selected GTFS trip frequency
FULLBUS05402,300,0.793,0.9,0.2,8180,Full e-bus coverage scenario; route assignment weighted by selected GTFS trip frequency
FULLBUS05403,300,0.874,0.9,0.2,8183,Full e-bus coverage scenario; route assignment weighted by selected GTFS trip frequency
FULLBUS05404,300,0.745,0.9,0.2,8189,Full e-bus coverage scenario; route assignment weighted by selected GTFS trip frequency
FULLBUS05405,300,0.724,0.9,0.2,8228,Full e-bus coverage scenario; route assignment weighted by selected GTFS trip frequency
FULLBUS05406,300,0.773,0.9,0.2,8236,Full e-bus coverage scenario; route assignment weighted by selected GTFS trip frequency
FULLBUS05407,300,0.75,0.9,0.2,8243,Full e-bus coverage scenario; route assignment weighted by selected GTFS trip frequency
FULLBUS05408,300,0.875,0.9,0.2,8264,Full e-bus coverage scenario; route assignment weighted by selected GTFS trip frequency
FULLBUS05409,300,0.872,0.9,0.2,8269,Full e-bus coverage scenario; route assignment weighted by selected GTFS trip frequency
FULLBUS05410,300,0.781,0.9,0.2,8274,Full e-bus coverage scenario; route assignment weighted by selected GTFS trip frequency
FULLBUS05411,300,0.832,0.9,0.2,8276,Full e-bus coverage scenario; route assignment weighted by selected GTFS trip frequency
FULLBUS05412,300,0.84,0.9,0.2,8292,Full e-bus coverage scenario; route assignment weighted by selected GTFS trip frequency
FULLBUS05413,300,0.787,0.9,0.2,8299,Full e-bus coverage scenario; route assignment weighted by selected GTFS trip frequency
FULLBUS05414,300,0.747,0.9,0.2,8306,Full e-bus coverage scenario; route assignment weighted by selected GTFS trip frequency
FULLBUS05415,300,0.786,0.9,0.2,8317,Full e-bus coverage scenario; route assignment weighted by selected GTFS trip frequency
FULLBUS05416,300,0.812,0.9,0.2,8326,Full e-bus coverage scenario; route assignment weighted by selected GTFS trip frequency
FULLBUS05417,300,0.749,0.9,0.2,8329,Full e-bus coverage scenario; route assignment weighted by selected GTFS trip frequency
FULLBUS05418,300,0.797,0.9,0.2,8332,Full e-bus coverage scenario; route assignment weighted by selected GTFS trip frequency
FULLBUS05419,300,0.818,0.9,0.2,8336,Full e-bus coverage scenario; route assignment weighted by selected GTFS trip frequency
FULLBUS05420,300,0.782,0.9,0.2,8338,Full e-bus coverage scenario; route assignment weighted by selected GTFS trip frequency
FULLBUS05421,300,0.808,0.9,0.2,8339,Full e-bus coverage scenario; route assignment weighted by selected GTFS trip frequency
FULLBUS05422,300,0.741,0.9,0.2,8353,Full e-bus coverage scenario; route assignment weighted by selected GTFS trip frequency
FULLBUS05423,300,0.795,0.9,0.2,8358,Full e-bus coverage scenario; route assignment weighted by selected GTFS trip frequency
FULLBUS05424,300,0.832,0.9,0.2,8359,Full e-bus coverage scenario; route assignment weighted by selected GTFS trip frequency
FULLBUS05425,300,0.793,0.9,0.2,8364,Full e-bus coverage scenario; route assignment weighted by selected GTFS trip frequency
FULLBUS05426,300,0.834,0.9,0.2,8369,Full e-bus coverage scenario; route assignment weighted by selected GTFS trip frequency
FULLBUS05427,300,0.736,0.9,0.2,8373,Full e-bus coverage scenario; route assignment weighted by selected GTFS trip frequency
FULLBUS05428,300,0.788,0.9,0.2,8376,Full e-bus coverage scenario; route assignment weighted by selected GTFS trip frequency
FULLBUS05429,300,0.875,0.9,0.2,8414,Full e-bus coverage scenario; route assignment weighted by selected GTFS trip frequency
FULLBUS05430,300,0.772,0.9,0.2,8428,Full e-bus coverage scenario; route assignment weighted by selected GTFS trip frequency
FULLBUS05431,300,0.78,0.9,0.2,8437,Full e-bus coverage scenario; route assignment weighted by selected GTFS trip frequency
FULLBUS05432,300,0.816,0.9,0.2,8455,Full e-bus coverage scenario; route assignment weighted by selected GTFS trip frequency
FULLBUS05433,300,0.833,0.9,0.2,8477,Full e-bus coverage scenario; route assignment weighted by selected GTFS trip frequency
FULLBUS05434,300,0.848,0.9,0.2,8490,Full e-bus coverage scenario; route assignment weighted by selected GTFS trip frequency
FULLBUS05435,300,0.862,0.9,0.2,8494,Full e-bus coverage scenario; route assignment weighted by selected GTFS trip frequency
FULLBUS05436,300,0.859,0.9,0.2,8496,Full e-bus coverage scenario; route assignment weighted by selected GTFS trip frequency
FULLBUS05437,300,0.845,0.9,0.2,8497,Full e-bus coverage scenario; route assignment weighted by selected GTFS trip frequency
FULLBUS05438,300,0.861,0.9,0.2,8500,Full e-bus coverage scenario; route assignment weighted by selected GTFS trip frequency
FULLBUS05439,300,0.875,0.9,0.2,8503,Full e-bus coverage scenario; route assignment weighted by selected GTFS trip frequency
FULLBUS05440,300,0.793,0.9,0.2,8512,Full e-bus coverage scenario; route assignment weighted by selected GTFS trip frequency
FULLBUS05441,300,0.861,0.9,0.2,8534,Full e-bus coverage scenario; route assignment weighted by selected GTFS trip frequency
FULLBUS05442,300,0.811,0.9,0.2,8537,Full e-bus coverage scenario; route assignment weighted by selected GTFS trip frequency
FULLBUS05443,300,0.726,0.9,0.2,8544,Full e-bus coverage scenario; route assignment weighted by selected GTFS trip frequency
FULLBUS05444,300,0.825,0.9,0.2,8545,Full e-bus coverage scenario; route assignment weighted by selected GTFS trip frequency
FULLBUS05445,300,0.814,0.9,0.2,8548,Full e-bus coverage scenario; route assignment weighted by selected GTFS trip frequency
FULLBUS05446,300,0.824,0.9,0.2,8551,Full e-bus coverage scenario; route assignment weighted by selected GTFS trip frequency
FULLBUS05447,300,0.741,0.9,0.2,8559,Full e-bus coverage scenario; route assignment weighted by selected GTFS trip frequency
FULLBUS05448,300,0.859,0.9,0.2,8573,Full e-bus coverage scenario; route assignment weighted by selected GTFS trip frequency
FULLBUS05449,300,0.739,0.9,0.2,8574,Full e-bus coverage scenario; route assignment weighted by selected GTFS trip frequency
FULLBUS05450,300,0.772,0.9,0.2,8578,Full e-bus coverage scenario; route assignment weighted by selected GTFS trip frequency
FULLBUS05451,300,0.827,0.9,0.2,8579,Full e-bus coverage scenario; route assignment weighted by selected GTFS trip frequency
FULLBUS05452,300,0.844,0.9,0.2,8585,Full e-bus coverage scenario; route assignment weighted by selected GTFS trip frequency
FULLBUS05453,300,0.785,0.9,0.2,8594,Full e-bus coverage scenario; route assignment weighted by selected GTFS trip frequency
FULLBUS05454,300,0.721,0.9,0.2,8600,Full e-bus coverage scenario; route assignment weighted by selected GTFS trip frequency
FULLBUS05455,300,0.859,0.9,0.2,8603,Full e-bus coverage scenario; route assignment weighted by selected GTFS trip frequency
FULLBUS05456,300,0.825,0.9,0.2,8611,Full e-bus coverage scenario; route assignment weighted by selected GTFS trip frequency
FULLBUS05457,300,0.769,0.9,0.2,8618,Full e-bus coverage scenario; route assignment weighted by selected GTFS trip frequency
FULLBUS05458,300,0.747,0.9,0.2,8619,Full e-bus coverage scenario; route assignment weighted by selected GTFS trip frequency
FULLBUS05459,300,0.781,0.9,0.2,8627,Full e-bus coverage scenario; route assignment weighted by selected GTFS trip frequency
FULLBUS05460,300,0.863,0.9,0.2,8628,Full e-bus coverage scenario; route assignment weighted by selected GTFS trip frequency
FULLBUS05461,300,0.81,0.9,0.2,8631,Full e-bus coverage scenario; route assignment weighted by selected GTFS trip frequency
FULLBUS05462,300,0.731,0.9,0.2,8678,Full e-bus coverage scenario; route assignment weighted by selected GTFS trip frequency
FULLBUS05463,300,0.858,0.9,0.2,8679,Full e-bus coverage scenario; route assignment weighted by selected GTFS trip frequency
FULLBUS05464,300,0.767,0.9,0.2,8683,Full e-bus coverage scenario; route assignment weighted by selected GTFS trip frequency
FULLBUS05465,300,0.743,0.9,0.2,8684,Full e-bus coverage scenario; route assignment weighted by selected GTFS trip frequency
FULLBUS05466,300,0.878,0.9,0.2,8685,Full e-bus coverage scenario; route assignment weighted by selected GTFS trip frequency
FULLBUS05467,300,0.74,0.9,0.2,8694,Full e-bus coverage scenario; route assignment weighted by selected GTFS trip frequency
FULLBUS05468,300,0.776,0.9,0.2,8695,Full e-bus coverage scenario; route assignment weighted by selected GTFS trip frequency
FULLBUS05469,300,0.817,0.9,0.2,8699,Full e-bus coverage scenario; route assignment weighted by selected GTFS trip frequency
FULLBUS05470,300,0.819,0.9,0.2,8708,Full e-bus coverage scenario; route assignment weighted by selected GTFS trip frequency
FULLBUS05471,300,0.735,0.9,0.2,8710,Full e-bus coverage scenario; route assignment weighted by selected GTFS trip frequency
FULLBUS05472,300,0.781,0.9,0.2,8718,Full e-bus coverage scenario; route assignment weighted by selected GTFS trip frequency
FULLBUS05473,300,0.748,0.9,0.2,8720,Full e-bus coverage scenario; route assignment weighted by selected GTFS trip frequency
FULLBUS05474,300,0.851,0.9,0.2,8724,Full e-bus coverage scenario; route assignment weighted by selected GTFS trip frequency
FULLBUS05475,300,0.753,0.9,0.2,8736,Full e-bus coverage scenario; route assignment weighted by selected GTFS trip frequency
FULLBUS05476,300,0.819,0.9,0.2,8750,Full e-bus coverage scenario; route assignment weighted by selected GTFS trip frequency
FULLBUS05477,300,0.741,0.9,0.2,8752,Full e-bus coverage scenario; route assignment weighted by selected GTFS trip frequency
FULLBUS05478,300,0.788,0.9,0.2,8759,Full e-bus coverage scenario; route assignment weighted by selected GTFS trip frequency
FULLBUS05479,300,0.735,0.9,0.2,8771,Full e-bus coverage scenario; route assignment weighted by selected GTFS trip frequency
FULLBUS05480,300,0.88,0.9,0.2,8772,Full e-bus coverage scenario; route assignment weighted by selected GTFS trip frequency
FULLBUS05481,300,0.724,0.9,0.2,8774,Full e-bus coverage scenario; route assignment weighted by selected GTFS trip frequency
FULLBUS05482,300,0.727,0.9,0.2,8779,Full e-bus coverage scenario; route assignment weighted by selected GTFS trip frequency
FULLBUS05483,300,0.777,0.9,0.2,8781,Full e-bus coverage scenario; route assignment weighted by selected GTFS trip frequency
FULLBUS05484,300,0.742,0.9,0.2,8786,Full e-bus coverage scenario; route assignment weighted by selected GTFS trip frequency
FULLBUS05485,300,0.851,0.9,0.2,8788,Full e-bus coverage scenario; route assignment weighted by selected GTFS trip frequency
FULLBUS05486,300,0.722,0.9,0.2,8789,Full e-bus coverage scenario; route assignment weighted by selected GTFS trip frequency
FULLBUS05487,300,0.872,0.9,0.2,8790,Full e-bus coverage scenario; route assignment weighted by selected GTFS trip frequency
FULLBUS05488,300,0.872,0.9,0.2,8795,Full e-bus coverage scenario; route assignment weighted by selected GTFS trip frequency
FULLBUS05489,300,0.791,0.9,0.2,8799,Full e-bus coverage scenario; route assignment weighted by selected GTFS trip frequency
FULLBUS05490,300,0.798,0.9,0.2,8804,Full e-bus coverage scenario; route assignment weighted by selected GTFS trip frequency
FULLBUS05491,300,0.75,0.9,0.2,1000002,Full e-bus coverage scenario; route assignment weighted by selected GTFS trip frequency
FULLBUS05492,300,0.794,0.9,0.2,1000006,Full e-bus coverage scenario; route assignment weighted by selected GTFS trip frequency
FULLBUS05493,300,0.766,0.9,0.2,1000008,Full e-bus coverage scenario; route assignment weighted by selected GTFS trip frequency
FULLBUS05494,300,0.735,0.9,0.2,1000033,Full e-bus coverage scenario; route assignment weighted by selected GTFS trip frequency
FULLBUS05495,300,0.752,0.9,0.2,1000048,Full e-bus coverage scenario; route assignment weighted by selected GTFS trip frequency
FULLBUS05496,300,0.777,0.9,0.2,1000049,Full e-bus coverage scenario; route assignment weighted by selected GTFS trip frequency
FULLBUS05497,300,0.746,0.9,0.2,1000055,Full e-bus coverage scenario; route assignment weighted by selected GTFS trip frequency
FULLBUS05498,300,0.823,0.9,0.2,1000064,Full e-bus coverage scenario; route assignment weighted by selected GTFS trip frequency
FULLBUS05499,300,0.857,0.9,0.2,1000067,Full e-bus coverage scenario; route assignment weighted by selected GTFS trip frequency
FULLBUS05500,300,0.802,0.9,0.2,1000069,Full e-bus coverage scenario; route assignment weighted by selected GTFS trip frequency
FULLBUS05501,300,0.868,0.9,0.2,1000071,Full e-bus coverage scenario; route assignment weighted by selected GTFS trip frequency
FULLBUS05502,300,0.767,0.9,0.2,1000073,Full e-bus coverage scenario; route assignment weighted by selected GTFS trip frequency
FULLBUS05503,300,0.863,0.9,0.2,1000075,Full e-bus coverage scenario; route assignment weighted by selected GTFS trip frequency
FULLBUS05504,300,0.743,0.9,0.2,1000090,Full e-bus coverage scenario; route assignment weighted by selected GTFS trip frequency
FULLBUS05505,300,0.799,0.9,0.2,1000095,Full e-bus coverage scenario; route assignment weighted by selected GTFS trip frequency
FULLBUS05506,300,0.798,0.9,0.2,1000099,Full e-bus coverage scenario; route assignment weighted by selected GTFS trip frequency
FULLBUS05507,300,0.755,0.9,0.2,1000117,Full e-bus coverage scenario; route assignment weighted by selected GTFS trip frequency
FULLBUS05508,300,0.734,0.9,0.2,1000149,Full e-bus coverage scenario; route assignment weighted by selected GTFS trip frequency
FULLBUS05509,300,0.721,0.9,0.2,1000152,Full e-bus coverage scenario; route assignment weighted by selected GTFS trip frequency
FULLBUS05510,300,0.796,0.9,0.2,1000195,Full e-bus coverage scenario; route assignment weighted by selected GTFS trip frequency
FULLBUS05511,300,0.867,0.9,0.2,1000201,Full e-bus coverage scenario; route assignment weighted by selected GTFS trip frequency
FULLBUS05512,300,0.758,0.9,0.2,1000204,Full e-bus coverage scenario; route assignment weighted by selected GTFS trip frequency
FULLBUS05513,300,0.857,0.9,0.2,1000207,Full e-bus coverage scenario; route assignment weighted by selected GTFS trip frequency
FULLBUS05514,300,0.747,0.9,0.2,1000208,Full e-bus coverage scenario; route assignment weighted by selected GTFS trip frequency
FULLBUS05515,300,0.734,0.9,0.2,1000211,Full e-bus coverage scenario; route assignment weighted by selected GTFS trip frequency
FULLBUS05516,300,0.807,0.9,0.2,1000212,Full e-bus coverage scenario; route assignment weighted by selected GTFS trip frequency
FULLBUS05517,300,0.77,0.9,0.2,1000213,Full e-bus coverage scenario; route assignment weighted by selected GTFS trip frequency
FULLBUS05518,300,0.742,0.9,0.2,1000217,Full e-bus coverage scenario; route assignment weighted by selected GTFS trip frequency
FULLBUS05519,300,0.865,0.9,0.2,1000218,Full e-bus coverage scenario; route assignment weighted by selected GTFS trip frequency
FULLBUS05520,300,0.784,0.9,0.2,1000225,Full e-bus coverage scenario; route assignment weighted by selected GTFS trip frequency
FULLBUS05521,300,0.826,0.9,0.2,1000228,Full e-bus coverage scenario; route assignment weighted by selected GTFS trip frequency
FULLBUS05522,300,0.791,0.9,0.2,1000249,Full e-bus coverage scenario; route assignment weighted by selected GTFS trip frequency
FULLBUS05523,300,0.778,0.9,0.2,1000259,Full e-bus coverage scenario; route assignment weighted by selected GTFS trip frequency
FULLBUS05524,300,0.855,0.9,0.2,1000264,Full e-bus coverage scenario; route assignment weighted by selected GTFS trip frequency
FULLBUS05525,300,0.816,0.9,0.2,1000267,Full e-bus coverage scenario; route assignment weighted by selected GTFS trip frequency
FULLBUS05526,300,0.754,0.9,0.2,1000272,Full e-bus coverage scenario; route assignment weighted by selected GTFS trip frequency
FULLBUS05527,300,0.804,0.9,0.2,1000277,Full e-bus coverage scenario; route assignment weighted by selected GTFS trip frequency
FULLBUS05528,300,0.827,0.9,0.2,1000278,Full e-bus coverage scenario; route assignment weighted by selected GTFS trip frequency
FULLBUS05529,300,0.846,0.9,0.2,1000291,Full e-bus coverage scenario; route assignment weighted by selected GTFS trip frequency
FULLBUS05530,300,0.822,0.9,0.2,1000329,Full e-bus coverage scenario; route assignment weighted by selected GTFS trip frequency
FULLBUS05531,300,0.838,0.9,0.2,1000332,Full e-bus coverage scenario; route assignment weighted by selected GTFS trip frequency
FULLBUS05532,300,0.734,0.9,0.2,1000333,Full e-bus coverage scenario; route assignment weighted by selected GTFS trip frequency
FULLBUS05533,300,0.732,0.9,0.2,1000337,Full e-bus coverage scenario; route assignment weighted by selected GTFS trip frequency
FULLBUS05534,300,0.803,0.9,0.2,1000346,Full e-bus coverage scenario; route assignment weighted by selected GTFS trip frequency
FULLBUS05535,300,0.836,0.9,0.2,1000352,Full e-bus coverage scenario; route assignment weighted by selected GTFS trip frequency
FULLBUS05536,300,0.843,0.9,0.2,1000357,Full e-bus coverage scenario; route assignment weighted by selected GTFS trip frequency
FULLBUS05537,300,0.767,0.9,0.2,1000369,Full e-bus coverage scenario; route assignment weighted by selected GTFS trip frequency
FULLBUS05538,300,0.777,0.9,0.2,1000370,Full e-bus coverage scenario; route assignment weighted by selected GTFS trip frequency
FULLBUS05539,300,0.757,0.9,0.2,1000371,Full e-bus coverage scenario; route assignment weighted by selected GTFS trip frequency
FULLBUS05540,300,0.74,0.9,0.2,1000378,Full e-bus coverage scenario; route assignment weighted by selected GTFS trip frequency
FULLBUS05541,300,0.806,0.9,0.2,1000381,Full e-bus coverage scenario; route assignment weighted by selected GTFS trip frequency
FULLBUS05542,300,0.791,0.9,0.2,1000385,Full e-bus coverage scenario; route assignment weighted by selected GTFS trip frequency
FULLBUS05543,300,0.726,0.9,0.2,1000394,Full e-bus coverage scenario; route assignment weighted by selected GTFS trip frequency
FULLBUS05544,300,0.827,0.9,0.2,1000410,Full e-bus coverage scenario; route assignment weighted by selected GTFS trip frequency
FULLBUS05545,300,0.769,0.9,0.2,1000418,Full e-bus coverage scenario; route assignment weighted by selected GTFS trip frequency
FULLBUS05546,300,0.78,0.9,0.2,1000420,Full e-bus coverage scenario; route assignment weighted by selected GTFS trip frequency
FULLBUS05547,300,0.862,0.9,0.2,1000437,Full e-bus coverage scenario; route assignment weighted by selected GTFS trip frequency
FULLBUS05548,300,0.73,0.9,0.2,1000445,Full e-bus coverage scenario; route assignment weighted by selected GTFS trip frequency
FULLBUS05549,300,0.754,0.9,0.2,1000452,Full e-bus coverage scenario; route assignment weighted by selected GTFS trip frequency
FULLBUS05550,300,0.83,0.9,0.2,1000457,Full e-bus coverage scenario; route assignment weighted by selected GTFS trip frequency
FULLBUS05551,300,0.849,0.9,0.2,1000463,Full e-bus coverage scenario; route assignment weighted by selected GTFS trip frequency
FULLBUS05552,300,0.75,0.9,0.2,1000484,Full e-bus coverage scenario; route assignment weighted by selected GTFS trip frequency
FULLBUS05553,300,0.825,0.9,0.2,1000485,Full e-bus coverage scenario; route assignment weighted by selected GTFS trip frequency
FULLBUS05554,300,0.758,0.9,0.2,1000490,Full e-bus coverage scenario; route assignment weighted by selected GTFS trip frequency
FULLBUS05555,300,0.875,0.9,0.2,1000495,Full e-bus coverage scenario; route assignment weighted by selected GTFS trip frequency
FULLBUS05556,300,0.784,0.9,0.2,1000497,Full e-bus coverage scenario; route assignment weighted by selected GTFS trip frequency
FULLBUS05557,300,0.797,0.9,0.2,1000513,Full e-bus coverage scenario; route assignment weighted by selected GTFS trip frequency
FULLBUS05558,300,0.879,0.9,0.2,1000523,Full e-bus coverage scenario; route assignment weighted by selected GTFS trip frequency
FULLBUS05559,300,0.802,0.9,0.2,1000525,Full e-bus coverage scenario; route assignment weighted by selected GTFS trip frequency
FULLBUS05560,300,0.814,0.9,0.2,1000527,Full e-bus coverage scenario; route assignment weighted by selected GTFS trip frequency
FULLBUS05561,300,0.767,0.9,0.2,1000539,Full e-bus coverage scenario; route assignment weighted by selected GTFS trip frequency
FULLBUS05562,300,0.853,0.9,0.2,1000542,Full e-bus coverage scenario; route assignment weighted by selected GTFS trip frequency
FULLBUS05563,300,0.761,0.9,0.2,1000543,Full e-bus coverage scenario; route assignment weighted by selected GTFS trip frequency
FULLBUS05564,300,0.788,0.9,0.2,1000546,Full e-bus coverage scenario; route assignment weighted by selected GTFS trip frequency
FULLBUS05565,300,0.873,0.9,0.2,1000555,Full e-bus coverage scenario; route assignment weighted by selected GTFS trip frequency
FULLBUS05566,300,0.856,0.9,0.2,1000559,Full e-bus coverage scenario; route assignment weighted by selected GTFS trip frequency
FULLBUS05567,300,0.873,0.9,0.2,1000568,Full e-bus coverage scenario; route assignment weighted by selected GTFS trip frequency
FULLBUS05568,300,0.754,0.9,0.2,1000572,Full e-bus coverage scenario; route assignment weighted by selected GTFS trip frequency
FULLBUS05569,300,0.746,0.9,0.2,1000587,Full e-bus coverage scenario; route assignment weighted by selected GTFS trip frequency
FULLBUS05570,300,0.785,0.9,0.2,1000590,Full e-bus coverage scenario; route assignment weighted by selected GTFS trip frequency
FULLBUS05571,300,0.803,0.9,0.2,1000591,Full e-bus coverage scenario; route assignment weighted by selected GTFS trip frequency
FULLBUS05572,300,0.789,0.9,0.2,1000592,Full e-bus coverage scenario; route assignment weighted by selected GTFS trip frequency
FULLBUS05573,300,0.821,0.9,0.2,1000595,Full e-bus coverage scenario; route assignment weighted by selected GTFS trip frequency
FULLBUS05574,300,0.869,0.9,0.2,1000596,Full e-bus coverage scenario; route assignment weighted by selected GTFS trip frequency
FULLBUS05575,300,0.732,0.9,0.2,1000598,Full e-bus coverage scenario; route assignment weighted by selected GTFS trip frequency
FULLBUS05576,300,0.791,0.9,0.2,1000606,Full e-bus coverage scenario; route assignment weighted by selected GTFS trip frequency
FULLBUS05577,300,0.827,0.9,0.2,1000608,Full e-bus coverage scenario; route assignment weighted by selected GTFS trip frequency
FULLBUS05578,300,0.741,0.9,0.2,1000609,Full e-bus coverage scenario; route assignment weighted by selected GTFS trip frequency
FULLBUS05579,300,0.79,0.9,0.2,1000615,Full e-bus coverage scenario; route assignment weighted by selected GTFS trip frequency
FULLBUS05580,300,0.857,0.9,0.2,1000619,Full e-bus coverage scenario; route assignment weighted by selected GTFS trip frequency
FULLBUS05581,300,0.876,0.9,0.2,1000623,Full e-bus coverage scenario; route assignment weighted by selected GTFS trip frequency
FULLBUS05582,300,0.83,0.9,0.2,1000626,Full e-bus coverage scenario; route assignment weighted by selected GTFS trip frequency
FULLBUS05583,300,0.772,0.9,0.2,1000636,Full e-bus coverage scenario; route assignment weighted by selected GTFS trip frequency
FULLBUS05584,300,0.823,0.9,0.2,1000642,Full e-bus coverage scenario; route assignment weighted by selected GTFS trip frequency
FULLBUS05585,300,0.819,0.9,0.2,1000650,Full e-bus coverage scenario; route assignment weighted by selected GTFS trip frequency
FULLBUS05586,300,0.878,0.9,0.2,1000651,Full e-bus coverage scenario; route assignment weighted by selected GTFS trip frequency
FULLBUS05587,300,0.769,0.9,0.2,1000659,Full e-bus coverage scenario; route assignment weighted by selected GTFS trip frequency
FULLBUS05588,300,0.737,0.9,0.2,1000660,Full e-bus coverage scenario; route assignment weighted by selected GTFS trip frequency
FULLBUS05589,300,0.783,0.9,0.2,1000662,Full e-bus coverage scenario; route assignment weighted by selected GTFS trip frequency
FULLBUS05590,300,0.736,0.9,0.2,1000664,Full e-bus coverage scenario; route assignment weighted by selected GTFS trip frequency
FULLBUS05591,300,0.772,0.9,0.2,1000666,Full e-bus coverage scenario; route assignment weighted by selected GTFS trip frequency
FULLBUS05592,300,0.803,0.9,0.2,1000671,Full e-bus coverage scenario; route assignment weighted by selected GTFS trip frequency
FULLBUS05593,300,0.866,0.9,0.2,1000672,Full e-bus coverage scenario; route assignment weighted by selected GTFS trip frequency
FULLBUS05594,300,0.865,0.9,0.2,1000674,Full e-bus coverage scenario; route assignment weighted by selected GTFS trip frequency
FULLBUS05595,300,0.824,0.9,0.2,1000682,Full e-bus coverage scenario; route assignment weighted by selected GTFS trip frequency
FULLBUS05596,300,0.879,0.9,0.2,1000689,Full e-bus coverage scenario; route assignment weighted by selected GTFS trip frequency
FULLBUS05597,300,0.753,0.9,0.2,1000692,Full e-bus coverage scenario; route assignment weighted by selected GTFS trip frequency
FULLBUS05598,300,0.852,0.9,0.2,1036,Full e-bus coverage scenario; route assignment weighted by selected GTFS trip frequency
FULLBUS05599,300,0.877,0.9,0.2,1071,Full e-bus coverage scenario; route assignment weighted by selected GTFS trip frequency
FULLBUS05600,300,0.848,0.9,0.2,1095,Full e-bus coverage scenario; route assignment weighted by selected GTFS trip frequency
FULLBUS05601,300,0.876,0.9,0.2,1130,Full e-bus coverage scenario; route assignment weighted by selected GTFS trip frequency
FULLBUS05602,300,0.784,0.9,0.2,1156,Full e-bus coverage scenario; route assignment weighted by selected GTFS trip frequency
FULLBUS05603,300,0.742,0.9,0.2,1352,Full e-bus coverage scenario; route assignment weighted by selected GTFS trip frequency
FULLBUS05604,300,0.833,0.9,0.2,1411,Full e-bus coverage scenario; route assignment weighted by selected GTFS trip frequency
FULLBUS05605,300,0.875,0.9,0.2,1436,Full e-bus coverage scenario; route assignment weighted by selected GTFS trip frequency
FULLBUS05606,300,0.784,0.9,0.2,1475,Full e-bus coverage scenario; route assignment weighted by selected GTFS trip frequency
FULLBUS05607,300,0.735,0.9,0.2,1493,Full e-bus coverage scenario; route assignment weighted by selected GTFS trip frequency
FULLBUS05608,300,0.789,0.9,0.2,1506,Full e-bus coverage scenario; route assignment weighted by selected GTFS trip frequency
FULLBUS05609,300,0.808,0.9,0.2,1563,Full e-bus coverage scenario; route assignment weighted by selected GTFS trip frequency
FULLBUS05610,300,0.839,0.9,0.2,1586,Full e-bus coverage scenario; route assignment weighted by selected GTFS trip frequency
FULLBUS05611,300,0.746,0.9,0.2,1587,Full e-bus coverage scenario; route assignment weighted by selected GTFS trip frequency
FULLBUS05612,300,0.862,0.9,0.2,1591,Full e-bus coverage scenario; route assignment weighted by selected GTFS trip frequency
FULLBUS05613,300,0.784,0.9,0.2,1601,Full e-bus coverage scenario; route assignment weighted by selected GTFS trip frequency
FULLBUS05614,300,0.791,0.9,0.2,1608,Full e-bus coverage scenario; route assignment weighted by selected GTFS trip frequency
FULLBUS05615,300,0.735,0.9,0.2,1647,Full e-bus coverage scenario; route assignment weighted by selected GTFS trip frequency
FULLBUS05616,300,0.773,0.9,0.2,1677,Full e-bus coverage scenario; route assignment weighted by selected GTFS trip frequency
FULLBUS05617,300,0.765,0.9,0.2,1736,Full e-bus coverage scenario; route assignment weighted by selected GTFS trip frequency
FULLBUS05618,300,0.733,0.9,0.2,1768,Full e-bus coverage scenario; route assignment weighted by selected GTFS trip frequency
FULLBUS05619,300,0.869,0.9,0.2,1781,Full e-bus coverage scenario; route assignment weighted by selected GTFS trip frequency
FULLBUS05620,300,0.775,0.9,0.2,1788,Full e-bus coverage scenario; route assignment weighted by selected GTFS trip frequency
FULLBUS05621,300,0.827,0.9,0.2,1789,Full e-bus coverage scenario; route assignment weighted by selected GTFS trip frequency
FULLBUS05622,300,0.745,0.9,0.2,1861,Full e-bus coverage scenario; route assignment weighted by selected GTFS trip frequency
FULLBUS05623,300,0.867,0.9,0.2,1952,Full e-bus coverage scenario; route assignment weighted by selected GTFS trip frequency
FULLBUS05624,300,0.756,0.9,0.2,2000976,Full e-bus coverage scenario; route assignment weighted by selected GTFS trip frequency
FULLBUS05625,300,0.79,0.9,0.2,2000977,Full e-bus coverage scenario; route assignment weighted by selected GTFS trip frequency
FULLBUS05626,300,0.743,0.9,0.2,2000981,Full e-bus coverage scenario; route assignment weighted by selected GTFS trip frequency
FULLBUS05627,300,0.823,0.9,0.2,2000982,Full e-bus coverage scenario; route assignment weighted by selected GTFS trip frequency
FULLBUS05628,300,0.812,0.9,0.2,2000983,Full e-bus coverage scenario; route assignment weighted by selected GTFS trip frequency
FULLBUS05629,300,0.842,0.9,0.2,2000986,Full e-bus coverage scenario; route assignment weighted by selected GTFS trip frequency
FULLBUS05630,300,0.879,0.9,0.2,2001004,Full e-bus coverage scenario; route assignment weighted by selected GTFS trip frequency
FULLBUS05631,300,0.724,0.9,0.2,2001019,Full e-bus coverage scenario; route assignment weighted by selected GTFS trip frequency
FULLBUS05632,300,0.798,0.9,0.2,2001029,Full e-bus coverage scenario; route assignment weighted by selected GTFS trip frequency
FULLBUS05633,300,0.85,0.9,0.2,2001131,Full e-bus coverage scenario; route assignment weighted by selected GTFS trip frequency
FULLBUS05634,300,0.763,0.9,0.2,2001200,Full e-bus coverage scenario; route assignment weighted by selected GTFS trip frequency
FULLBUS05635,300,0.867,0.9,0.2,2001208,Full e-bus coverage scenario; route assignment weighted by selected GTFS trip frequency
FULLBUS05636,300,0.762,0.9,0.2,2001209,Full e-bus coverage scenario; route assignment weighted by selected GTFS trip frequency
FULLBUS05637,300,0.849,0.9,0.2,2001228,Full e-bus coverage scenario; route assignment weighted by selected GTFS trip frequency
FULLBUS05638,300,0.75,0.9,0.2,2001263,Full e-bus coverage scenario; route assignment weighted by selected GTFS trip frequency
FULLBUS05639,300,0.802,0.9,0.2,2001266,Full e-bus coverage scenario; route assignment weighted by selected GTFS trip frequency
FULLBUS05640,300,0.734,0.9,0.2,2001268,Full e-bus coverage scenario; route assignment weighted by selected GTFS trip frequency
FULLBUS05641,300,0.792,0.9,0.2,2001269,Full e-bus coverage scenario; route assignment weighted by selected GTFS trip frequency
FULLBUS05642,300,0.726,0.9,0.2,2001271,Full e-bus coverage scenario; route assignment weighted by selected GTFS trip frequency
FULLBUS05643,300,0.831,0.9,0.2,2001273,Full e-bus coverage scenario; route assignment weighted by selected GTFS trip frequency
FULLBUS05644,300,0.733,0.9,0.2,2001277,Full e-bus coverage scenario; route assignment weighted by selected GTFS trip frequency
FULLBUS05645,300,0.801,0.9,0.2,2001327,Full e-bus coverage scenario; route assignment weighted by selected GTFS trip frequency
FULLBUS05646,300,0.816,0.9,0.2,2001359,Full e-bus coverage scenario; route assignment weighted by selected GTFS trip frequency
FULLBUS05647,300,0.798,0.9,0.2,2001458,Full e-bus coverage scenario; route assignment weighted by selected GTFS trip frequency
FULLBUS05648,300,0.796,0.9,0.2,2001459,Full e-bus coverage scenario; route assignment weighted by selected GTFS trip frequency
FULLBUS05649,300,0.758,0.9,0.2,2001460,Full e-bus coverage scenario; route assignment weighted by selected GTFS trip frequency
FULLBUS05650,300,0.771,0.9,0.2,2001474,Full e-bus coverage scenario; route assignment weighted by selected GTFS trip frequency
FULLBUS05651,300,0.826,0.9,0.2,2001656,Full e-bus coverage scenario; route assignment weighted by selected GTFS trip frequency
FULLBUS05652,300,0.87,0.9,0.2,2001755,Full e-bus coverage scenario; route assignment weighted by selected GTFS trip frequency
FULLBUS05653,300,0.847,0.9,0.2,2001889,Full e-bus coverage scenario; route assignment weighted by selected GTFS trip frequency
FULLBUS05654,300,0.836,0.9,0.2,2001955,Full e-bus coverage scenario; route assignment weighted by selected GTFS trip frequency
FULLBUS05655,300,0.815,0.9,0.2,2001986,Full e-bus coverage scenario; route assignment weighted by selected GTFS trip frequency
FULLBUS05656,300,0.751,0.9,0.2,2001987,Full e-bus coverage scenario; route assignment weighted by selected GTFS trip frequency
FULLBUS05657,300,0.818,0.9,0.2,2002019,Full e-bus coverage scenario; route assignment weighted by selected GTFS trip frequency
FULLBUS05658,300,0.781,0.9,0.2,2002020,Full e-bus coverage scenario; route assignment weighted by selected GTFS trip frequency
FULLBUS05659,300,0.855,0.9,0.2,2002151,Full e-bus coverage scenario; route assignment weighted by selected GTFS trip frequency
FULLBUS05660,300,0.776,0.9,0.2,2002217,Full e-bus coverage scenario; route assignment weighted by selected GTFS trip frequency
FULLBUS05661,300,0.776,0.9,0.2,2002319,Full e-bus coverage scenario; route assignment weighted by selected GTFS trip frequency
FULLBUS05662,300,0.794,0.9,0.2,2002335,Full e-bus coverage scenario; route assignment weighted by selected GTFS trip frequency
FULLBUS05663,300,0.779,0.9,0.2,2002344,Full e-bus coverage scenario; route assignment weighted by selected GTFS trip frequency
FULLBUS05664,300,0.805,0.9,0.2,2002349,Full e-bus coverage scenario; route assignment weighted by selected GTFS trip frequency
FULLBUS05665,300,0.867,0.9,0.2,2002357,Full e-bus coverage scenario; route assignment weighted by selected GTFS trip frequency
FULLBUS05666,300,0.76,0.9,0.2,2002358,Full e-bus coverage scenario; route assignment weighted by selected GTFS trip frequency
FULLBUS05667,300,0.774,0.9,0.2,2002359,Full e-bus coverage scenario; route assignment weighted by selected GTFS trip frequency
FULLBUS05668,300,0.779,0.9,0.2,2002415,Full e-bus coverage scenario; route assignment weighted by selected GTFS trip frequency
FULLBUS05669,300,0.857,0.9,0.2,2002548,Full e-bus coverage scenario; route assignment weighted by selected GTFS trip frequency
FULLBUS05670,300,0.762,0.9,0.2,2002646,Full e-bus coverage scenario; route assignment weighted by selected GTFS trip frequency
FULLBUS05671,300,0.776,0.9,0.2,2002714,Full e-bus coverage scenario; route assignment weighted by selected GTFS trip frequency
FULLBUS05672,300,0.82,0.9,0.2,2002814,Full e-bus coverage scenario; route assignment weighted by selected GTFS trip frequency
FULLBUS05673,300,0.859,0.9,0.2,2002844,Full e-bus coverage scenario; route assignment weighted by selected GTFS trip frequency
FULLBUS05674,300,0.831,0.9,0.2,2002845,Full e-bus coverage scenario; route assignment weighted by selected GTFS trip frequency
FULLBUS05675,300,0.785,0.9,0.2,2002846,Full e-bus coverage scenario; route assignment weighted by selected GTFS trip frequency
FULLBUS05676,300,0.791,0.9,0.2,2003010,Full e-bus coverage scenario; route assignment weighted by selected GTFS trip frequency
FULLBUS05677,300,0.767,0.9,0.2,2003108,Full e-bus coverage scenario; route assignment weighted by selected GTFS trip frequency
FULLBUS05678,300,0.857,0.9,0.2,2003177,Full e-bus coverage scenario; route assignment weighted by selected GTFS trip frequency
FULLBUS05679,300,0.877,0.9,0.2,2003243,Full e-bus coverage scenario; route assignment weighted by selected GTFS trip frequency
FULLBUS05680,300,0.859,0.9,0.2,2003307,Full e-bus coverage scenario; route assignment weighted by selected GTFS trip frequency
FULLBUS05681,300,0.812,0.9,0.2,2003373,Full e-bus coverage scenario; route assignment weighted by selected GTFS trip frequency
FULLBUS05682,300,0.756,0.9,0.2,2003471,Full e-bus coverage scenario; route assignment weighted by selected GTFS trip frequency
FULLBUS05683,300,0.867,0.9,0.2,2003603,Full e-bus coverage scenario; route assignment weighted by selected GTFS trip frequency
FULLBUS05684,300,0.776,0.9,0.2,2003768,Full e-bus coverage scenario; route assignment weighted by selected GTFS trip frequency
FULLBUS05685,300,0.849,0.9,0.2,2003834,Full e-bus coverage scenario; route assignment weighted by selected GTFS trip frequency
FULLBUS05686,300,0.763,0.9,0.2,2004001,Full e-bus coverage scenario; route assignment weighted by selected GTFS trip frequency
FULLBUS05687,300,0.726,0.9,0.2,2004072,Full e-bus coverage scenario; route assignment weighted by selected GTFS trip frequency
FULLBUS05688,300,0.841,0.9,0.2,2004075,Full e-bus coverage scenario; route assignment weighted by selected GTFS trip frequency
FULLBUS05689,300,0.752,0.9,0.2,2004076,Full e-bus coverage scenario; route assignment weighted by selected GTFS trip frequency
FULLBUS05690,300,0.808,0.9,0.2,2004086,Full e-bus coverage scenario; route assignment weighted by selected GTFS trip frequency
FULLBUS05691,300,0.734,0.9,0.2,2004088,Full e-bus coverage scenario; route assignment weighted by selected GTFS trip frequency
FULLBUS05692,300,0.806,0.9,0.2,2004093,Full e-bus coverage scenario; route assignment weighted by selected GTFS trip frequency
FULLBUS05693,300,0.748,0.9,0.2,2004099,Full e-bus coverage scenario; route assignment weighted by selected GTFS trip frequency
FULLBUS05694,300,0.742,0.9,0.2,2004131,Full e-bus coverage scenario; route assignment weighted by selected GTFS trip frequency
FULLBUS05695,300,0.79,0.9,0.2,2004626,Full e-bus coverage scenario; route assignment weighted by selected GTFS trip frequency
FULLBUS05696,300,0.754,0.9,0.2,2004631,Full e-bus coverage scenario; route assignment weighted by selected GTFS trip frequency
FULLBUS05697,300,0.83,0.9,0.2,2004661,Full e-bus coverage scenario; route assignment weighted by selected GTFS trip frequency
FULLBUS05698,300,0.789,0.9,0.2,2004692,Full e-bus coverage scenario; route assignment weighted by selected GTFS trip frequency
FULLBUS05699,300,0.766,0.9,0.2,2004760,Full e-bus coverage scenario; route assignment weighted by selected GTFS trip frequency
FULLBUS05700,300,0.836,0.9,0.2,2004892,Full e-bus coverage scenario; route assignment weighted by selected GTFS trip frequency
FULLBUS05701,300,0.859,0.9,0.2,2004893,Full e-bus coverage scenario; route assignment weighted by selected GTFS trip frequency
FULLBUS05702,300,0.853,0.9,0.2,2004956,Full e-bus coverage scenario; route assignment weighted by selected GTFS trip frequency
FULLBUS05703,300,0.721,0.9,0.2,2005022,Full e-bus coverage scenario; route assignment weighted by selected GTFS trip frequency
FULLBUS05704,300,0.801,0.9,0.2,2005221,Full e-bus coverage scenario; route assignment weighted by selected GTFS trip frequency
FULLBUS05705,300,0.771,0.9,0.2,2005287,Full e-bus coverage scenario; route assignment weighted by selected GTFS trip frequency
FULLBUS05706,300,0.828,0.9,0.2,2005288,Full e-bus coverage scenario; route assignment weighted by selected GTFS trip frequency
FULLBUS05707,300,0.851,0.9,0.2,2005292,Full e-bus coverage scenario; route assignment weighted by selected GTFS trip frequency
FULLBUS05708,300,0.811,0.9,0.2,2005295,Full e-bus coverage scenario; route assignment weighted by selected GTFS trip frequency
FULLBUS05709,300,0.771,0.9,0.2,2005328,Full e-bus coverage scenario; route assignment weighted by selected GTFS trip frequency
FULLBUS05710,300,0.8,0.9,0.2,2005451,Full e-bus coverage scenario; route assignment weighted by selected GTFS trip frequency
FULLBUS05711,300,0.839,0.9,0.2,2005452,Full e-bus coverage scenario; route assignment weighted by selected GTFS trip frequency
FULLBUS05712,300,0.786,0.9,0.2,2005453,Full e-bus coverage scenario; route assignment weighted by selected GTFS trip frequency
FULLBUS05713,300,0.827,0.9,0.2,2005687,Full e-bus coverage scenario; route assignment weighted by selected GTFS trip frequency
FULLBUS05714,300,0.771,0.9,0.2,2006111,Full e-bus coverage scenario; route assignment weighted by selected GTFS trip frequency
FULLBUS05715,300,0.773,0.9,0.2,2006244,Full e-bus coverage scenario; route assignment weighted by selected GTFS trip frequency
FULLBUS05716,300,0.863,0.9,0.2,2006283,Full e-bus coverage scenario; route assignment weighted by selected GTFS trip frequency
FULLBUS05717,300,0.739,0.9,0.2,2006343,Full e-bus coverage scenario; route assignment weighted by selected GTFS trip frequency
FULLBUS05718,300,0.86,0.9,0.2,2006475,Full e-bus coverage scenario; route assignment weighted by selected GTFS trip frequency
FULLBUS05719,300,0.87,0.9,0.2,2006576,Full e-bus coverage scenario; route assignment weighted by selected GTFS trip frequency
FULLBUS05720,300,0.847,0.9,0.2,2006610,Full e-bus coverage scenario; route assignment weighted by selected GTFS trip frequency
FULLBUS05721,300,0.833,0.9,0.2,2006640,Full e-bus coverage scenario; route assignment weighted by selected GTFS trip frequency
FULLBUS05722,300,0.738,0.9,0.2,2006676,Full e-bus coverage scenario; route assignment weighted by selected GTFS trip frequency
FULLBUS05723,300,0.834,0.9,0.2,2006679,Full e-bus coverage scenario; route assignment weighted by selected GTFS trip frequency
FULLBUS05724,300,0.873,0.9,0.2,2006903,Full e-bus coverage scenario; route assignment weighted by selected GTFS trip frequency
FULLBUS05725,300,0.769,0.9,0.2,2006906,Full e-bus coverage scenario; route assignment weighted by selected GTFS trip frequency
FULLBUS05726,300,0.743,0.9,0.2,2006907,Full e-bus coverage scenario; route assignment weighted by selected GTFS trip frequency
FULLBUS05727,300,0.836,0.9,0.2,2007168,Full e-bus coverage scenario; route assignment weighted by selected GTFS trip frequency
FULLBUS05728,300,0.846,0.9,0.2,2007234,Full e-bus coverage scenario; route assignment weighted by selected GTFS trip frequency
FULLBUS05729,300,0.808,0.9,0.2,2007300,Full e-bus coverage scenario; route assignment weighted by selected GTFS trip frequency
FULLBUS05730,300,0.787,0.9,0.2,2007332,Full e-bus coverage scenario; route assignment weighted by selected GTFS trip frequency
FULLBUS05731,300,0.785,0.9,0.2,2007502,Full e-bus coverage scenario; route assignment weighted by selected GTFS trip frequency
FULLBUS05732,300,0.853,0.9,0.2,2007994,Full e-bus coverage scenario; route assignment weighted by selected GTFS trip frequency
FULLBUS05733,300,0.767,0.9,0.2,2008256,Full e-bus coverage scenario; route assignment weighted by selected GTFS trip frequency
FULLBUS05734,300,0.792,0.9,0.2,2008487,Full e-bus coverage scenario; route assignment weighted by selected GTFS trip frequency
FULLBUS05735,300,0.768,0.9,0.2,2008520,Full e-bus coverage scenario; route assignment weighted by selected GTFS trip frequency
FULLBUS05736,300,0.846,0.9,0.2,2008596,Full e-bus coverage scenario; route assignment weighted by selected GTFS trip frequency
FULLBUS05737,300,0.861,0.9,0.2,2008597,Full e-bus coverage scenario; route assignment weighted by selected GTFS trip frequency
FULLBUS05738,300,0.807,0.9,0.2,2008598,Full e-bus coverage scenario; route assignment weighted by selected GTFS trip frequency
FULLBUS05739,300,0.828,0.9,0.2,2008599,Full e-bus coverage scenario; route assignment weighted by selected GTFS trip frequency
FULLBUS05740,300,0.773,0.9,0.2,2008620,Full e-bus coverage scenario; route assignment weighted by selected GTFS trip frequency
FULLBUS05741,300,0.803,0.9,0.2,2008625,Full e-bus coverage scenario; route assignment weighted by selected GTFS trip frequency
FULLBUS05742,300,0.83,0.9,0.2,2008627,Full e-bus coverage scenario; route assignment weighted by selected GTFS trip frequency
FULLBUS05743,300,0.736,0.9,0.2,2008628,Full e-bus coverage scenario; route assignment weighted by selected GTFS trip frequency
FULLBUS05744,300,0.782,0.9,0.2,2008633,Full e-bus coverage scenario; route assignment weighted by selected GTFS trip frequency
FULLBUS05745,300,0.865,0.9,0.2,2008718,Full e-bus coverage scenario; route assignment weighted by selected GTFS trip frequency
FULLBUS05746,300,0.792,0.9,0.2,2008719,Full e-bus coverage scenario; route assignment weighted by selected GTFS trip frequency
FULLBUS05747,300,0.747,0.9,0.2,2008752,Full e-bus coverage scenario; route assignment weighted by selected GTFS trip frequency
FULLBUS05748,300,0.796,0.9,0.2,2009543,Full e-bus coverage scenario; route assignment weighted by selected GTFS trip frequency
FULLBUS05749,300,0.842,0.9,0.2,2009642,Full e-bus coverage scenario; route assignment weighted by selected GTFS trip frequency
FULLBUS05750,300,0.765,0.9,0.2,2009741,Full e-bus coverage scenario; route assignment weighted by selected GTFS trip frequency
FULLBUS05751,300,0.768,0.9,0.2,2009807,Full e-bus coverage scenario; route assignment weighted by selected GTFS trip frequency
FULLBUS05752,300,0.875,0.9,0.2,2009840,Full e-bus coverage scenario; route assignment weighted by selected GTFS trip frequency
FULLBUS05753,300,0.845,0.9,0.2,2009842,Full e-bus coverage scenario; route assignment weighted by selected GTFS trip frequency
FULLBUS05754,300,0.855,0.9,0.2,2009972,Full e-bus coverage scenario; route assignment weighted by selected GTFS trip frequency
FULLBUS05755,300,0.822,0.9,0.2,2010038,Full e-bus coverage scenario; route assignment weighted by selected GTFS trip frequency
FULLBUS05756,300,0.771,0.9,0.2,2010073,Full e-bus coverage scenario; route assignment weighted by selected GTFS trip frequency
FULLBUS05757,300,0.759,0.9,0.2,2010075,Full e-bus coverage scenario; route assignment weighted by selected GTFS trip frequency
FULLBUS05758,300,0.806,0.9,0.2,2010280,Full e-bus coverage scenario; route assignment weighted by selected GTFS trip frequency
FULLBUS05759,300,0.821,0.9,0.2,2010501,Full e-bus coverage scenario; route assignment weighted by selected GTFS trip frequency
FULLBUS05760,300,0.831,0.9,0.2,2010731,Full e-bus coverage scenario; route assignment weighted by selected GTFS trip frequency
FULLBUS05761,300,0.795,0.9,0.2,2010797,Full e-bus coverage scenario; route assignment weighted by selected GTFS trip frequency
FULLBUS05762,300,0.874,0.9,0.2,2010798,Full e-bus coverage scenario; route assignment weighted by selected GTFS trip frequency
FULLBUS05763,300,0.871,0.9,0.2,2010863,Full e-bus coverage scenario; route assignment weighted by selected GTFS trip frequency
FULLBUS05764,300,0.826,0.9,0.2,2011028,Full e-bus coverage scenario; route assignment weighted by selected GTFS trip frequency
FULLBUS05765,300,0.722,0.9,0.2,2011094,Full e-bus coverage scenario; route assignment weighted by selected GTFS trip frequency
FULLBUS05766,300,0.737,0.9,0.2,2011127,Full e-bus coverage scenario; route assignment weighted by selected GTFS trip frequency
FULLBUS05767,300,0.746,0.9,0.2,2011193,Full e-bus coverage scenario; route assignment weighted by selected GTFS trip frequency
FULLBUS05768,300,0.867,0.9,0.2,2011490,Full e-bus coverage scenario; route assignment weighted by selected GTFS trip frequency
FULLBUS05769,300,0.846,0.9,0.2,8009,Full e-bus coverage scenario; route assignment weighted by selected GTFS trip frequency
FULLBUS05770,300,0.88,0.9,0.2,8066,Full e-bus coverage scenario; route assignment weighted by selected GTFS trip frequency
FULLBUS05771,300,0.735,0.9,0.2,8094,Full e-bus coverage scenario; route assignment weighted by selected GTFS trip frequency
FULLBUS05772,300,0.821,0.9,0.2,8097,Full e-bus coverage scenario; route assignment weighted by selected GTFS trip frequency
FULLBUS05773,300,0.819,0.9,0.2,8112,Full e-bus coverage scenario; route assignment weighted by selected GTFS trip frequency
FULLBUS05774,300,0.853,0.9,0.2,8115,Full e-bus coverage scenario; route assignment weighted by selected GTFS trip frequency
FULLBUS05775,300,0.783,0.9,0.2,8116,Full e-bus coverage scenario; route assignment weighted by selected GTFS trip frequency
FULLBUS05776,300,0.754,0.9,0.2,8118,Full e-bus coverage scenario; route assignment weighted by selected GTFS trip frequency
FULLBUS05777,300,0.786,0.9,0.2,8122,Full e-bus coverage scenario; route assignment weighted by selected GTFS trip frequency
FULLBUS05778,300,0.8,0.9,0.2,8124,Full e-bus coverage scenario; route assignment weighted by selected GTFS trip frequency
FULLBUS05779,300,0.862,0.9,0.2,8133,Full e-bus coverage scenario; route assignment weighted by selected GTFS trip frequency
FULLBUS05780,300,0.779,0.9,0.2,8143,Full e-bus coverage scenario; route assignment weighted by selected GTFS trip frequency
FULLBUS05781,300,0.795,0.9,0.2,8146,Full e-bus coverage scenario; route assignment weighted by selected GTFS trip frequency
FULLBUS05782,300,0.747,0.9,0.2,8154,Full e-bus coverage scenario; route assignment weighted by selected GTFS trip frequency
FULLBUS05783,300,0.845,0.9,0.2,8157,Full e-bus coverage scenario; route assignment weighted by selected GTFS trip frequency
FULLBUS05784,300,0.729,0.9,0.2,8164,Full e-bus coverage scenario; route assignment weighted by selected GTFS trip frequency
FULLBUS05785,300,0.762,0.9,0.2,8177,Full e-bus coverage scenario; route assignment weighted by selected GTFS trip frequency
FULLBUS05786,300,0.819,0.9,0.2,8201,Full e-bus coverage scenario; route assignment weighted by selected GTFS trip frequency
FULLBUS05787,300,0.722,0.9,0.2,8204,Full e-bus coverage scenario; route assignment weighted by selected GTFS trip frequency
FULLBUS05788,300,0.736,0.9,0.2,8220,Full e-bus coverage scenario; route assignment weighted by selected GTFS trip frequency
FULLBUS05789,300,0.736,0.9,0.2,8221,Full e-bus coverage scenario; route assignment weighted by selected GTFS trip frequency
FULLBUS05790,300,0.825,0.9,0.2,8226,Full e-bus coverage scenario; route assignment weighted by selected GTFS trip frequency
FULLBUS05791,300,0.854,0.9,0.2,8249,Full e-bus coverage scenario; route assignment weighted by selected GTFS trip frequency
FULLBUS05792,300,0.815,0.9,0.2,8272,Full e-bus coverage scenario; route assignment weighted by selected GTFS trip frequency
FULLBUS05793,300,0.827,0.9,0.2,8313,Full e-bus coverage scenario; route assignment weighted by selected GTFS trip frequency
FULLBUS05794,300,0.816,0.9,0.2,8314,Full e-bus coverage scenario; route assignment weighted by selected GTFS trip frequency
FULLBUS05795,300,0.854,0.9,0.2,8318,Full e-bus coverage scenario; route assignment weighted by selected GTFS trip frequency
FULLBUS05796,300,0.793,0.9,0.2,8322,Full e-bus coverage scenario; route assignment weighted by selected GTFS trip frequency
FULLBUS05797,300,0.779,0.9,0.2,8340,Full e-bus coverage scenario; route assignment weighted by selected GTFS trip frequency
FULLBUS05798,300,0.735,0.9,0.2,8341,Full e-bus coverage scenario; route assignment weighted by selected GTFS trip frequency
FULLBUS05799,300,0.749,0.9,0.2,8345,Full e-bus coverage scenario; route assignment weighted by selected GTFS trip frequency
FULLBUS05800,300,0.763,0.9,0.2,8348,Full e-bus coverage scenario; route assignment weighted by selected GTFS trip frequency
FULLBUS05801,300,0.8,0.9,0.2,8379,Full e-bus coverage scenario; route assignment weighted by selected GTFS trip frequency
FULLBUS05802,300,0.805,0.9,0.2,8385,Full e-bus coverage scenario; route assignment weighted by selected GTFS trip frequency
FULLBUS05803,300,0.837,0.9,0.2,8396,Full e-bus coverage scenario; route assignment weighted by selected GTFS trip frequency
FULLBUS05804,300,0.876,0.9,0.2,8420,Full e-bus coverage scenario; route assignment weighted by selected GTFS trip frequency
FULLBUS05805,300,0.788,0.9,0.2,8421,Full e-bus coverage scenario; route assignment weighted by selected GTFS trip frequency
FULLBUS05806,300,0.728,0.9,0.2,8425,Full e-bus coverage scenario; route assignment weighted by selected GTFS trip frequency
FULLBUS05807,300,0.741,0.9,0.2,8445,Full e-bus coverage scenario; route assignment weighted by selected GTFS trip frequency
FULLBUS05808,300,0.773,0.9,0.2,8446,Full e-bus coverage scenario; route assignment weighted by selected GTFS trip frequency
FULLBUS05809,300,0.875,0.9,0.2,8447,Full e-bus coverage scenario; route assignment weighted by selected GTFS trip frequency
FULLBUS05810,300,0.741,0.9,0.2,8475,Full e-bus coverage scenario; route assignment weighted by selected GTFS trip frequency
FULLBUS05811,300,0.783,0.9,0.2,8476,Full e-bus coverage scenario; route assignment weighted by selected GTFS trip frequency
FULLBUS05812,300,0.778,0.9,0.2,8482,Full e-bus coverage scenario; route assignment weighted by selected GTFS trip frequency
FULLBUS05813,300,0.745,0.9,0.2,8493,Full e-bus coverage scenario; route assignment weighted by selected GTFS trip frequency
FULLBUS05814,300,0.813,0.9,0.2,8498,Full e-bus coverage scenario; route assignment weighted by selected GTFS trip frequency
FULLBUS05815,300,0.847,0.9,0.2,8501,Full e-bus coverage scenario; route assignment weighted by selected GTFS trip frequency
FULLBUS05816,300,0.838,0.9,0.2,8510,Full e-bus coverage scenario; route assignment weighted by selected GTFS trip frequency
FULLBUS05817,300,0.804,0.9,0.2,8511,Full e-bus coverage scenario; route assignment weighted by selected GTFS trip frequency
FULLBUS05818,300,0.823,0.9,0.2,8514,Full e-bus coverage scenario; route assignment weighted by selected GTFS trip frequency
FULLBUS05819,300,0.868,0.9,0.2,8520,Full e-bus coverage scenario; route assignment weighted by selected GTFS trip frequency
FULLBUS05820,300,0.88,0.9,0.2,8524,Full e-bus coverage scenario; route assignment weighted by selected GTFS trip frequency
FULLBUS05821,300,0.84,0.9,0.2,8538,Full e-bus coverage scenario; route assignment weighted by selected GTFS trip frequency
FULLBUS05822,300,0.785,0.9,0.2,8540,Full e-bus coverage scenario; route assignment weighted by selected GTFS trip frequency
FULLBUS05823,300,0.761,0.9,0.2,8546,Full e-bus coverage scenario; route assignment weighted by selected GTFS trip frequency
FULLBUS05824,300,0.741,0.9,0.2,8563,Full e-bus coverage scenario; route assignment weighted by selected GTFS trip frequency
FULLBUS05825,300,0.803,0.9,0.2,8564,Full e-bus coverage scenario; route assignment weighted by selected GTFS trip frequency
FULLBUS05826,300,0.776,0.9,0.2,8570,Full e-bus coverage scenario; route assignment weighted by selected GTFS trip frequency
FULLBUS05827,300,0.727,0.9,0.2,8575,Full e-bus coverage scenario; route assignment weighted by selected GTFS trip frequency
FULLBUS05828,300,0.762,0.9,0.2,8580,Full e-bus coverage scenario; route assignment weighted by selected GTFS trip frequency
FULLBUS05829,300,0.743,0.9,0.2,8589,Full e-bus coverage scenario; route assignment weighted by selected GTFS trip frequency
FULLBUS05830,300,0.873,0.9,0.2,8591,Full e-bus coverage scenario; route assignment weighted by selected GTFS trip frequency
FULLBUS05831,300,0.879,0.9,0.2,8598,Full e-bus coverage scenario; route assignment weighted by selected GTFS trip frequency
FULLBUS05832,300,0.766,0.9,0.2,8605,Full e-bus coverage scenario; route assignment weighted by selected GTFS trip frequency
FULLBUS05833,300,0.85,0.9,0.2,8606,Full e-bus coverage scenario; route assignment weighted by selected GTFS trip frequency
FULLBUS05834,300,0.83,0.9,0.2,8608,Full e-bus coverage scenario; route assignment weighted by selected GTFS trip frequency
FULLBUS05835,300,0.74,0.9,0.2,8610,Full e-bus coverage scenario; route assignment weighted by selected GTFS trip frequency
FULLBUS05836,300,0.819,0.9,0.2,8612,Full e-bus coverage scenario; route assignment weighted by selected GTFS trip frequency
FULLBUS05837,300,0.76,0.9,0.2,8613,Full e-bus coverage scenario; route assignment weighted by selected GTFS trip frequency
FULLBUS05838,300,0.85,0.9,0.2,8614,Full e-bus coverage scenario; route assignment weighted by selected GTFS trip frequency
FULLBUS05839,300,0.863,0.9,0.2,8629,Full e-bus coverage scenario; route assignment weighted by selected GTFS trip frequency
FULLBUS05840,300,0.776,0.9,0.2,8640,Full e-bus coverage scenario; route assignment weighted by selected GTFS trip frequency
FULLBUS05841,300,0.837,0.9,0.2,8643,Full e-bus coverage scenario; route assignment weighted by selected GTFS trip frequency
FULLBUS05842,300,0.851,0.9,0.2,8649,Full e-bus coverage scenario; route assignment weighted by selected GTFS trip frequency
FULLBUS05843,300,0.806,0.9,0.2,8650,Full e-bus coverage scenario; route assignment weighted by selected GTFS trip frequency
FULLBUS05844,300,0.821,0.9,0.2,8652,Full e-bus coverage scenario; route assignment weighted by selected GTFS trip frequency
FULLBUS05845,300,0.792,0.9,0.2,8661,Full e-bus coverage scenario; route assignment weighted by selected GTFS trip frequency
FULLBUS05846,300,0.773,0.9,0.2,8670,Full e-bus coverage scenario; route assignment weighted by selected GTFS trip frequency
FULLBUS05847,300,0.754,0.9,0.2,8681,Full e-bus coverage scenario; route assignment weighted by selected GTFS trip frequency
FULLBUS05848,300,0.842,0.9,0.2,8687,Full e-bus coverage scenario; route assignment weighted by selected GTFS trip frequency
FULLBUS05849,300,0.816,0.9,0.2,8688,Full e-bus coverage scenario; route assignment weighted by selected GTFS trip frequency
FULLBUS05850,300,0.815,0.9,0.2,8689,Full e-bus coverage scenario; route assignment weighted by selected GTFS trip frequency
FULLBUS05851,300,0.732,0.9,0.2,8707,Full e-bus coverage scenario; route assignment weighted by selected GTFS trip frequency
FULLBUS05852,300,0.724,0.9,0.2,8711,Full e-bus coverage scenario; route assignment weighted by selected GTFS trip frequency
FULLBUS05853,300,0.815,0.9,0.2,8717,Full e-bus coverage scenario; route assignment weighted by selected GTFS trip frequency
FULLBUS05854,300,0.861,0.9,0.2,8721,Full e-bus coverage scenario; route assignment weighted by selected GTFS trip frequency
FULLBUS05855,300,0.868,0.9,0.2,8728,Full e-bus coverage scenario; route assignment weighted by selected GTFS trip frequency
FULLBUS05856,300,0.755,0.9,0.2,8729,Full e-bus coverage scenario; route assignment weighted by selected GTFS trip frequency
FULLBUS05857,300,0.866,0.9,0.2,8731,Full e-bus coverage scenario; route assignment weighted by selected GTFS trip frequency
FULLBUS05858,300,0.726,0.9,0.2,8732,Full e-bus coverage scenario; route assignment weighted by selected GTFS trip frequency
FULLBUS05859,300,0.868,0.9,0.2,8734,Full e-bus coverage scenario; route assignment weighted by selected GTFS trip frequency
FULLBUS05860,300,0.832,0.9,0.2,8738,Full e-bus coverage scenario; route assignment weighted by selected GTFS trip frequency
FULLBUS05861,300,0.88,0.9,0.2,8740,Full e-bus coverage scenario; route assignment weighted by selected GTFS trip frequency
FULLBUS05862,300,0.726,0.9,0.2,8753,Full e-bus coverage scenario; route assignment weighted by selected GTFS trip frequency
FULLBUS05863,300,0.806,0.9,0.2,8754,Full e-bus coverage scenario; route assignment weighted by selected GTFS trip frequency
FULLBUS05864,300,0.87,0.9,0.2,8760,Full e-bus coverage scenario; route assignment weighted by selected GTFS trip frequency
FULLBUS05865,300,0.784,0.9,0.2,8773,Full e-bus coverage scenario; route assignment weighted by selected GTFS trip frequency
FULLBUS05866,300,0.73,0.9,0.2,8784,Full e-bus coverage scenario; route assignment weighted by selected GTFS trip frequency
FULLBUS05867,300,0.866,0.9,0.2,8793,Full e-bus coverage scenario; route assignment weighted by selected GTFS trip frequency
FULLBUS05868,300,0.765,0.9,0.2,8796,Full e-bus coverage scenario; route assignment weighted by selected GTFS trip frequency
FULLBUS05869,300,0.727,0.9,0.2,8797,Full e-bus coverage scenario; route assignment weighted by selected GTFS trip frequency
FULLBUS05870,300,0.857,0.9,0.2,8802,Full e-bus coverage scenario; route assignment weighted by selected GTFS trip frequency
