bus_id,battery_capacity,initial_soc,max_soc,min_soc,assigned_route,source
PLANBUS00001,300,0.807,0.9,0.2,1862,Planned near-term e-bus expansion scenario; route assignment weighted by selected GTFS trip frequency
PLANBUS00002,300,0.88,0.9,0.2,1862,Planned near-term e-bus expansion scenario; route assignment weighted by selected GTFS trip frequency
PLANBUS00003,300,0.778,0.9,0.2,1862,Planned near-term e-bus expansion scenario; route assignment weighted by selected GTFS trip frequency
PLANBUS00004,300,0.82,0.9,0.2,1862,Planned near-term e-bus expansion scenario; route assignment weighted by selected GTFS trip frequency
PLANBUS00005,300,0.763,0.9,0.2,1862,Planned near-term e-bus expansion scenario; route assignment weighted by selected GTFS trip frequency
PLANBUS00006,300,0.723,0.9,0.2,1862,Planned near-term e-bus expansion scenario; route assignment weighted by selected GTFS trip frequency
PLANBUS00007,300,0.755,0.9,0.2,1862,Planned near-term e-bus expansion scenario; route assignment weighted by selected GTFS trip frequency
PLANBUS00008,300,0.85,0.9,0.2,1862,Planned near-term e-bus expansion scenario; route assignment weighted by selected GTFS trip frequency
PLANBUS00009,300,0.84,0.9,0.2,1862,Planned near-term e-bus expansion scenario; route assignment weighted by selected GTFS trip frequency
PLANBUS00010,300,0.832,0.9,0.2,1862,Planned near-term e-bus expansion scenario; route assignment weighted by selected GTFS trip frequency
PLANBUS00011,300,0.806,0.9,0.2,1862,Planned near-term e-bus expansion scenario; route assignment weighted by selected GTFS trip frequency
PLANBUS00012,300,0.864,0.9,0.2,1862,Planned near-term e-bus expansion scenario; route assignment weighted by selected GTFS trip frequency
PLANBUS00013,300,0.798,0.9,0.2,1862,Planned near-term e-bus expansion scenario; route assignment weighted by selected GTFS trip frequency
PLANBUS00014,300,0.787,0.9,0.2,1862,Planned near-term e-bus expansion scenario; route assignment weighted by selected GTFS trip frequency
PLANBUS00015,300,0.85,0.9,0.2,1862,Planned near-term e-bus expansion scenario; route assignment weighted by selected GTFS trip frequency
PLANBUS00016,300,0.752,0.9,0.2,1862,Planned near-term e-bus expansion scenario; route assignment weighted by selected GTFS trip frequency
PLANBUS00017,300,0.79,0.9,0.2,1862,Planned near-term e-bus expansion scenario; route assignment weighted by selected GTFS trip frequency
PLANBUS00018,300,0.749,0.9,0.2,1862,Planned near-term e-bus expansion scenario; route assignment weighted by selected GTFS trip frequency
PLANBUS00019,300,0.845,0.9,0.2,1862,Planned near-term e-bus expansion scenario; route assignment weighted by selected GTFS trip frequency
PLANBUS00020,300,0.866,0.9,0.2,1862,Planned near-term e-bus expansion scenario; route assignment weighted by selected GTFS trip frequency
PLANBUS00021,300,0.761,0.9,0.2,1862,Planned near-term e-bus expansion scenario; route assignment weighted by selected GTFS trip frequency
PLANBUS00022,300,0.866,0.9,0.2,1862,Planned near-term e-bus expansion scenario; route assignment weighted by selected GTFS trip frequency
PLANBUS00023,300,0.851,0.9,0.2,1862,Planned near-term e-bus expansion scenario; route assignment weighted by selected GTFS trip frequency
PLANBUS00024,300,0.778,0.9,0.2,1862,Planned near-term e-bus expansion scenario; route assignment weighted by selected GTFS trip frequency
PLANBUS00025,300,0.805,0.9,0.2,1862,Planned near-term e-bus expansion scenario; route assignment weighted by selected GTFS trip frequency
PLANBUS00026,300,0.872,0.9,0.2,1862,Planned near-term e-bus expansion scenario; route assignment weighted by selected GTFS trip frequency
PLANBUS00027,300,0.875,0.9,0.2,1862,Planned near-term e-bus expansion scenario; route assignment weighted by selected GTFS trip frequency
PLANBUS00028,300,0.858,0.9,0.2,1862,Planned near-term e-bus expansion scenario; route assignment weighted by selected GTFS trip frequency
PLANBUS00029,300,0.879,0.9,0.2,1862,Planned near-term e-bus expansion scenario; route assignment weighted by selected GTFS trip frequency
PLANBUS00030,300,0.773,0.9,0.2,1862,Planned near-term e-bus expansion scenario; route assignment weighted by selected GTFS trip frequency
PLANBUS00031,300,0.836,0.9,0.2,1862,Planned near-term e-bus expansion scenario; route assignment weighted by selected GTFS trip frequency
PLANBUS00032,300,0.779,0.9,0.2,1862,Planned near-term e-bus expansion scenario; route assignment weighted by selected GTFS trip frequency
PLANBUS00033,300,0.794,0.9,0.2,1862,Planned near-term e-bus expansion scenario; route assignment weighted by selected GTFS trip frequency
PLANBUS00034,300,0.741,0.9,0.2,1862,Planned near-term e-bus expansion scenario; route assignment weighted by selected GTFS trip frequency
PLANBUS00035,300,0.844,0.9,0.2,1862,Planned near-term e-bus expansion scenario; route assignment weighted by selected GTFS trip frequency
PLANBUS00036,300,0.852,0.9,0.2,1862,Planned near-term e-bus expansion scenario; route assignment weighted by selected GTFS trip frequency
PLANBUS00037,300,0.844,0.9,0.2,1862,Planned near-term e-bus expansion scenario; route assignment weighted by selected GTFS trip frequency
PLANBUS00038,300,0.847,0.9,0.2,1862,Planned near-term e-bus expansion scenario; route assignment weighted by selected GTFS trip frequency
PLANBUS00039,300,0.861,0.9,0.2,1862,Planned near-term e-bus expansion scenario; route assignment weighted by selected GTFS trip frequency
PLANBUS00040,300,0.866,0.9,0.2,1862,Planned near-term e-bus expansion scenario; route assignment weighted by selected GTFS trip frequency
PLANBUS00041,300,0.769,0.9,0.2,1862,Planned near-term e-bus expansion scenario; route assignment weighted by selected GTFS trip frequency
PLANBUS00042,300,0.743,0.9,0.2,1862,Planned near-term e-bus expansion scenario; route assignment weighted by selected GTFS trip frequency
PLANBUS00043,300,0.845,0.9,0.2,1862,Planned near-term e-bus expansion scenario; route assignment weighted by selected GTFS trip frequency
PLANBUS00044,300,0.854,0.9,0.2,1862,Planned near-term e-bus expansion scenario; route assignment weighted by selected GTFS trip frequency
PLANBUS00045,300,0.876,0.9,0.2,1862,Planned near-term e-bus expansion scenario; route assignment weighted by selected GTFS trip frequency
PLANBUS00046,300,0.794,0.9,0.2,1862,Planned near-term e-bus expansion scenario; route assignment weighted by selected GTFS trip frequency
PLANBUS00047,300,0.805,0.9,0.2,1862,Planned near-term e-bus expansion scenario; route assignment weighted by selected GTFS trip frequency
PLANBUS00048,300,0.851,0.9,0.2,1862,Planned near-term e-bus expansion scenario; route assignment weighted by selected GTFS trip frequency
PLANBUS00049,300,0.829,0.9,0.2,1862,Planned near-term e-bus expansion scenario; route assignment weighted by selected GTFS trip frequency
PLANBUS00050,300,0.74,0.9,0.2,1862,Planned near-term e-bus expansion scenario; route assignment weighted by selected GTFS trip frequency
PLANBUS00051,300,0.861,0.9,0.2,1862,Planned near-term e-bus expansion scenario; route assignment weighted by selected GTFS trip frequency
PLANBUS00052,300,0.867,0.9,0.2,1862,Planned near-term e-bus expansion scenario; route assignment weighted by selected GTFS trip frequency
PLANBUS00053,300,0.855,0.9,0.2,1862,Planned near-term e-bus expansion scenario; route assignment weighted by selected GTFS trip frequency
PLANBUS00054,300,0.84,0.9,0.2,1862,Planned near-term e-bus expansion scenario; route assignment weighted by selected GTFS trip frequency
PLANBUS00055,300,0.783,0.9,0.2,1862,Planned near-term e-bus expansion scenario; route assignment weighted by selected GTFS trip frequency
PLANBUS00056,300,0.85,0.9,0.2,1862,Planned near-term e-bus expansion scenario; route assignment weighted by selected GTFS trip frequency
PLANBUS00057,300,0.72,0.9,0.2,1862,Planned near-term e-bus expansion scenario; route assignment weighted by selected GTFS trip frequency
PLANBUS00058,300,0.792,0.9,0.2,1862,Planned near-term e-bus expansion scenario; route assignment weighted by selected GTFS trip frequency
PLANBUS00059,300,0.801,0.9,0.2,1862,Planned near-term e-bus expansion scenario; route assignment weighted by selected GTFS trip frequency
PLANBUS00060,300,0.792,0.9,0.2,1862,Planned near-term e-bus expansion scenario; route assignment weighted by selected GTFS trip frequency
PLANBUS00061,300,0.874,0.9,0.2,1862,Planned near-term e-bus expansion scenario; route assignment weighted by selected GTFS trip frequency
PLANBUS00062,300,0.748,0.9,0.2,1862,Planned near-term e-bus expansion scenario; route assignment weighted by selected GTFS trip frequency
PLANBUS00063,300,0.753,0.9,0.2,1862,Planned near-term e-bus expansion scenario; route assignment weighted by selected GTFS trip frequency
PLANBUS00064,300,0.798,0.9,0.2,1862,Planned near-term e-bus expansion scenario; route assignment weighted by selected GTFS trip frequency
PLANBUS00065,300,0.766,0.9,0.2,1862,Planned near-term e-bus expansion scenario; route assignment weighted by selected GTFS trip frequency
PLANBUS00066,300,0.758,0.9,0.2,1862,Planned near-term e-bus expansion scenario; route assignment weighted by selected GTFS trip frequency
PLANBUS00067,300,0.822,0.9,0.2,1862,Planned near-term e-bus expansion scenario; route assignment weighted by selected GTFS trip frequency
PLANBUS00068,300,0.848,0.9,0.2,1862,Planned near-term e-bus expansion scenario; route assignment weighted by selected GTFS trip frequency
PLANBUS00069,300,0.731,0.9,0.2,1862,Planned near-term e-bus expansion scenario; route assignment weighted by selected GTFS trip frequency
PLANBUS00070,300,0.803,0.9,0.2,1884,Planned near-term e-bus expansion scenario; route assignment weighted by selected GTFS trip frequency
PLANBUS00071,300,0.727,0.9,0.2,1884,Planned near-term e-bus expansion scenario; route assignment weighted by selected GTFS trip frequency
PLANBUS00072,300,0.774,0.9,0.2,1884,Planned near-term e-bus expansion scenario; route assignment weighted by selected GTFS trip frequency
PLANBUS00073,300,0.766,0.9,0.2,1884,Planned near-term e-bus expansion scenario; route assignment weighted by selected GTFS trip frequency
PLANBUS00074,300,0.802,0.9,0.2,1884,Planned near-term e-bus expansion scenario; route assignment weighted by selected GTFS trip frequency
PLANBUS00075,300,0.819,0.9,0.2,1884,Planned near-term e-bus expansion scenario; route assignment weighted by selected GTFS trip frequency
PLANBUS00076,300,0.877,0.9,0.2,1884,Planned near-term e-bus expansion scenario; route assignment weighted by selected GTFS trip frequency
PLANBUS00077,300,0.751,0.9,0.2,1884,Planned near-term e-bus expansion scenario; route assignment weighted by selected GTFS trip frequency
PLANBUS00078,300,0.851,0.9,0.2,1884,Planned near-term e-bus expansion scenario; route assignment weighted by selected GTFS trip frequency
PLANBUS00079,300,0.755,0.9,0.2,1884,Planned near-term e-bus expansion scenario; route assignment weighted by selected GTFS trip frequency
PLANBUS00080,300,0.754,0.9,0.2,1884,Planned near-term e-bus expansion scenario; route assignment weighted by selected GTFS trip frequency
PLANBUS00081,300,0.768,0.9,0.2,1884,Planned near-term e-bus expansion scenario; route assignment weighted by selected GTFS trip frequency
PLANBUS00082,300,0.804,0.9,0.2,1884,Planned near-term e-bus expansion scenario; route assignment weighted by selected GTFS trip frequency
PLANBUS00083,300,0.862,0.9,0.2,1884,Planned near-term e-bus expansion scenario; route assignment weighted by selected GTFS trip frequency
PLANBUS00084,300,0.862,0.9,0.2,1884,Planned near-term e-bus expansion scenario; route assignment weighted by selected GTFS trip frequency
PLANBUS00085,300,0.777,0.9,0.2,1884,Planned near-term e-bus expansion scenario; route assignment weighted by selected GTFS trip frequency
PLANBUS00086,300,0.872,0.9,0.2,1884,Planned near-term e-bus expansion scenario; route assignment weighted by selected GTFS trip frequency
PLANBUS00087,300,0.872,0.9,0.2,1884,Planned near-term e-bus expansion scenario; route assignment weighted by selected GTFS trip frequency
PLANBUS00088,300,0.805,0.9,0.2,1884,Planned near-term e-bus expansion scenario; route assignment weighted by selected GTFS trip frequency
PLANBUS00089,300,0.75,0.9,0.2,1884,Planned near-term e-bus expansion scenario; route assignment weighted by selected GTFS trip frequency
PLANBUS00090,300,0.843,0.9,0.2,1884,Planned near-term e-bus expansion scenario; route assignment weighted by selected GTFS trip frequency
PLANBUS00091,300,0.84,0.9,0.2,1884,Planned near-term e-bus expansion scenario; route assignment weighted by selected GTFS trip frequency
PLANBUS00092,300,0.767,0.9,0.2,1884,Planned near-term e-bus expansion scenario; route assignment weighted by selected GTFS trip frequency
PLANBUS00093,300,0.836,0.9,0.2,1884,Planned near-term e-bus expansion scenario; route assignment weighted by selected GTFS trip frequency
PLANBUS00094,300,0.807,0.9,0.2,1884,Planned near-term e-bus expansion scenario; route assignment weighted by selected GTFS trip frequency
PLANBUS00095,300,0.854,0.9,0.2,1884,Planned near-term e-bus expansion scenario; route assignment weighted by selected GTFS trip frequency
PLANBUS00096,300,0.783,0.9,0.2,1884,Planned near-term e-bus expansion scenario; route assignment weighted by selected GTFS trip frequency
PLANBUS00097,300,0.821,0.9,0.2,1884,Planned near-term e-bus expansion scenario; route assignment weighted by selected GTFS trip frequency
PLANBUS00098,300,0.873,0.9,0.2,1884,Planned near-term e-bus expansion scenario; route assignment weighted by selected GTFS trip frequency
PLANBUS00099,300,0.851,0.9,0.2,1884,Planned near-term e-bus expansion scenario; route assignment weighted by selected GTFS trip frequency
PLANBUS00100,300,0.739,0.9,0.2,1884,Planned near-term e-bus expansion scenario; route assignment weighted by selected GTFS trip frequency
PLANBUS00101,300,0.84,0.9,0.2,1884,Planned near-term e-bus expansion scenario; route assignment weighted by selected GTFS trip frequency
PLANBUS00102,300,0.848,0.9,0.2,1884,Planned near-term e-bus expansion scenario; route assignment weighted by selected GTFS trip frequency
PLANBUS00103,300,0.78,0.9,0.2,1884,Planned near-term e-bus expansion scenario; route assignment weighted by selected GTFS trip frequency
PLANBUS00104,300,0.772,0.9,0.2,1884,Planned near-term e-bus expansion scenario; route assignment weighted by selected GTFS trip frequency
PLANBUS00105,300,0.796,0.9,0.2,1884,Planned near-term e-bus expansion scenario; route assignment weighted by selected GTFS trip frequency
PLANBUS00106,300,0.807,0.9,0.2,1884,Planned near-term e-bus expansion scenario; route assignment weighted by selected GTFS trip frequency
PLANBUS00107,300,0.835,0.9,0.2,1884,Planned near-term e-bus expansion scenario; route assignment weighted by selected GTFS trip frequency
PLANBUS00108,300,0.75,0.9,0.2,1884,Planned near-term e-bus expansion scenario; route assignment weighted by selected GTFS trip frequency
PLANBUS00109,300,0.733,0.9,0.2,1884,Planned near-term e-bus expansion scenario; route assignment weighted by selected GTFS trip frequency
PLANBUS00110,300,0.879,0.9,0.2,1884,Planned near-term e-bus expansion scenario; route assignment weighted by selected GTFS trip frequency
PLANBUS00111,300,0.75,0.9,0.2,1884,Planned near-term e-bus expansion scenario; route assignment weighted by selected GTFS trip frequency
PLANBUS00112,300,0.832,0.9,0.2,1884,Planned near-term e-bus expansion scenario; route assignment weighted by selected GTFS trip frequency
PLANBUS00113,300,0.839,0.9,0.2,1884,Planned near-term e-bus expansion scenario; route assignment weighted by selected GTFS trip frequency
PLANBUS00114,300,0.734,0.9,0.2,1884,Planned near-term e-bus expansion scenario; route assignment weighted by selected GTFS trip frequency
PLANBUS00115,300,0.82,0.9,0.2,1884,Planned near-term e-bus expansion scenario; route assignment weighted by selected GTFS trip frequency
PLANBUS00116,300,0.829,0.9,0.2,1884,Planned near-term e-bus expansion scenario; route assignment weighted by selected GTFS trip frequency
PLANBUS00117,300,0.758,0.9,0.2,1884,Planned near-term e-bus expansion scenario; route assignment weighted by selected GTFS trip frequency
PLANBUS00118,300,0.811,0.9,0.2,1884,Planned near-term e-bus expansion scenario; route assignment weighted by selected GTFS trip frequency
PLANBUS00119,300,0.783,0.9,0.2,1884,Planned near-term e-bus expansion scenario; route assignment weighted by selected GTFS trip frequency
PLANBUS00120,300,0.792,0.9,0.2,1884,Planned near-term e-bus expansion scenario; route assignment weighted by selected GTFS trip frequency
PLANBUS00121,300,0.83,0.9,0.2,1884,Planned near-term e-bus expansion scenario; route assignment weighted by selected GTFS trip frequency
PLANBUS00122,300,0.757,0.9,0.2,1884,Planned near-term e-bus expansion scenario; route assignment weighted by selected GTFS trip frequency
PLANBUS00123,300,0.839,0.9,0.2,1884,Planned near-term e-bus expansion scenario; route assignment weighted by selected GTFS trip frequency
PLANBUS00124,300,0.745,0.9,0.2,1884,Planned near-term e-bus expansion scenario; route assignment weighted by selected GTFS trip frequency
PLANBUS00125,300,0.748,0.9,0.2,1884,Planned near-term e-bus expansion scenario; route assignment weighted by selected GTFS trip frequency
PLANBUS00126,300,0.856,0.9,0.2,1884,Planned near-term e-bus expansion scenario; route assignment weighted by selected GTFS trip frequency
PLANBUS00127,300,0.827,0.9,0.2,1884,Planned near-term e-bus expansion scenario; route assignment weighted by selected GTFS trip frequency
PLANBUS00128,300,0.869,0.9,0.2,1884,Planned near-term e-bus expansion scenario; route assignment weighted by selected GTFS trip frequency
PLANBUS00129,300,0.73,0.9,0.2,1884,Planned near-term e-bus expansion scenario; route assignment weighted by selected GTFS trip frequency
PLANBUS00130,300,0.808,0.9,0.2,1884,Planned near-term e-bus expansion scenario; route assignment weighted by selected GTFS trip frequency
PLANBUS00131,300,0.869,0.9,0.2,1884,Planned near-term e-bus expansion scenario; route assignment weighted by selected GTFS trip frequency
PLANBUS00132,300,0.833,0.9,0.2,1879,Planned near-term e-bus expansion scenario; route assignment weighted by selected GTFS trip frequency
PLANBUS00133,300,0.814,0.9,0.2,1879,Planned near-term e-bus expansion scenario; route assignment weighted by selected GTFS trip frequency
PLANBUS00134,300,0.783,0.9,0.2,1879,Planned near-term e-bus expansion scenario; route assignment weighted by selected GTFS trip frequency
PLANBUS00135,300,0.785,0.9,0.2,1879,Planned near-term e-bus expansion scenario; route assignment weighted by selected GTFS trip frequency
PLANBUS00136,300,0.866,0.9,0.2,1879,Planned near-term e-bus expansion scenario; route assignment weighted by selected GTFS trip frequency
PLANBUS00137,300,0.842,0.9,0.2,1879,Planned near-term e-bus expansion scenario; route assignment weighted by selected GTFS trip frequency
PLANBUS00138,300,0.864,0.9,0.2,1879,Planned near-term e-bus expansion scenario; route assignment weighted by selected GTFS trip frequency
PLANBUS00139,300,0.727,0.9,0.2,1879,Planned near-term e-bus expansion scenario; route assignment weighted by selected GTFS trip frequency
PLANBUS00140,300,0.819,0.9,0.2,1879,Planned near-term e-bus expansion scenario; route assignment weighted by selected GTFS trip frequency
PLANBUS00141,300,0.76,0.9,0.2,1879,Planned near-term e-bus expansion scenario; route assignment weighted by selected GTFS trip frequency
PLANBUS00142,300,0.832,0.9,0.2,1879,Planned near-term e-bus expansion scenario; route assignment weighted by selected GTFS trip frequency
PLANBUS00143,300,0.76,0.9,0.2,1879,Planned near-term e-bus expansion scenario; route assignment weighted by selected GTFS trip frequency
PLANBUS00144,300,0.825,0.9,0.2,1879,Planned near-term e-bus expansion scenario; route assignment weighted by selected GTFS trip frequency
PLANBUS00145,300,0.873,0.9,0.2,1879,Planned near-term e-bus expansion scenario; route assignment weighted by selected GTFS trip frequency
PLANBUS00146,300,0.817,0.9,0.2,1879,Planned near-term e-bus expansion scenario; route assignment weighted by selected GTFS trip frequency
PLANBUS00147,300,0.733,0.9,0.2,1879,Planned near-term e-bus expansion scenario; route assignment weighted by selected GTFS trip frequency
PLANBUS00148,300,0.842,0.9,0.2,1879,Planned near-term e-bus expansion scenario; route assignment weighted by selected GTFS trip frequency
PLANBUS00149,300,0.741,0.9,0.2,1879,Planned near-term e-bus expansion scenario; route assignment weighted by selected GTFS trip frequency
PLANBUS00150,300,0.833,0.9,0.2,1879,Planned near-term e-bus expansion scenario; route assignment weighted by selected GTFS trip frequency
PLANBUS00151,300,0.87,0.9,0.2,1879,Planned near-term e-bus expansion scenario; route assignment weighted by selected GTFS trip frequency
PLANBUS00152,300,0.726,0.9,0.2,1879,Planned near-term e-bus expansion scenario; route assignment weighted by selected GTFS trip frequency
PLANBUS00153,300,0.812,0.9,0.2,1879,Planned near-term e-bus expansion scenario; route assignment weighted by selected GTFS trip frequency
PLANBUS00154,300,0.77,0.9,0.2,1879,Planned near-term e-bus expansion scenario; route assignment weighted by selected GTFS trip frequency
PLANBUS00155,300,0.864,0.9,0.2,1879,Planned near-term e-bus expansion scenario; route assignment weighted by selected GTFS trip frequency
PLANBUS00156,300,0.855,0.9,0.2,1879,Planned near-term e-bus expansion scenario; route assignment weighted by selected GTFS trip frequency
PLANBUS00157,300,0.835,0.9,0.2,1879,Planned near-term e-bus expansion scenario; route assignment weighted by selected GTFS trip frequency
PLANBUS00158,300,0.784,0.9,0.2,1879,Planned near-term e-bus expansion scenario; route assignment weighted by selected GTFS trip frequency
PLANBUS00159,300,0.842,0.9,0.2,1879,Planned near-term e-bus expansion scenario; route assignment weighted by selected GTFS trip frequency
PLANBUS00160,300,0.784,0.9,0.2,1879,Planned near-term e-bus expansion scenario; route assignment weighted by selected GTFS trip frequency
PLANBUS00161,300,0.83,0.9,0.2,1879,Planned near-term e-bus expansion scenario; route assignment weighted by selected GTFS trip frequency
PLANBUS00162,300,0.727,0.9,0.2,1879,Planned near-term e-bus expansion scenario; route assignment weighted by selected GTFS trip frequency
PLANBUS00163,300,0.822,0.9,0.2,1879,Planned near-term e-bus expansion scenario; route assignment weighted by selected GTFS trip frequency
PLANBUS00164,300,0.745,0.9,0.2,1879,Planned near-term e-bus expansion scenario; route assignment weighted by selected GTFS trip frequency
PLANBUS00165,300,0.873,0.9,0.2,1879,Planned near-term e-bus expansion scenario; route assignment weighted by selected GTFS trip frequency
PLANBUS00166,300,0.728,0.9,0.2,1879,Planned near-term e-bus expansion scenario; route assignment weighted by selected GTFS trip frequency
PLANBUS00167,300,0.826,0.9,0.2,1879,Planned near-term e-bus expansion scenario; route assignment weighted by selected GTFS trip frequency
PLANBUS00168,300,0.866,0.9,0.2,1879,Planned near-term e-bus expansion scenario; route assignment weighted by selected GTFS trip frequency
PLANBUS00169,300,0.722,0.9,0.2,1879,Planned near-term e-bus expansion scenario; route assignment weighted by selected GTFS trip frequency
PLANBUS00170,300,0.757,0.9,0.2,1879,Planned near-term e-bus expansion scenario; route assignment weighted by selected GTFS trip frequency
PLANBUS00171,300,0.733,0.9,0.2,1879,Planned near-term e-bus expansion scenario; route assignment weighted by selected GTFS trip frequency
PLANBUS00172,300,0.775,0.9,0.2,1879,Planned near-term e-bus expansion scenario; route assignment weighted by selected GTFS trip frequency
PLANBUS00173,300,0.827,0.9,0.2,1879,Planned near-term e-bus expansion scenario; route assignment weighted by selected GTFS trip frequency
PLANBUS00174,300,0.781,0.9,0.2,1879,Planned near-term e-bus expansion scenario; route assignment weighted by selected GTFS trip frequency
PLANBUS00175,300,0.852,0.9,0.2,1879,Planned near-term e-bus expansion scenario; route assignment weighted by selected GTFS trip frequency
PLANBUS00176,300,0.757,0.9,0.2,1879,Planned near-term e-bus expansion scenario; route assignment weighted by selected GTFS trip frequency
PLANBUS00177,300,0.785,0.9,0.2,1879,Planned near-term e-bus expansion scenario; route assignment weighted by selected GTFS trip frequency
PLANBUS00178,300,0.768,0.9,0.2,1879,Planned near-term e-bus expansion scenario; route assignment weighted by selected GTFS trip frequency
PLANBUS00179,300,0.866,0.9,0.2,1879,Planned near-term e-bus expansion scenario; route assignment weighted by selected GTFS trip frequency
PLANBUS00180,300,0.879,0.9,0.2,1879,Planned near-term e-bus expansion scenario; route assignment weighted by selected GTFS trip frequency
PLANBUS00181,300,0.813,0.9,0.2,1879,Planned near-term e-bus expansion scenario; route assignment weighted by selected GTFS trip frequency
PLANBUS00182,300,0.725,0.9,0.2,1879,Planned near-term e-bus expansion scenario; route assignment weighted by selected GTFS trip frequency
PLANBUS00183,300,0.731,0.9,0.2,1879,Planned near-term e-bus expansion scenario; route assignment weighted by selected GTFS trip frequency
PLANBUS00184,300,0.726,0.9,0.2,1879,Planned near-term e-bus expansion scenario; route assignment weighted by selected GTFS trip frequency
PLANBUS00185,300,0.822,0.9,0.2,1879,Planned near-term e-bus expansion scenario; route assignment weighted by selected GTFS trip frequency
PLANBUS00186,300,0.829,0.9,0.2,1879,Planned near-term e-bus expansion scenario; route assignment weighted by selected GTFS trip frequency
PLANBUS00187,300,0.851,0.9,0.2,1879,Planned near-term e-bus expansion scenario; route assignment weighted by selected GTFS trip frequency
PLANBUS00188,300,0.771,0.9,0.2,1879,Planned near-term e-bus expansion scenario; route assignment weighted by selected GTFS trip frequency
PLANBUS00189,300,0.851,0.9,0.2,1879,Planned near-term e-bus expansion scenario; route assignment weighted by selected GTFS trip frequency
PLANBUS00190,300,0.833,0.9,0.2,1879,Planned near-term e-bus expansion scenario; route assignment weighted by selected GTFS trip frequency
PLANBUS00191,300,0.78,0.9,0.2,1879,Planned near-term e-bus expansion scenario; route assignment weighted by selected GTFS trip frequency
PLANBUS00192,300,0.831,0.9,0.2,1879,Planned near-term e-bus expansion scenario; route assignment weighted by selected GTFS trip frequency
PLANBUS00193,300,0.76,0.9,0.2,1879,Planned near-term e-bus expansion scenario; route assignment weighted by selected GTFS trip frequency
PLANBUS00194,300,0.763,0.9,0.2,2008629,Planned near-term e-bus expansion scenario; route assignment weighted by selected GTFS trip frequency
PLANBUS00195,300,0.781,0.9,0.2,2008629,Planned near-term e-bus expansion scenario; route assignment weighted by selected GTFS trip frequency
PLANBUS00196,300,0.809,0.9,0.2,2008629,Planned near-term e-bus expansion scenario; route assignment weighted by selected GTFS trip frequency
PLANBUS00197,300,0.825,0.9,0.2,2008629,Planned near-term e-bus expansion scenario; route assignment weighted by selected GTFS trip frequency
PLANBUS00198,300,0.838,0.9,0.2,2008629,Planned near-term e-bus expansion scenario; route assignment weighted by selected GTFS trip frequency
PLANBUS00199,300,0.828,0.9,0.2,2008629,Planned near-term e-bus expansion scenario; route assignment weighted by selected GTFS trip frequency
PLANBUS00200,300,0.738,0.9,0.2,2008629,Planned near-term e-bus expansion scenario; route assignment weighted by selected GTFS trip frequency
PLANBUS00201,300,0.805,0.9,0.2,2008629,Planned near-term e-bus expansion scenario; route assignment weighted by selected GTFS trip frequency
PLANBUS00202,300,0.852,0.9,0.2,2008629,Planned near-term e-bus expansion scenario; route assignment weighted by selected GTFS trip frequency
PLANBUS00203,300,0.724,0.9,0.2,2008629,Planned near-term e-bus expansion scenario; route assignment weighted by selected GTFS trip frequency
PLANBUS00204,300,0.784,0.9,0.2,2008629,Planned near-term e-bus expansion scenario; route assignment weighted by selected GTFS trip frequency
PLANBUS00205,300,0.78,0.9,0.2,2008629,Planned near-term e-bus expansion scenario; route assignment weighted by selected GTFS trip frequency
PLANBUS00206,300,0.842,0.9,0.2,2008629,Planned near-term e-bus expansion scenario; route assignment weighted by selected GTFS trip frequency
PLANBUS00207,300,0.86,0.9,0.2,2008629,Planned near-term e-bus expansion scenario; route assignment weighted by selected GTFS trip frequency
PLANBUS00208,300,0.813,0.9,0.2,2008629,Planned near-term e-bus expansion scenario; route assignment weighted by selected GTFS trip frequency
PLANBUS00209,300,0.793,0.9,0.2,2008629,Planned near-term e-bus expansion scenario; route assignment weighted by selected GTFS trip frequency
PLANBUS00210,300,0.874,0.9,0.2,2008629,Planned near-term e-bus expansion scenario; route assignment weighted by selected GTFS trip frequency
PLANBUS00211,300,0.85,0.9,0.2,2008629,Planned near-term e-bus expansion scenario; route assignment weighted by selected GTFS trip frequency
PLANBUS00212,300,0.734,0.9,0.2,2008629,Planned near-term e-bus expansion scenario; route assignment weighted by selected GTFS trip frequency
PLANBUS00213,300,0.836,0.9,0.2,2008629,Planned near-term e-bus expansion scenario; route assignment weighted by selected GTFS trip frequency
PLANBUS00214,300,0.72,0.9,0.2,2008629,Planned near-term e-bus expansion scenario; route assignment weighted by selected GTFS trip frequency
PLANBUS00215,300,0.853,0.9,0.2,2008629,Planned near-term e-bus expansion scenario; route assignment weighted by selected GTFS trip frequency
PLANBUS00216,300,0.791,0.9,0.2,2008629,Planned near-term e-bus expansion scenario; route assignment weighted by selected GTFS trip frequency
PLANBUS00217,300,0.805,0.9,0.2,2008629,Planned near-term e-bus expansion scenario; route assignment weighted by selected GTFS trip frequency
PLANBUS00218,300,0.771,0.9,0.2,2008629,Planned near-term e-bus expansion scenario; route assignment weighted by selected GTFS trip frequency
PLANBUS00219,300,0.834,0.9,0.2,2008629,Planned near-term e-bus expansion scenario; route assignment weighted by selected GTFS trip frequency
PLANBUS00220,300,0.808,0.9,0.2,2008629,Planned near-term e-bus expansion scenario; route assignment weighted by selected GTFS trip frequency
PLANBUS00221,300,0.779,0.9,0.2,2008629,Planned near-term e-bus expansion scenario; route assignment weighted by selected GTFS trip frequency
PLANBUS00222,300,0.811,0.9,0.2,2008629,Planned near-term e-bus expansion scenario; route assignment weighted by selected GTFS trip frequency
PLANBUS00223,300,0.769,0.9,0.2,2008629,Planned near-term e-bus expansion scenario; route assignment weighted by selected GTFS trip frequency
PLANBUS00224,300,0.777,0.9,0.2,2008629,Planned near-term e-bus expansion scenario; route assignment weighted by selected GTFS trip frequency
PLANBUS00225,300,0.859,0.9,0.2,2008629,Planned near-term e-bus expansion scenario; route assignment weighted by selected GTFS trip frequency
PLANBUS00226,300,0.79,0.9,0.2,2008629,Planned near-term e-bus expansion scenario; route assignment weighted by selected GTFS trip frequency
PLANBUS00227,300,0.858,0.9,0.2,2008629,Planned near-term e-bus expansion scenario; route assignment weighted by selected GTFS trip frequency
PLANBUS00228,300,0.792,0.9,0.2,2008629,Planned near-term e-bus expansion scenario; route assignment weighted by selected GTFS trip frequency
PLANBUS00229,300,0.81,0.9,0.2,2008629,Planned near-term e-bus expansion scenario; route assignment weighted by selected GTFS trip frequency
PLANBUS00230,300,0.807,0.9,0.2,2008629,Planned near-term e-bus expansion scenario; route assignment weighted by selected GTFS trip frequency
PLANBUS00231,300,0.731,0.9,0.2,2008629,Planned near-term e-bus expansion scenario; route assignment weighted by selected GTFS trip frequency
PLANBUS00232,300,0.808,0.9,0.2,2008629,Planned near-term e-bus expansion scenario; route assignment weighted by selected GTFS trip frequency
PLANBUS00233,300,0.808,0.9,0.2,2008629,Planned near-term e-bus expansion scenario; route assignment weighted by selected GTFS trip frequency
PLANBUS00234,300,0.742,0.9,0.2,2008629,Planned near-term e-bus expansion scenario; route assignment weighted by selected GTFS trip frequency
PLANBUS00235,300,0.745,0.9,0.2,2008629,Planned near-term e-bus expansion scenario; route assignment weighted by selected GTFS trip frequency
PLANBUS00236,300,0.87,0.9,0.2,2008629,Planned near-term e-bus expansion scenario; route assignment weighted by selected GTFS trip frequency
PLANBUS00237,300,0.793,0.9,0.2,2008629,Planned near-term e-bus expansion scenario; route assignment weighted by selected GTFS trip frequency
PLANBUS00238,300,0.815,0.9,0.2,2008629,Planned near-term e-bus expansion scenario; route assignment weighted by selected GTFS trip frequency
PLANBUS00239,300,0.789,0.9,0.2,2008629,Planned near-term e-bus expansion scenario; route assignment weighted by selected GTFS trip frequency
PLANBUS00240,300,0.798,0.9,0.2,2008629,Planned near-term e-bus expansion scenario; route assignment weighted by selected GTFS trip frequency
PLANBUS00241,300,0.771,0.9,0.2,2008629,Planned near-term e-bus expansion scenario; route assignment weighted by selected GTFS trip frequency
PLANBUS00242,300,0.804,0.9,0.2,2008629,Planned near-term e-bus expansion scenario; route assignment weighted by selected GTFS trip frequency
PLANBUS00243,300,0.795,0.9,0.2,2008629,Planned near-term e-bus expansion scenario; route assignment weighted by selected GTFS trip frequency
PLANBUS00244,300,0.866,0.9,0.2,2008629,Planned near-term e-bus expansion scenario; route assignment weighted by selected GTFS trip frequency
PLANBUS00245,300,0.879,0.9,0.2,2008629,Planned near-term e-bus expansion scenario; route assignment weighted by selected GTFS trip frequency
PLANBUS00246,300,0.757,0.9,0.2,2008629,Planned near-term e-bus expansion scenario; route assignment weighted by selected GTFS trip frequency
PLANBUS00247,300,0.784,0.9,0.2,2008629,Planned near-term e-bus expansion scenario; route assignment weighted by selected GTFS trip frequency
PLANBUS00248,300,0.798,0.9,0.2,2008629,Planned near-term e-bus expansion scenario; route assignment weighted by selected GTFS trip frequency
PLANBUS00249,300,0.829,0.9,0.2,2008629,Planned near-term e-bus expansion scenario; route assignment weighted by selected GTFS trip frequency
PLANBUS00250,300,0.775,0.9,0.2,2008629,Planned near-term e-bus expansion scenario; route assignment weighted by selected GTFS trip frequency
PLANBUS00251,300,0.878,0.9,0.2,2008629,Planned near-term e-bus expansion scenario; route assignment weighted by selected GTFS trip frequency
PLANBUS00252,300,0.805,0.9,0.2,2008629,Planned near-term e-bus expansion scenario; route assignment weighted by selected GTFS trip frequency
PLANBUS00253,300,0.777,0.9,0.2,2000511,Planned near-term e-bus expansion scenario; route assignment weighted by selected GTFS trip frequency
PLANBUS00254,300,0.868,0.9,0.2,2000511,Planned near-term e-bus expansion scenario; route assignment weighted by selected GTFS trip frequency
PLANBUS00255,300,0.864,0.9,0.2,2000511,Planned near-term e-bus expansion scenario; route assignment weighted by selected GTFS trip frequency
PLANBUS00256,300,0.825,0.9,0.2,2000511,Planned near-term e-bus expansion scenario; route assignment weighted by selected GTFS trip frequency
PLANBUS00257,300,0.81,0.9,0.2,2000511,Planned near-term e-bus expansion scenario; route assignment weighted by selected GTFS trip frequency
PLANBUS00258,300,0.796,0.9,0.2,2000511,Planned near-term e-bus expansion scenario; route assignment weighted by selected GTFS trip frequency
PLANBUS00259,300,0.854,0.9,0.2,2000511,Planned near-term e-bus expansion scenario; route assignment weighted by selected GTFS trip frequency
PLANBUS00260,300,0.77,0.9,0.2,2000511,Planned near-term e-bus expansion scenario; route assignment weighted by selected GTFS trip frequency
PLANBUS00261,300,0.776,0.9,0.2,2000511,Planned near-term e-bus expansion scenario; route assignment weighted by selected GTFS trip frequency
PLANBUS00262,300,0.742,0.9,0.2,2000511,Planned near-term e-bus expansion scenario; route assignment weighted by selected GTFS trip frequency
PLANBUS00263,300,0.839,0.9,0.2,2000511,Planned near-term e-bus expansion scenario; route assignment weighted by selected GTFS trip frequency
PLANBUS00264,300,0.769,0.9,0.2,2000511,Planned near-term e-bus expansion scenario; route assignment weighted by selected GTFS trip frequency
PLANBUS00265,300,0.81,0.9,0.2,2000511,Planned near-term e-bus expansion scenario; route assignment weighted by selected GTFS trip frequency
PLANBUS00266,300,0.843,0.9,0.2,2000511,Planned near-term e-bus expansion scenario; route assignment weighted by selected GTFS trip frequency
PLANBUS00267,300,0.876,0.9,0.2,2000511,Planned near-term e-bus expansion scenario; route assignment weighted by selected GTFS trip frequency
PLANBUS00268,300,0.778,0.9,0.2,2000511,Planned near-term e-bus expansion scenario; route assignment weighted by selected GTFS trip frequency
PLANBUS00269,300,0.765,0.9,0.2,2000511,Planned near-term e-bus expansion scenario; route assignment weighted by selected GTFS trip frequency
PLANBUS00270,300,0.791,0.9,0.2,2000511,Planned near-term e-bus expansion scenario; route assignment weighted by selected GTFS trip frequency
PLANBUS00271,300,0.874,0.9,0.2,2000511,Planned near-term e-bus expansion scenario; route assignment weighted by selected GTFS trip frequency
PLANBUS00272,300,0.873,0.9,0.2,2000511,Planned near-term e-bus expansion scenario; route assignment weighted by selected GTFS trip frequency
PLANBUS00273,300,0.856,0.9,0.2,2000511,Planned near-term e-bus expansion scenario; route assignment weighted by selected GTFS trip frequency
PLANBUS00274,300,0.739,0.9,0.2,2000511,Planned near-term e-bus expansion scenario; route assignment weighted by selected GTFS trip frequency
PLANBUS00275,300,0.813,0.9,0.2,2000511,Planned near-term e-bus expansion scenario; route assignment weighted by selected GTFS trip frequency
PLANBUS00276,300,0.778,0.9,0.2,2000511,Planned near-term e-bus expansion scenario; route assignment weighted by selected GTFS trip frequency
PLANBUS00277,300,0.8,0.9,0.2,2000511,Planned near-term e-bus expansion scenario; route assignment weighted by selected GTFS trip frequency
PLANBUS00278,300,0.844,0.9,0.2,2000511,Planned near-term e-bus expansion scenario; route assignment weighted by selected GTFS trip frequency
PLANBUS00279,300,0.803,0.9,0.2,2000511,Planned near-term e-bus expansion scenario; route assignment weighted by selected GTFS trip frequency
PLANBUS00280,300,0.776,0.9,0.2,2000511,Planned near-term e-bus expansion scenario; route assignment weighted by selected GTFS trip frequency
PLANBUS00281,300,0.771,0.9,0.2,2000511,Planned near-term e-bus expansion scenario; route assignment weighted by selected GTFS trip frequency
PLANBUS00282,300,0.788,0.9,0.2,2000511,Planned near-term e-bus expansion scenario; route assignment weighted by selected GTFS trip frequency
PLANBUS00283,300,0.763,0.9,0.2,2000511,Planned near-term e-bus expansion scenario; route assignment weighted by selected GTFS trip frequency
PLANBUS00284,300,0.721,0.9,0.2,2000511,Planned near-term e-bus expansion scenario; route assignment weighted by selected GTFS trip frequency
PLANBUS00285,300,0.813,0.9,0.2,2000511,Planned near-term e-bus expansion scenario; route assignment weighted by selected GTFS trip frequency
PLANBUS00286,300,0.749,0.9,0.2,2000511,Planned near-term e-bus expansion scenario; route assignment weighted by selected GTFS trip frequency
PLANBUS00287,300,0.837,0.9,0.2,2000511,Planned near-term e-bus expansion scenario; route assignment weighted by selected GTFS trip frequency
PLANBUS00288,300,0.724,0.9,0.2,2000511,Planned near-term e-bus expansion scenario; route assignment weighted by selected GTFS trip frequency
PLANBUS00289,300,0.848,0.9,0.2,2000511,Planned near-term e-bus expansion scenario; route assignment weighted by selected GTFS trip frequency
PLANBUS00290,300,0.78,0.9,0.2,2000511,Planned near-term e-bus expansion scenario; route assignment weighted by selected GTFS trip frequency
PLANBUS00291,300,0.76,0.9,0.2,2000511,Planned near-term e-bus expansion scenario; route assignment weighted by selected GTFS trip frequency
PLANBUS00292,300,0.873,0.9,0.2,2000511,Planned near-term e-bus expansion scenario; route assignment weighted by selected GTFS trip frequency
PLANBUS00293,300,0.793,0.9,0.2,2000511,Planned near-term e-bus expansion scenario; route assignment weighted by selected GTFS trip frequency
PLANBUS00294,300,0.766,0.9,0.2,2000511,Planned near-term e-bus expansion scenario; route assignment weighted by selected GTFS trip frequency
PLANBUS00295,300,0.861,0.9,0.2,2000511,Planned near-term e-bus expansion scenario; route assignment weighted by selected GTFS trip frequency
PLANBUS00296,300,0.751,0.9,0.2,2000511,Planned near-term e-bus expansion scenario; route assignment weighted by selected GTFS trip frequency
PLANBUS00297,300,0.838,0.9,0.2,2000511,Planned near-term e-bus expansion scenario; route assignment weighted by selected GTFS trip frequency
PLANBUS00298,300,0.856,0.9,0.2,2000511,Planned near-term e-bus expansion scenario; route assignment weighted by selected GTFS trip frequency
PLANBUS00299,300,0.765,0.9,0.2,2000511,Planned near-term e-bus expansion scenario; route assignment weighted by selected GTFS trip frequency
PLANBUS00300,300,0.788,0.9,0.2,2000511,Planned near-term e-bus expansion scenario; route assignment weighted by selected GTFS trip frequency
PLANBUS00301,300,0.77,0.9,0.2,2000511,Planned near-term e-bus expansion scenario; route assignment weighted by selected GTFS trip frequency
PLANBUS00302,300,0.846,0.9,0.2,2000511,Planned near-term e-bus expansion scenario; route assignment weighted by selected GTFS trip frequency
PLANBUS00303,300,0.761,0.9,0.2,2000511,Planned near-term e-bus expansion scenario; route assignment weighted by selected GTFS trip frequency
PLANBUS00304,300,0.803,0.9,0.2,2000511,Planned near-term e-bus expansion scenario; route assignment weighted by selected GTFS trip frequency
PLANBUS00305,300,0.82,0.9,0.2,2000511,Planned near-term e-bus expansion scenario; route assignment weighted by selected GTFS trip frequency
PLANBUS00306,300,0.787,0.9,0.2,2000511,Planned near-term e-bus expansion scenario; route assignment weighted by selected GTFS trip frequency
PLANBUS00307,300,0.776,0.9,0.2,2000511,Planned near-term e-bus expansion scenario; route assignment weighted by selected GTFS trip frequency
PLANBUS00308,300,0.803,0.9,0.2,2000511,Planned near-term e-bus expansion scenario; route assignment weighted by selected GTFS trip frequency
PLANBUS00309,300,0.838,0.9,0.2,2003801,Planned near-term e-bus expansion scenario; route assignment weighted by selected GTFS trip frequency
PLANBUS00310,300,0.817,0.9,0.2,2003801,Planned near-term e-bus expansion scenario; route assignment weighted by selected GTFS trip frequency
PLANBUS00311,300,0.841,0.9,0.2,2003801,Planned near-term e-bus expansion scenario; route assignment weighted by selected GTFS trip frequency
PLANBUS00312,300,0.777,0.9,0.2,2003801,Planned near-term e-bus expansion scenario; route assignment weighted by selected GTFS trip frequency
PLANBUS00313,300,0.832,0.9,0.2,2003801,Planned near-term e-bus expansion scenario; route assignment weighted by selected GTFS trip frequency
PLANBUS00314,300,0.786,0.9,0.2,2003801,Planned near-term e-bus expansion scenario; route assignment weighted by selected GTFS trip frequency
PLANBUS00315,300,0.736,0.9,0.2,2003801,Planned near-term e-bus expansion scenario; route assignment weighted by selected GTFS trip frequency
PLANBUS00316,300,0.721,0.9,0.2,2003801,Planned near-term e-bus expansion scenario; route assignment weighted by selected GTFS trip frequency
PLANBUS00317,300,0.837,0.9,0.2,2003801,Planned near-term e-bus expansion scenario; route assignment weighted by selected GTFS trip frequency
PLANBUS00318,300,0.772,0.9,0.2,2003801,Planned near-term e-bus expansion scenario; route assignment weighted by selected GTFS trip frequency
PLANBUS00319,300,0.859,0.9,0.2,2003801,Planned near-term e-bus expansion scenario; route assignment weighted by selected GTFS trip frequency
PLANBUS00320,300,0.739,0.9,0.2,2003801,Planned near-term e-bus expansion scenario; route assignment weighted by selected GTFS trip frequency
PLANBUS00321,300,0.736,0.9,0.2,2003801,Planned near-term e-bus expansion scenario; route assignment weighted by selected GTFS trip frequency
PLANBUS00322,300,0.869,0.9,0.2,2003801,Planned near-term e-bus expansion scenario; route assignment weighted by selected GTFS trip frequency
PLANBUS00323,300,0.739,0.9,0.2,2003801,Planned near-term e-bus expansion scenario; route assignment weighted by selected GTFS trip frequency
PLANBUS00324,300,0.806,0.9,0.2,2003801,Planned near-term e-bus expansion scenario; route assignment weighted by selected GTFS trip frequency
PLANBUS00325,300,0.787,0.9,0.2,2003801,Planned near-term e-bus expansion scenario; route assignment weighted by selected GTFS trip frequency
PLANBUS00326,300,0.826,0.9,0.2,2003801,Planned near-term e-bus expansion scenario; route assignment weighted by selected GTFS trip frequency
PLANBUS00327,300,0.839,0.9,0.2,2003801,Planned near-term e-bus expansion scenario; route assignment weighted by selected GTFS trip frequency
PLANBUS00328,300,0.738,0.9,0.2,2003801,Planned near-term e-bus expansion scenario; route assignment weighted by selected GTFS trip frequency
PLANBUS00329,300,0.74,0.9,0.2,2003801,Planned near-term e-bus expansion scenario; route assignment weighted by selected GTFS trip frequency
PLANBUS00330,300,0.836,0.9,0.2,2003801,Planned near-term e-bus expansion scenario; route assignment weighted by selected GTFS trip frequency
PLANBUS00331,300,0.766,0.9,0.2,2003801,Planned near-term e-bus expansion scenario; route assignment weighted by selected GTFS trip frequency
PLANBUS00332,300,0.822,0.9,0.2,2003801,Planned near-term e-bus expansion scenario; route assignment weighted by selected GTFS trip frequency
PLANBUS00333,300,0.733,0.9,0.2,2003801,Planned near-term e-bus expansion scenario; route assignment weighted by selected GTFS trip frequency
PLANBUS00334,300,0.76,0.9,0.2,2003801,Planned near-term e-bus expansion scenario; route assignment weighted by selected GTFS trip frequency
PLANBUS00335,300,0.804,0.9,0.2,2003801,Planned near-term e-bus expansion scenario; route assignment weighted by selected GTFS trip frequency
PLANBUS00336,300,0.822,0.9,0.2,2003801,Planned near-term e-bus expansion scenario; route assignment weighted by selected GTFS trip frequency
PLANBUS00337,300,0.853,0.9,0.2,2003801,Planned near-term e-bus expansion scenario; route assignment weighted by selected GTFS trip frequency
PLANBUS00338,300,0.858,0.9,0.2,2003801,Planned near-term e-bus expansion scenario; route assignment weighted by selected GTFS trip frequency
PLANBUS00339,300,0.757,0.9,0.2,2003801,Planned near-term e-bus expansion scenario; route assignment weighted by selected GTFS trip frequency
PLANBUS00340,300,0.862,0.9,0.2,2003801,Planned near-term e-bus expansion scenario; route assignment weighted by selected GTFS trip frequency
PLANBUS00341,300,0.762,0.9,0.2,2003801,Planned near-term e-bus expansion scenario; route assignment weighted by selected GTFS trip frequency
PLANBUS00342,300,0.771,0.9,0.2,2003801,Planned near-term e-bus expansion scenario; route assignment weighted by selected GTFS trip frequency
PLANBUS00343,300,0.79,0.9,0.2,2003801,Planned near-term e-bus expansion scenario; route assignment weighted by selected GTFS trip frequency
PLANBUS00344,300,0.767,0.9,0.2,2003801,Planned near-term e-bus expansion scenario; route assignment weighted by selected GTFS trip frequency
PLANBUS00345,300,0.852,0.9,0.2,2003801,Planned near-term e-bus expansion scenario; route assignment weighted by selected GTFS trip frequency
PLANBUS00346,300,0.763,0.9,0.2,2003801,Planned near-term e-bus expansion scenario; route assignment weighted by selected GTFS trip frequency
PLANBUS00347,300,0.745,0.9,0.2,2003801,Planned near-term e-bus expansion scenario; route assignment weighted by selected GTFS trip frequency
PLANBUS00348,300,0.752,0.9,0.2,2003801,Planned near-term e-bus expansion scenario; route assignment weighted by selected GTFS trip frequency
PLANBUS00349,300,0.819,0.9,0.2,2003801,Planned near-term e-bus expansion scenario; route assignment weighted by selected GTFS trip frequency
PLANBUS00350,300,0.859,0.9,0.2,2003801,Planned near-term e-bus expansion scenario; route assignment weighted by selected GTFS trip frequency
PLANBUS00351,300,0.854,0.9,0.2,2003801,Planned near-term e-bus expansion scenario; route assignment weighted by selected GTFS trip frequency
PLANBUS00352,300,0.837,0.9,0.2,2003801,Planned near-term e-bus expansion scenario; route assignment weighted by selected GTFS trip frequency
PLANBUS00353,300,0.781,0.9,0.2,2003801,Planned near-term e-bus expansion scenario; route assignment weighted by selected GTFS trip frequency
PLANBUS00354,300,0.822,0.9,0.2,2003801,Planned near-term e-bus expansion scenario; route assignment weighted by selected GTFS trip frequency
PLANBUS00355,300,0.728,0.9,0.2,2003801,Planned near-term e-bus expansion scenario; route assignment weighted by selected GTFS trip frequency
PLANBUS00356,300,0.751,0.9,0.2,2003801,Planned near-term e-bus expansion scenario; route assignment weighted by selected GTFS trip frequency
PLANBUS00357,300,0.832,0.9,0.2,2003801,Planned near-term e-bus expansion scenario; route assignment weighted by selected GTFS trip frequency
PLANBUS00358,300,0.864,0.9,0.2,2003801,Planned near-term e-bus expansion scenario; route assignment weighted by selected GTFS trip frequency
PLANBUS00359,300,0.815,0.9,0.2,2003801,Planned near-term e-bus expansion scenario; route assignment weighted by selected GTFS trip frequency
PLANBUS00360,300,0.867,0.9,0.2,2003801,Planned near-term e-bus expansion scenario; route assignment weighted by selected GTFS trip frequency
PLANBUS00361,300,0.841,0.9,0.2,2003801,Planned near-term e-bus expansion scenario; route assignment weighted by selected GTFS trip frequency
PLANBUS00362,300,0.803,0.9,0.2,2003801,Planned near-term e-bus expansion scenario; route assignment weighted by selected GTFS trip frequency
PLANBUS00363,300,0.807,0.9,0.2,2004825,Planned near-term e-bus expansion scenario; route assignment weighted by selected GTFS trip frequency
PLANBUS00364,300,0.783,0.9,0.2,2004825,Planned near-term e-bus expansion scenario; route assignment weighted by selected GTFS trip frequency
PLANBUS00365,300,0.809,0.9,0.2,2004825,Planned near-term e-bus expansion scenario; route assignment weighted by selected GTFS trip frequency
PLANBUS00366,300,0.73,0.9,0.2,2004825,Planned near-term e-bus expansion scenario; route assignment weighted by selected GTFS trip frequency
PLANBUS00367,300,0.869,0.9,0.2,2004825,Planned near-term e-bus expansion scenario; route assignment weighted by selected GTFS trip frequency
PLANBUS00368,300,0.802,0.9,0.2,2004825,Planned near-term e-bus expansion scenario; route assignment weighted by selected GTFS trip frequency
PLANBUS00369,300,0.745,0.9,0.2,2004825,Planned near-term e-bus expansion scenario; route assignment weighted by selected GTFS trip frequency
PLANBUS00370,300,0.753,0.9,0.2,2004825,Planned near-term e-bus expansion scenario; route assignment weighted by selected GTFS trip frequency
PLANBUS00371,300,0.856,0.9,0.2,2004825,Planned near-term e-bus expansion scenario; route assignment weighted by selected GTFS trip frequency
PLANBUS00372,300,0.843,0.9,0.2,2004825,Planned near-term e-bus expansion scenario; route assignment weighted by selected GTFS trip frequency
PLANBUS00373,300,0.827,0.9,0.2,2004825,Planned near-term e-bus expansion scenario; route assignment weighted by selected GTFS trip frequency
PLANBUS00374,300,0.749,0.9,0.2,2004825,Planned near-term e-bus expansion scenario; route assignment weighted by selected GTFS trip frequency
PLANBUS00375,300,0.759,0.9,0.2,2004825,Planned near-term e-bus expansion scenario; route assignment weighted by selected GTFS trip frequency
PLANBUS00376,300,0.794,0.9,0.2,2004825,Planned near-term e-bus expansion scenario; route assignment weighted by selected GTFS trip frequency
PLANBUS00377,300,0.844,0.9,0.2,2004825,Planned near-term e-bus expansion scenario; route assignment weighted by selected GTFS trip frequency
PLANBUS00378,300,0.787,0.9,0.2,2004825,Planned near-term e-bus expansion scenario; route assignment weighted by selected GTFS trip frequency
PLANBUS00379,300,0.745,0.9,0.2,2004825,Planned near-term e-bus expansion scenario; route assignment weighted by selected GTFS trip frequency
PLANBUS00380,300,0.728,0.9,0.2,2004825,Planned near-term e-bus expansion scenario; route assignment weighted by selected GTFS trip frequency
PLANBUS00381,300,0.866,0.9,0.2,2004825,Planned near-term e-bus expansion scenario; route assignment weighted by selected GTFS trip frequency
PLANBUS00382,300,0.772,0.9,0.2,2004825,Planned near-term e-bus expansion scenario; route assignment weighted by selected GTFS trip frequency
PLANBUS00383,300,0.85,0.9,0.2,2004825,Planned near-term e-bus expansion scenario; route assignment weighted by selected GTFS trip frequency
PLANBUS00384,300,0.78,0.9,0.2,2004825,Planned near-term e-bus expansion scenario; route assignment weighted by selected GTFS trip frequency
PLANBUS00385,300,0.872,0.9,0.2,2004825,Planned near-term e-bus expansion scenario; route assignment weighted by selected GTFS trip frequency
PLANBUS00386,300,0.833,0.9,0.2,2004825,Planned near-term e-bus expansion scenario; route assignment weighted by selected GTFS trip frequency
PLANBUS00387,300,0.738,0.9,0.2,2004825,Planned near-term e-bus expansion scenario; route assignment weighted by selected GTFS trip frequency
PLANBUS00388,300,0.817,0.9,0.2,2004825,Planned near-term e-bus expansion scenario; route assignment weighted by selected GTFS trip frequency
PLANBUS00389,300,0.841,0.9,0.2,2004825,Planned near-term e-bus expansion scenario; route assignment weighted by selected GTFS trip frequency
PLANBUS00390,300,0.771,0.9,0.2,2004825,Planned near-term e-bus expansion scenario; route assignment weighted by selected GTFS trip frequency
PLANBUS00391,300,0.825,0.9,0.2,2004825,Planned near-term e-bus expansion scenario; route assignment weighted by selected GTFS trip frequency
PLANBUS00392,300,0.758,0.9,0.2,2004825,Planned near-term e-bus expansion scenario; route assignment weighted by selected GTFS trip frequency
PLANBUS00393,300,0.825,0.9,0.2,2004825,Planned near-term e-bus expansion scenario; route assignment weighted by selected GTFS trip frequency
PLANBUS00394,300,0.735,0.9,0.2,2004825,Planned near-term e-bus expansion scenario; route assignment weighted by selected GTFS trip frequency
PLANBUS00395,300,0.803,0.9,0.2,2004825,Planned near-term e-bus expansion scenario; route assignment weighted by selected GTFS trip frequency
PLANBUS00396,300,0.746,0.9,0.2,2004825,Planned near-term e-bus expansion scenario; route assignment weighted by selected GTFS trip frequency
PLANBUS00397,300,0.861,0.9,0.2,2004825,Planned near-term e-bus expansion scenario; route assignment weighted by selected GTFS trip frequency
PLANBUS00398,300,0.88,0.9,0.2,2004825,Planned near-term e-bus expansion scenario; route assignment weighted by selected GTFS trip frequency
PLANBUS00399,300,0.759,0.9,0.2,2004825,Planned near-term e-bus expansion scenario; route assignment weighted by selected GTFS trip frequency
PLANBUS00400,300,0.744,0.9,0.2,2004825,Planned near-term e-bus expansion scenario; route assignment weighted by selected GTFS trip frequency
PLANBUS00401,300,0.728,0.9,0.2,2004825,Planned near-term e-bus expansion scenario; route assignment weighted by selected GTFS trip frequency
PLANBUS00402,300,0.857,0.9,0.2,2004825,Planned near-term e-bus expansion scenario; route assignment weighted by selected GTFS trip frequency
PLANBUS00403,300,0.875,0.9,0.2,2004825,Planned near-term e-bus expansion scenario; route assignment weighted by selected GTFS trip frequency
PLANBUS00404,300,0.731,0.9,0.2,2004825,Planned near-term e-bus expansion scenario; route assignment weighted by selected GTFS trip frequency
PLANBUS00405,300,0.732,0.9,0.2,2004825,Planned near-term e-bus expansion scenario; route assignment weighted by selected GTFS trip frequency
PLANBUS00406,300,0.768,0.9,0.2,2004825,Planned near-term e-bus expansion scenario; route assignment weighted by selected GTFS trip frequency
PLANBUS00407,300,0.85,0.9,0.2,2004825,Planned near-term e-bus expansion scenario; route assignment weighted by selected GTFS trip frequency
PLANBUS00408,300,0.75,0.9,0.2,2004825,Planned near-term e-bus expansion scenario; route assignment weighted by selected GTFS trip frequency
PLANBUS00409,300,0.876,0.9,0.2,2004825,Planned near-term e-bus expansion scenario; route assignment weighted by selected GTFS trip frequency
PLANBUS00410,300,0.773,0.9,0.2,2004825,Planned near-term e-bus expansion scenario; route assignment weighted by selected GTFS trip frequency
PLANBUS00411,300,0.723,0.9,0.2,2004825,Planned near-term e-bus expansion scenario; route assignment weighted by selected GTFS trip frequency
PLANBUS00412,300,0.876,0.9,0.2,2004825,Planned near-term e-bus expansion scenario; route assignment weighted by selected GTFS trip frequency
PLANBUS00413,300,0.795,0.9,0.2,2004825,Planned near-term e-bus expansion scenario; route assignment weighted by selected GTFS trip frequency
PLANBUS00414,300,0.8,0.9,0.2,2004825,Planned near-term e-bus expansion scenario; route assignment weighted by selected GTFS trip frequency
PLANBUS00415,300,0.818,0.9,0.2,1991,Planned near-term e-bus expansion scenario; route assignment weighted by selected GTFS trip frequency
PLANBUS00416,300,0.796,0.9,0.2,1991,Planned near-term e-bus expansion scenario; route assignment weighted by selected GTFS trip frequency
PLANBUS00417,300,0.744,0.9,0.2,1991,Planned near-term e-bus expansion scenario; route assignment weighted by selected GTFS trip frequency
PLANBUS00418,300,0.832,0.9,0.2,1991,Planned near-term e-bus expansion scenario; route assignment weighted by selected GTFS trip frequency
PLANBUS00419,300,0.837,0.9,0.2,1991,Planned near-term e-bus expansion scenario; route assignment weighted by selected GTFS trip frequency
PLANBUS00420,300,0.764,0.9,0.2,1991,Planned near-term e-bus expansion scenario; route assignment weighted by selected GTFS trip frequency
PLANBUS00421,300,0.768,0.9,0.2,1991,Planned near-term e-bus expansion scenario; route assignment weighted by selected GTFS trip frequency
PLANBUS00422,300,0.861,0.9,0.2,1991,Planned near-term e-bus expansion scenario; route assignment weighted by selected GTFS trip frequency
PLANBUS00423,300,0.813,0.9,0.2,1991,Planned near-term e-bus expansion scenario; route assignment weighted by selected GTFS trip frequency
PLANBUS00424,300,0.744,0.9,0.2,1991,Planned near-term e-bus expansion scenario; route assignment weighted by selected GTFS trip frequency
PLANBUS00425,300,0.779,0.9,0.2,1991,Planned near-term e-bus expansion scenario; route assignment weighted by selected GTFS trip frequency
PLANBUS00426,300,0.731,0.9,0.2,1991,Planned near-term e-bus expansion scenario; route assignment weighted by selected GTFS trip frequency
PLANBUS00427,300,0.769,0.9,0.2,1991,Planned near-term e-bus expansion scenario; route assignment weighted by selected GTFS trip frequency
PLANBUS00428,300,0.862,0.9,0.2,1991,Planned near-term e-bus expansion scenario; route assignment weighted by selected GTFS trip frequency
PLANBUS00429,300,0.807,0.9,0.2,1991,Planned near-term e-bus expansion scenario; route assignment weighted by selected GTFS trip frequency
PLANBUS00430,300,0.744,0.9,0.2,1991,Planned near-term e-bus expansion scenario; route assignment weighted by selected GTFS trip frequency
PLANBUS00431,300,0.842,0.9,0.2,1991,Planned near-term e-bus expansion scenario; route assignment weighted by selected GTFS trip frequency
PLANBUS00432,300,0.751,0.9,0.2,1991,Planned near-term e-bus expansion scenario; route assignment weighted by selected GTFS trip frequency
PLANBUS00433,300,0.798,0.9,0.2,1991,Planned near-term e-bus expansion scenario; route assignment weighted by selected GTFS trip frequency
PLANBUS00434,300,0.757,0.9,0.2,1991,Planned near-term e-bus expansion scenario; route assignment weighted by selected GTFS trip frequency
PLANBUS00435,300,0.844,0.9,0.2,1991,Planned near-term e-bus expansion scenario; route assignment weighted by selected GTFS trip frequency
PLANBUS00436,300,0.803,0.9,0.2,1991,Planned near-term e-bus expansion scenario; route assignment weighted by selected GTFS trip frequency
PLANBUS00437,300,0.74,0.9,0.2,1991,Planned near-term e-bus expansion scenario; route assignment weighted by selected GTFS trip frequency
PLANBUS00438,300,0.829,0.9,0.2,1991,Planned near-term e-bus expansion scenario; route assignment weighted by selected GTFS trip frequency
PLANBUS00439,300,0.753,0.9,0.2,1991,Planned near-term e-bus expansion scenario; route assignment weighted by selected GTFS trip frequency
PLANBUS00440,300,0.737,0.9,0.2,1991,Planned near-term e-bus expansion scenario; route assignment weighted by selected GTFS trip frequency
PLANBUS00441,300,0.844,0.9,0.2,1991,Planned near-term e-bus expansion scenario; route assignment weighted by selected GTFS trip frequency
PLANBUS00442,300,0.844,0.9,0.2,1991,Planned near-term e-bus expansion scenario; route assignment weighted by selected GTFS trip frequency
PLANBUS00443,300,0.813,0.9,0.2,1991,Planned near-term e-bus expansion scenario; route assignment weighted by selected GTFS trip frequency
PLANBUS00444,300,0.727,0.9,0.2,1991,Planned near-term e-bus expansion scenario; route assignment weighted by selected GTFS trip frequency
PLANBUS00445,300,0.807,0.9,0.2,1991,Planned near-term e-bus expansion scenario; route assignment weighted by selected GTFS trip frequency
PLANBUS00446,300,0.836,0.9,0.2,1991,Planned near-term e-bus expansion scenario; route assignment weighted by selected GTFS trip frequency
PLANBUS00447,300,0.823,0.9,0.2,1991,Planned near-term e-bus expansion scenario; route assignment weighted by selected GTFS trip frequency
PLANBUS00448,300,0.786,0.9,0.2,1991,Planned near-term e-bus expansion scenario; route assignment weighted by selected GTFS trip frequency
PLANBUS00449,300,0.753,0.9,0.2,1991,Planned near-term e-bus expansion scenario; route assignment weighted by selected GTFS trip frequency
PLANBUS00450,300,0.838,0.9,0.2,1991,Planned near-term e-bus expansion scenario; route assignment weighted by selected GTFS trip frequency
PLANBUS00451,300,0.76,0.9,0.2,1991,Planned near-term e-bus expansion scenario; route assignment weighted by selected GTFS trip frequency
PLANBUS00452,300,0.832,0.9,0.2,1991,Planned near-term e-bus expansion scenario; route assignment weighted by selected GTFS trip frequency
PLANBUS00453,300,0.784,0.9,0.2,1991,Planned near-term e-bus expansion scenario; route assignment weighted by selected GTFS trip frequency
PLANBUS00454,300,0.803,0.9,0.2,1991,Planned near-term e-bus expansion scenario; route assignment weighted by selected GTFS trip frequency
PLANBUS00455,300,0.73,0.9,0.2,1991,Planned near-term e-bus expansion scenario; route assignment weighted by selected GTFS trip frequency
PLANBUS00456,300,0.735,0.9,0.2,1991,Planned near-term e-bus expansion scenario; route assignment weighted by selected GTFS trip frequency
PLANBUS00457,300,0.835,0.9,0.2,1991,Planned near-term e-bus expansion scenario; route assignment weighted by selected GTFS trip frequency
PLANBUS00458,300,0.877,0.9,0.2,1991,Planned near-term e-bus expansion scenario; route assignment weighted by selected GTFS trip frequency
PLANBUS00459,300,0.77,0.9,0.2,1991,Planned near-term e-bus expansion scenario; route assignment weighted by selected GTFS trip frequency
PLANBUS00460,300,0.863,0.9,0.2,1991,Planned near-term e-bus expansion scenario; route assignment weighted by selected GTFS trip frequency
PLANBUS00461,300,0.736,0.9,0.2,1991,Planned near-term e-bus expansion scenario; route assignment weighted by selected GTFS trip frequency
PLANBUS00462,300,0.753,0.9,0.2,1991,Planned near-term e-bus expansion scenario; route assignment weighted by selected GTFS trip frequency
PLANBUS00463,300,0.787,0.9,0.2,1991,Planned near-term e-bus expansion scenario; route assignment weighted by selected GTFS trip frequency
PLANBUS00464,300,0.767,0.9,0.2,1991,Planned near-term e-bus expansion scenario; route assignment weighted by selected GTFS trip frequency
PLANBUS00465,300,0.779,0.9,0.2,2008058,Planned near-term e-bus expansion scenario; route assignment weighted by selected GTFS trip frequency
PLANBUS00466,300,0.796,0.9,0.2,2008058,Planned near-term e-bus expansion scenario; route assignment weighted by selected GTFS trip frequency
PLANBUS00467,300,0.756,0.9,0.2,2008058,Planned near-term e-bus expansion scenario; route assignment weighted by selected GTFS trip frequency
PLANBUS00468,300,0.799,0.9,0.2,2008058,Planned near-term e-bus expansion scenario; route assignment weighted by selected GTFS trip frequency
PLANBUS00469,300,0.856,0.9,0.2,2008058,Planned near-term e-bus expansion scenario; route assignment weighted by selected GTFS trip frequency
PLANBUS00470,300,0.827,0.9,0.2,2008058,Planned near-term e-bus expansion scenario; route assignment weighted by selected GTFS trip frequency
PLANBUS00471,300,0.81,0.9,0.2,2008058,Planned near-term e-bus expansion scenario; route assignment weighted by selected GTFS trip frequency
PLANBUS00472,300,0.724,0.9,0.2,2008058,Planned near-term e-bus expansion scenario; route assignment weighted by selected GTFS trip frequency
PLANBUS00473,300,0.798,0.9,0.2,2008058,Planned near-term e-bus expansion scenario; route assignment weighted by selected GTFS trip frequency
PLANBUS00474,300,0.859,0.9,0.2,2008058,Planned near-term e-bus expansion scenario; route assignment weighted by selected GTFS trip frequency
PLANBUS00475,300,0.785,0.9,0.2,2008058,Planned near-term e-bus expansion scenario; route assignment weighted by selected GTFS trip frequency
PLANBUS00476,300,0.849,0.9,0.2,2008058,Planned near-term e-bus expansion scenario; route assignment weighted by selected GTFS trip frequency
PLANBUS00477,300,0.832,0.9,0.2,2008058,Planned near-term e-bus expansion scenario; route assignment weighted by selected GTFS trip frequency
PLANBUS00478,300,0.839,0.9,0.2,2008058,Planned near-term e-bus expansion scenario; route assignment weighted by selected GTFS trip frequency
PLANBUS00479,300,0.869,0.9,0.2,2008058,Planned near-term e-bus expansion scenario; route assignment weighted by selected GTFS trip frequency
PLANBUS00480,300,0.789,0.9,0.2,2008058,Planned near-term e-bus expansion scenario; route assignment weighted by selected GTFS trip frequency
PLANBUS00481,300,0.761,0.9,0.2,2008058,Planned near-term e-bus expansion scenario; route assignment weighted by selected GTFS trip frequency
PLANBUS00482,300,0.853,0.9,0.2,2008058,Planned near-term e-bus expansion scenario; route assignment weighted by selected GTFS trip frequency
PLANBUS00483,300,0.875,0.9,0.2,2008058,Planned near-term e-bus expansion scenario; route assignment weighted by selected GTFS trip frequency
PLANBUS00484,300,0.734,0.9,0.2,2008058,Planned near-term e-bus expansion scenario; route assignment weighted by selected GTFS trip frequency
PLANBUS00485,300,0.803,0.9,0.2,2008058,Planned near-term e-bus expansion scenario; route assignment weighted by selected GTFS trip frequency
PLANBUS00486,300,0.777,0.9,0.2,2008058,Planned near-term e-bus expansion scenario; route assignment weighted by selected GTFS trip frequency
PLANBUS00487,300,0.856,0.9,0.2,2008058,Planned near-term e-bus expansion scenario; route assignment weighted by selected GTFS trip frequency
PLANBUS00488,300,0.815,0.9,0.2,2008058,Planned near-term e-bus expansion scenario; route assignment weighted by selected GTFS trip frequency
PLANBUS00489,300,0.797,0.9,0.2,2008058,Planned near-term e-bus expansion scenario; route assignment weighted by selected GTFS trip frequency
PLANBUS00490,300,0.785,0.9,0.2,2008058,Planned near-term e-bus expansion scenario; route assignment weighted by selected GTFS trip frequency
PLANBUS00491,300,0.794,0.9,0.2,2008058,Planned near-term e-bus expansion scenario; route assignment weighted by selected GTFS trip frequency
PLANBUS00492,300,0.759,0.9,0.2,2008058,Planned near-term e-bus expansion scenario; route assignment weighted by selected GTFS trip frequency
PLANBUS00493,300,0.741,0.9,0.2,2008058,Planned near-term e-bus expansion scenario; route assignment weighted by selected GTFS trip frequency
PLANBUS00494,300,0.727,0.9,0.2,2008058,Planned near-term e-bus expansion scenario; route assignment weighted by selected GTFS trip frequency
PLANBUS00495,300,0.815,0.9,0.2,2008058,Planned near-term e-bus expansion scenario; route assignment weighted by selected GTFS trip frequency
PLANBUS00496,300,0.724,0.9,0.2,2008058,Planned near-term e-bus expansion scenario; route assignment weighted by selected GTFS trip frequency
PLANBUS00497,300,0.816,0.9,0.2,2008058,Planned near-term e-bus expansion scenario; route assignment weighted by selected GTFS trip frequency
PLANBUS00498,300,0.875,0.9,0.2,2008058,Planned near-term e-bus expansion scenario; route assignment weighted by selected GTFS trip frequency
PLANBUS00499,300,0.806,0.9,0.2,2008058,Planned near-term e-bus expansion scenario; route assignment weighted by selected GTFS trip frequency
PLANBUS00500,300,0.73,0.9,0.2,2008058,Planned near-term e-bus expansion scenario; route assignment weighted by selected GTFS trip frequency
PLANBUS00501,300,0.842,0.9,0.2,2008058,Planned near-term e-bus expansion scenario; route assignment weighted by selected GTFS trip frequency
PLANBUS00502,300,0.789,0.9,0.2,2008058,Planned near-term e-bus expansion scenario; route assignment weighted by selected GTFS trip frequency
PLANBUS00503,300,0.799,0.9,0.2,2008058,Planned near-term e-bus expansion scenario; route assignment weighted by selected GTFS trip frequency
PLANBUS00504,300,0.782,0.9,0.2,2008058,Planned near-term e-bus expansion scenario; route assignment weighted by selected GTFS trip frequency
PLANBUS00505,300,0.817,0.9,0.2,2008058,Planned near-term e-bus expansion scenario; route assignment weighted by selected GTFS trip frequency
PLANBUS00506,300,0.807,0.9,0.2,2008058,Planned near-term e-bus expansion scenario; route assignment weighted by selected GTFS trip frequency
PLANBUS00507,300,0.722,0.9,0.2,2008058,Planned near-term e-bus expansion scenario; route assignment weighted by selected GTFS trip frequency
PLANBUS00508,300,0.81,0.9,0.2,2008058,Planned near-term e-bus expansion scenario; route assignment weighted by selected GTFS trip frequency
PLANBUS00509,300,0.758,0.9,0.2,2008058,Planned near-term e-bus expansion scenario; route assignment weighted by selected GTFS trip frequency
PLANBUS00510,300,0.753,0.9,0.2,2008058,Planned near-term e-bus expansion scenario; route assignment weighted by selected GTFS trip frequency
PLANBUS00511,300,0.807,0.9,0.2,2008058,Planned near-term e-bus expansion scenario; route assignment weighted by selected GTFS trip frequency
PLANBUS00512,300,0.753,0.9,0.2,2008058,Planned near-term e-bus expansion scenario; route assignment weighted by selected GTFS trip frequency
PLANBUS00513,300,0.825,0.9,0.2,2003209,Planned near-term e-bus expansion scenario; route assignment weighted by selected GTFS trip frequency
PLANBUS00514,300,0.847,0.9,0.2,2003209,Planned near-term e-bus expansion scenario; route assignment weighted by selected GTFS trip frequency
PLANBUS00515,300,0.725,0.9,0.2,2003209,Planned near-term e-bus expansion scenario; route assignment weighted by selected GTFS trip frequency
PLANBUS00516,300,0.721,0.9,0.2,2003209,Planned near-term e-bus expansion scenario; route assignment weighted by selected GTFS trip frequency
PLANBUS00517,300,0.755,0.9,0.2,2003209,Planned near-term e-bus expansion scenario; route assignment weighted by selected GTFS trip frequency
PLANBUS00518,300,0.85,0.9,0.2,2003209,Planned near-term e-bus expansion scenario; route assignment weighted by selected GTFS trip frequency
PLANBUS00519,300,0.857,0.9,0.2,2003209,Planned near-term e-bus expansion scenario; route assignment weighted by selected GTFS trip frequency
PLANBUS00520,300,0.771,0.9,0.2,2003209,Planned near-term e-bus expansion scenario; route assignment weighted by selected GTFS trip frequency
PLANBUS00521,300,0.808,0.9,0.2,2003209,Planned near-term e-bus expansion scenario; route assignment weighted by selected GTFS trip frequency
PLANBUS00522,300,0.801,0.9,0.2,2003209,Planned near-term e-bus expansion scenario; route assignment weighted by selected GTFS trip frequency
PLANBUS00523,300,0.774,0.9,0.2,2003209,Planned near-term e-bus expansion scenario; route assignment weighted by selected GTFS trip frequency
PLANBUS00524,300,0.839,0.9,0.2,2003209,Planned near-term e-bus expansion scenario; route assignment weighted by selected GTFS trip frequency
PLANBUS00525,300,0.806,0.9,0.2,2003209,Planned near-term e-bus expansion scenario; route assignment weighted by selected GTFS trip frequency
PLANBUS00526,300,0.879,0.9,0.2,2003209,Planned near-term e-bus expansion scenario; route assignment weighted by selected GTFS trip frequency
PLANBUS00527,300,0.735,0.9,0.2,2003209,Planned near-term e-bus expansion scenario; route assignment weighted by selected GTFS trip frequency
PLANBUS00528,300,0.827,0.9,0.2,2003209,Planned near-term e-bus expansion scenario; route assignment weighted by selected GTFS trip frequency
PLANBUS00529,300,0.782,0.9,0.2,2003209,Planned near-term e-bus expansion scenario; route assignment weighted by selected GTFS trip frequency
PLANBUS00530,300,0.737,0.9,0.2,2003209,Planned near-term e-bus expansion scenario; route assignment weighted by selected GTFS trip frequency
PLANBUS00531,300,0.757,0.9,0.2,2003209,Planned near-term e-bus expansion scenario; route assignment weighted by selected GTFS trip frequency
PLANBUS00532,300,0.733,0.9,0.2,2003209,Planned near-term e-bus expansion scenario; route assignment weighted by selected GTFS trip frequency
PLANBUS00533,300,0.758,0.9,0.2,2003209,Planned near-term e-bus expansion scenario; route assignment weighted by selected GTFS trip frequency
PLANBUS00534,300,0.872,0.9,0.2,2003209,Planned near-term e-bus expansion scenario; route assignment weighted by selected GTFS trip frequency
PLANBUS00535,300,0.794,0.9,0.2,2003209,Planned near-term e-bus expansion scenario; route assignment weighted by selected GTFS trip frequency
PLANBUS00536,300,0.88,0.9,0.2,2003209,Planned near-term e-bus expansion scenario; route assignment weighted by selected GTFS trip frequency
PLANBUS00537,300,0.797,0.9,0.2,2003209,Planned near-term e-bus expansion scenario; route assignment weighted by selected GTFS trip frequency
PLANBUS00538,300,0.81,0.9,0.2,2003209,Planned near-term e-bus expansion scenario; route assignment weighted by selected GTFS trip frequency
PLANBUS00539,300,0.83,0.9,0.2,2003209,Planned near-term e-bus expansion scenario; route assignment weighted by selected GTFS trip frequency
PLANBUS00540,300,0.756,0.9,0.2,2003209,Planned near-term e-bus expansion scenario; route assignment weighted by selected GTFS trip frequency
PLANBUS00541,300,0.841,0.9,0.2,2003209,Planned near-term e-bus expansion scenario; route assignment weighted by selected GTFS trip frequency
PLANBUS00542,300,0.811,0.9,0.2,2003209,Planned near-term e-bus expansion scenario; route assignment weighted by selected GTFS trip frequency
PLANBUS00543,300,0.803,0.9,0.2,2003209,Planned near-term e-bus expansion scenario; route assignment weighted by selected GTFS trip frequency
PLANBUS00544,300,0.85,0.9,0.2,2003209,Planned near-term e-bus expansion scenario; route assignment weighted by selected GTFS trip frequency
PLANBUS00545,300,0.864,0.9,0.2,2003209,Planned near-term e-bus expansion scenario; route assignment weighted by selected GTFS trip frequency
PLANBUS00546,300,0.737,0.9,0.2,2003209,Planned near-term e-bus expansion scenario; route assignment weighted by selected GTFS trip frequency
PLANBUS00547,300,0.735,0.9,0.2,2003209,Planned near-term e-bus expansion scenario; route assignment weighted by selected GTFS trip frequency
PLANBUS00548,300,0.81,0.9,0.2,2003209,Planned near-term e-bus expansion scenario; route assignment weighted by selected GTFS trip frequency
PLANBUS00549,300,0.858,0.9,0.2,2003209,Planned near-term e-bus expansion scenario; route assignment weighted by selected GTFS trip frequency
PLANBUS00550,300,0.743,0.9,0.2,2003209,Planned near-term e-bus expansion scenario; route assignment weighted by selected GTFS trip frequency
PLANBUS00551,300,0.826,0.9,0.2,2003209,Planned near-term e-bus expansion scenario; route assignment weighted by selected GTFS trip frequency
PLANBUS00552,300,0.833,0.9,0.2,2003209,Planned near-term e-bus expansion scenario; route assignment weighted by selected GTFS trip frequency
PLANBUS00553,300,0.813,0.9,0.2,2003209,Planned near-term e-bus expansion scenario; route assignment weighted by selected GTFS trip frequency
PLANBUS00554,300,0.832,0.9,0.2,2003209,Planned near-term e-bus expansion scenario; route assignment weighted by selected GTFS trip frequency
PLANBUS00555,300,0.765,0.9,0.2,2003209,Planned near-term e-bus expansion scenario; route assignment weighted by selected GTFS trip frequency
PLANBUS00556,300,0.857,0.9,0.2,2003209,Planned near-term e-bus expansion scenario; route assignment weighted by selected GTFS trip frequency
PLANBUS00557,300,0.731,0.9,0.2,2003209,Planned near-term e-bus expansion scenario; route assignment weighted by selected GTFS trip frequency
PLANBUS00558,300,0.786,0.9,0.2,2003209,Planned near-term e-bus expansion scenario; route assignment weighted by selected GTFS trip frequency
PLANBUS00559,300,0.732,0.9,0.2,1877,Planned near-term e-bus expansion scenario; route assignment weighted by selected GTFS trip frequency
PLANBUS00560,300,0.838,0.9,0.2,1877,Planned near-term e-bus expansion scenario; route assignment weighted by selected GTFS trip frequency
PLANBUS00561,300,0.761,0.9,0.2,1877,Planned near-term e-bus expansion scenario; route assignment weighted by selected GTFS trip frequency
PLANBUS00562,300,0.794,0.9,0.2,1877,Planned near-term e-bus expansion scenario; route assignment weighted by selected GTFS trip frequency
PLANBUS00563,300,0.787,0.9,0.2,1877,Planned near-term e-bus expansion scenario; route assignment weighted by selected GTFS trip frequency
PLANBUS00564,300,0.853,0.9,0.2,1877,Planned near-term e-bus expansion scenario; route assignment weighted by selected GTFS trip frequency
PLANBUS00565,300,0.865,0.9,0.2,1877,Planned near-term e-bus expansion scenario; route assignment weighted by selected GTFS trip frequency
PLANBUS00566,300,0.721,0.9,0.2,1877,Planned near-term e-bus expansion scenario; route assignment weighted by selected GTFS trip frequency
PLANBUS00567,300,0.774,0.9,0.2,1877,Planned near-term e-bus expansion scenario; route assignment weighted by selected GTFS trip frequency
PLANBUS00568,300,0.797,0.9,0.2,1877,Planned near-term e-bus expansion scenario; route assignment weighted by selected GTFS trip frequency
PLANBUS00569,300,0.869,0.9,0.2,1877,Planned near-term e-bus expansion scenario; route assignment weighted by selected GTFS trip frequency
PLANBUS00570,300,0.83,0.9,0.2,1877,Planned near-term e-bus expansion scenario; route assignment weighted by selected GTFS trip frequency
PLANBUS00571,300,0.767,0.9,0.2,1877,Planned near-term e-bus expansion scenario; route assignment weighted by selected GTFS trip frequency
PLANBUS00572,300,0.775,0.9,0.2,1877,Planned near-term e-bus expansion scenario; route assignment weighted by selected GTFS trip frequency
PLANBUS00573,300,0.743,0.9,0.2,1877,Planned near-term e-bus expansion scenario; route assignment weighted by selected GTFS trip frequency
PLANBUS00574,300,0.751,0.9,0.2,1877,Planned near-term e-bus expansion scenario; route assignment weighted by selected GTFS trip frequency
PLANBUS00575,300,0.855,0.9,0.2,1877,Planned near-term e-bus expansion scenario; route assignment weighted by selected GTFS trip frequency
PLANBUS00576,300,0.863,0.9,0.2,1877,Planned near-term e-bus expansion scenario; route assignment weighted by selected GTFS trip frequency
PLANBUS00577,300,0.863,0.9,0.2,1877,Planned near-term e-bus expansion scenario; route assignment weighted by selected GTFS trip frequency
PLANBUS00578,300,0.803,0.9,0.2,1877,Planned near-term e-bus expansion scenario; route assignment weighted by selected GTFS trip frequency
PLANBUS00579,300,0.726,0.9,0.2,1877,Planned near-term e-bus expansion scenario; route assignment weighted by selected GTFS trip frequency
PLANBUS00580,300,0.785,0.9,0.2,1877,Planned near-term e-bus expansion scenario; route assignment weighted by selected GTFS trip frequency
PLANBUS00581,300,0.723,0.9,0.2,1877,Planned near-term e-bus expansion scenario; route assignment weighted by selected GTFS trip frequency
PLANBUS00582,300,0.81,0.9,0.2,1877,Planned near-term e-bus expansion scenario; route assignment weighted by selected GTFS trip frequency
PLANBUS00583,300,0.776,0.9,0.2,1877,Planned near-term e-bus expansion scenario; route assignment weighted by selected GTFS trip frequency
PLANBUS00584,300,0.741,0.9,0.2,1877,Planned near-term e-bus expansion scenario; route assignment weighted by selected GTFS trip frequency
PLANBUS00585,300,0.843,0.9,0.2,1877,Planned near-term e-bus expansion scenario; route assignment weighted by selected GTFS trip frequency
PLANBUS00586,300,0.77,0.9,0.2,1877,Planned near-term e-bus expansion scenario; route assignment weighted by selected GTFS trip frequency
PLANBUS00587,300,0.872,0.9,0.2,1877,Planned near-term e-bus expansion scenario; route assignment weighted by selected GTFS trip frequency
PLANBUS00588,300,0.775,0.9,0.2,1877,Planned near-term e-bus expansion scenario; route assignment weighted by selected GTFS trip frequency
PLANBUS00589,300,0.811,0.9,0.2,1877,Planned near-term e-bus expansion scenario; route assignment weighted by selected GTFS trip frequency
PLANBUS00590,300,0.737,0.9,0.2,1877,Planned near-term e-bus expansion scenario; route assignment weighted by selected GTFS trip frequency
PLANBUS00591,300,0.799,0.9,0.2,1877,Planned near-term e-bus expansion scenario; route assignment weighted by selected GTFS trip frequency
PLANBUS00592,300,0.773,0.9,0.2,1877,Planned near-term e-bus expansion scenario; route assignment weighted by selected GTFS trip frequency
PLANBUS00593,300,0.852,0.9,0.2,1877,Planned near-term e-bus expansion scenario; route assignment weighted by selected GTFS trip frequency
PLANBUS00594,300,0.851,0.9,0.2,1877,Planned near-term e-bus expansion scenario; route assignment weighted by selected GTFS trip frequency
PLANBUS00595,300,0.728,0.9,0.2,1877,Planned near-term e-bus expansion scenario; route assignment weighted by selected GTFS trip frequency
PLANBUS00596,300,0.853,0.9,0.2,1877,Planned near-term e-bus expansion scenario; route assignment weighted by selected GTFS trip frequency
PLANBUS00597,300,0.802,0.9,0.2,1877,Planned near-term e-bus expansion scenario; route assignment weighted by selected GTFS trip frequency
PLANBUS00598,300,0.856,0.9,0.2,1877,Planned near-term e-bus expansion scenario; route assignment weighted by selected GTFS trip frequency
PLANBUS00599,300,0.857,0.9,0.2,1877,Planned near-term e-bus expansion scenario; route assignment weighted by selected GTFS trip frequency
PLANBUS00600,300,0.756,0.9,0.2,1877,Planned near-term e-bus expansion scenario; route assignment weighted by selected GTFS trip frequency
PLANBUS00601,300,0.763,0.9,0.2,1877,Planned near-term e-bus expansion scenario; route assignment weighted by selected GTFS trip frequency
PLANBUS00602,300,0.85,0.9,0.2,1877,Planned near-term e-bus expansion scenario; route assignment weighted by selected GTFS trip frequency
PLANBUS00603,300,0.767,0.9,0.2,2008594,Planned near-term e-bus expansion scenario; route assignment weighted by selected GTFS trip frequency
PLANBUS00604,300,0.777,0.9,0.2,2008594,Planned near-term e-bus expansion scenario; route assignment weighted by selected GTFS trip frequency
PLANBUS00605,300,0.781,0.9,0.2,2008594,Planned near-term e-bus expansion scenario; route assignment weighted by selected GTFS trip frequency
PLANBUS00606,300,0.864,0.9,0.2,2008594,Planned near-term e-bus expansion scenario; route assignment weighted by selected GTFS trip frequency
PLANBUS00607,300,0.732,0.9,0.2,2008594,Planned near-term e-bus expansion scenario; route assignment weighted by selected GTFS trip frequency
PLANBUS00608,300,0.816,0.9,0.2,2008594,Planned near-term e-bus expansion scenario; route assignment weighted by selected GTFS trip frequency
PLANBUS00609,300,0.795,0.9,0.2,2008594,Planned near-term e-bus expansion scenario; route assignment weighted by selected GTFS trip frequency
PLANBUS00610,300,0.82,0.9,0.2,2008594,Planned near-term e-bus expansion scenario; route assignment weighted by selected GTFS trip frequency
PLANBUS00611,300,0.802,0.9,0.2,2008594,Planned near-term e-bus expansion scenario; route assignment weighted by selected GTFS trip frequency
PLANBUS00612,300,0.829,0.9,0.2,2008594,Planned near-term e-bus expansion scenario; route assignment weighted by selected GTFS trip frequency
PLANBUS00613,300,0.762,0.9,0.2,2008594,Planned near-term e-bus expansion scenario; route assignment weighted by selected GTFS trip frequency
PLANBUS00614,300,0.813,0.9,0.2,2008594,Planned near-term e-bus expansion scenario; route assignment weighted by selected GTFS trip frequency
PLANBUS00615,300,0.803,0.9,0.2,2008594,Planned near-term e-bus expansion scenario; route assignment weighted by selected GTFS trip frequency
PLANBUS00616,300,0.857,0.9,0.2,2008594,Planned near-term e-bus expansion scenario; route assignment weighted by selected GTFS trip frequency
PLANBUS00617,300,0.775,0.9,0.2,2008594,Planned near-term e-bus expansion scenario; route assignment weighted by selected GTFS trip frequency
PLANBUS00618,300,0.725,0.9,0.2,2008594,Planned near-term e-bus expansion scenario; route assignment weighted by selected GTFS trip frequency
PLANBUS00619,300,0.752,0.9,0.2,2008594,Planned near-term e-bus expansion scenario; route assignment weighted by selected GTFS trip frequency
PLANBUS00620,300,0.86,0.9,0.2,2008594,Planned near-term e-bus expansion scenario; route assignment weighted by selected GTFS trip frequency
PLANBUS00621,300,0.839,0.9,0.2,2008594,Planned near-term e-bus expansion scenario; route assignment weighted by selected GTFS trip frequency
PLANBUS00622,300,0.862,0.9,0.2,2008594,Planned near-term e-bus expansion scenario; route assignment weighted by selected GTFS trip frequency
PLANBUS00623,300,0.752,0.9,0.2,2008594,Planned near-term e-bus expansion scenario; route assignment weighted by selected GTFS trip frequency
PLANBUS00624,300,0.843,0.9,0.2,2008594,Planned near-term e-bus expansion scenario; route assignment weighted by selected GTFS trip frequency
PLANBUS00625,300,0.761,0.9,0.2,2008594,Planned near-term e-bus expansion scenario; route assignment weighted by selected GTFS trip frequency
PLANBUS00626,300,0.796,0.9,0.2,2008594,Planned near-term e-bus expansion scenario; route assignment weighted by selected GTFS trip frequency
PLANBUS00627,300,0.848,0.9,0.2,2008594,Planned near-term e-bus expansion scenario; route assignment weighted by selected GTFS trip frequency
PLANBUS00628,300,0.813,0.9,0.2,2008594,Planned near-term e-bus expansion scenario; route assignment weighted by selected GTFS trip frequency
PLANBUS00629,300,0.786,0.9,0.2,2008594,Planned near-term e-bus expansion scenario; route assignment weighted by selected GTFS trip frequency
PLANBUS00630,300,0.806,0.9,0.2,2008594,Planned near-term e-bus expansion scenario; route assignment weighted by selected GTFS trip frequency
PLANBUS00631,300,0.865,0.9,0.2,2008594,Planned near-term e-bus expansion scenario; route assignment weighted by selected GTFS trip frequency
PLANBUS00632,300,0.85,0.9,0.2,2008594,Planned near-term e-bus expansion scenario; route assignment weighted by selected GTFS trip frequency
PLANBUS00633,300,0.818,0.9,0.2,2008594,Planned near-term e-bus expansion scenario; route assignment weighted by selected GTFS trip frequency
PLANBUS00634,300,0.812,0.9,0.2,2008594,Planned near-term e-bus expansion scenario; route assignment weighted by selected GTFS trip frequency
PLANBUS00635,300,0.791,0.9,0.2,2008594,Planned near-term e-bus expansion scenario; route assignment weighted by selected GTFS trip frequency
PLANBUS00636,300,0.879,0.9,0.2,2008594,Planned near-term e-bus expansion scenario; route assignment weighted by selected GTFS trip frequency
PLANBUS00637,300,0.873,0.9,0.2,2008594,Planned near-term e-bus expansion scenario; route assignment weighted by selected GTFS trip frequency
PLANBUS00638,300,0.865,0.9,0.2,2008594,Planned near-term e-bus expansion scenario; route assignment weighted by selected GTFS trip frequency
PLANBUS00639,300,0.754,0.9,0.2,2008594,Planned near-term e-bus expansion scenario; route assignment weighted by selected GTFS trip frequency
PLANBUS00640,300,0.764,0.9,0.2,2008594,Planned near-term e-bus expansion scenario; route assignment weighted by selected GTFS trip frequency
PLANBUS00641,300,0.869,0.9,0.2,2008594,Planned near-term e-bus expansion scenario; route assignment weighted by selected GTFS trip frequency
PLANBUS00642,300,0.725,0.9,0.2,1871,Planned near-term e-bus expansion scenario; route assignment weighted by selected GTFS trip frequency
PLANBUS00643,300,0.827,0.9,0.2,1871,Planned near-term e-bus expansion scenario; route assignment weighted by selected GTFS trip frequency
PLANBUS00644,300,0.74,0.9,0.2,1871,Planned near-term e-bus expansion scenario; route assignment weighted by selected GTFS trip frequency
PLANBUS00645,300,0.729,0.9,0.2,1871,Planned near-term e-bus expansion scenario; route assignment weighted by selected GTFS trip frequency
PLANBUS00646,300,0.832,0.9,0.2,1871,Planned near-term e-bus expansion scenario; route assignment weighted by selected GTFS trip frequency
PLANBUS00647,300,0.724,0.9,0.2,1871,Planned near-term e-bus expansion scenario; route assignment weighted by selected GTFS trip frequency
PLANBUS00648,300,0.875,0.9,0.2,1871,Planned near-term e-bus expansion scenario; route assignment weighted by selected GTFS trip frequency
PLANBUS00649,300,0.799,0.9,0.2,1871,Planned near-term e-bus expansion scenario; route assignment weighted by selected GTFS trip frequency
PLANBUS00650,300,0.859,0.9,0.2,1871,Planned near-term e-bus expansion scenario; route assignment weighted by selected GTFS trip frequency
PLANBUS00651,300,0.855,0.9,0.2,1871,Planned near-term e-bus expansion scenario; route assignment weighted by selected GTFS trip frequency
PLANBUS00652,300,0.839,0.9,0.2,1871,Planned near-term e-bus expansion scenario; route assignment weighted by selected GTFS trip frequency
PLANBUS00653,300,0.862,0.9,0.2,1871,Planned near-term e-bus expansion scenario; route assignment weighted by selected GTFS trip frequency
PLANBUS00654,300,0.851,0.9,0.2,1871,Planned near-term e-bus expansion scenario; route assignment weighted by selected GTFS trip frequency
PLANBUS00655,300,0.813,0.9,0.2,1871,Planned near-term e-bus expansion scenario; route assignment weighted by selected GTFS trip frequency
PLANBUS00656,300,0.796,0.9,0.2,1871,Planned near-term e-bus expansion scenario; route assignment weighted by selected GTFS trip frequency
PLANBUS00657,300,0.848,0.9,0.2,1871,Planned near-term e-bus expansion scenario; route assignment weighted by selected GTFS trip frequency
PLANBUS00658,300,0.842,0.9,0.2,1871,Planned near-term e-bus expansion scenario; route assignment weighted by selected GTFS trip frequency
PLANBUS00659,300,0.737,0.9,0.2,1871,Planned near-term e-bus expansion scenario; route assignment weighted by selected GTFS trip frequency
PLANBUS00660,300,0.768,0.9,0.2,1871,Planned near-term e-bus expansion scenario; route assignment weighted by selected GTFS trip frequency
PLANBUS00661,300,0.745,0.9,0.2,1871,Planned near-term e-bus expansion scenario; route assignment weighted by selected GTFS trip frequency
PLANBUS00662,300,0.857,0.9,0.2,1871,Planned near-term e-bus expansion scenario; route assignment weighted by selected GTFS trip frequency
PLANBUS00663,300,0.751,0.9,0.2,1871,Planned near-term e-bus expansion scenario; route assignment weighted by selected GTFS trip frequency
PLANBUS00664,300,0.816,0.9,0.2,1871,Planned near-term e-bus expansion scenario; route assignment weighted by selected GTFS trip frequency
PLANBUS00665,300,0.73,0.9,0.2,1871,Planned near-term e-bus expansion scenario; route assignment weighted by selected GTFS trip frequency
PLANBUS00666,300,0.8,0.9,0.2,1871,Planned near-term e-bus expansion scenario; route assignment weighted by selected GTFS trip frequency
PLANBUS00667,300,0.783,0.9,0.2,1871,Planned near-term e-bus expansion scenario; route assignment weighted by selected GTFS trip frequency
PLANBUS00668,300,0.752,0.9,0.2,1871,Planned near-term e-bus expansion scenario; route assignment weighted by selected GTFS trip frequency
PLANBUS00669,300,0.776,0.9,0.2,1871,Planned near-term e-bus expansion scenario; route assignment weighted by selected GTFS trip frequency
PLANBUS00670,300,0.789,0.9,0.2,1871,Planned near-term e-bus expansion scenario; route assignment weighted by selected GTFS trip frequency
PLANBUS00671,300,0.823,0.9,0.2,1871,Planned near-term e-bus expansion scenario; route assignment weighted by selected GTFS trip frequency
PLANBUS00672,300,0.824,0.9,0.2,1871,Planned near-term e-bus expansion scenario; route assignment weighted by selected GTFS trip frequency
PLANBUS00673,300,0.724,0.9,0.2,1871,Planned near-term e-bus expansion scenario; route assignment weighted by selected GTFS trip frequency
PLANBUS00674,300,0.755,0.9,0.2,1871,Planned near-term e-bus expansion scenario; route assignment weighted by selected GTFS trip frequency
PLANBUS00675,300,0.792,0.9,0.2,1871,Planned near-term e-bus expansion scenario; route assignment weighted by selected GTFS trip frequency
PLANBUS00676,300,0.75,0.9,0.2,1871,Planned near-term e-bus expansion scenario; route assignment weighted by selected GTFS trip frequency
PLANBUS00677,300,0.817,0.9,0.2,1871,Planned near-term e-bus expansion scenario; route assignment weighted by selected GTFS trip frequency
PLANBUS00678,300,0.777,0.9,0.2,1871,Planned near-term e-bus expansion scenario; route assignment weighted by selected GTFS trip frequency
PLANBUS00679,300,0.74,0.9,0.2,2000990,Planned near-term e-bus expansion scenario; route assignment weighted by selected GTFS trip frequency
PLANBUS00680,300,0.84,0.9,0.2,2000990,Planned near-term e-bus expansion scenario; route assignment weighted by selected GTFS trip frequency
PLANBUS00681,300,0.783,0.9,0.2,2000990,Planned near-term e-bus expansion scenario; route assignment weighted by selected GTFS trip frequency
PLANBUS00682,300,0.824,0.9,0.2,2000990,Planned near-term e-bus expansion scenario; route assignment weighted by selected GTFS trip frequency
PLANBUS00683,300,0.792,0.9,0.2,2000990,Planned near-term e-bus expansion scenario; route assignment weighted by selected GTFS trip frequency
PLANBUS00684,300,0.734,0.9,0.2,2000990,Planned near-term e-bus expansion scenario; route assignment weighted by selected GTFS trip frequency
PLANBUS00685,300,0.74,0.9,0.2,2000990,Planned near-term e-bus expansion scenario; route assignment weighted by selected GTFS trip frequency
PLANBUS00686,300,0.836,0.9,0.2,2000990,Planned near-term e-bus expansion scenario; route assignment weighted by selected GTFS trip frequency
PLANBUS00687,300,0.771,0.9,0.2,2000990,Planned near-term e-bus expansion scenario; route assignment weighted by selected GTFS trip frequency
PLANBUS00688,300,0.803,0.9,0.2,2000990,Planned near-term e-bus expansion scenario; route assignment weighted by selected GTFS trip frequency
PLANBUS00689,300,0.877,0.9,0.2,2000990,Planned near-term e-bus expansion scenario; route assignment weighted by selected GTFS trip frequency
PLANBUS00690,300,0.845,0.9,0.2,2000990,Planned near-term e-bus expansion scenario; route assignment weighted by selected GTFS trip frequency
PLANBUS00691,300,0.722,0.9,0.2,2000990,Planned near-term e-bus expansion scenario; route assignment weighted by selected GTFS trip frequency
PLANBUS00692,300,0.726,0.9,0.2,2000990,Planned near-term e-bus expansion scenario; route assignment weighted by selected GTFS trip frequency
PLANBUS00693,300,0.871,0.9,0.2,2000990,Planned near-term e-bus expansion scenario; route assignment weighted by selected GTFS trip frequency
PLANBUS00694,300,0.831,0.9,0.2,2000990,Planned near-term e-bus expansion scenario; route assignment weighted by selected GTFS trip frequency
PLANBUS00695,300,0.748,0.9,0.2,2000990,Planned near-term e-bus expansion scenario; route assignment weighted by selected GTFS trip frequency
PLANBUS00696,300,0.827,0.9,0.2,2000990,Planned near-term e-bus expansion scenario; route assignment weighted by selected GTFS trip frequency
PLANBUS00697,300,0.852,0.9,0.2,2000990,Planned near-term e-bus expansion scenario; route assignment weighted by selected GTFS trip frequency
PLANBUS00698,300,0.778,0.9,0.2,2000990,Planned near-term e-bus expansion scenario; route assignment weighted by selected GTFS trip frequency
PLANBUS00699,300,0.876,0.9,0.2,2000990,Planned near-term e-bus expansion scenario; route assignment weighted by selected GTFS trip frequency
PLANBUS00700,300,0.801,0.9,0.2,2000990,Planned near-term e-bus expansion scenario; route assignment weighted by selected GTFS trip frequency
PLANBUS00701,300,0.733,0.9,0.2,2000990,Planned near-term e-bus expansion scenario; route assignment weighted by selected GTFS trip frequency
PLANBUS00702,300,0.753,0.9,0.2,2000990,Planned near-term e-bus expansion scenario; route assignment weighted by selected GTFS trip frequency
PLANBUS00703,300,0.827,0.9,0.2,2000990,Planned near-term e-bus expansion scenario; route assignment weighted by selected GTFS trip frequency
PLANBUS00704,300,0.751,0.9,0.2,2000990,Planned near-term e-bus expansion scenario; route assignment weighted by selected GTFS trip frequency
PLANBUS00705,300,0.874,0.9,0.2,2000990,Planned near-term e-bus expansion scenario; route assignment weighted by selected GTFS trip frequency
PLANBUS00706,300,0.778,0.9,0.2,2000990,Planned near-term e-bus expansion scenario; route assignment weighted by selected GTFS trip frequency
PLANBUS00707,300,0.734,0.9,0.2,2000990,Planned near-term e-bus expansion scenario; route assignment weighted by selected GTFS trip frequency
PLANBUS00708,300,0.836,0.9,0.2,2000990,Planned near-term e-bus expansion scenario; route assignment weighted by selected GTFS trip frequency
PLANBUS00709,300,0.793,0.9,0.2,2000990,Planned near-term e-bus expansion scenario; route assignment weighted by selected GTFS trip frequency
PLANBUS00710,300,0.753,0.9,0.2,2000990,Planned near-term e-bus expansion scenario; route assignment weighted by selected GTFS trip frequency
PLANBUS00711,300,0.802,0.9,0.2,2000990,Planned near-term e-bus expansion scenario; route assignment weighted by selected GTFS trip frequency
PLANBUS00712,300,0.86,0.9,0.2,2000990,Planned near-term e-bus expansion scenario; route assignment weighted by selected GTFS trip frequency
PLANBUS00713,300,0.784,0.9,0.2,2000990,Planned near-term e-bus expansion scenario; route assignment weighted by selected GTFS trip frequency
PLANBUS00714,300,0.869,0.9,0.2,2000990,Planned near-term e-bus expansion scenario; route assignment weighted by selected GTFS trip frequency
PLANBUS00715,300,0.809,0.9,0.2,1993,Planned near-term e-bus expansion scenario; route assignment weighted by selected GTFS trip frequency
PLANBUS00716,300,0.838,0.9,0.2,1993,Planned near-term e-bus expansion scenario; route assignment weighted by selected GTFS trip frequency
PLANBUS00717,300,0.824,0.9,0.2,1993,Planned near-term e-bus expansion scenario; route assignment weighted by selected GTFS trip frequency
PLANBUS00718,300,0.843,0.9,0.2,1993,Planned near-term e-bus expansion scenario; route assignment weighted by selected GTFS trip frequency
PLANBUS00719,300,0.759,0.9,0.2,1993,Planned near-term e-bus expansion scenario; route assignment weighted by selected GTFS trip frequency
PLANBUS00720,300,0.724,0.9,0.2,1993,Planned near-term e-bus expansion scenario; route assignment weighted by selected GTFS trip frequency
PLANBUS00721,300,0.816,0.9,0.2,1993,Planned near-term e-bus expansion scenario; route assignment weighted by selected GTFS trip frequency
PLANBUS00722,300,0.769,0.9,0.2,1993,Planned near-term e-bus expansion scenario; route assignment weighted by selected GTFS trip frequency
PLANBUS00723,300,0.74,0.9,0.2,1993,Planned near-term e-bus expansion scenario; route assignment weighted by selected GTFS trip frequency
PLANBUS00724,300,0.869,0.9,0.2,1993,Planned near-term e-bus expansion scenario; route assignment weighted by selected GTFS trip frequency
PLANBUS00725,300,0.778,0.9,0.2,1993,Planned near-term e-bus expansion scenario; route assignment weighted by selected GTFS trip frequency
PLANBUS00726,300,0.872,0.9,0.2,1993,Planned near-term e-bus expansion scenario; route assignment weighted by selected GTFS trip frequency
PLANBUS00727,300,0.787,0.9,0.2,1993,Planned near-term e-bus expansion scenario; route assignment weighted by selected GTFS trip frequency
PLANBUS00728,300,0.839,0.9,0.2,1993,Planned near-term e-bus expansion scenario; route assignment weighted by selected GTFS trip frequency
PLANBUS00729,300,0.739,0.9,0.2,1993,Planned near-term e-bus expansion scenario; route assignment weighted by selected GTFS trip frequency
PLANBUS00730,300,0.727,0.9,0.2,1993,Planned near-term e-bus expansion scenario; route assignment weighted by selected GTFS trip frequency
PLANBUS00731,300,0.836,0.9,0.2,1993,Planned near-term e-bus expansion scenario; route assignment weighted by selected GTFS trip frequency
PLANBUS00732,300,0.746,0.9,0.2,1993,Planned near-term e-bus expansion scenario; route assignment weighted by selected GTFS trip frequency
PLANBUS00733,300,0.725,0.9,0.2,1993,Planned near-term e-bus expansion scenario; route assignment weighted by selected GTFS trip frequency
PLANBUS00734,300,0.791,0.9,0.2,1993,Planned near-term e-bus expansion scenario; route assignment weighted by selected GTFS trip frequency
PLANBUS00735,300,0.773,0.9,0.2,1993,Planned near-term e-bus expansion scenario; route assignment weighted by selected GTFS trip frequency
PLANBUS00736,300,0.76,0.9,0.2,1993,Planned near-term e-bus expansion scenario; route assignment weighted by selected GTFS trip frequency
PLANBUS00737,300,0.757,0.9,0.2,1993,Planned near-term e-bus expansion scenario; route assignment weighted by selected GTFS trip frequency
PLANBUS00738,300,0.773,0.9,0.2,1993,Planned near-term e-bus expansion scenario; route assignment weighted by selected GTFS trip frequency
PLANBUS00739,300,0.864,0.9,0.2,1993,Planned near-term e-bus expansion scenario; route assignment weighted by selected GTFS trip frequency
PLANBUS00740,300,0.84,0.9,0.2,1993,Planned near-term e-bus expansion scenario; route assignment weighted by selected GTFS trip frequency
PLANBUS00741,300,0.806,0.9,0.2,1993,Planned near-term e-bus expansion scenario; route assignment weighted by selected GTFS trip frequency
PLANBUS00742,300,0.79,0.9,0.2,1993,Planned near-term e-bus expansion scenario; route assignment weighted by selected GTFS trip frequency
PLANBUS00743,300,0.822,0.9,0.2,1993,Planned near-term e-bus expansion scenario; route assignment weighted by selected GTFS trip frequency
PLANBUS00744,300,0.804,0.9,0.2,1993,Planned near-term e-bus expansion scenario; route assignment weighted by selected GTFS trip frequency
PLANBUS00745,300,0.849,0.9,0.2,1993,Planned near-term e-bus expansion scenario; route assignment weighted by selected GTFS trip frequency
PLANBUS00746,300,0.74,0.9,0.2,1993,Planned near-term e-bus expansion scenario; route assignment weighted by selected GTFS trip frequency
PLANBUS00747,300,0.744,0.9,0.2,1993,Planned near-term e-bus expansion scenario; route assignment weighted by selected GTFS trip frequency
PLANBUS00748,300,0.771,0.9,0.2,1993,Planned near-term e-bus expansion scenario; route assignment weighted by selected GTFS trip frequency
PLANBUS00749,300,0.787,0.9,0.2,1993,Planned near-term e-bus expansion scenario; route assignment weighted by selected GTFS trip frequency
PLANBUS00750,300,0.817,0.9,0.2,1993,Planned near-term e-bus expansion scenario; route assignment weighted by selected GTFS trip frequency
