trip_id,route_id,bus_id,status,miss_reason,origin,destination,trip_start_time,trip_end_time,trip_start_min,trip_end_min,distance_km,predicted_energy_kwh,soc_before_trip,soc_after_trip,charge_requested,station_id,charger_id,charger_type,charging_power_kw,charge_start_time,charge_end_time,charge_start_min,charge_end_min,wait_time_min,charge_duration_min,charged_energy_kwh,charging_cost,currency,soc_after_charge
1862-1-287-0530,1862,CURBUS00024,completed,,[CTB] 屯门码头,[LRTFeeder] 兆麟,05:30:00,05:51:00,330.0,351.0,5.11,12.107488138354723,0.88,0.8396417062054843,False,,,,0.0,,,,,0.0,0.0,0.0,0.0,,0.8396417062054843
1862-1-288-0530,1862,CURBUS00029,completed,,[CTB] 屯门码头,[LRTFeeder] 兆麟,05:30:00,05:51:00,330.0,351.0,5.11,12.970991204034071,0.88,0.8367633626532198,False,,,,0.0,,,,,0.0,0.0,0.0,0.0,,0.8367633626532198
1862-1-448-0530,1862,CURBUS00078,completed,,[CTB] 屯门码头,[LRTFeeder] 兆麟,05:30:00,05:51:00,330.0,351.0,5.11,6.094560567307197,0.88,0.859684798108976,False,,,,0.0,,,,,0.0,0.0,0.0,0.0,,0.859684798108976
1862-1-287-0534,1862,CURBUS00038,completed,,[CTB] 屯门码头,[LRTFeeder] 兆麟,05:34:00,05:55:00,334.0,355.0,5.11,6.529940702744907,0.879,0.8572335309908503,False,,,,0.0,,,,,0.0,0.0,0.0,0.0,,0.8572335309908503
1862-1-288-0535,1862,CURBUS00063,completed,,[CTB] 屯门码头,[LRTFeeder] 兆麟,05:35:00,05:56:00,335.0,356.0,5.11,7.5054049309003235,0.879,0.8539819835636656,False,,,,0.0,,,,,0.0,0.0,0.0,0.0,,0.8539819835636656
1862-1-448-0537,1862,CURBUS00061,completed,,[CTB] 屯门码头,[LRTFeeder] 兆麟,05:37:00,05:58:00,337.0,358.0,5.11,7.430959254598287,0.878,0.8532301358180057,False,,,,0.0,,,,,0.0,0.0,0.0,0.0,,0.8532301358180057
1862-1-287-0544,1862,CURBUS00027,completed,,[CTB] 屯门码头,[LRTFeeder] 兆麟,05:44:00,06:05:00,344.0,365.0,5.11,6.557590247819574,0.876,0.8541413658406014,False,,,,0.0,,,,,0.0,0.0,0.0,0.0,,0.8541413658406014
1862-1-288-0545,1862,CURBUS00057,completed,,[CTB] 屯门码头,[LRTFeeder] 兆麟,05:45:00,06:06:00,345.0,366.0,5.11,15.187304453276033,0.876,0.8253756518224132,False,,,,0.0,,,,,0.0,0.0,0.0,0.0,,0.8253756518224132
1862-2-287-0545,1862,CURBUS00023,completed,,[LRTFeeder] 兆麟,[CTB] 屯门码头,05:45:00,06:06:00,345.0,366.0,4.5,6.809358851084325,0.874,0.8513021371630523,False,,,,0.0,,,,,0.0,0.0,0.0,0.0,,0.8513021371630523
1862-2-288-0545,1862,CURBUS00032,completed,,[LRTFeeder] 兆麟,[CTB] 屯门码头,05:45:00,06:06:00,345.0,366.0,4.5,5.784116898824636,0.872,0.8527196103372512,False,,,,0.0,,,,,0.0,0.0,0.0,0.0,,0.8527196103372512
1862-2-448-0545,1862,CURBUS00059,completed,,[LRTFeeder] 兆麟,[CTB] 屯门码头,05:45:00,06:06:00,345.0,366.0,4.5,5.8043597322382166,0.87,0.8506521342258726,False,,,,0.0,,,,,0.0,0.0,0.0,0.0,,0.8506521342258726
1862-1-448-0547,1862,CURBUS00074,completed,,[CTB] 屯门码头,[LRTFeeder] 兆麟,05:47:00,06:08:00,347.0,368.0,5.11,14.379082768880046,0.866,0.8180697241037331,False,,,,0.0,,,,,0.0,0.0,0.0,0.0,,0.8180697241037331
1862-1-287-0548,1862,CURBUS00064,completed,,[CTB] 屯门码头,[LRTFeeder] 兆麟,05:48:00,06:09:00,348.0,369.0,5.11,7.25774833442882,0.864,0.839807505551904,False,,,,0.0,,,,,0.0,0.0,0.0,0.0,,0.839807505551904
1862-2-287-0549,1862,CURBUS00012,completed,,[LRTFeeder] 兆麟,[CTB] 屯门码头,05:49:00,06:10:00,349.0,370.0,4.5,12.383554778289886,0.859,0.817721484072367,False,,,,0.0,,,,,0.0,0.0,0.0,0.0,,0.817721484072367
1862-1-288-0550,1862,CURBUS00006,completed,,[CTB] 屯门码头,[LRTFeeder] 兆麟,05:50:00,06:11:00,350.0,371.0,5.11,6.835234277772778,0.858,0.8352158857407574,False,,,,0.0,,,,,0.0,0.0,0.0,0.0,,0.8352158857407574
1862-2-288-0550,1862,CURBUS00009,completed,,[LRTFeeder] 兆麟,[CTB] 屯门码头,05:50:00,06:11:00,350.0,371.0,4.5,5.932282853754048,0.857,0.8372257238208198,False,,,,0.0,,,,,0.0,0.0,0.0,0.0,,0.8372257238208198
1862-2-448-0552,1862,CURBUS00021,completed,,[LRTFeeder] 兆麟,[CTB] 屯门码头,05:52:00,06:13:00,352.0,373.0,4.5,6.520989626676495,0.855,0.8332633679110784,False,,,,0.0,,,,,0.0,0.0,0.0,0.0,,0.8332633679110784
1862-1-448-0554,1862,CURBUS00025,completed,,[CTB] 屯门码头,[LRTFeeder] 兆麟,05:54:00,06:15:00,354.0,375.0,5.11,6.374379519875227,0.85,0.8287520682670826,False,,,,0.0,,,,,0.0,0.0,0.0,0.0,,0.8287520682670826
1862-1-287-0558,1862,CURBUS00034,completed,,[CTB] 屯门码头,[LRTFeeder] 兆麟,05:58:00,06:19:00,358.0,379.0,5.11,6.653862065436993,0.847,0.8248204597818767,False,,,,0.0,,,,,0.0,0.0,0.0,0.0,,0.8248204597818767
1862-2-287-0559,1862,CURBUS00066,completed,,[LRTFeeder] 兆麟,[CTB] 屯门码头,05:59:00,06:20:00,359.0,380.0,4.5,13.082254664431582,0.847,0.8033924844518947,False,,,,0.0,,,,,0.0,0.0,0.0,0.0,,0.8033924844518947
1884-1-287-0600,1884,CURBUS00106,completed,,[KMB] 天恒邨总站,[CTB] 天水围站 - 屏欣苑,06:00:00,06:18:00,360.0,378.0,2.71,6.654569887339677,0.871,0.8488181003755344,False,,,,0.0,,,,,0.0,0.0,0.0,0.0,,0.8488181003755344
1884-1-288-0600,1884,CURBUS00108,completed,,[KMB] 天恒邨总站,[CTB] 天水围站 - 屏欣苑,06:00:00,06:18:00,360.0,378.0,2.71,5.135949739117271,0.871,0.8538801675362757,False,,,,0.0,,,,,0.0,0.0,0.0,0.0,,0.8538801675362757
1884-1-448-0600,1884,CURBUS00140,completed,,[KMB] 天恒邨总站,[CTB] 天水围站 - 屏欣苑,06:00:00,06:18:00,360.0,378.0,2.71,4.404593540009363,0.87,0.8553180215333022,False,,,,0.0,,,,,0.0,0.0,0.0,0.0,,0.8553180215333022
1884-2-287-0600,1884,CURBUS00124,completed,,[CTB] 天水围站 - 屏欣苑,[KMB] 天恒邨总站,06:00:00,06:18:00,360.0,378.0,2.67,8.29924909536331,0.869,0.841335836348789,False,,,,0.0,,,,,0.0,0.0,0.0,0.0,,0.841335836348789
1884-2-288-0600,1884,CURBUS00097,completed,,[CTB] 天水围站 - 屏欣苑,[KMB] 天恒邨总站,06:00:00,06:18:00,360.0,378.0,2.67,4.3440529441961235,0.867,0.8525198235193463,False,,,,0.0,,,,,0.0,0.0,0.0,0.0,,0.8525198235193463
1884-2-448-0600,1884,CURBUS00111,completed,,[CTB] 天水围站 - 屏欣苑,[KMB] 天恒邨总站,06:00:00,06:18:00,360.0,378.0,2.67,6.585210039039075,0.867,0.8450492998698698,False,,,,0.0,,,,,0.0,0.0,0.0,0.0,,0.8450492998698698
1862-1-288-0600,1862,CURBUS00004,completed,,[CTB] 屯门码头,[LRTFeeder] 兆麟,06:00:00,06:21:00,360.0,381.0,5.11,8.298442957180683,0.846,0.8183385234760644,False,,,,0.0,,,,,0.0,0.0,0.0,0.0,,0.8183385234760644
1862-2-288-0600,1862,CURBUS00041,completed,,[LRTFeeder] 兆麟,[CTB] 屯门码头,06:00:00,06:21:00,360.0,381.0,4.5,9.333826682056811,0.844,0.812887244393144,False,,,,0.0,,,,,0.0,0.0,0.0,0.0,,0.812887244393144
1862-1-287-0602,1862,CURBUS00054,completed,,[CTB] 屯门码头,[LRTFeeder] 兆麟,06:02:00,06:23:00,362.0,383.0,5.11,10.52760104104214,0.841,0.8059079965298594,False,,,,0.0,,,,,0.0,0.0,0.0,0.0,,0.8059079965298594
1862-2-448-0602,1862,CURBUS00046,completed,,[LRTFeeder] 兆麟,[CTB] 屯门码头,06:02:00,06:23:00,362.0,383.0,4.5,6.684609143529534,0.84,0.8177179695215682,False,,,,0.0,,,,,0.0,0.0,0.0,0.0,,0.8177179695215682
1884-1-287-0603,1884,CURBUS00119,completed,,[KMB] 天恒邨总站,[CTB] 天水围站 - 屏欣苑,06:03:00,06:21:00,363.0,381.0,2.71,8.606729515167896,0.867,0.838310901616107,False,,,,0.0,,,,,0.0,0.0,0.0,0.0,,0.838310901616107
1884-2-287-0603,1884,CURBUS00084,completed,,[CTB] 天水围站 - 屏欣苑,[KMB] 天恒邨总站,06:03:00,06:21:00,363.0,381.0,2.67,5.0580464981690625,0.866,0.8491398450061031,False,,,,0.0,,,,,0.0,0.0,0.0,0.0,,0.8491398450061031
1862-2-287-0603,1862,CURBUS00053,completed,,[LRTFeeder] 兆麟,[CTB] 屯门码头,06:03:00,06:24:00,363.0,384.0,4.5,8.44945563708401,0.84,0.8118351478763866,False,,,,0.0,,,,,0.0,0.0,0.0,0.0,,0.8118351478763866
1862-1-448-0604,1862,CURBUS00050,completed,,[CTB] 屯门码头,[LRTFeeder] 兆麟,06:04:00,06:25:00,364.0,385.0,5.11,13.85598086438636,0.835,0.7888133971187121,False,,,,0.0,,,,,0.0,0.0,0.0,0.0,,0.7888133971187121
1862-1-288-0605,1862,CURBUS00076,completed,,[CTB] 屯门码头,[LRTFeeder] 兆麟,06:05:00,06:26:00,365.0,386.0,5.11,6.975913935411646,0.829,0.8057469535486278,False,,,,0.0,,,,,0.0,0.0,0.0,0.0,,0.8057469535486278
1862-2-288-0605,1862,CURBUS00015,completed,,[LRTFeeder] 兆麟,[CTB] 屯门码头,06:05:00,06:26:00,365.0,386.0,4.5,7.937859246719612,0.828,0.8015404691776012,False,,,,0.0,,,,,0.0,0.0,0.0,0.0,,0.8015404691776012
1884-1-288-0606,1884,CURBUS00150,completed,,[KMB] 天恒邨总站,[CTB] 天水围站 - 屏欣苑,06:06:00,06:24:00,366.0,384.0,2.71,3.425896177113626,0.865,0.8535803460762879,False,,,,0.0,,,,,0.0,0.0,0.0,0.0,,0.8535803460762879
1884-2-288-0606,1884,CURBUS00080,completed,,[CTB] 天水围站 - 屏欣苑,[KMB] 天恒邨总站,06:06:00,06:24:00,366.0,384.0,2.67,3.747178046323159,0.859,0.8465094065122561,False,,,,0.0,,,,,0.0,0.0,0.0,0.0,,0.8465094065122561
1884-1-448-0607,1884,CURBUS00110,completed,,[KMB] 天恒邨总站,[CTB] 天水围站 - 屏欣苑,06:07:00,06:25:00,367.0,385.0,2.71,4.03579393264448,0.856,0.8425473535578517,False,,,,0.0,,,,,0.0,0.0,0.0,0.0,,0.8425473535578517
1884-2-448-0607,1884,CURBUS00136,completed,,[CTB] 天水围站 - 屏欣苑,[KMB] 天恒邨总站,06:07:00,06:25:00,367.0,385.0,2.67,5.312272331683284,0.853,0.8352924255610557,False,,,,0.0,,,,,0.0,0.0,0.0,0.0,,0.8352924255610557
1862-2-448-0609,1862,CURBUS00020,completed,,[LRTFeeder] 兆麟,[CTB] 屯门码头,06:09:00,06:30:00,369.0,390.0,4.5,10.614798373182566,0.828,0.7926173387560581,False,,,,0.0,,,,,0.0,0.0,0.0,0.0,,0.7926173387560581
1862-1-448-0611,1862,CURBUS00014,completed,,[CTB] 屯门码头,[LRTFeeder] 兆麟,06:11:00,06:32:00,371.0,392.0,5.11,12.703959679320423,0.826,0.7836534677355985,False,,,,0.0,,,,,0.0,0.0,0.0,0.0,,0.7836534677355985
1862-1-287-0612,1862,CURBUS00051,completed,,[CTB] 屯门码头,[LRTFeeder] 兆麟,06:12:00,06:33:00,372.0,393.0,5.11,7.11132375326476,0.826,0.8022955874891174,False,,,,0.0,,,,,0.0,0.0,0.0,0.0,,0.8022955874891174
1884-1-287-0613,1884,CURBUS00088,completed,,[KMB] 天恒邨总站,[CTB] 天水围站 - 屏欣苑,06:13:00,06:31:00,373.0,391.0,2.71,6.871019159396929,0.85,0.8270966028020103,False,,,,0.0,,,,,0.0,0.0,0.0,0.0,,0.8270966028020103
1884-2-287-0613,1884,CURBUS00118,completed,,[CTB] 天水围站 - 屏欣苑,[KMB] 天恒邨总站,06:13:00,06:31:00,373.0,391.0,2.67,3.877225985651043,0.85,0.8370759133811632,False,,,,0.0,,,,,0.0,0.0,0.0,0.0,,0.8370759133811632
1862-2-287-0613,1862,CURBUS00055,completed,,[LRTFeeder] 兆麟,[CTB] 屯门码头,06:13:00,06:34:00,373.0,394.0,4.5,8.929994180254806,0.826,0.796233352732484,False,,,,0.0,,,,,0.0,0.0,0.0,0.0,,0.796233352732484
1862-1-288-0615,1862,CURBUS00039,completed,,[CTB] 屯门码头,[LRTFeeder] 兆麟,06:15:00,06:36:00,375.0,396.0,5.11,11.602424547912175,0.825,0.7863252515069594,False,,,,0.0,,,,,0.0,0.0,0.0,0.0,,0.7863252515069594
1862-2-288-0615,1862,CURBUS00075,completed,,[LRTFeeder] 兆麟,[CTB] 屯门码头,06:15:00,06:36:00,375.0,396.0,4.5,6.909527294613796,0.824,0.8009682423512873,False,,,,0.0,,,,,0.0,0.0,0.0,0.0,,0.8009682423512873
1884-1-287-0616,1884,CURBUS00143,completed,,[KMB] 天恒邨总站,[CTB] 天水围站 - 屏欣苑,06:16:00,06:34:00,376.0,394.0,2.71,6.84001007831085,0.849,0.8261999664056304,False,,,,0.0,,,,,0.0,0.0,0.0,0.0,,0.8261999664056304
1884-1-288-0616,1884,CURBUS00132,completed,,[KMB] 天恒邨总站,[CTB] 天水围站 - 屏欣苑,06:16:00,06:34:00,376.0,394.0,2.71,3.750672263448213,0.846,0.8334977591218393,False,,,,0.0,,,,,0.0,0.0,0.0,0.0,,0.8334977591218393
1884-2-287-0616,1884,CURBUS00096,completed,,[CTB] 天水围站 - 屏欣苑,[KMB] 天恒邨总站,06:16:00,06:34:00,376.0,394.0,2.67,7.185320653418442,0.843,0.8190489311552718,False,,,,0.0,,,,,0.0,0.0,0.0,0.0,,0.8190489311552718
1884-2-288-0616,1884,CURBUS00145,completed,,[CTB] 天水围站 - 屏欣苑,[KMB] 天恒邨总站,06:16:00,06:34:00,376.0,394.0,2.67,6.0579106008422725,0.841,0.820806964663859,False,,,,0.0,,,,,0.0,0.0,0.0,0.0,,0.820806964663859
1862-1-287-0616,1862,CURBUS00018,completed,,[CTB] 屯门码头,[LRTFeeder] 兆麟,06:16:00,06:37:00,376.0,397.0,5.11,6.883858063197087,0.823,0.8000538064560097,False,,,,0.0,,,,,0.0,0.0,0.0,0.0,,0.8000538064560097
1884-1-448-0617,1884,CURBUS00128,completed,,[KMB] 天恒邨总站,[CTB] 天水围站 - 屏欣苑,06:17:00,06:35:00,377.0,395.0,2.71,3.736625686842952,0.837,0.8245445810438568,False,,,,0.0,,,,,0.0,0.0,0.0,0.0,,0.8245445810438568
1884-2-448-0617,1884,CURBUS00090,completed,,[CTB] 天水围站 - 屏欣苑,[KMB] 天恒邨总站,06:17:00,06:35:00,377.0,395.0,2.67,4.799069270181793,0.831,0.8150031024327273,False,,,,0.0,,,,,0.0,0.0,0.0,0.0,,0.8150031024327273
1862-2-287-0617,1862,CURBUS00044,completed,,[LRTFeeder] 兆麟,[CTB] 屯门码头,06:17:00,06:38:00,377.0,398.0,4.5,11.440493888069994,0.813,0.7748650203731,False,,,,0.0,,,,,0.0,0.0,0.0,0.0,,0.7748650203731
1862-2-448-0619,1862,CURBUS00035,completed,,[LRTFeeder] 兆麟,[CTB] 屯门码头,06:19:00,06:40:00,379.0,400.0,4.5,11.117940315473508,0.811,0.7739401989484217,False,,,,0.0,,,,,0.0,0.0,0.0,0.0,,0.7739401989484217
1862-1-288-0620,1862,CURBUS00016,completed,,[CTB] 屯门码头,[LRTFeeder] 兆麟,06:20:00,06:41:00,380.0,401.0,5.11,12.209851479016312,0.81,0.7693004950699457,False,,,,0.0,,,,,0.0,0.0,0.0,0.0,,0.7693004950699457
1862-2-288-0620,1862,CURBUS00036,completed,,[LRTFeeder] 兆麟,[CTB] 屯门码头,06:20:00,06:41:00,380.0,401.0,4.5,11.139881347207368,0.81,0.7728670621759754,False,,,,0.0,,,,,0.0,0.0,0.0,0.0,,0.7728670621759754
1862-1-448-0621,1862,CURBUS00030,completed,,[CTB] 屯门码头,[LRTFeeder] 兆麟,06:21:00,06:42:00,381.0,402.0,5.11,7.357992653243614,0.806,0.7814733578225214,False,,,,0.0,,,,,0.0,0.0,0.0,0.0,,0.7814733578225214
1884-1-288-0622,1884,CURBUS00112,completed,,[KMB] 天恒邨总站,[CTB] 天水围站 - 屏欣苑,06:22:00,06:40:00,382.0,400.0,2.71,3.51817324452396,0.83,0.8182727558515868,False,,,,0.0,,,,,0.0,0.0,0.0,0.0,,0.8182727558515868
1884-2-288-0622,1884,CURBUS00089,completed,,[CTB] 天水围站 - 屏欣苑,[KMB] 天恒邨总站,06:22:00,06:40:00,382.0,400.0,2.67,5.961130140042729,0.829,0.8091295661998575,False,,,,0.0,,,,,0.0,0.0,0.0,0.0,,0.8091295661998575
1884-1-448-0624,1884,CURBUS00114,completed,,[KMB] 天恒邨总站,[CTB] 天水围站 - 屏欣苑,06:24:00,06:42:00,384.0,402.0,2.71,4.436982869577516,0.829,0.8142100571014083,False,,,,0.0,,,,,0.0,0.0,0.0,0.0,,0.8142100571014083
1884-2-448-0624,1884,CURBUS00087,completed,,[CTB] 天水围站 - 屏欣苑,[KMB] 天恒邨总站,06:24:00,06:42:00,384.0,402.0,2.67,6.178206022033238,0.825,0.8044059799265558,False,,,,0.0,,,,,0.0,0.0,0.0,0.0,,0.8044059799265558
1884-1-287-0626,1884,CURBUS00098,completed,,[KMB] 天恒邨总站,[CTB] 天水围站 - 屏欣苑,06:26:00,06:44:00,386.0,404.0,2.71,3.940025744849811,0.823,0.8098665808505006,False,,,,0.0,,,,,0.0,0.0,0.0,0.0,,0.8098665808505006
1884-2-287-0626,1884,CURBUS00133,completed,,[CTB] 天水围站 - 屏欣苑,[KMB] 天恒邨总站,06:26:00,06:44:00,386.0,404.0,2.67,3.8364154094693217,0.82,0.8072119486351023,False,,,,0.0,,,,,0.0,0.0,0.0,0.0,,0.8072119486351023
1862-1-287-0626,1862,CURBUS00065,completed,,[CTB] 屯门码头,[LRTFeeder] 兆麟,06:26:00,06:47:00,386.0,407.0,5.11,11.660842885284532,0.805,0.7661305237157183,False,,,,0.0,,,,,0.0,0.0,0.0,0.0,,0.7661305237157183
1862-2-448-0626,1862,CURBUS00042,completed,,[LRTFeeder] 兆麟,[CTB] 屯门码头,06:26:00,06:47:00,386.0,407.0,4.5,5.662907196787198,0.804,0.785123642677376,False,,,,0.0,,,,,0.0,0.0,0.0,0.0,,0.785123642677376
1862-2-287-0627,1862,CURBUS00056,completed,,[LRTFeeder] 兆麟,[CTB] 屯门码头,06:27:00,06:48:00,387.0,408.0,4.5,5.71709017396386,0.804,0.7849430327534539,False,,,,0.0,,,,,0.0,0.0,0.0,0.0,,0.7849430327534539
1862-1-448-0628,1862,CURBUS00062,completed,,[CTB] 屯门码头,[LRTFeeder] 兆麟,06:28:00,06:49:00,388.0,409.0,5.11,9.902997719863365,0.804,0.7709900076004556,False,,,,0.0,,,,,0.0,0.0,0.0,0.0,,0.7709900076004556
1884-1-287-0629,1884,CURBUS00100,completed,,[KMB] 天恒邨总站,[CTB] 天水围站 - 屏欣苑,06:29:00,06:47:00,389.0,407.0,2.71,7.428398928376958,0.815,0.7902386702387434,False,,,,0.0,,,,,0.0,0.0,0.0,0.0,,0.7902386702387434
1884-2-287-0629,1884,CURBUS00113,completed,,[CTB] 天水围站 - 屏欣苑,[KMB] 天恒邨总站,06:29:00,06:47:00,389.0,407.0,2.67,7.04624608240351,0.815,0.7915125130586549,False,,,,0.0,,,,,0.0,0.0,0.0,0.0,,0.7915125130586549
1862-1-287-0630,1862,CURBUS00026,completed,,[CTB] 屯门码头,[LRTFeeder] 兆麟,06:30:00,06:51:00,390.0,411.0,5.11,7.068943284437003,0.799,0.7754368557185434,False,,,,0.0,,,,,0.0,0.0,0.0,0.0,,0.7754368557185434
1862-1-288-0630,1862,CURBUS00002,completed,,[CTB] 屯门码头,[LRTFeeder] 兆麟,06:30:00,06:51:00,390.0,411.0,5.11,6.354312260044339,0.798,0.7768189591331855,False,,,,0.0,,,,,0.0,0.0,0.0,0.0,,0.7768189591331855
1862-2-288-0630,1862,CURBUS00017,completed,,[LRTFeeder] 兆麟,[CTB] 屯门码头,06:30:00,06:51:00,390.0,411.0,4.5,6.247642623986423,0.798,0.777174524586712,False,,,,0.0,,,,,0.0,0.0,0.0,0.0,,0.777174524586712
1862-2-287-0631,1862,CURBUS00043,completed,,[LRTFeeder] 兆麟,[CTB] 屯门码头,06:31:00,06:52:00,391.0,412.0,4.5,9.38732844112798,0.79,0.7587089051962401,False,,,,0.0,,,,,0.0,0.0,0.0,0.0,,0.7587089051962401
1884-1-288-0632,1884,CURBUS00138,completed,,[KMB] 天恒邨总站,[CTB] 天水围站 - 屏欣苑,06:32:00,06:50:00,392.0,410.0,2.71,3.673158736992301,0.814,0.801756137543359,False,,,,0.0,,,,,0.0,0.0,0.0,0.0,,0.801756137543359
1884-2-288-0632,1884,CURBUS00130,completed,,[CTB] 天水围站 - 屏欣苑,[KMB] 天恒邨总站,06:32:00,06:50:00,392.0,410.0,2.67,4.4770045913308465,0.811,0.7960766513622306,False,,,,0.0,,,,,0.0,0.0,0.0,0.0,,0.7960766513622306
1884-1-448-0634,1884,CURBUS00094,completed,,[KMB] 天恒邨总站,[CTB] 天水围站 - 屏欣苑,06:34:00,06:52:00,394.0,412.0,2.71,5.84498134047771,0.81,0.7905167288650744,False,,,,0.0,,,,,0.0,0.0,0.0,0.0,,0.7905167288650744
1884-2-448-0634,1884,CURBUS00099,completed,,[CTB] 天水围站 - 屏欣苑,[KMB] 天恒邨总站,06:34:00,06:52:00,394.0,412.0,2.67,4.688939668977773,0.809,0.7933702011034075,False,,,,0.0,,,,,0.0,0.0,0.0,0.0,,0.7933702011034075
1862-1-288-0635,1862,CURBUS00072,completed,,[CTB] 屯门码头,[LRTFeeder] 兆麟,06:35:00,06:56:00,395.0,416.0,5.11,14.57072561382623,0.788,0.7394309146205793,False,,,,0.0,,,,,0.0,0.0,0.0,0.0,,0.7394309146205793
1862-2-288-0635,1862,CURBUS00022,completed,,[LRTFeeder] 兆麟,[CTB] 屯门码头,06:35:00,06:56:00,395.0,416.0,4.5,10.268020863178252,0.785,0.7507732637894059,False,,,,0.0,,,,,0.0,0.0,0.0,0.0,,0.7507732637894059
1862-2-448-0636,1862,CURBUS00047,completed,,[LRTFeeder] 兆麟,[CTB] 屯门码头,06:36:00,06:57:00,396.0,417.0,4.5,12.34557597395508,0.784,0.7428480800868165,False,,,,0.0,,,,,0.0,0.0,0.0,0.0,,0.7428480800868165
1884-1-288-0638,1884,CURBUS00149,completed,,[KMB] 天恒邨总站,[CTB] 天水围站 - 屏欣苑,06:38:00,06:56:00,398.0,416.0,2.71,6.383071765053303,0.809,0.787723094116489,False,,,,0.0,,,,,0.0,0.0,0.0,0.0,,0.787723094116489
1884-2-288-0638,1884,CURBUS00104,completed,,[CTB] 天水围站 - 屏欣苑,[KMB] 天恒邨总站,06:38:00,06:56:00,398.0,416.0,2.67,6.765321799525264,0.808,0.7854489273349159,False,,,,0.0,,,,,0.0,0.0,0.0,0.0,,0.7854489273349159
1862-1-448-0638,1862,CURBUS00019,completed,,[CTB] 屯门码头,[LRTFeeder] 兆麟,06:38:00,06:59:00,398.0,419.0,5.11,8.050504627965296,0.783,0.756164984573449,False,,,,0.0,,,,,0.0,0.0,0.0,0.0,,0.756164984573449
1884-1-287-0639,1884,CURBUS00134,completed,,[KMB] 天恒邨总站,[CTB] 天水围站 - 屏欣苑,06:39:00,06:57:00,399.0,417.0,2.71,7.093040407606017,0.808,0.7843565319746466,False,,,,0.0,,,,,0.0,0.0,0.0,0.0,,0.7843565319746466
1884-2-287-0639,1884,CURBUS00103,completed,,[CTB] 天水围站 - 屏欣苑,[KMB] 天恒邨总站,06:39:00,06:57:00,399.0,417.0,2.67,6.951798133527051,0.807,0.7838273395549099,False,,,,0.0,,,,,0.0,0.0,0.0,0.0,,0.7838273395549099
1862-1-287-0640,1862,CURBUS00070,completed,,[CTB] 屯门码头,[LRTFeeder] 兆麟,06:40:00,07:01:00,400.0,421.0,5.11,10.881337577597812,0.782,0.7457288747413406,False,,,,0.0,,,,,0.0,0.0,0.0,0.0,,0.7457288747413406
1884-1-448-0641,1884,CURBUS00117,completed,,[KMB] 天恒邨总站,[CTB] 天水围站 - 屏欣苑,06:41:00,06:59:00,401.0,419.0,2.71,5.585970407174092,0.805,0.786380098642753,False,,,,0.0,,,,,0.0,0.0,0.0,0.0,,0.786380098642753
1884-2-448-0641,1884,CURBUS00091,completed,,[CTB] 天水围站 - 屏欣苑,[KMB] 天恒邨总站,06:41:00,06:59:00,401.0,419.0,2.67,4.123406865860971,0.804,0.7902553104471302,False,,,,0.0,,,,,0.0,0.0,0.0,0.0,,0.7902553104471302
1862-2-287-0641,1862,CURBUS00031,completed,,[LRTFeeder] 兆麟,[CTB] 屯门码头,06:41:00,07:02:00,401.0,422.0,4.5,6.9441891691649165,0.781,0.7578527027694503,False,,,,0.0,,,,,0.0,0.0,0.0,0.0,,0.7578527027694503
1884-1-287-0642,1884,CURBUS00129,completed,,[KMB] 天恒邨总站,[CTB] 天水围站 - 屏欣苑,06:42:00,07:00:00,402.0,420.0,2.71,3.822494817785717,0.799,0.786258350607381,False,,,,0.0,,,,,0.0,0.0,0.0,0.0,,0.786258350607381
1884-2-287-0642,1884,CURBUS00141,completed,,[CTB] 天水围站 - 屏欣苑,[KMB] 天恒邨总站,06:42:00,07:00:00,402.0,420.0,2.67,7.482374626748477,0.796,0.7710587512441718,False,,,,0.0,,,,,0.0,0.0,0.0,0.0,,0.7710587512441718
1862-2-448-0643,1862,CURBUS00048,completed,,[LRTFeeder] 兆麟,[CTB] 屯门码头,06:43:00,07:04:00,403.0,424.0,4.5,10.003734557388071,0.78,0.7466542181420398,False,,,,0.0,,,,,0.0,0.0,0.0,0.0,,0.7466542181420398
1862-1-287-0644,1862,CURBUS00007,completed,,[CTB] 屯门码头,[LRTFeeder] 兆麟,06:44:00,07:05:00,404.0,425.0,5.11,11.47463109686432,0.779,0.7407512296771189,False,,,,0.0,,,,,0.0,0.0,0.0,0.0,,0.7407512296771189
1862-1-288-0645,1862,CURBUS00001,completed,,[CTB] 屯门码头,[LRTFeeder] 兆麟,06:45:00,07:06:00,405.0,426.0,5.11,13.470404620199288,0.777,0.7320986512660024,False,,,,0.0,,,,,0.0,0.0,0.0,0.0,,0.7320986512660024
1862-1-448-0645,1862,CURBUS00060,completed,,[CTB] 屯门码头,[LRTFeeder] 兆麟,06:45:00,07:06:00,405.0,426.0,5.11,12.831248574857751,0.776,0.7332291714171408,False,,,,0.0,,,,,0.0,0.0,0.0,0.0,,0.7332291714171408
1862-2-287-0645,1862,CURBUS00037,completed,,[LRTFeeder] 兆麟,[CTB] 屯门码头,06:45:00,07:06:00,405.0,426.0,4.5,5.563718850990333,0.775,0.7564542704966989,False,,,,0.0,,,,,0.0,0.0,0.0,0.0,,0.7564542704966989
1862-2-288-0645,1862,CURBUS00045,completed,,[LRTFeeder] 兆麟,[CTB] 屯门码头,06:45:00,07:06:00,405.0,426.0,4.5,11.525077116342946,0.774,0.7355830762788569,False,,,,0.0,,,,,0.0,0.0,0.0,0.0,,0.7355830762788569
1884-1-288-0648,1884,CURBUS00115,completed,,[KMB] 天恒邨总站,[CTB] 天水围站 - 屏欣苑,06:48:00,07:06:00,408.0,426.0,2.71,3.4305354949714646,0.795,0.7835648816834285,False,,,,0.0,,,,,0.0,0.0,0.0,0.0,,0.7835648816834285
1884-2-288-0648,1884,CURBUS00135,completed,,[CTB] 天水围站 - 屏欣苑,[KMB] 天恒邨总站,06:48:00,07:06:00,408.0,426.0,2.67,5.5793117127780185,0.794,0.7754022942907399,False,,,,0.0,,,,,0.0,0.0,0.0,0.0,,0.7754022942907399
1862-1-288-0650,1862,CURBUS00005,completed,,[CTB] 屯门码头,[LRTFeeder] 兆麟,06:50:00,07:11:00,410.0,431.0,5.11,11.240915169655878,0.771,0.7335302827678137,False,,,,0.0,,,,,0.0,0.0,0.0,0.0,,0.7335302827678137
1862-2-288-0650,1862,CURBUS00008,completed,,[LRTFeeder] 兆麟,[CTB] 屯门码头,06:50:00,07:11:00,410.0,431.0,4.5,5.850295656027384,0.771,0.7514990144799087,False,,,,0.0,,,,,0.0,0.0,0.0,0.0,,0.7514990144799087
1884-1-448-0651,1884,CURBUS00086,completed,,[KMB] 天恒邨总站,[CTB] 天水围站 - 屏欣苑,06:51:00,07:09:00,411.0,429.0,2.71,7.101431123234445,0.79,0.7663285629225519,False,,,,0.0,,,,,0.0,0.0,0.0,0.0,,0.7663285629225519
1884-2-448-0651,1884,CURBUS00120,completed,,[CTB] 天水围站 - 屏欣苑,[KMB] 天恒邨总站,06:51:00,07:09:00,411.0,429.0,2.67,4.5863094937864455,0.783,0.7677123016873786,False,,,,0.0,,,,,0.0,0.0,0.0,0.0,,0.7677123016873786
1884-1-287-0652,1884,CURBUS00146,completed,,[KMB] 天恒邨总站,[CTB] 天水围站 - 屏欣苑,06:52:00,07:10:00,412.0,430.0,2.71,7.390193037562839,0.78,0.7553660232081238,False,,,,0.0,,,,,0.0,0.0,0.0,0.0,,0.7553660232081238
1884-2-287-0652,1884,CURBUS00102,completed,,[CTB] 天水围站 - 屏欣苑,[KMB] 天恒邨总站,06:52:00,07:10:00,412.0,430.0,2.67,6.593411768235255,0.778,0.7560219607725491,False,,,,0.0,,,,,0.0,0.0,0.0,0.0,,0.7560219607725491
1862-2-448-0653,1862,CURBUS00011,completed,,[LRTFeeder] 兆麟,[CTB] 屯门码头,06:53:00,07:14:00,413.0,434.0,4.5,6.7465551704436875,0.767,0.7445114827651877,False,,,,0.0,,,,,0.0,0.0,0.0,0.0,,0.7445114827651877
1884-1-288-0654,1884,CURBUS00148,completed,,[KMB] 天恒邨总站,[CTB] 天水围站 - 屏欣苑,06:54:00,07:12:00,414.0,432.0,2.71,6.4419475414139065,0.778,0.7565268415286204,False,,,,0.0,,,,,0.0,0.0,0.0,0.0,,0.7565268415286204
1884-2-288-0654,1884,CURBUS00121,completed,,[CTB] 天水围站 - 屏欣苑,[KMB] 天恒邨总站,06:54:00,07:12:00,414.0,432.0,2.67,6.09192739322056,0.773,0.7526935753559315,False,,,,0.0,,,,,0.0,0.0,0.0,0.0,,0.7526935753559315
1862-1-287-0654,1862,CURBUS00003,completed,,[CTB] 屯门码头,[LRTFeeder] 兆麟,06:54:00,07:15:00,414.0,435.0,5.11,10.090740811869791,0.765,0.7313641972937673,False,,,,0.0,,,,,0.0,0.0,0.0,0.0,,0.7313641972937673
1884-1-287-0655,1884,CURBUS00125,completed,,[KMB] 天恒邨总站,[CTB] 天水围站 - 屏欣苑,06:55:00,07:13:00,415.0,433.0,2.71,3.6360231731234736,0.773,0.7608799227562552,False,,,,0.0,,,,,0.0,0.0,0.0,0.0,,0.7608799227562552
1884-2-287-0655,1884,CURBUS00085,completed,,[CTB] 天水围站 - 屏欣苑,[KMB] 天恒邨总站,06:55:00,07:13:00,415.0,433.0,2.67,3.911337541638643,0.77,0.7569622081945379,False,,,,0.0,,,,,0.0,0.0,0.0,0.0,,0.7569622081945379
1862-1-448-0655,1862,CURBUS00073,completed,,[CTB] 屯门码头,[LRTFeeder] 兆麟,06:55:00,07:16:00,415.0,436.0,5.11,12.038491233148608,0.761,0.7208716958895046,False,,,,0.0,,,,,0.0,0.0,0.0,0.0,,0.7208716958895046
1862-2-287-0655,1862,CURBUS00052,completed,,[LRTFeeder] 兆麟,[CTB] 屯门码头,06:55:00,07:16:00,415.0,436.0,4.5,11.044217062231102,0.759,0.7221859431258963,False,,,,0.0,,,,,0.0,0.0,0.0,0.0,,0.7221859431258963
1884-1-448-0658,1884,CURBUS00123,completed,,[KMB] 天恒邨总站,[CTB] 天水围站 - 屏欣苑,06:58:00,07:16:00,418.0,436.0,2.71,4.1390861353120805,0.768,0.7542030462156264,False,,,,0.0,,,,,0.0,0.0,0.0,0.0,,0.7542030462156264
1884-2-448-0658,1884,CURBUS00126,completed,,[CTB] 天水围站 - 屏欣苑,[KMB] 天恒邨总站,06:58:00,07:16:00,418.0,436.0,2.67,5.321912950866801,0.768,0.7502602901637774,False,,,,0.0,,,,,0.0,0.0,0.0,0.0,,0.7502602901637774
1862-1-287-0658,1862,CURBUS00010,completed,,[CTB] 屯门码头,[LRTFeeder] 兆麟,06:58:00,07:19:00,418.0,439.0,5.11,6.518970687996806,0.754,0.7322700977066773,False,,,,0.0,,,,,0.0,0.0,0.0,0.0,,0.7322700977066773
1862-2-287-0659,1862,CURBUS00067,completed,,[LRTFeeder] 兆麟,[CTB] 屯门码头,06:59:00,07:20:00,419.0,440.0,4.5,5.774383676823816,0.75,0.7307520544105873,False,,,,0.0,,,,,0.0,0.0,0.0,0.0,,0.7307520544105873
1862-1-288-0700,1862,CURBUS00013,completed,,[CTB] 屯门码头,[LRTFeeder] 兆麟,07:00:00,07:21:00,420.0,441.0,5.11,10.705899849570326,0.747,0.711313667168099,False,,,,0.0,,,,,0.0,0.0,0.0,0.0,,0.711313667168099
1862-2-288-0700,1862,CURBUS00079,completed,,[LRTFeeder] 兆麟,[CTB] 屯门码头,07:00:00,07:21:00,420.0,441.0,4.5,7.977908230479398,0.741,0.7144069725650687,False,,,,0.0,,,,,0.0,0.0,0.0,0.0,,0.7144069725650687
1862-2-448-0700,1862,CURBUS00071,completed,,[LRTFeeder] 兆麟,[CTB] 屯门码头,07:00:00,07:21:00,420.0,441.0,4.5,10.554084474656667,0.74,0.7048197184178111,False,,,,0.0,,,,,0.0,0.0,0.0,0.0,,0.7048197184178111
1862-1-448-0702,1862,CURBUS00033,completed,,[CTB] 屯门码头,[LRTFeeder] 兆麟,07:02:00,07:23:00,422.0,443.0,5.11,11.51407808440732,0.739,0.7006197397186422,False,,,,0.0,,,,,0.0,0.0,0.0,0.0,,0.7006197397186422
1884-1-288-0704,1884,CURBUS00139,completed,,[KMB] 天恒邨总站,[CTB] 天水围站 - 屏欣苑,07:04:00,07:22:00,424.0,442.0,2.71,7.921246146662784,0.768,0.7415958461777907,False,,,,0.0,,,,,0.0,0.0,0.0,0.0,,0.7415958461777907
1884-2-288-0704,1884,CURBUS00127,completed,,[CTB] 天水围站 - 屏欣苑,[KMB] 天恒邨总站,07:04:00,07:22:00,424.0,442.0,2.67,7.130090968055724,0.765,0.7412330301064809,False,,,,0.0,,,,,0.0,0.0,0.0,0.0,,0.7412330301064809
1884-1-287-0705,1884,CURBUS00144,completed,,[KMB] 天恒邨总站,[CTB] 天水围站 - 屏欣苑,07:05:00,07:23:00,425.0,443.0,2.71,5.885748952091008,0.758,0.7383808368263634,False,,,,0.0,,,,,0.0,0.0,0.0,0.0,,0.7383808368263634
1884-2-287-0705,1884,CURBUS00105,completed,,[CTB] 天水围站 - 屏欣苑,[KMB] 天恒邨总站,07:05:00,07:23:00,425.0,443.0,2.67,3.917252844906504,0.757,0.7439424905169784,False,,,,0.0,,,,,0.0,0.0,0.0,0.0,,0.7439424905169784
1862-1-288-0705,1862,CURBUS00069,completed,,[CTB] 屯门码头,[LRTFeeder] 兆麟,07:05:00,07:26:00,425.0,446.0,5.11,7.101608220295811,0.734,0.7103279725990139,False,,,,0.0,,,,,0.0,0.0,0.0,0.0,,0.7103279725990139
1862-2-288-0705,1862,CURBUS00028,completed,,[LRTFeeder] 兆麟,[CTB] 屯门码头,07:05:00,07:26:00,425.0,446.0,4.5,9.558814630485749,0.733,0.7011372845650475,False,,,,0.0,,,,,0.0,0.0,0.0,0.0,,0.7011372845650475
1884-1-287-0708,1884,CURBUS00131,completed,,[KMB] 天恒邨总站,[CTB] 天水围站 - 屏欣苑,07:08:00,07:26:00,428.0,446.0,2.71,4.192678220557221,0.755,0.7410244059314759,False,,,,0.0,,,,,0.0,0.0,0.0,0.0,,0.7410244059314759
1884-1-448-0708,1884,CURBUS00081,completed,,[KMB] 天恒邨总站,[CTB] 天水围站 - 屏欣苑,07:08:00,07:26:00,428.0,446.0,2.71,6.461972499433304,0.754,0.7324600916685556,False,,,,0.0,,,,,0.0,0.0,0.0,0.0,,0.7324600916685556
1884-2-287-0708,1884,CURBUS00083,completed,,[CTB] 天水围站 - 屏欣苑,[KMB] 天恒邨总站,07:08:00,07:26:00,428.0,446.0,2.67,6.812172289474622,0.751,0.7282927590350846,False,,,,0.0,,,,,0.0,0.0,0.0,0.0,,0.7282927590350846
1884-2-448-0708,1884,CURBUS00082,completed,,[CTB] 天水围站 - 屏欣苑,[KMB] 天恒邨总站,07:08:00,07:26:00,428.0,446.0,2.67,3.8560843776550247,0.747,0.7341463854078166,False,,,,0.0,,,,,0.0,0.0,0.0,0.0,,0.7341463854078166
1862-1-287-0708,1862,CURBUS00058,completed,,[CTB] 屯门码头,[LRTFeeder] 兆麟,07:08:00,07:29:00,428.0,449.0,5.11,6.954525358129821,0.73,0.7068182488062339,False,,,,0.0,,,,,0.0,0.0,0.0,0.0,,0.7068182488062339
1862-2-287-0709,1862,CURBUS00068,completed,,[LRTFeeder] 兆麟,[CTB] 屯门码头,07:09:00,07:30:00,429.0,450.0,4.5,10.325209308624054,0.729,0.6945826356379198,False,,,,0.0,,,,,0.0,0.0,0.0,0.0,,0.6945826356379198
1884-1-288-0710,1884,CURBUS00092,completed,,[KMB] 天恒邨总站,[CTB] 天水围站 - 屏欣苑,07:10:00,07:28:00,430.0,448.0,2.71,3.753664864872347,0.747,0.7344877837837589,False,,,,0.0,,,,,0.0,0.0,0.0,0.0,,0.7344877837837589
1884-2-288-0710,1884,CURBUS00137,completed,,[CTB] 天水围站 - 屏欣苑,[KMB] 天恒邨总站,07:10:00,07:28:00,430.0,448.0,2.67,6.042969530861559,0.747,0.7268567682304614,False,,,,0.0,,,,,0.0,0.0,0.0,0.0,,0.7268567682304614
1862-2-448-0710,1862,CURBUS00040,completed,,[LRTFeeder] 兆麟,[CTB] 屯门码头,07:10:00,07:31:00,430.0,451.0,4.5,6.569772101049151,0.727,0.7051007596631694,False,,,,0.0,,,,,0.0,0.0,0.0,0.0,,0.7051007596631694
1862-1-287-0712,1862,CURBUS00049,completed,,[CTB] 屯门码头,[LRTFeeder] 兆麟,07:12:00,07:33:00,432.0,453.0,5.11,6.998009170282484,0.726,0.702673302765725,False,,,,0.0,,,,,0.0,0.0,0.0,0.0,,0.702673302765725
1862-1-448-0712,1862,CURBUS00077,completed,,[CTB] 屯门码头,[LRTFeeder] 兆麟,07:12:00,07:33:00,432.0,453.0,5.11,6.899875063611005,0.722,0.69900041645463,False,,,,0.0,,,,,0.0,0.0,0.0,0.0,,0.69900041645463
1862-2-287-0713,1862,CURBUS00078,completed,,[LRTFeeder] 兆麟,[CTB] 屯门码头,07:13:00,07:34:00,433.0,454.0,4.5,11.541028834639013,0.859684798108976,0.8212147019935127,False,,,,0.0,,,,,0.0,0.0,0.0,0.0,,0.8212147019935127
1884-1-448-0715,1884,CURBUS00116,completed,,[KMB] 天恒邨总站,[CTB] 天水围站 - 屏欣苑,07:15:00,07:33:00,435.0,453.0,2.71,6.331675673812267,0.745,0.7238944144206257,False,,,,0.0,,,,,0.0,0.0,0.0,0.0,,0.7238944144206257
1884-2-448-0715,1884,CURBUS00093,completed,,[CTB] 天水围站 - 屏欣苑,[KMB] 天恒邨总站,07:15:00,07:33:00,435.0,453.0,2.67,3.79992767160461,0.738,0.7253335744279846,False,,,,0.0,,,,,0.0,0.0,0.0,0.0,,0.7253335744279846
1862-1-288-0715,1862,CURBUS00024,completed,,[CTB] 屯门码头,[LRTFeeder] 兆麟,07:15:00,07:36:00,435.0,456.0,5.11,8.348832212307261,0.8396417062054843,0.8118122654977934,False,,,,0.0,,,,,0.0,0.0,0.0,0.0,,0.8118122654977934
1862-2-288-0715,1862,CURBUS00029,completed,,[LRTFeeder] 兆麟,[CTB] 屯门码头,07:15:00,07:36:00,435.0,456.0,4.5,6.618436726247796,0.8367633626532198,0.8147019068990605,False,,,,0.0,,,,,0.0,0.0,0.0,0.0,,0.8147019068990605
1862-2-448-0717,1862,CURBUS00038,completed,,[LRTFeeder] 兆麟,[CTB] 屯门码头,07:17:00,07:38:00,437.0,458.0,4.5,11.32214127613278,0.8572335309908503,0.8194930600704077,False,,,,0.0,,,,,0.0,0.0,0.0,0.0,,0.8194930600704077
1884-1-287-0718,1884,CURBUS00142,completed,,[KMB] 天恒邨总站,[CTB] 天水围站 - 屏欣苑,07:18:00,07:36:00,438.0,456.0,2.71,4.228922946712157,0.736,0.7219035901776262,False,,,,0.0,,,,,0.0,0.0,0.0,0.0,,0.7219035901776262
1884-2-287-0718,1884,CURBUS00109,completed,,[CTB] 天水围站 - 屏欣苑,[KMB] 天恒邨总站,07:18:00,07:36:00,438.0,456.0,2.67,7.833627739278692,0.735,0.7088879075357377,False,,,,0.0,,,,,0.0,0.0,0.0,0.0,,0.7088879075357377
1862-1-448-0719,1862,CURBUS00063,completed,,[CTB] 屯门码头,[LRTFeeder] 兆麟,07:19:00,07:40:00,439.0,460.0,5.11,7.122236021236916,0.8539819835636656,0.8302411968262092,False,,,,0.0,,,,,0.0,0.0,0.0,0.0,,0.8302411968262092
1884-1-288-0720,1884,CURBUS00122,completed,,[KMB] 天恒邨总站,[CTB] 天水围站 - 屏欣苑,07:20:00,07:38:00,440.0,458.0,2.71,4.107639246741338,0.729,0.7153078691775289,False,,,,0.0,,,,,0.0,0.0,0.0,0.0,,0.7153078691775289
1884-2-288-0720,1884,CURBUS00095,completed,,[CTB] 天水围站 - 屏欣苑,[KMB] 天恒邨总站,07:20:00,07:38:00,440.0,458.0,2.67,9.003998945912132,0.727,0.6969866701802929,False,,,,0.0,,,,,0.0,0.0,0.0,0.0,,0.6969866701802929
1862-1-288-0720,1862,CURBUS00061,completed,,[CTB] 屯门码头,[LRTFeeder] 兆麟,07:20:00,07:41:00,440.0,461.0,5.11,12.63072502827667,0.8532301358180057,0.8111277190570835,False,,,,0.0,,,,,0.0,0.0,0.0,0.0,,0.8111277190570835
1862-2-288-0720,1862,CURBUS00027,completed,,[LRTFeeder] 兆麟,[CTB] 屯门码头,07:20:00,07:41:00,440.0,461.0,4.5,8.477453340878414,0.8541413658406014,0.8258831880376734,False,,,,0.0,,,,,0.0,0.0,0.0,0.0,,0.8258831880376734
1884-1-287-0721,1884,CURBUS00101,completed,,[KMB] 天恒邨总站,[CTB] 天水围站 - 屏欣苑,07:21:00,07:39:00,441.0,459.0,2.71,5.677033374011537,0.726,0.7070765554199615,False,,,,0.0,,,,,0.0,0.0,0.0,0.0,,0.7070765554199615
1884-2-287-0721,1884,CURBUS00147,completed,,[CTB] 天水围站 - 屏欣苑,[KMB] 天恒邨总站,07:21:00,07:39:00,441.0,459.0,2.67,3.951312083543905,0.725,0.7118289597215203,False,,,,0.0,,,,,0.0,0.0,0.0,0.0,,0.7118289597215203
1862-1-287-0722,1862,CURBUS00032,completed,,[CTB] 屯门码头,[LRTFeeder] 兆麟,07:22:00,07:43:00,442.0,463.0,5.11,14.785062897007888,0.8527196103372512,0.803436067347225,False,,,,0.0,,,,,0.0,0.0,0.0,0.0,,0.803436067347225
1862-2-287-0723,1862,CURBUS00023,completed,,[LRTFeeder] 兆麟,[CTB] 屯门码头,07:23:00,07:44:00,443.0,464.0,4.5,8.62615561316678,0.8513021371630523,0.822548285119163,False,,,,0.0,,,,,0.0,0.0,0.0,0.0,,0.822548285119163
1884-1-448-0725,1884,CURBUS00107,completed,,[KMB] 天恒邨总站,[CTB] 天水围站 - 屏欣苑,07:25:00,07:43:00,445.0,463.0,2.71,4.102143441730475,0.721,0.707326188527565,False,,,,0.0,,,,,0.0,0.0,0.0,0.0,,0.707326188527565
1884-2-448-0725,1884,CURBUS00140,completed,,[CTB] 天水围站 - 屏欣苑,[KMB] 天恒邨总站,07:25:00,07:43:00,445.0,463.0,2.67,3.494081979922454,0.8553180215333022,0.8436710816002273,False,,,,0.0,,,,,0.0,0.0,0.0,0.0,,0.8436710816002273
1884-1-288-0726,1884,CURBUS00108,completed,,[KMB] 天恒邨总站,[CTB] 天水围站 - 屏欣苑,07:26:00,07:44:00,446.0,464.0,2.71,3.6901562802943775,0.8538801675362757,0.8415796466019612,False,,,,0.0,,,,,0.0,0.0,0.0,0.0,,0.8415796466019612
1884-2-288-0726,1884,CURBUS00097,completed,,[CTB] 天水围站 - 屏欣苑,[KMB] 天恒邨总站,07:26:00,07:44:00,446.0,464.0,2.67,4.13565554946284,0.8525198235193463,0.8387343050211369,False,,,,0.0,,,,,0.0,0.0,0.0,0.0,,0.8387343050211369
1862-1-287-0726,1862,CURBUS00059,completed,,[CTB] 屯门码头,[LRTFeeder] 兆麟,07:26:00,07:47:00,446.0,467.0,5.11,11.125021734225353,0.8506521342258726,0.8135687284451214,False,,,,0.0,,,,,0.0,0.0,0.0,0.0,,0.8135687284451214
1862-2-287-0727,1862,CURBUS00057,completed,,[LRTFeeder] 兆麟,[CTB] 屯门码头,07:27:00,07:48:00,447.0,468.0,4.5,12.366494691031711,0.8253756518224132,0.7841540028523075,False,,,,0.0,,,,,0.0,0.0,0.0,0.0,,0.7841540028523075
1862-2-448-0727,1862,CURBUS00074,completed,,[LRTFeeder] 兆麟,[CTB] 屯门码头,07:27:00,07:48:00,447.0,468.0,4.5,12.668310737785024,0.8180697241037331,0.7758420216444497,False,,,,0.0,,,,,0.0,0.0,0.0,0.0,,0.7758420216444497
1862-1-448-0729,1862,CURBUS00064,completed,,[CTB] 屯门码头,[LRTFeeder] 兆麟,07:29:00,07:50:00,449.0,470.0,5.11,7.964343551414245,0.839807505551904,0.8132596937138565,False,,,,0.0,,,,,0.0,0.0,0.0,0.0,,0.8132596937138565
1862-1-288-0730,1862,CURBUS00012,completed,,[CTB] 屯门码头,[LRTFeeder] 兆麟,07:30:00,07:51:00,450.0,471.0,5.11,10.802448661527276,0.817721484072367,0.781713321867276,False,,,,0.0,,,,,0.0,0.0,0.0,0.0,,0.781713321867276
1862-2-288-0730,1862,CURBUS00009,completed,,[LRTFeeder] 兆麟,[CTB] 屯门码头,07:30:00,07:51:00,450.0,471.0,4.5,8.546712157489672,0.8372257238208198,0.8087366832958542,False,,,,0.0,,,,,0.0,0.0,0.0,0.0,,0.8087366832958542
1884-1-287-0731,1884,CURBUS00106,completed,,[KMB] 天恒邨总站,[CTB] 天水围站 - 屏欣苑,07:31:00,07:49:00,451.0,469.0,2.71,6.86012296506848,0.8488181003755344,0.8259510238253062,False,,,,0.0,,,,,0.0,0.0,0.0,0.0,,0.8259510238253062
1884-2-287-0731,1884,CURBUS00111,completed,,[CTB] 天水围站 - 屏欣苑,[KMB] 天恒邨总站,07:31:00,07:49:00,451.0,469.0,2.67,3.8332166545846778,0.8450492998698698,0.8322719110212542,False,,,,0.0,,,,,0.0,0.0,0.0,0.0,,0.8322719110212542
1884-1-448-0732,1884,CURBUS00124,completed,,[KMB] 天恒邨总站,[CTB] 天水围站 - 屏欣苑,07:32:00,07:50:00,452.0,470.0,2.71,7.247222883280082,0.841335836348789,0.8171784267378553,False,,,,0.0,,,,,0.0,0.0,0.0,0.0,,0.8171784267378553
1884-2-448-0732,1884,CURBUS00084,completed,,[CTB] 天水围站 - 屏欣苑,[KMB] 天恒邨总站,07:32:00,07:50:00,452.0,470.0,2.67,4.100095948068675,0.8491398450061031,0.8354728585125408,False,,,,0.0,,,,,0.0,0.0,0.0,0.0,,0.8354728585125408
1884-1-287-0734,1884,CURBUS00119,completed,,[KMB] 天恒邨总站,[CTB] 天水围站 - 屏欣苑,07:34:00,07:52:00,454.0,472.0,2.71,8.678073633407365,0.838310901616107,0.8093839895047491,False,,,,0.0,,,,,0.0,0.0,0.0,0.0,,0.8093839895047491
1884-2-287-0734,1884,CURBUS00150,completed,,[CTB] 天水围站 - 屏欣苑,[KMB] 天恒邨总站,07:34:00,07:52:00,454.0,472.0,2.67,7.560456540131805,0.8535803460762879,0.8283788242758485,False,,,,0.0,,,,,0.0,0.0,0.0,0.0,,0.8283788242758485
1862-2-448-0734,1862,CURBUS00006,completed,,[LRTFeeder] 兆麟,[CTB] 屯门码头,07:34:00,07:55:00,454.0,475.0,4.5,11.796752158114646,0.8352158857407574,0.795893378547042,False,,,,0.0,,,,,0.0,0.0,0.0,0.0,,0.795893378547042
1862-1-288-0735,1862,CURBUS00021,completed,,[CTB] 屯门码头,[LRTFeeder] 兆麟,07:35:00,07:56:00,455.0,476.0,5.11,12.420824025408711,0.8332633679110784,0.791860621159716,False,,,,0.0,,,,,0.0,0.0,0.0,0.0,,0.791860621159716
1862-2-288-0735,1862,CURBUS00025,completed,,[LRTFeeder] 兆麟,[CTB] 屯门码头,07:35:00,07:56:00,455.0,476.0,4.5,12.841680068872993,0.8287520682670826,0.7859464680375059,False,,,,0.0,,,,,0.0,0.0,0.0,0.0,,0.7859464680375059
1884-1-288-0736,1884,CURBUS00080,completed,,[KMB] 天恒邨总站,[CTB] 天水围站 - 屏欣苑,07:36:00,07:54:00,456.0,474.0,2.71,6.700384057729179,0.8465094065122561,0.8241747929864922,False,,,,0.0,,,,,0.0,0.0,0.0,0.0,,0.8241747929864922
1884-2-288-0736,1884,CURBUS00110,completed,,[CTB] 天水围站 - 屏欣苑,[KMB] 天恒邨总站,07:36:00,07:54:00,456.0,474.0,2.67,5.573988615891471,0.8425473535578517,0.8239673915048802,False,,,,0.0,,,,,0.0,0.0,0.0,0.0,,0.8239673915048802
1862-1-287-0736,1862,CURBUS00034,completed,,[CTB] 屯门码头,[LRTFeeder] 兆麟,07:36:00,07:57:00,456.0,477.0,5.11,10.382150555518889,0.8248204597818767,0.7902132912634804,False,,,,0.0,,,,,0.0,0.0,0.0,0.0,,0.7902132912634804
1862-1-448-0736,1862,CURBUS00066,completed,,[CTB] 屯门码头,[LRTFeeder] 兆麟,07:36:00,07:57:00,456.0,477.0,5.11,15.162177976981306,0.8033924844518947,0.7528518911952904,False,,,,0.0,,,,,0.0,0.0,0.0,0.0,,0.7528518911952904
1862-2-287-0737,1862,CURBUS00004,completed,,[LRTFeeder] 兆麟,[CTB] 屯门码头,07:37:00,07:58:00,457.0,478.0,4.5,8.382322012848459,0.8183385234760644,0.7903974500999029,False,,,,0.0,,,,,0.0,0.0,0.0,0.0,,0.7903974500999029
1862-1-287-0740,1862,CURBUS00041,completed,,[CTB] 屯门码头,[LRTFeeder] 兆麟,07:40:00,08:01:00,460.0,481.0,5.11,9.190196305903422,0.812887244393144,0.7822532567067992,False,,,,0.0,,,,,0.0,0.0,0.0,0.0,,0.7822532567067992
1862-2-287-0741,1862,CURBUS00046,completed,,[LRTFeeder] 兆麟,[CTB] 屯门码头,07:41:00,08:02:00,461.0,482.0,4.5,8.107365864194161,0.8177179695215682,0.790693416640921,False,,,,0.0,,,,,0.0,0.0,0.0,0.0,,0.790693416640921
1884-1-288-0742,1884,CURBUS00136,completed,,[KMB] 天恒邨总站,[CTB] 天水围站 - 屏欣苑,07:42:00,08:00:00,462.0,480.0,2.71,5.092780604649138,0.8352924255610557,0.8183164902122252,False,,,,0.0,,,,,0.0,0.0,0.0,0.0,,0.8183164902122252
1884-1-448-0742,1884,CURBUS00118,completed,,[KMB] 天恒邨总站,[CTB] 天水围站 - 屏欣苑,07:42:00,08:00:00,462.0,480.0,2.71,8.587339795024283,0.8370759133811632,0.8084514473977489,False,,,,0.0,,,,,0.0,0.0,0.0,0.0,,0.8084514473977489
1884-2-288-0742,1884,CURBUS00088,completed,,[CTB] 天水围站 - 屏欣苑,[KMB] 天恒邨总站,07:42:00,08:00:00,462.0,480.0,2.67,3.790428312772328,0.8270966028020103,0.8144618417594358,False,,,,0.0,,,,,0.0,0.0,0.0,0.0,,0.8144618417594358
1884-2-448-0742,1884,CURBUS00132,completed,,[CTB] 天水围站 - 屏欣苑,[KMB] 天恒邨总站,07:42:00,08:00:00,462.0,480.0,2.67,3.897644734355394,0.8334977591218393,0.8205056100073214,False,,,,0.0,,,,,0.0,0.0,0.0,0.0,,0.8205056100073214
1884-1-287-0744,1884,CURBUS00143,completed,,[KMB] 天恒邨总站,[CTB] 天水围站 - 屏欣苑,07:44:00,08:02:00,464.0,482.0,2.71,4.643848540891182,0.8261999664056304,0.8107204712693264,False,,,,0.0,,,,,0.0,0.0,0.0,0.0,,0.8107204712693264
1884-2-287-0744,1884,CURBUS00145,completed,,[CTB] 天水围站 - 屏欣苑,[KMB] 天恒邨总站,07:44:00,08:02:00,464.0,482.0,2.67,3.496027594752129,0.820806964663859,0.8091535393480186,False,,,,0.0,,,,,0.0,0.0,0.0,0.0,,0.8091535393480186
1862-2-448-0744,1862,CURBUS00054,completed,,[LRTFeeder] 兆麟,[CTB] 屯门码头,07:44:00,08:05:00,464.0,485.0,4.5,12.275242364792296,0.8059079965298594,0.7649905219805518,False,,,,0.0,,,,,0.0,0.0,0.0,0.0,,0.7649905219805518
1862-1-288-0745,1862,CURBUS00053,completed,,[CTB] 屯门码头,[LRTFeeder] 兆麟,07:45:00,08:06:00,465.0,486.0,5.11,9.048210974953363,0.8118351478763866,0.781674444626542,False,,,,0.0,,,,,0.0,0.0,0.0,0.0,,0.781674444626542
1862-2-288-0745,1862,CURBUS00050,completed,,[LRTFeeder] 兆麟,[CTB] 屯门码头,07:45:00,08:06:00,465.0,486.0,4.5,11.070825749241246,0.7888133971187121,0.7519106446212414,False,,,,0.0,,,,,0.0,0.0,0.0,0.0,,0.7519106446212414
1862-1-448-0746,1862,CURBUS00076,completed,,[CTB] 屯门码头,[LRTFeeder] 兆麟,07:46:00,08:07:00,466.0,487.0,5.11,13.706110538195988,0.8057469535486278,0.7600599184213078,False,,,,0.0,,,,,0.0,0.0,0.0,0.0,,0.7600599184213078
1884-1-287-0747,1884,CURBUS00096,completed,,[KMB] 天恒邨总站,[CTB] 天水围站 - 屏欣苑,07:47:00,08:05:00,467.0,485.0,2.71,3.926036977996947,0.8190489311552718,0.8059621412286153,False,,,,0.0,,,,,0.0,0.0,0.0,0.0,,0.8059621412286153
1884-2-287-0747,1884,CURBUS00128,completed,,[CTB] 天水围站 - 屏欣苑,[KMB] 天恒邨总站,07:47:00,08:05:00,467.0,485.0,2.67,7.155579809280539,0.8245445810438568,0.800692648346255,False,,,,0.0,,,,,0.0,0.0,0.0,0.0,,0.800692648346255
1884-1-448-0749,1884,CURBUS00090,completed,,[KMB] 天恒邨总站,[CTB] 天水围站 - 屏欣苑,07:49:00,08:07:00,469.0,487.0,2.71,6.117029698066794,0.8150031024327273,0.7946130034391714,False,,,,0.0,,,,,0.0,0.0,0.0,0.0,,0.7946130034391714
1884-2-448-0749,1884,CURBUS00112,completed,,[CTB] 天水围站 - 屏欣苑,[KMB] 天恒邨总站,07:49:00,08:07:00,469.0,487.0,2.67,6.153269614634418,0.8182727558515868,0.7977618571361387,False,,,,0.0,,,,,0.0,0.0,0.0,0.0,,0.7977618571361387
1862-1-287-0750,1862,CURBUS00015,completed,,[CTB] 屯门码头,[LRTFeeder] 兆麟,07:50:00,08:11:00,470.0,491.0,5.11,14.23242535635855,0.8015404691776012,0.7540990513230728,False,,,,0.0,,,,,0.0,0.0,0.0,0.0,,0.7540990513230728
1862-1-288-0750,1862,CURBUS00020,completed,,[CTB] 屯门码头,[LRTFeeder] 兆麟,07:50:00,08:11:00,470.0,491.0,5.11,13.811765303806489,0.7926173387560581,0.7465781210767032,False,,,,0.0,,,,,0.0,0.0,0.0,0.0,,0.7465781210767032
1862-2-288-0750,1862,CURBUS00014,completed,,[LRTFeeder] 兆麟,[CTB] 屯门码头,07:50:00,08:11:00,470.0,491.0,4.5,7.8814188100586335,0.7836534677355985,0.7573820717020697,False,,,,0.0,,,,,0.0,0.0,0.0,0.0,,0.7573820717020697
1862-2-287-0751,1862,CURBUS00051,completed,,[LRTFeeder] 兆麟,[CTB] 屯门码头,07:51:00,08:12:00,471.0,492.0,4.5,7.589748484576972,0.8022955874891174,0.7769964258738609,False,,,,0.0,,,,,0.0,0.0,0.0,0.0,,0.7769964258738609
1862-2-448-0751,1862,CURBUS00055,completed,,[LRTFeeder] 兆麟,[CTB] 屯门码头,07:51:00,08:12:00,471.0,492.0,4.5,6.36838329272946,0.796233352732484,0.7750054084233857,False,,,,0.0,,,,,0.0,0.0,0.0,0.0,,0.7750054084233857
1884-1-288-0752,1884,CURBUS00089,completed,,[KMB] 天恒邨总站,[CTB] 天水围站 - 屏欣苑,07:52:00,08:10:00,472.0,490.0,2.71,7.596714688440166,0.8091295661998575,0.783807183905057,False,,,,0.0,,,,,0.0,0.0,0.0,0.0,,0.783807183905057
1884-2-288-0752,1884,CURBUS00114,completed,,[CTB] 天水围站 - 屏欣苑,[KMB] 天恒邨总站,07:52:00,08:10:00,472.0,490.0,2.67,3.718944833832367,0.8142100571014083,0.801813574321967,False,,,,0.0,,,,,0.0,0.0,0.0,0.0,,0.801813574321967
1862-1-448-0753,1862,CURBUS00075,completed,,[CTB] 屯门码头,[LRTFeeder] 兆麟,07:53:00,08:14:00,473.0,494.0,5.11,8.772656671883169,0.8009682423512873,0.77172605344501,False,,,,0.0,,,,,0.0,0.0,0.0,0.0,,0.77172605344501
1862-1-287-0754,1862,CURBUS00039,completed,,[CTB] 屯门码头,[LRTFeeder] 兆麟,07:54:00,08:15:00,474.0,495.0,5.11,13.43313148037441,0.7863252515069594,0.7415481465723781,False,,,,0.0,,,,,0.0,0.0,0.0,0.0,,0.7415481465723781
1862-2-287-0755,1862,CURBUS00018,completed,,[LRTFeeder] 兆麟,[CTB] 屯门码头,07:55:00,08:16:00,475.0,496.0,4.5,12.766924418128852,0.8000538064560097,0.7574973917289135,False,,,,0.0,,,,,0.0,0.0,0.0,0.0,,0.7574973917289135
1884-1-287-0757,1884,CURBUS00087,completed,,[KMB] 天恒邨总站,[CTB] 天水围站 - 屏欣苑,07:57:00,08:15:00,477.0,495.0,2.71,5.829471145293481,0.8044059799265558,0.7849744094422442,False,,,,0.0,,,,,0.0,0.0,0.0,0.0,,0.7849744094422442
1884-2-287-0757,1884,CURBUS00098,completed,,[CTB] 天水围站 - 屏欣苑,[KMB] 天恒邨总站,07:57:00,08:15:00,477.0,495.0,2.67,6.71819198454227,0.8098665808505006,0.787472607568693,False,,,,0.0,,,,,0.0,0.0,0.0,0.0,,0.787472607568693
1884-1-288-0758,1884,CURBUS00133,completed,,[KMB] 天恒邨总站,[CTB] 天水围站 - 屏欣苑,07:58:00,08:16:00,478.0,496.0,2.71,8.428564203136801,0.8072119486351023,0.7791167346246463,False,,,,0.0,,,,,0.0,0.0,0.0,0.0,,0.7791167346246463
1884-2-288-0758,1884,CURBUS00113,completed,,[CTB] 天水围站 - 屏欣苑,[KMB] 天恒邨总站,07:58:00,08:16:00,478.0,496.0,2.67,8.639295604752515,0.7915125130586549,0.7627148610428132,False,,,,0.0,,,,,0.0,0.0,0.0,0.0,,0.7627148610428132
1884-1-448-0759,1884,CURBUS00100,completed,,[KMB] 天恒邨总站,[CTB] 天水围站 - 屏欣苑,07:59:00,08:17:00,479.0,497.0,2.71,6.708488386529141,0.7902386702387434,0.7678770422836463,False,,,,0.0,,,,,0.0,0.0,0.0,0.0,,0.7678770422836463
1884-2-448-0759,1884,CURBUS00138,completed,,[CTB] 天水围站 - 屏欣苑,[KMB] 天恒邨总站,07:59:00,08:17:00,479.0,497.0,2.67,4.834900198861118,0.801756137543359,0.7856398035471552,False,,,,0.0,,,,,0.0,0.0,0.0,0.0,,0.7856398035471552
1884-1-287-0800,1884,CURBUS00130,completed,,[KMB] 天恒邨总站,[CTB] 天水围站 - 屏欣苑,08:00:00,08:18:00,480.0,498.0,2.71,7.223750736331777,0.7960766513622306,0.7719974822411246,False,,,,0.0,,,,,0.0,0.0,0.0,0.0,,0.7719974822411246
1884-2-287-0800,1884,CURBUS00099,completed,,[CTB] 天水围站 - 屏欣苑,[KMB] 天恒邨总站,08:00:00,08:18:00,480.0,498.0,2.67,7.247296817183393,0.7933702011034075,0.7692125450461296,False,,,,0.0,,,,,0.0,0.0,0.0,0.0,,0.7692125450461296
1862-1-288-0800,1862,CURBUS00044,completed,,[CTB] 屯门码头,[LRTFeeder] 兆麟,08:00:00,08:21:00,480.0,501.0,5.11,11.856394775843023,0.7748650203731,0.7353437044536233,False,,,,0.0,,,,,0.0,0.0,0.0,0.0,,0.7353437044536233
1862-2-288-0800,1862,CURBUS00035,completed,,[LRTFeeder] 兆麟,[CTB] 屯门码头,08:00:00,08:21:00,480.0,501.0,4.5,12.41588162383431,0.7739401989484217,0.732553926868974,False,,,,0.0,,,,,0.0,0.0,0.0,0.0,,0.732553926868974
1862-2-448-0801,1862,CURBUS00036,completed,,[LRTFeeder] 兆麟,[CTB] 屯门码头,08:01:00,08:22:00,481.0,502.0,4.5,12.13645332115128,0.7728670621759754,0.7324122177721378,False,,,,0.0,,,,,0.0,0.0,0.0,0.0,,0.7324122177721378
1862-1-448-0803,1862,CURBUS00016,completed,,[CTB] 屯门码头,[LRTFeeder] 兆麟,08:03:00,08:24:00,483.0,504.0,5.11,9.009553949860322,0.7693004950699457,0.7392686485704113,False,,,,0.0,,,,,0.0,0.0,0.0,0.0,,0.7392686485704113
1862-1-287-0804,1862,CURBUS00030,completed,,[CTB] 屯门码头,[LRTFeeder] 兆麟,08:04:00,08:25:00,484.0,505.0,5.11,7.664048946518484,0.7814733578225214,0.7559265280007931,False,,,,0.0,,,,,0.0,0.0,0.0,0.0,,0.7559265280007931
1862-1-288-0805,1862,CURBUS00042,completed,,[CTB] 屯门码头,[LRTFeeder] 兆麟,08:05:00,08:26:00,485.0,506.0,5.11,10.13921642805869,0.785123642677376,0.751326254583847,False,,,,0.0,,,,,0.0,0.0,0.0,0.0,,0.751326254583847
1862-2-287-0805,1862,CURBUS00065,completed,,[LRTFeeder] 兆麟,[CTB] 屯门码头,08:05:00,08:26:00,485.0,506.0,4.5,6.03253118380946,0.7661305237157183,0.7460220864363535,False,,,,0.0,,,,,0.0,0.0,0.0,0.0,,0.7460220864363535
1862-2-288-0805,1862,CURBUS00056,completed,,[LRTFeeder] 兆麟,[CTB] 屯门码头,08:05:00,08:26:00,485.0,506.0,4.5,5.991099431885373,0.7849430327534539,0.764972701313836,False,,,,0.0,,,,,0.0,0.0,0.0,0.0,,0.764972701313836
1884-1-448-0806,1884,CURBUS00094,completed,,[KMB] 天恒邨总站,[CTB] 天水围站 - 屏欣苑,08:06:00,08:24:00,486.0,504.0,2.71,4.772218888693941,0.7905167288650744,0.7746093325694279,False,,,,0.0,,,,,0.0,0.0,0.0,0.0,,0.7746093325694279
1884-2-448-0806,1884,CURBUS00149,completed,,[CTB] 天水围站 - 屏欣苑,[KMB] 天恒邨总站,08:06:00,08:24:00,486.0,504.0,2.67,4.3240678760813624,0.787723094116489,0.7733095345295511,False,,,,0.0,,,,,0.0,0.0,0.0,0.0,,0.7733095345295511
1884-1-288-0808,1884,CURBUS00104,completed,,[KMB] 天恒邨总站,[CTB] 天水围站 - 屏欣苑,08:08:00,08:26:00,488.0,506.0,2.71,7.453639059485026,0.7854489273349159,0.7606034638032991,False,,,,0.0,,,,,0.0,0.0,0.0,0.0,,0.7606034638032991
1884-2-288-0808,1884,CURBUS00134,completed,,[CTB] 天水围站 - 屏欣苑,[KMB] 天恒邨总站,08:08:00,08:26:00,488.0,506.0,2.67,4.08506808256139,0.7843565319746466,0.7707396383661086,False,,,,0.0,,,,,0.0,0.0,0.0,0.0,,0.7707396383661086
1862-1-287-0808,1862,CURBUS00062,completed,,[CTB] 屯门码头,[LRTFeeder] 兆麟,08:08:00,08:29:00,488.0,509.0,5.11,12.996951146064504,0.7709900076004556,0.7276668371135738,False,,,,0.0,,,,,0.0,0.0,0.0,0.0,,0.7276668371135738
1862-2-448-0808,1862,CURBUS00017,completed,,[LRTFeeder] 兆麟,[CTB] 屯门码头,08:08:00,08:29:00,488.0,509.0,4.5,12.341955980455683,0.777174524586712,0.7360346713185264,False,,,,0.0,,,,,0.0,0.0,0.0,0.0,,0.7360346713185264
1862-2-287-0809,1862,CURBUS00002,completed,,[LRTFeeder] 兆麟,[CTB] 屯门码头,08:09:00,08:30:00,489.0,510.0,4.5,12.311522725571916,0.7768189591331855,0.7357805500479458,False,,,,0.0,,,,,0.0,0.0,0.0,0.0,,0.7357805500479458
1884-1-287-0810,1884,CURBUS00103,completed,,[KMB] 天恒邨总站,[CTB] 天水围站 - 屏欣苑,08:10:00,08:28:00,490.0,508.0,2.71,5.5848711790588075,0.7838273395549099,0.7652111022913806,False,,,,0.0,,,,,0.0,0.0,0.0,0.0,,0.7652111022913806
1884-2-287-0810,1884,CURBUS00091,completed,,[CTB] 天水围站 - 屏欣苑,[KMB] 天恒邨总站,08:10:00,08:28:00,490.0,508.0,2.67,7.457350344573317,0.7902553104471302,0.7653974759652191,False,,,,0.0,,,,,0.0,0.0,0.0,0.0,,0.7653974759652191
1862-1-448-0810,1862,CURBUS00026,completed,,[CTB] 屯门码头,[LRTFeeder] 兆麟,08:10:00,08:31:00,490.0,511.0,5.11,10.101121437693536,0.7754368557185434,0.7417664509262316,False,,,,0.0,,,,,0.0,0.0,0.0,0.0,,0.7417664509262316
1884-1-287-0813,1884,CURBUS00117,completed,,[KMB] 天恒邨总站,[CTB] 天水围站 - 屏欣苑,08:13:00,08:31:00,493.0,511.0,2.71,8.441977518168354,0.786380098642753,0.7582401735821919,False,,,,0.0,,,,,0.0,0.0,0.0,0.0,,0.7582401735821919
1884-2-287-0813,1884,CURBUS00129,completed,,[CTB] 天水围站 - 屏欣苑,[KMB] 天恒邨总站,08:13:00,08:31:00,493.0,511.0,2.67,4.0363625322743735,0.786258350607381,0.7728038088331332,False,,,,0.0,,,,,0.0,0.0,0.0,0.0,,0.7728038088331332
1884-1-288-0814,1884,CURBUS00141,completed,,[KMB] 天恒邨总站,[CTB] 天水围站 - 屏欣苑,08:14:00,08:32:00,494.0,512.0,2.71,4.9686233678150735,0.7710587512441718,0.7544966733514549,False,,,,0.0,,,,,0.0,0.0,0.0,0.0,,0.7544966733514549
1884-2-288-0814,1884,CURBUS00115,completed,,[CTB] 天水围站 - 屏欣苑,[KMB] 天恒邨总站,08:14:00,08:32:00,494.0,512.0,2.67,4.14204151835155,0.7835648816834285,0.7697580766222567,False,,,,0.0,,,,,0.0,0.0,0.0,0.0,,0.7697580766222567
1862-1-288-0815,1862,CURBUS00043,completed,,[CTB] 屯门码头,[LRTFeeder] 兆麟,08:15:00,08:36:00,495.0,516.0,5.11,10.663917337545376,0.7587089051962401,0.7231625140710889,False,,,,0.0,,,,,0.0,0.0,0.0,0.0,,0.7231625140710889
1862-2-288-0815,1862,CURBUS00022,completed,,[LRTFeeder] 兆麟,[CTB] 屯门码头,08:15:00,08:36:00,495.0,516.0,4.5,11.976189958111828,0.7507732637894059,0.7108526305956998,False,,,,0.0,,,,,0.0,0.0,0.0,0.0,,0.7108526305956998
1884-1-448-0816,1884,CURBUS00135,completed,,[KMB] 天恒邨总站,[CTB] 天水围站 - 屏欣苑,08:16:00,08:34:00,496.0,514.0,2.71,4.049726943655524,0.7754022942907399,0.7619032044785549,False,,,,0.0,,,,,0.0,0.0,0.0,0.0,,0.7619032044785549
1884-2-448-0816,1884,CURBUS00120,completed,,[CTB] 天水围站 - 屏欣苑,[KMB] 天恒邨总站,08:16:00,08:34:00,496.0,514.0,2.67,4.052923221465741,0.7677123016873786,0.7542025576158261,False,,,,0.0,,,,,0.0,0.0,0.0,0.0,,0.7542025576158261
1862-1-287-0818,1862,CURBUS00072,completed,,[CTB] 屯门码头,[LRTFeeder] 兆麟,08:18:00,08:39:00,498.0,519.0,5.11,8.04609067339586,0.7394309146205793,0.7126106123759265,False,,,,0.0,,,,,0.0,0.0,0.0,0.0,,0.7126106123759265
1862-2-448-0818,1862,CURBUS00047,completed,,[LRTFeeder] 兆麟,[CTB] 屯门码头,08:18:00,08:39:00,498.0,519.0,4.5,6.494835504395373,0.7428480800868165,0.7211986284054985,False,,,,0.0,,,,,0.0,0.0,0.0,0.0,,0.7211986284054985
1862-2-287-0819,1862,CURBUS00019,completed,,[LRTFeeder] 兆麟,[CTB] 屯门码头,08:19:00,08:40:00,499.0,520.0,4.5,10.134884361923982,0.756164984573449,0.7223820367003692,False,,,,0.0,,,,,0.0,0.0,0.0,0.0,,0.7223820367003692
1862-1-288-0820,1862,CURBUS00070,completed,,[CTB] 屯门码头,[LRTFeeder] 兆麟,08:20:00,08:41:00,500.0,521.0,5.11,13.598409567845652,0.7457288747413406,0.7004008428485218,False,,,,0.0,,,,,0.0,0.0,0.0,0.0,,0.7004008428485218
1862-1-448-0820,1862,CURBUS00031,completed,,[CTB] 屯门码头,[LRTFeeder] 兆麟,08:20:00,08:41:00,500.0,521.0,5.11,9.60006050890794,0.7578527027694503,0.7258525010730905,False,,,,0.0,,,,,0.0,0.0,0.0,0.0,,0.7258525010730905
1862-2-288-0820,1862,CURBUS00048,completed,,[LRTFeeder] 兆麟,[CTB] 屯门码头,08:20:00,08:41:00,500.0,521.0,4.5,10.642543877734626,0.7466542181420398,0.7111790718829244,False,,,,0.0,,,,,0.0,0.0,0.0,0.0,,0.7111790718829244
1862-1-287-0822,1862,CURBUS00007,completed,,[CTB] 屯门码头,[LRTFeeder] 兆麟,08:22:00,08:43:00,502.0,523.0,5.11,7.0721895207133185,0.7407512296771189,0.7171772646080745,False,,,,0.0,,,,,0.0,0.0,0.0,0.0,,0.7171772646080745
1884-1-287-0823,1884,CURBUS00086,completed,,[KMB] 天恒邨总站,[CTB] 天水围站 - 屏欣苑,08:23:00,08:41:00,503.0,521.0,2.71,3.7668462862602903,0.7663285629225519,0.7537724086350176,False,,,,0.0,,,,,0.0,0.0,0.0,0.0,,0.7537724086350176
1884-1-448-0823,1884,CURBUS00102,completed,,[KMB] 天恒邨总站,[CTB] 天水围站 - 屏欣苑,08:23:00,08:41:00,503.0,521.0,2.71,5.126445238760399,0.7560219607725491,0.7389338099766811,False,,,,0.0,,,,,0.0,0.0,0.0,0.0,,0.7389338099766811
1884-2-287-0823,1884,CURBUS00146,completed,,[CTB] 天水围站 - 屏欣苑,[KMB] 天恒邨总站,08:23:00,08:41:00,503.0,521.0,2.67,4.419940815485956,0.7553660232081238,0.740632887156504,False,,,,0.0,,,,,0.0,0.0,0.0,0.0,,0.740632887156504
1884-2-448-0823,1884,CURBUS00148,completed,,[CTB] 天水围站 - 屏欣苑,[KMB] 天恒邨总站,08:23:00,08:41:00,503.0,521.0,2.67,6.123315594301501,0.7565268415286204,0.7361157895476154,False,,,,0.0,,,,,0.0,0.0,0.0,0.0,,0.7361157895476154
1862-2-287-0823,1862,CURBUS00037,completed,,[LRTFeeder] 兆麟,[CTB] 屯门码头,08:23:00,08:44:00,503.0,524.0,4.5,11.836091230806849,0.7564542704966989,0.7170006330606761,False,,,,0.0,,,,,0.0,0.0,0.0,0.0,,0.7170006330606761
1884-1-288-0824,1884,CURBUS00121,completed,,[KMB] 天恒邨总站,[CTB] 天水围站 - 屏欣苑,08:24:00,08:42:00,504.0,522.0,2.71,3.973435735232928,0.7526935753559315,0.7394487895718217,False,,,,0.0,,,,,0.0,0.0,0.0,0.0,,0.7394487895718217
1884-2-288-0824,1884,CURBUS00125,completed,,[CTB] 天水围站 - 屏欣苑,[KMB] 天恒邨总站,08:24:00,08:42:00,504.0,522.0,2.67,6.24949194270802,0.7608799227562552,0.7400482829472285,False,,,,0.0,,,,,0.0,0.0,0.0,0.0,,0.7400482829472285
1862-2-448-0825,1862,CURBUS00045,completed,,[LRTFeeder] 兆麟,[CTB] 屯门码头,08:25:00,08:46:00,505.0,526.0,4.5,13.023268968829935,0.7355830762788569,0.6921721797160905,False,,,,0.0,,,,,0.0,0.0,0.0,0.0,,0.6921721797160905
1884-1-287-0826,1884,CURBUS00085,completed,,[KMB] 天恒邨总站,[CTB] 天水围站 - 屏欣苑,08:26:00,08:44:00,506.0,524.0,2.71,8.246652597599244,0.7569622081945379,0.7294733662025403,False,,,,0.0,,,,,0.0,0.0,0.0,0.0,,0.7294733662025403
1884-2-287-0826,1884,CURBUS00123,completed,,[CTB] 天水围站 - 屏欣苑,[KMB] 天恒邨总站,08:26:00,08:44:00,506.0,524.0,2.67,3.647252738914452,0.7542030462156264,0.7420455370859116,False,,,,0.0,,,,,0.0,0.0,0.0,0.0,,0.7420455370859116
1862-1-448-0827,1862,CURBUS00060,completed,,[CTB] 屯门码头,[LRTFeeder] 兆麟,08:27:00,08:48:00,507.0,528.0,5.11,8.19526150099271,0.7332291714171408,0.7059116330804984,False,,,,0.0,,,,,0.0,0.0,0.0,0.0,,0.7059116330804984
1884-1-288-0830,1884,CURBUS00126,completed,,[KMB] 天恒邨总站,[CTB] 天水围站 - 屏欣苑,08:30:00,08:48:00,510.0,528.0,2.71,3.800123508602673,0.7502602901637774,0.7375932118017685,False,,,,0.0,,,,,0.0,0.0,0.0,0.0,,0.7375932118017685
1884-2-288-0830,1884,CURBUS00139,completed,,[CTB] 天水围站 - 屏欣苑,[KMB] 天恒邨总站,08:30:00,08:48:00,510.0,528.0,2.67,8.309794600219325,0.7415958461777907,0.7138965308437263,False,,,,0.0,,,,,0.0,0.0,0.0,0.0,,0.7138965308437263
1862-1-288-0830,1862,CURBUS00001,completed,,[CTB] 屯门码头,[LRTFeeder] 兆麟,08:30:00,08:51:00,510.0,531.0,5.11,11.60209541503971,0.7320986512660024,0.6934249998825367,False,,,,0.0,,,,,0.0,0.0,0.0,0.0,,0.6934249998825367
1862-2-288-0830,1862,CURBUS00008,completed,,[LRTFeeder] 兆麟,[CTB] 屯门码头,08:30:00,08:51:00,510.0,531.0,4.5,11.017542375419325,0.7514990144799087,0.714773873228511,False,,,,0.0,,,,,0.0,0.0,0.0,0.0,,0.714773873228511
1862-1-287-0832,1862,CURBUS00005,completed,,[CTB] 屯门码头,[LRTFeeder] 兆麟,08:32:00,08:53:00,512.0,533.0,5.11,10.44879713344908,0.7335302827678137,0.6987009589896501,False,,,,0.0,,,,,0.0,0.0,0.0,0.0,,0.6987009589896501
1884-1-448-0833,1884,CURBUS00127,completed,,[KMB] 天恒邨总站,[CTB] 天水围站 - 屏欣苑,08:33:00,08:51:00,513.0,531.0,2.71,6.089121043013496,0.7412330301064809,0.7209359599631026,False,,,,0.0,,,,,0.0,0.0,0.0,0.0,,0.7209359599631026
1884-2-448-0833,1884,CURBUS00105,completed,,[CTB] 天水围站 - 屏欣苑,[KMB] 天恒邨总站,08:33:00,08:51:00,513.0,531.0,2.67,4.04705618839557,0.7439424905169784,0.7304523032223265,False,,,,0.0,,,,,0.0,0.0,0.0,0.0,,0.7304523032223265
1862-2-287-0833,1862,CURBUS00011,completed,,[LRTFeeder] 兆麟,[CTB] 屯门码头,08:33:00,08:54:00,513.0,534.0,4.5,9.039443583339974,0.7445114827651877,0.7143800041540544,False,,,,0.0,,,,,0.0,0.0,0.0,0.0,,0.7143800041540544
1862-1-288-0835,1862,CURBUS00003,completed,,[CTB] 屯门码头,[LRTFeeder] 兆麟,08:35:00,08:56:00,515.0,536.0,5.11,10.947116419093115,0.7313641972937673,0.6948738092301237,False,,,,0.0,,,,,0.0,0.0,0.0,0.0,,0.6948738092301237
1862-2-288-0835,1862,CURBUS00052,completed,,[LRTFeeder] 兆麟,[CTB] 屯门码头,08:35:00,08:56:00,515.0,536.0,4.5,11.248412815638158,0.7221859431258963,0.6846912337404358,False,,,,0.0,,,,,0.0,0.0,0.0,0.0,,0.6846912337404358
1862-2-448-0835,1862,CURBUS00073,completed,,[LRTFeeder] 兆麟,[CTB] 屯门码头,08:35:00,08:56:00,515.0,536.0,4.5,7.390352385410083,0.7208716958895046,0.6962371879381377,False,,,,0.0,,,,,0.0,0.0,0.0,0.0,,0.6962371879381377
1884-1-287-0836,1884,CURBUS00144,completed,,[KMB] 天恒邨总站,[CTB] 天水围站 - 屏欣苑,08:36:00,08:54:00,516.0,534.0,2.71,6.803440398086383,0.7383808368263634,0.7157027021660755,False,,,,0.0,,,,,0.0,0.0,0.0,0.0,,0.7157027021660755
1884-2-287-0836,1884,CURBUS00131,completed,,[CTB] 天水围站 - 屏欣苑,[KMB] 天恒邨总站,08:36:00,08:54:00,516.0,534.0,2.67,7.643479551108879,0.7410244059314759,0.715546140761113,False,,,,0.0,,,,,0.0,0.0,0.0,0.0,,0.715546140761113
1862-1-287-0836,1862,CURBUS00010,completed,,[CTB] 屯门码头,[LRTFeeder] 兆麟,08:36:00,08:57:00,516.0,537.0,5.11,8.1810867775976,0.7322700977066773,0.7049998084480186,False,,,,0.0,,,,,0.0,0.0,0.0,0.0,,0.7049998084480186
1862-1-448-0837,1862,CURBUS00067,completed,,[CTB] 屯门码头,[LRTFeeder] 兆麟,08:37:00,08:58:00,517.0,538.0,5.11,13.66484596927694,0.7307520544105873,0.6852025678463308,False,,,,0.0,,,,,0.0,0.0,0.0,0.0,,0.6852025678463308
1862-2-287-0837,1862,CURBUS00079,completed,,[LRTFeeder] 兆麟,[CTB] 屯门码头,08:37:00,08:58:00,517.0,538.0,4.5,9.298560286352004,0.7144069725650687,0.683411771610562,False,,,,0.0,,,,,0.0,0.0,0.0,0.0,,0.683411771610562
1884-1-287-0839,1884,CURBUS00082,completed,,[KMB] 天恒邨总站,[CTB] 天水围站 - 屏欣苑,08:39:00,08:57:00,519.0,537.0,2.71,7.192863865006838,0.7341463854078166,0.7101701725244605,False,,,,0.0,,,,,0.0,0.0,0.0,0.0,,0.7101701725244605
1884-2-287-0839,1884,CURBUS00081,completed,,[CTB] 天水围站 - 屏欣苑,[KMB] 天恒邨总站,08:39:00,08:57:00,519.0,537.0,2.67,4.592781266689886,0.7324600916685556,0.7171508207795894,False,,,,0.0,,,,,0.0,0.0,0.0,0.0,,0.7171508207795894
1884-1-288-0840,1884,CURBUS00083,completed,,[KMB] 天恒邨总站,[CTB] 天水围站 - 屏欣苑,08:40:00,08:58:00,520.0,538.0,2.71,3.786360244899452,0.7282927590350846,0.7156715582187531,False,,,,0.0,,,,,0.0,0.0,0.0,0.0,,0.7156715582187531
1884-1-448-0840,1884,CURBUS00092,completed,,[KMB] 天恒邨总站,[CTB] 天水围站 - 屏欣苑,08:40:00,08:58:00,520.0,538.0,2.71,5.182685356887866,0.7344877837837589,0.7172121659274661,False,,,,0.0,,,,,0.0,0.0,0.0,0.0,,0.7172121659274661
1884-2-288-0840,1884,CURBUS00137,completed,,[CTB] 天水围站 - 屏欣苑,[KMB] 天恒邨总站,08:40:00,08:58:00,520.0,538.0,2.67,7.795620140027605,0.7268567682304614,0.7008713677637027,False,,,,0.0,,,,,0.0,0.0,0.0,0.0,,0.7008713677637027
1884-2-448-0840,1884,CURBUS00093,completed,,[CTB] 天水围站 - 屏欣苑,[KMB] 天恒邨总站,08:40:00,08:58:00,520.0,538.0,2.67,3.565483767944043,0.7253335744279846,0.7134486285348378,False,,,,0.0,,,,,0.0,0.0,0.0,0.0,,0.7134486285348378
1862-2-448-0842,1862,CURBUS00013,completed,,[LRTFeeder] 兆麟,[CTB] 屯门码头,08:42:00,09:03:00,522.0,543.0,4.5,8.168808383863889,0.711313667168099,0.6840843058885526,False,,,,0.0,,,,,0.0,0.0,0.0,0.0,,0.6840843058885526
1862-1-448-0844,1862,CURBUS00071,completed,,[CTB] 屯门码头,[LRTFeeder] 兆麟,08:44:00,09:05:00,524.0,545.0,5.11,11.449523619141548,0.7048197184178111,0.6666546396873393,False,,,,0.0,,,,,0.0,0.0,0.0,0.0,,0.6666546396873393
1862-1-288-0845,1862,CURBUS00033,completed,,[CTB] 屯门码头,[LRTFeeder] 兆麟,08:45:00,09:06:00,525.0,546.0,5.11,8.822414264962406,0.7006197397186422,0.6712116921687675,False,,,,0.0,,,,,0.0,0.0,0.0,0.0,,0.6712116921687675
1862-2-288-0845,1862,CURBUS00069,completed,,[LRTFeeder] 兆麟,[CTB] 屯门码头,08:45:00,09:06:00,525.0,546.0,4.5,7.565085520545857,0.7103279725990139,0.6851110208638611,False,,,,0.0,,,,,0.0,0.0,0.0,0.0,,0.6851110208638611
1884-1-288-0846,1884,CURBUS00116,completed,,[KMB] 天恒邨总站,[CTB] 天水围站 - 屏欣苑,08:46:00,09:04:00,526.0,544.0,2.71,3.953157179098956,0.7238944144206257,0.7107172238236292,False,,,,0.0,,,,,0.0,0.0,0.0,0.0,,0.7107172238236292
1884-2-288-0846,1884,CURBUS00142,completed,,[CTB] 天水围站 - 屏欣苑,[KMB] 天恒邨总站,08:46:00,09:04:00,526.0,544.0,2.67,4.312124619604509,0.7219035901776262,0.7075298414456112,False,,,,0.0,,,,,0.0,0.0,0.0,0.0,,0.7075298414456112
1862-1-287-0846,1862,CURBUS00028,completed,,[CTB] 屯门码头,[LRTFeeder] 兆麟,08:46:00,09:07:00,526.0,547.0,5.11,14.116213268559338,0.7011372845650475,0.6540832403365164,False,,,,0.0,,,,,0.0,0.0,0.0,0.0,,0.6540832403365164
1862-2-287-0847,1862,CURBUS00058,completed,,[LRTFeeder] 兆麟,[CTB] 屯门码头,08:47:00,09:08:00,527.0,548.0,4.5,12.607657032744523,0.7068182488062339,0.6647927253637521,False,,,,0.0,,,,,0.0,0.0,0.0,0.0,,0.6647927253637521
1884-1-287-0849,1884,CURBUS00109,completed,,[KMB] 天恒邨总站,[CTB] 天水围站 - 屏欣苑,08:49:00,09:07:00,529.0,547.0,2.71,8.461259171576451,0.7088879075357377,0.6806837102971496,False,,,,0.0,,,,,0.0,0.0,0.0,0.0,,0.6806837102971496
1884-2-287-0849,1884,CURBUS00122,completed,,[CTB] 天水围站 - 屏欣苑,[KMB] 天恒邨总站,08:49:00,09:07:00,529.0,547.0,2.67,7.839950856907033,0.7153078691775289,0.6891746996545054,False,,,,0.0,,,,,0.0,0.0,0.0,0.0,,0.6891746996545054
1884-1-448-0850,1884,CURBUS00095,completed,,[KMB] 天恒邨总站,[CTB] 天水围站 - 屏欣苑,08:50:00,09:08:00,530.0,548.0,2.71,4.072181740955709,0.6969866701802929,0.6834127310437739,False,,,,0.0,,,,,0.0,0.0,0.0,0.0,,0.6834127310437739
1884-2-448-0850,1884,CURBUS00147,completed,,[CTB] 天水围站 - 屏欣苑,[KMB] 天恒邨总站,08:50:00,09:08:00,530.0,548.0,2.67,7.045339126516899,0.7118289597215203,0.688344495966464,False,,,,0.0,,,,,0.0,0.0,0.0,0.0,,0.688344495966464
1862-1-287-0850,1862,CURBUS00068,completed,,[CTB] 屯门码头,[LRTFeeder] 兆麟,08:50:00,09:11:00,530.0,551.0,5.11,7.997150633348309,0.6945826356379198,0.6679254668600921,False,,,,0.0,,,,,0.0,0.0,0.0,0.0,,0.6679254668600921
1862-1-288-0850,1862,CURBUS00040,completed,,[CTB] 屯门码头,[LRTFeeder] 兆麟,08:50:00,09:11:00,530.0,551.0,5.11,13.386509860615092,0.7051007596631694,0.6604790601277858,False,,,,0.0,,,,,0.0,0.0,0.0,0.0,,0.6604790601277858
1862-2-288-0850,1862,CURBUS00049,completed,,[LRTFeeder] 兆麟,[CTB] 屯门码头,08:50:00,09:11:00,530.0,551.0,4.5,6.916764532725309,0.702673302765725,0.679617420989974,False,,,,0.0,,,,,0.0,0.0,0.0,0.0,,0.679617420989974
1862-2-287-0851,1862,CURBUS00077,completed,,[LRTFeeder] 兆麟,[CTB] 屯门码头,08:51:00,09:12:00,531.0,552.0,4.5,6.546635217947354,0.69900041645463,0.6771782990614721,False,,,,0.0,,,,,0.0,0.0,0.0,0.0,,0.6771782990614721
1884-1-287-0852,1884,CURBUS00101,completed,,[KMB] 天恒邨总站,[CTB] 天水围站 - 屏欣苑,08:52:00,09:10:00,532.0,550.0,2.71,7.661537315757234,0.7070765554199615,0.6815380977007707,False,,,,0.0,,,,,0.0,0.0,0.0,0.0,,0.6815380977007707
1884-2-287-0852,1884,CURBUS00140,completed,,[CTB] 天水围站 - 屏欣苑,[KMB] 天恒邨总站,08:52:00,09:10:00,532.0,550.0,2.67,4.048267672794858,0.8436710816002273,0.8301768560242444,False,,,,0.0,,,,,0.0,0.0,0.0,0.0,,0.8301768560242444
1862-2-448-0852,1862,CURBUS00078,completed,,[LRTFeeder] 兆麟,[CTB] 屯门码头,08:52:00,09:13:00,532.0,553.0,4.5,7.895895760910185,0.8212147019935127,0.7948950494571454,False,,,,0.0,,,,,0.0,0.0,0.0,0.0,,0.7948950494571454
1862-1-448-0854,1862,CURBUS00029,completed,,[CTB] 屯门码头,[LRTFeeder] 兆麟,08:54:00,09:15:00,534.0,555.0,5.11,12.227279090784986,0.8147019068990605,0.7739443099297773,False,,,,0.0,,,,,0.0,0.0,0.0,0.0,,0.7739443099297773
1884-1-288-0856,1884,CURBUS00107,completed,,[KMB] 天恒邨总站,[CTB] 天水围站 - 屏欣苑,08:56:00,09:14:00,536.0,554.0,2.71,4.609026514978839,0.707326188527565,0.6919627668109689,False,,,,0.0,,,,,0.0,0.0,0.0,0.0,,0.6919627668109689
1884-2-288-0856,1884,CURBUS00108,completed,,[CTB] 天水围站 - 屏欣苑,[KMB] 天恒邨总站,08:56:00,09:14:00,536.0,554.0,2.67,7.166083518310702,0.8415796466019612,0.8176927015409254,False,,,,0.0,,,,,0.0,0.0,0.0,0.0,,0.8176927015409254
1884-1-448-0857,1884,CURBUS00097,completed,,[KMB] 天恒邨总站,[CTB] 天水围站 - 屏欣苑,08:57:00,09:15:00,537.0,555.0,2.71,4.832756430068423,0.8387343050211369,0.8226251169209088,False,,,,0.0,,,,,0.0,0.0,0.0,0.0,,0.8226251169209088
1884-2-448-0857,1884,CURBUS00111,completed,,[CTB] 天水围站 - 屏欣苑,[KMB] 天恒邨总站,08:57:00,09:15:00,537.0,555.0,2.67,5.020242713991286,0.8322719110212542,0.8155377686412832,False,,,,0.0,,,,,0.0,0.0,0.0,0.0,,0.8155377686412832
1862-2-448-0859,1862,CURBUS00024,completed,,[LRTFeeder] 兆麟,[CTB] 屯门码头,08:59:00,09:20:00,539.0,560.0,4.5,7.159779142688888,0.8118122654977934,0.7879463350221638,False,,,,0.0,,,,,0.0,0.0,0.0,0.0,,0.7879463350221638
1862-1-287-0900,1862,CURBUS00038,completed,,[CTB] 屯门码头,[LRTFeeder] 兆麟,09:00:00,09:21:00,540.0,561.0,5.11,13.825955019245985,0.8194930600704077,0.7734065433395877,False,,,,0.0,,,,,0.0,0.0,0.0,0.0,,0.7734065433395877
1862-1-288-0900,1862,CURBUS00063,completed,,[CTB] 屯门码头,[LRTFeeder] 兆麟,09:00:00,09:21:00,540.0,561.0,5.11,8.074703048684501,0.8302411968262092,0.8033255199972609,False,,,,0.0,,,,,0.0,0.0,0.0,0.0,,0.8033255199972609
1862-2-288-0900,1862,CURBUS00027,completed,,[LRTFeeder] 兆麟,[CTB] 屯门码头,09:00:00,09:21:00,540.0,561.0,4.5,7.4107628226606765,0.8258831880376734,0.8011806452954711,False,,,,0.0,,,,,0.0,0.0,0.0,0.0,,0.8011806452954711
1862-1-448-0901,1862,CURBUS00061,completed,,[CTB] 屯门码头,[LRTFeeder] 兆麟,09:01:00,09:22:00,541.0,562.0,5.11,9.1767079414952,0.8111277190570835,0.7805386925854328,False,,,,0.0,,,,,0.0,0.0,0.0,0.0,,0.7805386925854328
1862-2-287-0901,1862,CURBUS00032,completed,,[LRTFeeder] 兆麟,[CTB] 屯门码头,09:01:00,09:22:00,541.0,562.0,4.5,12.774593244458533,0.803436067347225,0.7608540898656965,False,,,,0.0,,,,,0.0,0.0,0.0,0.0,,0.7608540898656965
1884-1-287-0902,1884,CURBUS00106,completed,,[KMB] 天恒邨总站,[CTB] 天水围站 - 屏欣苑,09:02:00,09:20:00,542.0,560.0,2.71,3.909515169632214,0.8259510238253062,0.8129193065931988,False,,,,0.0,,,,,0.0,0.0,0.0,0.0,,0.8129193065931988
1884-1-288-0902,1884,CURBUS00084,completed,,[KMB] 天恒邨总站,[CTB] 天水围站 - 屏欣苑,09:02:00,09:20:00,542.0,560.0,2.71,4.664926404745249,0.8354728585125408,0.8199231038300566,False,,,,0.0,,,,,0.0,0.0,0.0,0.0,,0.8199231038300566
1884-2-287-0902,1884,CURBUS00124,completed,,[CTB] 天水围站 - 屏欣苑,[KMB] 天恒邨总站,09:02:00,09:20:00,542.0,560.0,2.67,4.183193520248921,0.8171784267378553,0.8032344483370256,False,,,,0.0,,,,,0.0,0.0,0.0,0.0,,0.8032344483370256
1884-2-288-0902,1884,CURBUS00150,completed,,[CTB] 天水围站 - 屏欣苑,[KMB] 天恒邨总站,09:02:00,09:20:00,542.0,560.0,2.67,5.9777674406321015,0.8283788242758485,0.8084529328070749,False,,,,0.0,,,,,0.0,0.0,0.0,0.0,,0.8084529328070749
1862-1-287-0904,1862,CURBUS00023,completed,,[CTB] 屯门码头,[LRTFeeder] 兆麟,09:04:00,09:25:00,544.0,565.0,5.11,10.937184596069937,0.822548285119163,0.7860910031322632,False,,,,0.0,,,,,0.0,0.0,0.0,0.0,,0.7860910031322632
1884-1-287-0905,1884,CURBUS00119,completed,,[KMB] 天恒邨总站,[CTB] 天水围站 - 屏欣苑,09:05:00,09:23:00,545.0,563.0,2.71,3.730262055463706,0.8093839895047491,0.7969497826532034,False,,,,0.0,,,,,0.0,0.0,0.0,0.0,,0.7969497826532034
1884-2-287-0905,1884,CURBUS00080,completed,,[CTB] 天水围站 - 屏欣苑,[KMB] 天恒邨总站,09:05:00,09:23:00,545.0,563.0,2.67,7.069001952099041,0.8241747929864922,0.8006114531461621,False,,,,0.0,,,,,0.0,0.0,0.0,0.0,,0.8006114531461621
1862-1-288-0905,1862,CURBUS00059,completed,,[CTB] 屯门码头,[LRTFeeder] 兆麟,09:05:00,09:26:00,545.0,566.0,5.11,10.394392043605642,0.8135687284451214,0.778920754966436,False,,,,0.0,,,,,0.0,0.0,0.0,0.0,,0.778920754966436
1862-2-287-0905,1862,CURBUS00057,completed,,[LRTFeeder] 兆麟,[CTB] 屯门码头,09:05:00,09:26:00,545.0,566.0,4.5,7.2657725894042,0.7841540028523075,0.7599347608876269,False,,,,0.0,,,,,0.0,0.0,0.0,0.0,,0.7599347608876269
1862-2-288-0905,1862,CURBUS00074,completed,,[LRTFeeder] 兆麟,[CTB] 屯门码头,09:05:00,09:26:00,545.0,566.0,4.5,8.796294068376724,0.7758420216444497,0.7465210414165273,False,,,,0.0,,,,,0.0,0.0,0.0,0.0,,0.7465210414165273
1884-1-448-0907,1884,CURBUS00110,completed,,[KMB] 天恒邨总站,[CTB] 天水围站 - 屏欣苑,09:07:00,09:25:00,547.0,565.0,2.71,3.9297212081040143,0.8239673915048802,0.8108683208112002,False,,,,0.0,,,,,0.0,0.0,0.0,0.0,,0.8108683208112002
1884-2-448-0907,1884,CURBUS00132,completed,,[CTB] 天水围站 - 屏欣苑,[KMB] 天恒邨总站,09:07:00,09:25:00,547.0,565.0,2.67,7.50653135214845,0.8205056100073214,0.7954838388334932,False,,,,0.0,,,,,0.0,0.0,0.0,0.0,,0.7954838388334932
1862-2-448-0909,1862,CURBUS00064,completed,,[LRTFeeder] 兆麟,[CTB] 屯门码头,09:09:00,09:30:00,549.0,570.0,4.5,7.203546238188863,0.8132596937138565,0.7892478729198936,False,,,,0.0,,,,,0.0,0.0,0.0,0.0,,0.7892478729198936
1862-1-448-0911,1862,CURBUS00009,completed,,[CTB] 屯门码头,[LRTFeeder] 兆麟,09:11:00,09:32:00,551.0,572.0,5.11,7.939451273652229,0.8087366832958542,0.7822718457170135,False,,,,0.0,,,,,0.0,0.0,0.0,0.0,,0.7822718457170135
1884-1-288-0912,1884,CURBUS00136,completed,,[KMB] 天恒邨总站,[CTB] 天水围站 - 屏欣苑,09:12:00,09:30:00,552.0,570.0,2.71,6.74212057260201,0.8183164902122252,0.7958427549702185,False,,,,0.0,,,,,0.0,0.0,0.0,0.0,,0.7958427549702185
1884-2-288-0912,1884,CURBUS00088,completed,,[CTB] 天水围站 - 屏欣苑,[KMB] 天恒邨总站,09:12:00,09:30:00,552.0,570.0,2.67,3.979131312860912,0.8144618417594358,0.8011980707165661,False,,,,0.0,,,,,0.0,0.0,0.0,0.0,,0.8011980707165661
1884-1-448-0914,1884,CURBUS00118,completed,,[KMB] 天恒邨总站,[CTB] 天水围站 - 屏欣苑,09:14:00,09:32:00,554.0,572.0,2.71,4.138917205030524,0.8084514473977489,0.7946550567143138,False,,,,0.0,,,,,0.0,0.0,0.0,0.0,,0.7946550567143138
1884-2-448-0914,1884,CURBUS00143,completed,,[CTB] 天水围站 - 屏欣苑,[KMB] 天恒邨总站,09:14:00,09:32:00,554.0,572.0,2.67,7.817383066451871,0.8107204712693264,0.7846625277144869,False,,,,0.0,,,,,0.0,0.0,0.0,0.0,,0.7846625277144869
1862-1-287-0914,1862,CURBUS00012,completed,,[CTB] 屯门码头,[LRTFeeder] 兆麟,09:14:00,09:35:00,554.0,575.0,5.11,10.5212414704384,0.781713321867276,0.7466425169658147,False,,,,0.0,,,,,0.0,0.0,0.0,0.0,,0.7466425169658147
1884-1-287-0915,1884,CURBUS00145,completed,,[KMB] 天恒邨总站,[CTB] 天水围站 - 屏欣苑,09:15:00,09:33:00,555.0,573.0,2.71,4.385423461171755,0.8091535393480186,0.7945354611441128,False,,,,0.0,,,,,0.0,0.0,0.0,0.0,,0.7945354611441128
1884-2-287-0915,1884,CURBUS00096,completed,,[CTB] 天水围站 - 屏欣苑,[KMB] 天恒邨总站,09:15:00,09:33:00,555.0,573.0,2.67,8.201400058687344,0.8059621412286153,0.7786241410329908,False,,,,0.0,,,,,0.0,0.0,0.0,0.0,,0.7786241410329908
1862-1-288-0915,1862,CURBUS00006,completed,,[CTB] 屯门码头,[LRTFeeder] 兆麟,09:15:00,09:36:00,555.0,576.0,5.11,7.947029365783946,0.795893378547042,0.7694032806610955,False,,,,0.0,,,,,0.0,0.0,0.0,0.0,,0.7694032806610955
1862-2-287-0915,1862,CURBUS00021,completed,,[LRTFeeder] 兆麟,[CTB] 屯门码头,09:15:00,09:36:00,555.0,576.0,4.5,7.211516658642998,0.791860621159716,0.7678222322975726,False,,,,0.0,,,,,0.0,0.0,0.0,0.0,,0.7678222322975726
1862-2-288-0915,1862,CURBUS00025,completed,,[LRTFeeder] 兆麟,[CTB] 屯门码头,09:15:00,09:36:00,555.0,576.0,4.5,12.321491707372644,0.7859464680375059,0.7448748290129305,False,,,,0.0,,,,,0.0,0.0,0.0,0.0,,0.7448748290129305
1862-2-448-0916,1862,CURBUS00034,completed,,[LRTFeeder] 兆麟,[CTB] 屯门码头,09:16:00,09:37:00,556.0,577.0,4.5,13.213068734553644,0.7902132912634804,0.7461697288149682,False,,,,0.0,,,,,0.0,0.0,0.0,0.0,,0.7461697288149682
1884-1-287-0918,1884,CURBUS00128,completed,,[KMB] 天恒邨总站,[CTB] 天水围站 - 屏欣苑,09:18:00,09:36:00,558.0,576.0,2.71,3.941612413653985,0.800692648346255,0.7875539403007417,False,,,,0.0,,,,,0.0,0.0,0.0,0.0,,0.7875539403007417
1884-1-288-0918,1884,CURBUS00112,completed,,[KMB] 天恒邨总站,[CTB] 天水围站 - 屏欣苑,09:18:00,09:36:00,558.0,576.0,2.71,7.026645872619566,0.7977618571361387,0.7743397042274068,False,,,,0.0,,,,,0.0,0.0,0.0,0.0,,0.7743397042274068
1884-2-287-0918,1884,CURBUS00090,completed,,[CTB] 天水围站 - 屏欣苑,[KMB] 天恒邨总站,09:18:00,09:36:00,558.0,576.0,2.67,7.605287122261115,0.7946130034391714,0.7692620463649676,False,,,,0.0,,,,,0.0,0.0,0.0,0.0,,0.7692620463649676
1884-2-288-0918,1884,CURBUS00114,completed,,[CTB] 天水围站 - 屏欣苑,[KMB] 天恒邨总站,09:18:00,09:36:00,558.0,576.0,2.67,4.199808583507141,0.801813574321967,0.7878142123769432,False,,,,0.0,,,,,0.0,0.0,0.0,0.0,,0.7878142123769432
1862-1-287-0918,1862,CURBUS00066,completed,,[CTB] 屯门码头,[LRTFeeder] 兆麟,09:18:00,09:39:00,558.0,579.0,5.11,11.511014333211069,0.7528518911952904,0.7144818434179202,False,,,,0.0,,,,,0.0,0.0,0.0,0.0,,0.7144818434179202
1862-1-448-0918,1862,CURBUS00004,completed,,[CTB] 屯门码头,[LRTFeeder] 兆麟,09:18:00,09:39:00,558.0,579.0,5.11,12.12993810122004,0.7903974500999029,0.7499643230958362,False,,,,0.0,,,,,0.0,0.0,0.0,0.0,,0.7499643230958362
1862-2-287-0919,1862,CURBUS00041,completed,,[LRTFeeder] 兆麟,[CTB] 屯门码头,09:19:00,09:40:00,559.0,580.0,4.5,9.67495562092059,0.7822532567067992,0.7500034046370639,False,,,,0.0,,,,,0.0,0.0,0.0,0.0,,0.7500034046370639
1862-1-288-0920,1862,CURBUS00046,completed,,[CTB] 屯门码头,[LRTFeeder] 兆麟,09:20:00,09:41:00,560.0,581.0,5.11,12.385548246776672,0.790693416640921,0.749408255818332,False,,,,0.0,,,,,0.0,0.0,0.0,0.0,,0.749408255818332
1862-2-288-0920,1862,CURBUS00054,completed,,[LRTFeeder] 兆麟,[CTB] 屯门码头,09:20:00,09:41:00,560.0,581.0,4.5,9.527017795910927,0.7649905219805518,0.733233795994182,False,,,,0.0,,,,,0.0,0.0,0.0,0.0,,0.733233795994182
1884-1-448-0924,1884,CURBUS00089,completed,,[KMB] 天恒邨总站,[CTB] 天水围站 - 屏欣苑,09:24:00,09:42:00,564.0,582.0,2.71,5.189335418157954,0.783807183905057,0.7665093991778638,False,,,,0.0,,,,,0.0,0.0,0.0,0.0,,0.7665093991778638
1884-2-448-0924,1884,CURBUS00098,completed,,[CTB] 天水围站 - 屏欣苑,[KMB] 天恒邨总站,09:24:00,09:42:00,564.0,582.0,2.67,6.956769882715355,0.787472607568693,0.7642833746263085,False,,,,0.0,,,,,0.0,0.0,0.0,0.0,,0.7642833746263085
1862-2-448-0926,1862,CURBUS00053,completed,,[LRTFeeder] 兆麟,[CTB] 屯门码头,09:26:00,09:47:00,566.0,587.0,4.5,6.920204273997945,0.781674444626542,0.7586070970465488,False,,,,0.0,,,,,0.0,0.0,0.0,0.0,,0.7586070970465488
1884-1-287-0928,1884,CURBUS00087,completed,,[KMB] 天恒邨总站,[CTB] 天水围站 - 屏欣苑,09:28:00,09:46:00,568.0,586.0,2.71,4.276261851153486,0.7849744094422442,0.7707202032717325,False,,,,0.0,,,,,0.0,0.0,0.0,0.0,,0.7707202032717325
1884-1-288-0928,1884,CURBUS00133,completed,,[KMB] 天恒邨总站,[CTB] 天水围站 - 屏欣苑,09:28:00,09:46:00,568.0,586.0,2.71,5.206712249906421,0.7791167346246463,0.7617610271249582,False,,,,0.0,,,,,0.0,0.0,0.0,0.0,,0.7617610271249582
1884-2-287-0928,1884,CURBUS00113,completed,,[CTB] 天水围站 - 屏欣苑,[KMB] 天恒邨总站,09:28:00,09:46:00,568.0,586.0,2.67,4.989258102714987,0.7627148610428132,0.7460840007004299,False,,,,0.0,,,,,0.0,0.0,0.0,0.0,,0.7460840007004299
1884-2-288-0928,1884,CURBUS00138,completed,,[CTB] 天水围站 - 屏欣苑,[KMB] 天恒邨总站,09:28:00,09:46:00,568.0,586.0,2.67,7.139769353731435,0.7856398035471552,0.7618405723680505,False,,,,0.0,,,,,0.0,0.0,0.0,0.0,,0.7618405723680505
1862-1-287-0928,1862,CURBUS00050,completed,,[CTB] 屯门码头,[LRTFeeder] 兆麟,09:28:00,09:49:00,568.0,589.0,5.11,8.076582943828672,0.7519106446212414,0.7249887014751458,False,,,,0.0,,,,,0.0,0.0,0.0,0.0,,0.7249887014751458
1862-1-448-0928,1862,CURBUS00076,completed,,[CTB] 屯门码头,[LRTFeeder] 兆麟,09:28:00,09:49:00,568.0,589.0,5.11,8.600595726627828,0.7600599184213078,0.7313912659992151,False,,,,0.0,,,,,0.0,0.0,0.0,0.0,,0.7313912659992151
1862-2-287-0929,1862,CURBUS00014,completed,,[LRTFeeder] 兆麟,[CTB] 屯门码头,09:29:00,09:50:00,569.0,590.0,4.5,6.849874723840055,0.7573820717020697,0.7345491559559362,False,,,,0.0,,,,,0.0,0.0,0.0,0.0,,0.7345491559559362
1862-1-288-0930,1862,CURBUS00015,completed,,[CTB] 屯门码头,[LRTFeeder] 兆麟,09:30:00,09:51:00,570.0,591.0,5.11,11.139761412692447,0.7540990513230728,0.7169665132807646,False,,,,0.0,,,,,0.0,0.0,0.0,0.0,,0.7169665132807646
1862-2-288-0930,1862,CURBUS00020,completed,,[LRTFeeder] 兆麟,[CTB] 屯门码头,09:30:00,09:51:00,570.0,591.0,4.5,7.151678832742959,0.7465781210767032,0.7227391916342266,False,,,,0.0,,,,,0.0,0.0,0.0,0.0,,0.7227391916342266
1884-1-287-0931,1884,CURBUS00100,completed,,[KMB] 天恒邨总站,[CTB] 天水围站 - 屏欣苑,09:31:00,09:49:00,571.0,589.0,2.71,7.442750059618078,0.7678770422836463,0.7430678754182527,False,,,,0.0,,,,,0.0,0.0,0.0,0.0,,0.7430678754182527
1884-1-448-0931,1884,CURBUS00130,completed,,[KMB] 天恒邨总站,[CTB] 天水围站 - 屏欣苑,09:31:00,09:49:00,571.0,589.0,2.71,5.640921107526233,0.7719974822411246,0.7531944118827039,False,,,,0.0,,,,,0.0,0.0,0.0,0.0,,0.7531944118827039
1884-2-287-0931,1884,CURBUS00099,completed,,[CTB] 天水围站 - 屏欣苑,[KMB] 天恒邨总站,09:31:00,09:49:00,571.0,589.0,2.67,4.139372781663689,0.7692125450461296,0.7554146357739173,False,,,,0.0,,,,,0.0,0.0,0.0,0.0,,0.7554146357739173
1884-2-448-0931,1884,CURBUS00094,completed,,[CTB] 天水围站 - 屏欣苑,[KMB] 天恒邨总站,09:31:00,09:49:00,571.0,589.0,2.67,5.305256317044873,0.7746093325694279,0.756925144845945,False,,,,0.0,,,,,0.0,0.0,0.0,0.0,,0.756925144845945
1862-1-287-0932,1862,CURBUS00051,completed,,[CTB] 屯门码头,[LRTFeeder] 兆麟,09:32:00,09:53:00,572.0,593.0,5.11,14.818279293232862,0.7769964258738609,0.7276021615630847,False,,,,0.0,,,,,0.0,0.0,0.0,0.0,,0.7276021615630847
1862-2-287-0933,1862,CURBUS00055,completed,,[LRTFeeder] 兆麟,[CTB] 屯门码头,09:33:00,09:54:00,573.0,594.0,4.5,9.514958361802776,0.7750054084233857,0.7432888805507099,False,,,,0.0,,,,,0.0,0.0,0.0,0.0,,0.7432888805507099
1862-2-448-0933,1862,CURBUS00075,completed,,[LRTFeeder] 兆麟,[CTB] 屯门码头,09:33:00,09:54:00,573.0,594.0,4.5,7.099314322032282,0.77172605344501,0.7480616723715691,False,,,,0.0,,,,,0.0,0.0,0.0,0.0,,0.7480616723715691
1884-1-288-0934,1884,CURBUS00149,completed,,[KMB] 天恒邨总站,[CTB] 天水围站 - 屏欣苑,09:34:00,09:52:00,574.0,592.0,2.71,4.573395502440496,0.7733095345295511,0.7580648828547495,False,,,,0.0,,,,,0.0,0.0,0.0,0.0,,0.7580648828547495
1884-2-288-0934,1884,CURBUS00134,completed,,[CTB] 天水围站 - 屏欣苑,[KMB] 天恒邨总站,09:34:00,09:52:00,574.0,592.0,2.67,4.044845493778214,0.7707396383661086,0.7572568200535146,False,,,,0.0,,,,,0.0,0.0,0.0,0.0,,0.7572568200535146
1862-1-288-0935,1862,CURBUS00039,completed,,[CTB] 屯门码头,[LRTFeeder] 兆麟,09:35:00,09:56:00,575.0,596.0,5.11,11.473515328339811,0.7415481465723781,0.703303095477912,False,,,,0.0,,,,,0.0,0.0,0.0,0.0,,0.703303095477912
1862-1-448-0935,1862,CURBUS00018,completed,,[CTB] 屯门码头,[LRTFeeder] 兆麟,09:35:00,09:56:00,575.0,596.0,5.11,15.156880315595622,0.7574973917289135,0.7069744573435948,False,,,,0.0,,,,,0.0,0.0,0.0,0.0,,0.7069744573435948
1862-2-288-0935,1862,CURBUS00044,completed,,[LRTFeeder] 兆麟,[CTB] 屯门码头,09:35:00,09:56:00,575.0,596.0,4.5,6.799793152274096,0.7353437044536233,0.7126777272793763,False,,,,0.0,,,,,0.0,0.0,0.0,0.0,,0.7126777272793763
1884-1-287-0941,1884,CURBUS00104,completed,,[KMB] 天恒邨总站,[CTB] 天水围站 - 屏欣苑,09:41:00,09:59:00,581.0,599.0,2.71,6.436760254364251,0.7606034638032991,0.7391475962887516,False,,,,0.0,,,,,0.0,0.0,0.0,0.0,,0.7391475962887516
1884-1-448-0941,1884,CURBUS00091,completed,,[KMB] 天恒邨总站,[CTB] 天水围站 - 屏欣苑,09:41:00,09:59:00,581.0,599.0,2.71,5.216275741315859,0.7653974759652191,0.748009890160833,False,,,,0.0,,,,,0.0,0.0,0.0,0.0,,0.748009890160833
1884-2-287-0941,1884,CURBUS00103,completed,,[CTB] 天水围站 - 屏欣苑,[KMB] 天恒邨总站,09:41:00,09:59:00,581.0,599.0,2.67,3.962374222567083,0.7652111022913806,0.752003188216157,False,,,,0.0,,,,,0.0,0.0,0.0,0.0,,0.752003188216157
1884-2-448-0941,1884,CURBUS00129,completed,,[CTB] 天水围站 - 屏欣苑,[KMB] 天恒邨总站,09:41:00,09:59:00,581.0,599.0,2.67,7.441958083706187,0.7728038088331332,0.7479972818874459,False,,,,0.0,,,,,0.0,0.0,0.0,0.0,,0.7479972818874459
1862-1-287-0942,1862,CURBUS00035,completed,,[CTB] 屯门码头,[LRTFeeder] 兆麟,09:42:00,10:03:00,582.0,603.0,5.11,12.70623130715455,0.732553926868974,0.6901998225117922,False,,,,0.0,,,,,0.0,0.0,0.0,0.0,,0.6901998225117922
1862-2-287-0943,1862,CURBUS00036,completed,,[LRTFeeder] 兆麟,[CTB] 屯门码头,09:43:00,10:04:00,583.0,604.0,4.5,7.4242724643138995,0.7324122177721378,0.7076646428910915,False,,,,0.0,,,,,0.0,0.0,0.0,0.0,,0.7076646428910915
1862-2-448-0943,1862,CURBUS00016,completed,,[LRTFeeder] 兆麟,[CTB] 屯门码头,09:43:00,10:04:00,583.0,604.0,4.5,13.059747046526535,0.7392686485704113,0.6957361584153229,False,,,,0.0,,,,,0.0,0.0,0.0,0.0,,0.6957361584153229
1884-1-287-0944,1884,CURBUS00117,completed,,[KMB] 天恒邨总站,[CTB] 天水围站 - 屏欣苑,09:44:00,10:02:00,584.0,602.0,2.71,7.4813031413195,0.7582401735821919,0.7333024964444602,False,,,,0.0,,,,,0.0,0.0,0.0,0.0,,0.7333024964444602
1884-1-288-0944,1884,CURBUS00115,completed,,[KMB] 天恒邨总站,[CTB] 天水围站 - 屏欣苑,09:44:00,10:02:00,584.0,602.0,2.71,4.343305253495086,0.7697580766222567,0.7552803924439397,False,,,,0.0,,,,,0.0,0.0,0.0,0.0,,0.7552803924439397
1884-2-287-0944,1884,CURBUS00141,completed,,[CTB] 天水围站 - 屏欣苑,[KMB] 天恒邨总站,09:44:00,10:02:00,584.0,602.0,2.67,4.390805345587559,0.7544966733514549,0.7398606555328296,False,,,,0.0,,,,,0.0,0.0,0.0,0.0,,0.7398606555328296
1884-2-288-0944,1884,CURBUS00135,completed,,[CTB] 天水围站 - 屏欣苑,[KMB] 天恒邨总站,09:44:00,10:02:00,584.0,602.0,2.67,6.688593727765322,0.7619032044785549,0.7396078920526704,False,,,,0.0,,,,,0.0,0.0,0.0,0.0,,0.7396078920526704
1862-1-288-0945,1862,CURBUS00030,completed,,[CTB] 屯门码头,[LRTFeeder] 兆麟,09:45:00,10:06:00,585.0,606.0,5.11,11.228439141783298,0.7559265280007931,0.7184983975281821,False,,,,0.0,,,,,0.0,0.0,0.0,0.0,,0.7184983975281821
1862-1-448-0945,1862,CURBUS00056,completed,,[CTB] 屯门码头,[LRTFeeder] 兆麟,09:45:00,10:06:00,585.0,606.0,5.11,7.713391797499454,0.764972701313836,0.7392613953221712,False,,,,0.0,,,,,0.0,0.0,0.0,0.0,,0.7392613953221712
1862-2-288-0945,1862,CURBUS00042,completed,,[LRTFeeder] 兆麟,[CTB] 屯门码头,09:45:00,10:06:00,585.0,606.0,4.5,10.684663746663976,0.751326254583847,0.7157107087616338,False,,,,0.0,,,,,0.0,0.0,0.0,0.0,,0.7157107087616338
1862-1-287-0946,1862,CURBUS00065,completed,,[CTB] 屯门码头,[LRTFeeder] 兆麟,09:46:00,10:07:00,586.0,607.0,5.11,15.2877944170802,0.7460220864363535,0.6950627717127528,False,,,,0.0,,,,,0.0,0.0,0.0,0.0,,0.6950627717127528
1862-2-287-0947,1862,CURBUS00017,completed,,[LRTFeeder] 兆麟,[CTB] 屯门码头,09:47:00,10:08:00,587.0,608.0,4.5,8.8206127974774,0.7360346713185264,0.7066326286602684,False,,,,0.0,,,,,0.0,0.0,0.0,0.0,,0.7066326286602684
1884-1-448-0948,1884,CURBUS00120,completed,,[KMB] 天恒邨总站,[CTB] 天水围站 - 屏欣苑,09:48:00,10:06:00,588.0,606.0,2.71,4.4975885177113755,0.7542025576158261,0.7392105958901215,False,,,,0.0,,,,,0.0,0.0,0.0,0.0,,0.7392105958901215
1884-2-448-0948,1884,CURBUS00086,completed,,[CTB] 天水围站 - 屏欣苑,[KMB] 天恒邨总站,09:48:00,10:06:00,588.0,606.0,2.67,5.923548553574595,0.7537724086350176,0.7340272467897689,False,,,,0.0,,,,,0.0,0.0,0.0,0.0,,0.7340272467897689
1884-1-288-0950,1884,CURBUS00146,completed,,[KMB] 天恒邨总站,[CTB] 天水围站 - 屏欣苑,09:50:00,10:08:00,590.0,608.0,2.71,4.430028615561817,0.740632887156504,0.7258661251046312,False,,,,0.0,,,,,0.0,0.0,0.0,0.0,,0.7258661251046312
1884-2-288-0950,1884,CURBUS00102,completed,,[CTB] 天水围站 - 屏欣苑,[KMB] 天恒邨总站,09:50:00,10:08:00,590.0,608.0,2.67,7.256660022905307,0.7389338099766811,0.7147449432336634,False,,,,0.0,,,,,0.0,0.0,0.0,0.0,,0.7147449432336634
1862-1-288-0950,1862,CURBUS00062,completed,,[CTB] 屯门码头,[LRTFeeder] 兆麟,09:50:00,10:11:00,590.0,611.0,5.11,8.668971355401817,0.7276668371135738,0.6987702659289011,False,,,,0.0,,,,,0.0,0.0,0.0,0.0,,0.6987702659289011
1862-2-288-0950,1862,CURBUS00002,completed,,[LRTFeeder] 兆麟,[CTB] 屯门码头,09:50:00,10:11:00,590.0,611.0,4.5,6.5633807594347475,0.7357805500479458,0.7139026141831634,False,,,,0.0,,,,,0.0,0.0,0.0,0.0,,0.7139026141831634
1862-2-448-0950,1862,CURBUS00026,completed,,[LRTFeeder] 兆麟,[CTB] 屯门码头,09:50:00,10:11:00,590.0,611.0,4.5,10.687488197609955,0.7417664509262316,0.7061414902675318,False,,,,0.0,,,,,0.0,0.0,0.0,0.0,,0.7061414902675318
1862-1-448-0952,1862,CURBUS00043,completed,,[CTB] 屯门码头,[LRTFeeder] 兆麟,09:52:00,10:13:00,592.0,613.0,5.11,7.915623229726251,0.7231625140710889,0.6967771033053347,False,,,,0.0,,,,,0.0,0.0,0.0,0.0,,0.6967771033053347
1884-1-287-0954,1884,CURBUS00148,completed,,[KMB] 天恒邨总站,[CTB] 天水围站 - 屏欣苑,09:54:00,10:12:00,594.0,612.0,2.71,7.148785987222206,0.7361157895476154,0.7122865029235413,False,,,,0.0,,,,,0.0,0.0,0.0,0.0,,0.7122865029235413
1884-2-287-0954,1884,CURBUS00125,completed,,[CTB] 天水围站 - 屏欣苑,[KMB] 天恒邨总站,09:54:00,10:12:00,594.0,612.0,2.67,5.83873062898969,0.7400482829472285,0.7205858475172628,False,,,,0.0,,,,,0.0,0.0,0.0,0.0,,0.7205858475172628
1862-1-287-0956,1862,CURBUS00022,completed,,[CTB] 屯门码头,[LRTFeeder] 兆麟,09:56:00,10:17:00,596.0,617.0,5.11,10.638146186988896,0.7108526305956998,0.6753921433057368,False,,,,0.0,,,,,0.0,0.0,0.0,0.0,,0.6753921433057368
1884-1-287-0957,1884,CURBUS00121,completed,,[KMB] 天恒邨总站,[CTB] 天水围站 - 屏欣苑,09:57:00,10:15:00,597.0,615.0,2.71,4.469524342711876,0.7394487895718217,0.7245503750961154,False,,,,0.0,,,,,0.0,0.0,0.0,0.0,,0.7245503750961154
1884-2-287-0957,1884,CURBUS00123,completed,,[CTB] 天水围站 - 屏欣苑,[KMB] 天恒邨总站,09:57:00,10:15:00,597.0,615.0,2.67,6.836872774833072,0.7420455370859116,0.7192559611698014,False,,,,0.0,,,,,0.0,0.0,0.0,0.0,,0.7192559611698014
1862-2-287-0957,1862,CURBUS00047,completed,,[LRTFeeder] 兆麟,[CTB] 屯门码头,09:57:00,10:18:00,597.0,618.0,4.5,10.727757129169095,0.7211986284054985,0.6854394379749349,False,,,,0.0,,,,,0.0,0.0,0.0,0.0,,0.6854394379749349
1884-1-448-0958,1884,CURBUS00085,completed,,[KMB] 天恒邨总站,[CTB] 天水围站 - 屏欣苑,09:58:00,10:16:00,598.0,616.0,2.71,6.793349549997718,0.7294733662025403,0.7068288677025479,False,,,,0.0,,,,,0.0,0.0,0.0,0.0,,0.7068288677025479
1884-2-448-0958,1884,CURBUS00126,completed,,[CTB] 天水围站 - 屏欣苑,[KMB] 天恒邨总站,09:58:00,10:16:00,598.0,616.0,2.67,4.440174448173236,0.7375932118017685,0.7227926303078577,False,,,,0.0,,,,,0.0,0.0,0.0,0.0,,0.7227926303078577
1884-1-288-1000,1884,CURBUS00139,completed,,[KMB] 天恒邨总站,[CTB] 天水围站 - 屏欣苑,10:00:00,10:18:00,600.0,618.0,2.71,4.528128296551409,0.7138965308437263,0.6988027698552216,False,,,,0.0,,,,,0.0,0.0,0.0,0.0,,0.6988027698552216
1884-2-288-1000,1884,CURBUS00105,completed,,[CTB] 天水围站 - 屏欣苑,[KMB] 天恒邨总站,10:00:00,10:18:00,600.0,618.0,2.67,3.8760779582351943,0.7304523032223265,0.7175320433615425,False,,,,0.0,,,,,0.0,0.0,0.0,0.0,,0.7175320433615425
1862-1-287-1000,1862,CURBUS00072,completed,,[CTB] 屯门码头,[LRTFeeder] 兆麟,10:00:00,10:21:00,600.0,621.0,5.11,10.238929141511868,0.7126106123759265,0.678480848570887,False,,,,0.0,,,,,0.0,0.0,0.0,0.0,,0.678480848570887
1862-1-288-1000,1862,CURBUS00019,completed,,[CTB] 屯门码头,[LRTFeeder] 兆麟,10:00:00,10:21:00,600.0,621.0,5.11,10.36269553670632,0.7223820367003692,0.6878397182446814,False,,,,0.0,,,,,0.0,0.0,0.0,0.0,,0.6878397182446814
1862-2-288-1000,1862,CURBUS00031,completed,,[LRTFeeder] 兆麟,[CTB] 屯门码头,10:00:00,10:21:00,600.0,621.0,4.5,5.8957702912264764,0.7258525010730905,0.7061999334356689,False,,,,0.0,,,,,0.0,0.0,0.0,0.0,,0.7061999334356689
1862-2-448-1000,1862,CURBUS00048,completed,,[LRTFeeder] 兆麟,[CTB] 屯门码头,10:00:00,10:21:00,600.0,621.0,4.5,11.016362354963972,0.7111790718829244,0.6744578640330445,False,,,,0.0,,,,,0.0,0.0,0.0,0.0,,0.6744578640330445
1862-2-287-1001,1862,CURBUS00070,completed,,[LRTFeeder] 兆麟,[CTB] 屯门码头,10:01:00,10:22:00,601.0,622.0,4.5,12.30858707764442,0.7004008428485218,0.6593722192563737,False,,,,0.0,,,,,0.0,0.0,0.0,0.0,,0.6593722192563737
1862-1-448-1002,1862,CURBUS00007,completed,,[CTB] 屯门码头,[LRTFeeder] 兆麟,10:02:00,10:23:00,602.0,623.0,5.11,13.14445576920851,0.7171772646080745,0.6733624120440461,False,,,,0.0,,,,,0.0,0.0,0.0,0.0,,0.6733624120440461
1884-1-448-1005,1884,CURBUS00127,completed,,[KMB] 天恒邨总站,[CTB] 天水围站 - 屏欣苑,10:05:00,10:23:00,605.0,623.0,2.71,6.997929203334279,0.7209359599631026,0.6976095292853216,False,,,,0.0,,,,,0.0,0.0,0.0,0.0,,0.6976095292853216
1884-2-448-1005,1884,CURBUS00144,completed,,[CTB] 天水围站 - 屏欣苑,[KMB] 天恒邨总站,10:05:00,10:23:00,605.0,623.0,2.67,8.301586167810944,0.7157027021660755,0.6880307482733723,False,,,,0.0,,,,,0.0,0.0,0.0,0.0,,0.6880307482733723
1862-1-288-1005,1862,CURBUS00037,completed,,[CTB] 屯门码头,[LRTFeeder] 兆麟,10:05:00,10:26:00,605.0,626.0,5.11,12.00886214886627,0.7170006330606761,0.6769710925644552,False,,,,0.0,,,,,0.0,0.0,0.0,0.0,,0.6769710925644552
1862-2-288-1005,1862,CURBUS00045,completed,,[LRTFeeder] 兆麟,[CTB] 屯门码头,10:05:00,10:26:00,605.0,626.0,4.5,12.405176458060872,0.6921721797160905,0.6508215915225543,False,,,,0.0,,,,,0.0,0.0,0.0,0.0,,0.6508215915225543
1884-1-288-1006,1884,CURBUS00131,completed,,[KMB] 天恒邨总站,[CTB] 天水围站 - 屏欣苑,10:06:00,10:24:00,606.0,624.0,2.71,3.970058272462763,0.715546140761113,0.7023126131862372,False,,,,0.0,,,,,0.0,0.0,0.0,0.0,,0.7023126131862372
1884-2-288-1006,1884,CURBUS00081,completed,,[CTB] 天水围站 - 屏欣苑,[KMB] 天恒邨总站,10:06:00,10:24:00,606.0,624.0,2.67,7.237156713654778,0.7171508207795894,0.6930269650674068,False,,,,0.0,,,,,0.0,0.0,0.0,0.0,,0.6930269650674068
1884-1-287-1007,1884,CURBUS00082,completed,,[KMB] 天恒邨总站,[CTB] 天水围站 - 屏欣苑,10:07:00,10:25:00,607.0,625.0,2.71,3.820197313897442,0.7101701725244605,0.6974361814781357,False,,,,0.0,,,,,0.0,0.0,0.0,0.0,,0.6974361814781357
1884-2-287-1007,1884,CURBUS00092,completed,,[CTB] 天水围站 - 屏欣苑,[KMB] 天恒邨总站,10:07:00,10:25:00,607.0,625.0,2.67,7.873660436841198,0.7172121659274661,0.6909666311379954,False,,,,0.0,,,,,0.0,0.0,0.0,0.0,,0.6909666311379954
1862-2-448-1007,1862,CURBUS00060,completed,,[LRTFeeder] 兆麟,[CTB] 屯门码头,10:07:00,10:28:00,607.0,628.0,4.5,7.595361257565105,0.7059116330804984,0.6805937622219481,False,,,,0.0,,,,,0.0,0.0,0.0,0.0,,0.6805937622219481
1862-1-448-1009,1862,CURBUS00008,completed,,[CTB] 屯门码头,[LRTFeeder] 兆麟,10:09:00,10:30:00,609.0,630.0,5.11,15.605385690930644,0.714773873228511,0.6627559209254089,False,,,,0.0,,,,,0.0,0.0,0.0,0.0,,0.6627559209254089
1884-1-287-1010,1884,CURBUS00083,completed,,[KMB] 天恒邨总站,[CTB] 天水围站 - 屏欣苑,10:10:00,10:28:00,610.0,628.0,2.71,4.025460344955147,0.7156715582187531,0.7022533570689026,False,,,,0.0,,,,,0.0,0.0,0.0,0.0,,0.7022533570689026
1884-2-287-1010,1884,CURBUS00093,completed,,[CTB] 天水围站 - 屏欣苑,[KMB] 天恒邨总站,10:10:00,10:28:00,610.0,628.0,2.67,7.09220218196109,0.7134486285348378,0.6898079545949675,False,,,,0.0,,,,,0.0,0.0,0.0,0.0,,0.6898079545949675
1862-1-287-1010,1862,CURBUS00001,completed,,[CTB] 屯门码头,[LRTFeeder] 兆麟,10:10:00,10:31:00,610.0,631.0,5.11,6.793946744575335,0.6934249998825367,0.6707785107339522,False,,,,0.0,,,,,0.0,0.0,0.0,0.0,,0.6707785107339522
1862-2-287-1011,1862,CURBUS00005,completed,,[LRTFeeder] 兆麟,[CTB] 屯门码头,10:11:00,10:32:00,611.0,632.0,4.5,13.054011261706076,0.6987009589896501,0.6551875881172965,False,,,,0.0,,,,,0.0,0.0,0.0,0.0,,0.6551875881172965
1862-1-287-1014,1862,CURBUS00011,completed,,[CTB] 屯门码头,[LRTFeeder] 兆麟,10:14:00,10:35:00,614.0,635.0,5.11,13.921514052064992,0.7143800041540544,0.6679749573138378,False,,,,0.0,,,,,0.0,0.0,0.0,0.0,,0.6679749573138378
1884-1-448-1015,1884,CURBUS00137,completed,,[KMB] 天恒邨总站,[CTB] 天水围站 - 屏欣苑,10:15:00,10:33:00,615.0,633.0,2.71,3.855314045273794,0.7008713677637027,0.6880203209461234,False,,,,0.0,,,,,0.0,0.0,0.0,0.0,,0.6880203209461234
1884-2-448-1015,1884,CURBUS00116,completed,,[CTB] 天水围站 - 屏欣苑,[KMB] 天恒邨总站,10:15:00,10:33:00,615.0,633.0,2.67,6.4950647574782145,0.7107172238236292,0.6890670079653685,False,,,,0.0,,,,,0.0,0.0,0.0,0.0,,0.6890670079653685
1862-1-288-1015,1862,CURBUS00073,completed,,[CTB] 屯门码头,[LRTFeeder] 兆麟,10:15:00,10:36:00,615.0,636.0,5.11,7.261925846777009,0.6962371879381377,0.672030768448881,False,,,,0.0,,,,,0.0,0.0,0.0,0.0,,0.672030768448881
1862-2-287-1015,1862,CURBUS00003,completed,,[LRTFeeder] 兆麟,[CTB] 屯门码头,10:15:00,10:36:00,615.0,636.0,4.5,6.2070937256355085,0.6948738092301237,0.6741834968113386,False,,,,0.0,,,,,0.0,0.0,0.0,0.0,,0.6741834968113386
1862-2-288-1015,1862,CURBUS00052,completed,,[LRTFeeder] 兆麟,[CTB] 屯门码头,10:15:00,10:36:00,615.0,636.0,4.5,6.796552019312435,0.6846912337404358,0.6620360603427278,False,,,,0.0,,,,,0.0,0.0,0.0,0.0,,0.6620360603427278
1884-1-288-1016,1884,CURBUS00142,completed,,[KMB] 天恒邨总站,[CTB] 天水围站 - 屏欣苑,10:16:00,10:34:00,616.0,634.0,2.71,4.031082551906155,0.7075298414456112,0.694092899605924,False,,,,0.0,,,,,0.0,0.0,0.0,0.0,,0.694092899605924
1884-2-288-1016,1884,CURBUS00122,completed,,[CTB] 天水围站 - 屏欣苑,[KMB] 天恒邨总站,10:16:00,10:34:00,616.0,634.0,2.67,5.180267307395851,0.6891746996545054,0.6719071419631859,False,,,,0.0,,,,,0.0,0.0,0.0,0.0,,0.6719071419631859
1862-2-448-1017,1862,CURBUS00010,completed,,[LRTFeeder] 兆麟,[CTB] 屯门码头,10:17:00,10:38:00,617.0,638.0,4.5,7.838742888874328,0.7049998084480186,0.6788706654851041,False,,,,0.0,,,,,0.0,0.0,0.0,0.0,,0.6788706654851041
1862-1-448-1019,1862,CURBUS00067,completed,,[CTB] 屯门码头,[LRTFeeder] 兆麟,10:19:00,10:40:00,619.0,640.0,5.11,6.972122994802922,0.6852025678463308,0.6619621578636544,False,,,,0.0,,,,,0.0,0.0,0.0,0.0,,0.6619621578636544
1884-1-287-1020,1884,CURBUS00109,completed,,[KMB] 天恒邨总站,[CTB] 天水围站 - 屏欣苑,10:20:00,10:38:00,620.0,638.0,2.71,3.860345684968853,0.6806837102971496,0.6678158913472534,False,,,,0.0,,,,,0.0,0.0,0.0,0.0,,0.6678158913472534
1884-2-287-1020,1884,CURBUS00147,completed,,[CTB] 天水围站 - 屏欣苑,[KMB] 天恒邨总站,10:20:00,10:38:00,620.0,638.0,2.67,4.019267500996501,0.688344495966464,0.674946937629809,False,,,,0.0,,,,,0.0,0.0,0.0,0.0,,0.674946937629809
1862-1-288-1020,1862,CURBUS00079,completed,,[CTB] 屯门码头,[LRTFeeder] 兆麟,10:20:00,10:41:00,620.0,641.0,5.11,7.697212927937093,0.683411771610562,0.6577543951841051,False,,,,0.0,,,,,0.0,0.0,0.0,0.0,,0.6577543951841051
1862-2-288-1020,1862,CURBUS00013,completed,,[LRTFeeder] 兆麟,[CTB] 屯门码头,10:20:00,10:41:00,620.0,641.0,4.5,6.3234951139405355,0.6840843058885526,0.6630059888420842,False,,,,0.0,,,,,0.0,0.0,0.0,0.0,,0.6630059888420842
1884-1-288-1022,1884,CURBUS00095,completed,,[KMB] 天恒邨总站,[CTB] 天水围站 - 屏欣苑,10:22:00,10:40:00,622.0,640.0,2.71,6.154798886433164,0.6834127310437739,0.6628967347556634,False,,,,0.0,,,,,0.0,0.0,0.0,0.0,,0.6628967347556634
1884-1-448-1022,1884,CURBUS00140,completed,,[KMB] 天恒邨总站,[CTB] 天水围站 - 屏欣苑,10:22:00,10:40:00,622.0,640.0,2.71,7.205155061745802,0.8301768560242444,0.8061596724850917,False,,,,0.0,,,,,0.0,0.0,0.0,0.0,,0.8061596724850917
1884-2-288-1022,1884,CURBUS00101,completed,,[CTB] 天水围站 - 屏欣苑,[KMB] 天恒邨总站,10:22:00,10:40:00,622.0,640.0,2.67,4.04748001145645,0.6815380977007707,0.6680464976625825,False,,,,0.0,,,,,0.0,0.0,0.0,0.0,,0.6680464976625825
1884-2-448-1022,1884,CURBUS00108,completed,,[CTB] 天水围站 - 屏欣苑,[KMB] 天恒邨总站,10:22:00,10:40:00,622.0,640.0,2.67,3.904497507101891,0.8176927015409254,0.8046777098505858,False,,,,0.0,,,,,0.0,0.0,0.0,0.0,,0.8046777098505858
1884-1-287-1023,1884,CURBUS00107,completed,,[KMB] 天恒邨总站,[CTB] 天水围站 - 屏欣苑,10:23:00,10:41:00,623.0,641.0,2.71,4.494097086863684,0.6919627668109689,0.67698244318809,False,,,,0.0,,,,,0.0,0.0,0.0,0.0,,0.67698244318809
1884-2-287-1023,1884,CURBUS00097,completed,,[CTB] 天水围站 - 屏欣苑,[KMB] 天恒邨总站,10:23:00,10:41:00,623.0,641.0,2.67,4.925774995061853,0.8226251169209088,0.8062058669373693,False,,,,0.0,,,,,0.0,0.0,0.0,0.0,,0.8062058669373693
1862-1-287-1024,1862,CURBUS00071,completed,,[CTB] 屯门码头,[LRTFeeder] 兆麟,10:24:00,10:45:00,624.0,645.0,5.11,6.688727653114572,0.6666546396873393,0.644358880843624,False,,,,0.0,,,,,0.0,0.0,0.0,0.0,,0.644358880843624
1862-2-448-1024,1862,CURBUS00069,completed,,[LRTFeeder] 兆麟,[CTB] 屯门码头,10:24:00,10:45:00,624.0,645.0,4.5,6.250435493071033,0.6851110208638611,0.6642762358869576,False,,,,0.0,,,,,0.0,0.0,0.0,0.0,,0.6642762358869576
1862-2-287-1025,1862,CURBUS00033,completed,,[LRTFeeder] 兆麟,[CTB] 屯门码头,10:25:00,10:46:00,625.0,646.0,4.5,9.287783682042406,0.6712116921687675,0.6402524132286261,False,,,,0.0,,,,,0.0,0.0,0.0,0.0,,0.6402524132286261
1862-1-448-1026,1862,CURBUS00028,completed,,[CTB] 屯门码头,[LRTFeeder] 兆麟,10:26:00,10:47:00,626.0,647.0,5.11,14.834729116501777,0.6540832403365164,0.6046341432815105,False,,,,0.0,,,,,0.0,0.0,0.0,0.0,,0.6046341432815105
1862-1-287-1028,1862,CURBUS00058,completed,,[CTB] 屯门码头,[LRTFeeder] 兆麟,10:28:00,10:49:00,628.0,649.0,5.11,7.093941603176537,0.6647927253637521,0.6411462533531637,False,,,,0.0,,,,,0.0,0.0,0.0,0.0,,0.6411462533531637
1862-2-287-1029,1862,CURBUS00049,completed,,[LRTFeeder] 兆麟,[CTB] 屯门码头,10:29:00,10:50:00,629.0,650.0,4.5,7.012738985549109,0.679617420989974,0.656241624371477,False,,,,0.0,,,,,0.0,0.0,0.0,0.0,,0.656241624371477
1862-1-288-1030,1862,CURBUS00068,completed,,[CTB] 屯门码头,[LRTFeeder] 兆麟,10:30:00,10:51:00,630.0,651.0,5.11,7.635011385861912,0.6679254668600921,0.6424754289072191,False,,,,0.0,,,,,0.0,0.0,0.0,0.0,,0.6424754289072191
1862-2-288-1030,1862,CURBUS00040,completed,,[LRTFeeder] 兆麟,[CTB] 屯门码头,10:30:00,10:51:00,630.0,651.0,4.5,9.04105144762878,0.6604790601277858,0.6303422219690232,False,,,,0.0,,,,,0.0,0.0,0.0,0.0,,0.6303422219690232
1884-1-288-1032,1884,CURBUS00111,completed,,[KMB] 天恒邨总站,[CTB] 天水围站 - 屏欣苑,10:32:00,10:50:00,632.0,650.0,2.71,7.411574876141548,0.8155377686412832,0.7908325190541448,False,,,,0.0,,,,,0.0,0.0,0.0,0.0,,0.7908325190541448
1884-1-448-1032,1884,CURBUS00084,completed,,[KMB] 天恒邨总站,[CTB] 天水围站 - 屏欣苑,10:32:00,10:50:00,632.0,650.0,2.71,5.722486141079757,0.8199231038300566,0.8008481500264575,False,,,,0.0,,,,,0.0,0.0,0.0,0.0,,0.8008481500264575
1884-2-288-1032,1884,CURBUS00106,completed,,[CTB] 天水围站 - 屏欣苑,[KMB] 天恒邨总站,10:32:00,10:50:00,632.0,650.0,2.67,3.97546061089902,0.8129193065931988,0.7996677712235354,False,,,,0.0,,,,,0.0,0.0,0.0,0.0,,0.7996677712235354
1884-2-448-1032,1884,CURBUS00150,completed,,[CTB] 天水围站 - 屏欣苑,[KMB] 天恒邨总站,10:32:00,10:50:00,632.0,650.0,2.67,4.437344374450825,0.8084529328070749,0.7936617848922388,False,,,,0.0,,,,,0.0,0.0,0.0,0.0,,0.7936617848922388
1884-1-287-1033,1884,CURBUS00124,completed,,[KMB] 天恒邨总站,[CTB] 天水围站 - 屏欣苑,10:33:00,10:51:00,633.0,651.0,2.71,4.833562948819075,0.8032344483370256,0.787122571840962,False,,,,0.0,,,,,0.0,0.0,0.0,0.0,,0.787122571840962
1884-2-287-1033,1884,CURBUS00080,completed,,[CTB] 天水围站 - 屏欣苑,[KMB] 天恒邨总站,10:33:00,10:51:00,633.0,651.0,2.67,6.764367528768762,0.8006114531461621,0.7780635613835996,False,,,,0.0,,,,,0.0,0.0,0.0,0.0,,0.7780635613835996
1862-2-448-1034,1862,CURBUS00077,completed,,[LRTFeeder] 兆麟,[CTB] 屯门码头,10:34:00,10:55:00,634.0,655.0,4.5,10.9698467105068,0.6771782990614721,0.6406121433597828,False,,,,0.0,,,,,0.0,0.0,0.0,0.0,,0.6406121433597828
1862-1-288-1035,1862,CURBUS00078,completed,,[CTB] 屯门码头,[LRTFeeder] 兆麟,10:35:00,10:56:00,635.0,656.0,5.11,7.59310556311017,0.7948950494571454,0.7695846975801115,False,,,,0.0,,,,,0.0,0.0,0.0,0.0,,0.7695846975801115
1862-2-288-1035,1862,CURBUS00029,completed,,[LRTFeeder] 兆麟,[CTB] 屯门码头,10:35:00,10:56:00,635.0,656.0,4.5,10.42084516664788,0.7739443099297773,0.7392081593742843,False,,,,0.0,,,,,0.0,0.0,0.0,0.0,,0.7392081593742843
1884-1-287-1036,1884,CURBUS00119,completed,,[KMB] 天恒邨总站,[CTB] 天水围站 - 屏欣苑,10:36:00,10:54:00,636.0,654.0,2.71,4.263560170150801,0.7969497826532034,0.7827379154193673,False,,,,0.0,,,,,0.0,0.0,0.0,0.0,,0.7827379154193673
1884-2-287-1036,1884,CURBUS00110,completed,,[CTB] 天水围站 - 屏欣苑,[KMB] 天恒邨总站,10:36:00,10:54:00,636.0,654.0,2.67,7.953724313206645,0.8108683208112002,0.7843559064338447,False,,,,0.0,,,,,0.0,0.0,0.0,0.0,,0.7843559064338447
1862-1-448-1036,1862,CURBUS00024,completed,,[CTB] 屯门码头,[LRTFeeder] 兆麟,10:36:00,10:57:00,636.0,657.0,5.11,11.577090383320773,0.7879463350221638,0.7493560337444279,False,,,,0.0,,,,,0.0,0.0,0.0,0.0,,0.7493560337444279
1884-1-288-1038,1884,CURBUS00132,completed,,[KMB] 天恒邨总站,[CTB] 天水围站 - 屏欣苑,10:38:00,10:56:00,638.0,656.0,2.71,3.854333100350854,0.7954838388334932,0.7826360618323236,False,,,,0.0,,,,,0.0,0.0,0.0,0.0,,0.7826360618323236
1884-2-288-1038,1884,CURBUS00088,completed,,[CTB] 天水围站 - 屏欣苑,[KMB] 天恒邨总站,10:38:00,10:56:00,638.0,656.0,2.67,4.957618835101968,0.8011980707165661,0.7846726745995596,False,,,,0.0,,,,,0.0,0.0,0.0,0.0,,0.7846726745995596
1862-1-287-1038,1862,CURBUS00063,completed,,[CTB] 屯门码头,[LRTFeeder] 兆麟,10:38:00,10:59:00,638.0,659.0,5.11,7.491988454181609,0.8033255199972609,0.7783522251499888,False,,,,0.0,,,,,0.0,0.0,0.0,0.0,,0.7783522251499888
1884-1-448-1039,1884,CURBUS00136,completed,,[KMB] 天恒邨总站,[CTB] 天水围站 - 屏欣苑,10:39:00,10:57:00,639.0,657.0,2.71,6.990934855172303,0.7958427549702185,0.7725396387863108,False,,,,0.0,,,,,0.0,0.0,0.0,0.0,,0.7725396387863108
1884-2-448-1039,1884,CURBUS00118,completed,,[CTB] 天水围站 - 屏欣苑,[KMB] 天恒邨总站,10:39:00,10:57:00,639.0,657.0,2.67,3.996129700868323,0.7946550567143138,0.7813346243780861,False,,,,0.0,,,,,0.0,0.0,0.0,0.0,,0.7813346243780861
1862-2-287-1039,1862,CURBUS00027,completed,,[LRTFeeder] 兆麟,[CTB] 屯门码头,10:39:00,11:00:00,639.0,660.0,4.5,7.443609671426032,0.8011806452954711,0.7763686130573842,False,,,,0.0,,,,,0.0,0.0,0.0,0.0,,0.7763686130573842
1862-2-448-1041,1862,CURBUS00038,completed,,[LRTFeeder] 兆麟,[CTB] 屯门码头,10:41:00,11:02:00,641.0,662.0,4.5,6.00862505623908,0.7734065433395877,0.753377793152124,False,,,,0.0,,,,,0.0,0.0,0.0,0.0,,0.753377793152124
1862-1-287-1042,1862,CURBUS00061,completed,,[CTB] 屯门码头,[LRTFeeder] 兆麟,10:42:00,11:03:00,642.0,663.0,5.11,7.211876276858045,0.7805386925854328,0.756499104995906,False,,,,0.0,,,,,0.0,0.0,0.0,0.0,,0.756499104995906
1862-1-448-1043,1862,CURBUS00032,completed,,[CTB] 屯门码头,[LRTFeeder] 兆麟,10:43:00,11:04:00,643.0,664.0,5.11,6.890263148678914,0.7608540898656965,0.7378865460367667,False,,,,0.0,,,,,0.0,0.0,0.0,0.0,,0.7378865460367667
1862-2-287-1043,1862,CURBUS00023,completed,,[LRTFeeder] 兆麟,[CTB] 屯门码头,10:43:00,11:04:00,643.0,664.0,4.5,12.51011292977389,0.7860910031322632,0.7443906266996836,False,,,,0.0,,,,,0.0,0.0,0.0,0.0,,0.7443906266996836
1862-1-288-1045,1862,CURBUS00059,completed,,[CTB] 屯门码头,[LRTFeeder] 兆麟,10:45:00,11:06:00,645.0,666.0,5.11,13.863048192316324,0.778920754966436,0.7327105943253815,False,,,,0.0,,,,,0.0,0.0,0.0,0.0,,0.7327105943253815
1862-2-288-1045,1862,CURBUS00057,completed,,[LRTFeeder] 兆麟,[CTB] 屯门码头,10:45:00,11:06:00,645.0,666.0,4.5,6.268156866626206,0.7599347608876269,0.7390409046655395,False,,,,0.0,,,,,0.0,0.0,0.0,0.0,,0.7390409046655395
1884-1-287-1046,1884,CURBUS00143,completed,,[KMB] 天恒邨总站,[CTB] 天水围站 - 屏欣苑,10:46:00,11:04:00,646.0,664.0,2.71,5.293931402011359,0.7846625277144869,0.7670160897077823,False,,,,0.0,,,,,0.0,0.0,0.0,0.0,,0.7670160897077823
1884-2-287-1046,1884,CURBUS00145,completed,,[CTB] 天水围站 - 屏欣苑,[KMB] 天恒邨总站,10:46:00,11:04:00,646.0,664.0,2.67,3.948793457875392,0.7945354611441128,0.7813728162845281,False,,,,0.0,,,,,0.0,0.0,0.0,0.0,,0.7813728162845281
1884-1-288-1048,1884,CURBUS00096,completed,,[KMB] 天恒邨总站,[CTB] 天水围站 - 屏欣苑,10:48:00,11:06:00,648.0,666.0,2.71,4.461101106719686,0.7786241410329908,0.7637538040105919,False,,,,0.0,,,,,0.0,0.0,0.0,0.0,,0.7637538040105919
1884-2-288-1048,1884,CURBUS00114,completed,,[CTB] 天水围站 - 屏欣苑,[KMB] 天恒邨总站,10:48:00,11:06:00,648.0,666.0,2.67,7.914228542002327,0.7878142123769432,0.7614334505702687,False,,,,0.0,,,,,0.0,0.0,0.0,0.0,,0.7614334505702687
1884-1-287-1049,1884,CURBUS00128,completed,,[KMB] 天恒邨总站,[CTB] 天水围站 - 屏欣苑,10:49:00,11:07:00,649.0,667.0,2.71,6.4850913582560095,0.7875539403007417,0.765936969106555,False,,,,0.0,,,,,0.0,0.0,0.0,0.0,,0.765936969106555
1884-1-448-1049,1884,CURBUS00112,completed,,[KMB] 天恒邨总站,[CTB] 天水围站 - 屏欣苑,10:49:00,11:07:00,649.0,667.0,2.71,4.973590060987976,0.7743397042274068,0.7577610706907802,False,,,,0.0,,,,,0.0,0.0,0.0,0.0,,0.7577610706907802
1884-2-287-1049,1884,CURBUS00090,completed,,[CTB] 天水围站 - 屏欣苑,[KMB] 天恒邨总站,10:49:00,11:07:00,649.0,667.0,2.67,5.944054827871214,0.7692620463649676,0.7494485302720636,False,,,,0.0,,,,,0.0,0.0,0.0,0.0,,0.7494485302720636
1884-2-448-1049,1884,CURBUS00089,completed,,[CTB] 天水围站 - 屏欣苑,[KMB] 天恒邨总站,10:49:00,11:07:00,649.0,667.0,2.67,6.780773595398109,0.7665093991778638,0.7439068205265367,False,,,,0.0,,,,,0.0,0.0,0.0,0.0,,0.7439068205265367
1862-1-288-1050,1862,CURBUS00074,completed,,[CTB] 屯门码头,[LRTFeeder] 兆麟,10:50:00,11:11:00,650.0,671.0,5.11,8.078507107075712,0.7465210414165273,0.7195926843929416,False,,,,0.0,,,,,0.0,0.0,0.0,0.0,,0.7195926843929416
1862-2-288-1050,1862,CURBUS00064,completed,,[LRTFeeder] 兆麟,[CTB] 屯门码头,10:50:00,11:11:00,650.0,671.0,4.5,12.896858579839783,0.7892478729198936,0.7462583443204277,False,,,,0.0,,,,,0.0,0.0,0.0,0.0,,0.7462583443204277
1862-2-448-1051,1862,CURBUS00009,completed,,[LRTFeeder] 兆麟,[CTB] 屯门码头,10:51:00,11:12:00,651.0,672.0,4.5,7.631062795201814,0.7822718457170135,0.7568349697330075,False,,,,0.0,,,,,0.0,0.0,0.0,0.0,,0.7568349697330075
1862-1-287-1052,1862,CURBUS00012,completed,,[CTB] 屯门码头,[LRTFeeder] 兆麟,10:52:00,11:13:00,652.0,673.0,5.11,11.693494267609356,0.7466425169658147,0.7076642027404503,False,,,,0.0,,,,,0.0,0.0,0.0,0.0,,0.7076642027404503
1862-1-448-1053,1862,CURBUS00006,completed,,[CTB] 屯门码头,[LRTFeeder] 兆麟,10:53:00,11:14:00,653.0,674.0,5.11,8.37096060652064,0.7694032806610955,0.7415000786393601,False,,,,0.0,,,,,0.0,0.0,0.0,0.0,,0.7415000786393601
1862-2-287-1053,1862,CURBUS00021,completed,,[LRTFeeder] 兆麟,[CTB] 屯门码头,10:53:00,11:14:00,653.0,674.0,4.5,12.603023670567492,0.7678222322975726,0.725812153395681,False,,,,0.0,,,,,0.0,0.0,0.0,0.0,,0.725812153395681
1884-1-288-1054,1884,CURBUS00098,completed,,[KMB] 天恒邨总站,[CTB] 天水围站 - 屏欣苑,10:54:00,11:12:00,654.0,672.0,2.71,5.2825102336412035,0.7642833746263085,0.7466750071808378,False,,,,0.0,,,,,0.0,0.0,0.0,0.0,,0.7466750071808378
1884-2-288-1054,1884,CURBUS00087,completed,,[CTB] 天水围站 - 屏欣苑,[KMB] 天恒邨总站,10:54:00,11:12:00,654.0,672.0,2.67,6.883142953242538,0.7707202032717325,0.7477763934275907,False,,,,0.0,,,,,0.0,0.0,0.0,0.0,,0.7477763934275907
1884-1-448-1056,1884,CURBUS00138,completed,,[KMB] 天恒邨总站,[CTB] 天水围站 - 屏欣苑,10:56:00,11:14:00,656.0,674.0,2.71,4.283017210588635,0.7618405723680505,0.747563848332755,False,,,,0.0,,,,,0.0,0.0,0.0,0.0,,0.747563848332755
1884-2-448-1056,1884,CURBUS00133,completed,,[CTB] 天水围站 - 屏欣苑,[KMB] 天恒邨总站,10:56:00,11:14:00,656.0,674.0,2.67,3.825940714291893,0.7617610271249582,0.7490078914106518,False,,,,0.0,,,,,0.0,0.0,0.0,0.0,,0.7490078914106518
1862-1-287-1056,1862,CURBUS00025,completed,,[CTB] 屯门码头,[LRTFeeder] 兆麟,10:56:00,11:17:00,656.0,677.0,5.11,10.353871994550824,0.7448748290129305,0.7103619223644277,False,,,,0.0,,,,,0.0,0.0,0.0,0.0,,0.7103619223644277
1862-2-287-1057,1862,CURBUS00034,completed,,[LRTFeeder] 兆麟,[CTB] 屯门码头,10:57:00,11:18:00,657.0,678.0,4.5,6.078771516728976,0.7461697288149682,0.7259071570925383,False,,,,0.0,,,,,0.0,0.0,0.0,0.0,,0.7259071570925383
1862-2-448-1058,1862,CURBUS00004,completed,,[LRTFeeder] 兆麟,[CTB] 屯门码头,10:58:00,11:19:00,658.0,679.0,4.5,11.354560209036482,0.7499643230958362,0.7121157890657146,False,,,,0.0,,,,,0.0,0.0,0.0,0.0,,0.7121157890657146
1884-1-287-1059,1884,CURBUS00113,completed,,[KMB] 天恒邨总站,[CTB] 天水围站 - 屏欣苑,10:59:00,11:17:00,659.0,677.0,2.71,3.775652788541111,0.7460840007004299,0.7334984914052929,False,,,,0.0,,,,,0.0,0.0,0.0,0.0,,0.7334984914052929
1884-2-287-1059,1884,CURBUS00094,completed,,[CTB] 天水围站 - 屏欣苑,[KMB] 天恒邨总站,10:59:00,11:17:00,659.0,677.0,2.67,8.357663792509383,0.756925144845945,0.7290662655375804,False,,,,0.0,,,,,0.0,0.0,0.0,0.0,,0.7290662655375804
1862-1-288-1100,1862,CURBUS00066,completed,,[CTB] 屯门码头,[LRTFeeder] 兆麟,11:00:00,11:21:00,660.0,681.0,5.11,7.101078093853513,0.7144818434179202,0.6908115831050752,False,,,,0.0,,,,,0.0,0.0,0.0,0.0,,0.6908115831050752
1862-1-448-1100,1862,CURBUS00041,completed,,[CTB] 屯门码头,[LRTFeeder] 兆麟,11:00:00,11:21:00,660.0,681.0,5.11,15.499044825437643,0.7500034046370639,0.6983399218856051,False,,,,0.0,,,,,0.0,0.0,0.0,0.0,,0.6983399218856051
1862-2-288-1100,1862,CURBUS00046,completed,,[LRTFeeder] 兆麟,[CTB] 屯门码头,11:00:00,11:21:00,660.0,681.0,4.5,6.013411374615668,0.749408255818332,0.7293635512362798,False,,,,0.0,,,,,0.0,0.0,0.0,0.0,,0.7293635512362798
1884-1-287-1102,1884,CURBUS00099,completed,,[KMB] 天恒邨总站,[CTB] 天水围站 - 屏欣苑,11:02:00,11:20:00,662.0,680.0,2.71,5.733279245474011,0.7554146357739173,0.7363037049556707,False,,,,0.0,,,,,0.0,0.0,0.0,0.0,,0.7363037049556707
1884-2-287-1102,1884,CURBUS00130,completed,,[CTB] 天水围站 - 屏欣苑,[KMB] 天恒邨总站,11:02:00,11:20:00,662.0,680.0,2.67,5.82260172522587,0.7531944118827039,0.7337857394652842,False,,,,0.0,,,,,0.0,0.0,0.0,0.0,,0.7337857394652842
1884-1-288-1104,1884,CURBUS00100,completed,,[KMB] 天恒邨总站,[CTB] 天水围站 - 屏欣苑,11:04:00,11:22:00,664.0,682.0,2.71,3.996439392379127,0.7430678754182527,0.729746410776989,False,,,,0.0,,,,,0.0,0.0,0.0,0.0,,0.729746410776989
1884-2-288-1104,1884,CURBUS00149,completed,,[CTB] 天水围站 - 屏欣苑,[KMB] 天恒邨总站,11:04:00,11:22:00,664.0,682.0,2.67,3.8356382765098753,0.7580648828547495,0.7452794219330499,False,,,,0.0,,,,,0.0,0.0,0.0,0.0,,0.7452794219330499
1862-1-288-1105,1862,CURBUS00054,completed,,[CTB] 屯门码头,[LRTFeeder] 兆麟,11:05:00,11:26:00,665.0,686.0,5.11,13.460201690596431,0.733233795994182,0.6883664570255272,False,,,,0.0,,,,,0.0,0.0,0.0,0.0,,0.6883664570255272
1862-2-288-1105,1862,CURBUS00053,completed,,[LRTFeeder] 兆麟,[CTB] 屯门码头,11:05:00,11:26:00,665.0,686.0,4.5,6.489821395091944,0.7586070970465488,0.736974359062909,False,,,,0.0,,,,,0.0,0.0,0.0,0.0,,0.736974359062909
1884-1-448-1106,1884,CURBUS00134,completed,,[KMB] 天恒邨总站,[CTB] 天水围站 - 屏欣苑,11:06:00,11:24:00,666.0,684.0,2.71,6.001287562616412,0.7572568200535146,0.7372525281781266,False,,,,0.0,,,,,0.0,0.0,0.0,0.0,,0.7372525281781266
1884-2-448-1106,1884,CURBUS00103,completed,,[CTB] 天水围站 - 屏欣苑,[KMB] 天恒邨总站,11:06:00,11:24:00,666.0,684.0,2.67,6.483865406343274,0.752003188216157,0.7303903035283461,False,,,,0.0,,,,,0.0,0.0,0.0,0.0,,0.7303903035283461
1862-1-287-1106,1862,CURBUS00076,completed,,[CTB] 屯门码头,[LRTFeeder] 兆麟,11:06:00,11:27:00,666.0,687.0,5.11,7.186833123230027,0.7313912659992151,0.7074351555884484,False,,,,0.0,,,,,0.0,0.0,0.0,0.0,,0.7074351555884484
1862-2-287-1107,1862,CURBUS00050,completed,,[LRTFeeder] 兆麟,[CTB] 屯门码头,11:07:00,11:28:00,667.0,688.0,4.5,12.62244959027859,0.7249887014751458,0.6829138695075505,False,,,,0.0,,,,,0.0,0.0,0.0,0.0,,0.6829138695075505
1862-2-448-1108,1862,CURBUS00014,completed,,[LRTFeeder] 兆麟,[CTB] 屯门码头,11:08:00,11:29:00,668.0,689.0,4.5,6.353822593042238,0.7345491559559362,0.713369747312462,False,,,,0.0,,,,,0.0,0.0,0.0,0.0,,0.713369747312462
1884-1-288-1110,1884,CURBUS00091,completed,,[KMB] 天恒邨总站,[CTB] 天水围站 - 屏欣苑,11:10:00,11:28:00,670.0,688.0,2.71,4.447071218304324,0.748009890160833,0.7331863194331519,False,,,,0.0,,,,,0.0,0.0,0.0,0.0,,0.7331863194331519
1884-2-288-1110,1884,CURBUS00129,completed,,[CTB] 天水围站 - 屏欣苑,[KMB] 天恒邨总站,11:10:00,11:28:00,670.0,688.0,2.67,5.093947472759481,0.7479972818874459,0.7310174569782476,False,,,,0.0,,,,,0.0,0.0,0.0,0.0,,0.7310174569782476
1862-1-287-1110,1862,CURBUS00020,completed,,[CTB] 屯门码头,[LRTFeeder] 兆麟,11:10:00,11:31:00,670.0,691.0,5.11,11.567791482325635,0.7227391916342266,0.6841798866931412,False,,,,0.0,,,,,0.0,0.0,0.0,0.0,,0.6841798866931412
1862-1-448-1110,1862,CURBUS00015,completed,,[CTB] 屯门码头,[LRTFeeder] 兆麟,11:10:00,11:31:00,670.0,691.0,5.11,10.649426870812102,0.7169665132807646,0.6814684237113908,False,,,,0.0,,,,,0.0,0.0,0.0,0.0,,0.6814684237113908
1862-2-287-1111,1862,CURBUS00051,completed,,[LRTFeeder] 兆麟,[CTB] 屯门码头,11:11:00,11:32:00,671.0,692.0,4.5,11.666002319264994,0.7276021615630847,0.6887154871655347,False,,,,0.0,,,,,0.0,0.0,0.0,0.0,,0.6887154871655347
1884-1-287-1112,1884,CURBUS00104,completed,,[KMB] 天恒邨总站,[CTB] 天水围站 - 屏欣苑,11:12:00,11:30:00,672.0,690.0,2.71,8.401297016727263,0.7391475962887516,0.7111432728996607,False,,,,0.0,,,,,0.0,0.0,0.0,0.0,,0.7111432728996607
1884-2-287-1112,1884,CURBUS00115,completed,,[CTB] 天水围站 - 屏欣苑,[KMB] 天恒邨总站,11:12:00,11:30:00,672.0,690.0,2.67,6.729592025860887,0.7552803924439397,0.7328484190244035,False,,,,0.0,,,,,0.0,0.0,0.0,0.0,,0.7328484190244035
1884-1-448-1113,1884,CURBUS00141,completed,,[KMB] 天恒邨总站,[CTB] 天水围站 - 屏欣苑,11:13:00,11:31:00,673.0,691.0,2.71,4.67703346618478,0.7398606555328296,0.7242705439788804,False,,,,0.0,,,,,0.0,0.0,0.0,0.0,,0.7242705439788804
1884-2-448-1113,1884,CURBUS00135,completed,,[CTB] 天水围站 - 屏欣苑,[KMB] 天恒邨总站,11:13:00,11:31:00,673.0,691.0,2.67,6.662854505645187,0.7396078920526704,0.7173983770338531,False,,,,0.0,,,,,0.0,0.0,0.0,0.0,,0.7173983770338531
1884-1-287-1115,1884,CURBUS00117,completed,,[KMB] 天恒邨总站,[CTB] 天水围站 - 屏欣苑,11:15:00,11:33:00,675.0,693.0,2.71,7.4169985928184685,0.7333024964444602,0.708579167801732,False,,,,0.0,,,,,0.0,0.0,0.0,0.0,,0.708579167801732
1884-2-287-1115,1884,CURBUS00120,completed,,[CTB] 天水围站 - 屏欣苑,[KMB] 天恒邨总站,11:15:00,11:33:00,675.0,693.0,2.67,8.67839636082414,0.7392105958901215,0.7102826080207078,False,,,,0.0,,,,,0.0,0.0,0.0,0.0,,0.7102826080207078
1862-1-288-1115,1862,CURBUS00075,completed,,[CTB] 屯门码头,[LRTFeeder] 兆麟,11:15:00,11:36:00,675.0,696.0,5.11,7.572921861377098,0.7480616723715691,0.722818599500312,False,,,,0.0,,,,,0.0,0.0,0.0,0.0,,0.722818599500312
1862-2-288-1115,1862,CURBUS00055,completed,,[LRTFeeder] 兆麟,[CTB] 屯门码头,11:15:00,11:36:00,675.0,696.0,4.5,8.025016049580495,0.7432888805507099,0.7165388270521083,False,,,,0.0,,,,,0.0,0.0,0.0,0.0,,0.7165388270521083
1862-2-448-1115,1862,CURBUS00044,completed,,[LRTFeeder] 兆麟,[CTB] 屯门码头,11:15:00,11:36:00,675.0,696.0,4.5,10.66654961984635,0.7126777272793763,0.6771225618798884,False,,,,0.0,,,,,0.0,0.0,0.0,0.0,,0.6771225618798884
1862-1-448-1117,1862,CURBUS00018,completed,,[CTB] 屯门码头,[LRTFeeder] 兆麟,11:17:00,11:38:00,677.0,698.0,5.11,7.274285857196213,0.7069744573435948,0.6827268378196074,False,,,,0.0,,,,,0.0,0.0,0.0,0.0,,0.6827268378196074
1884-1-288-1120,1884,CURBUS00086,completed,,[KMB] 天恒邨总站,[CTB] 天水围站 - 屏欣苑,11:20:00,11:38:00,680.0,698.0,2.71,7.313222568889715,0.7340272467897689,0.7096498382268033,False,,,,0.0,,,,,0.0,0.0,0.0,0.0,,0.7096498382268033
1884-2-288-1120,1884,CURBUS00146,completed,,[CTB] 天水围站 - 屏欣苑,[KMB] 天恒邨总站,11:20:00,11:38:00,680.0,698.0,2.67,5.275016984740634,0.7258661251046312,0.7082827351554958,False,,,,0.0,,,,,0.0,0.0,0.0,0.0,,0.7082827351554958
1862-1-287-1120,1862,CURBUS00039,completed,,[CTB] 屯门码头,[LRTFeeder] 兆麟,11:20:00,11:41:00,680.0,701.0,5.11,12.98295772936451,0.703303095477912,0.6600265697133637,False,,,,0.0,,,,,0.0,0.0,0.0,0.0,,0.6600265697133637
1862-1-288-1120,1862,CURBUS00035,completed,,[CTB] 屯门码头,[LRTFeeder] 兆麟,11:20:00,11:41:00,680.0,701.0,5.11,11.678342059645058,0.6901998225117922,0.6512720156463088,False,,,,0.0,,,,,0.0,0.0,0.0,0.0,,0.6512720156463088
1862-2-288-1120,1862,CURBUS00036,completed,,[LRTFeeder] 兆麟,[CTB] 屯门码头,11:20:00,11:41:00,680.0,701.0,4.5,8.112140347929852,0.7076646428910915,0.6806241750646587,False,,,,0.0,,,,,0.0,0.0,0.0,0.0,,0.6806241750646587
1862-2-287-1121,1862,CURBUS00016,completed,,[LRTFeeder] 兆麟,[CTB] 屯门码头,11:21:00,11:42:00,681.0,702.0,4.5,12.535514779874642,0.6957361584153229,0.6539511091490741,False,,,,0.0,,,,,0.0,0.0,0.0,0.0,,0.6539511091490741
1884-1-448-1123,1884,CURBUS00102,completed,,[KMB] 天恒邨总站,[CTB] 天水围站 - 屏欣苑,11:23:00,11:41:00,683.0,701.0,2.71,4.482627551313786,0.7147449432336634,0.6998028513959508,False,,,,0.0,,,,,0.0,0.0,0.0,0.0,,0.6998028513959508
1884-2-448-1123,1884,CURBUS00125,completed,,[CTB] 天水围站 - 屏欣苑,[KMB] 天恒邨总站,11:23:00,11:41:00,683.0,701.0,2.67,5.855751630731258,0.7205858475172628,0.7010666754148254,False,,,,0.0,,,,,0.0,0.0,0.0,0.0,,0.7010666754148254
1862-1-287-1124,1862,CURBUS00056,completed,,[CTB] 屯门码头,[LRTFeeder] 兆麟,11:24:00,11:45:00,684.0,705.0,5.11,11.190298693849224,0.7392613953221712,0.7019603996760071,False,,,,0.0,,,,,0.0,0.0,0.0,0.0,,0.7019603996760071
1884-1-287-1125,1884,CURBUS00148,completed,,[KMB] 天恒邨总站,[CTB] 天水围站 - 屏欣苑,11:25:00,11:43:00,685.0,703.0,2.71,6.2071184557115,0.7122865029235413,0.6915961080711697,False,,,,0.0,,,,,0.0,0.0,0.0,0.0,,0.6915961080711697
1884-2-287-1125,1884,CURBUS00121,completed,,[CTB] 天水围站 - 屏欣苑,[KMB] 天恒邨总站,11:25:00,11:43:00,685.0,703.0,2.67,7.292001923380212,0.7245503750961154,0.7002437020181814,False,,,,0.0,,,,,0.0,0.0,0.0,0.0,,0.7002437020181814
1862-2-287-1125,1862,CURBUS00030,completed,,[LRTFeeder] 兆麟,[CTB] 屯门码头,11:25:00,11:46:00,685.0,706.0,4.5,6.603191241092674,0.7184983975281821,0.6964877600578732,False,,,,0.0,,,,,0.0,0.0,0.0,0.0,,0.6964877600578732
1862-2-448-1125,1862,CURBUS00042,completed,,[LRTFeeder] 兆麟,[CTB] 屯门码头,11:25:00,11:46:00,685.0,706.0,4.5,10.132673968757553,0.7157107087616338,0.6819351288657752,False,,,,0.0,,,,,0.0,0.0,0.0,0.0,,0.6819351288657752
1884-1-288-1126,1884,CURBUS00123,completed,,[KMB] 天恒邨总站,[CTB] 天水围站 - 屏欣苑,11:26:00,11:44:00,686.0,704.0,2.71,6.487711351445622,0.7192559611698014,0.6976302566649827,False,,,,0.0,,,,,0.0,0.0,0.0,0.0,,0.6976302566649827
1884-2-288-1126,1884,CURBUS00126,completed,,[CTB] 天水围站 - 屏欣苑,[KMB] 天恒邨总站,11:26:00,11:44:00,686.0,704.0,2.67,6.594523510012194,0.7227926303078577,0.7008108852744837,False,,,,0.0,,,,,0.0,0.0,0.0,0.0,,0.7008108852744837
1862-1-448-1127,1862,CURBUS00065,completed,,[CTB] 屯门码头,[LRTFeeder] 兆麟,11:27:00,11:48:00,687.0,708.0,5.11,8.528132434305018,0.6950627717127528,0.6666356635984028,False,,,,0.0,,,,,0.0,0.0,0.0,0.0,,0.6666356635984028
1884-1-287-1128,1884,CURBUS00085,completed,,[KMB] 天恒邨总站,[CTB] 天水围站 - 屏欣苑,11:28:00,11:46:00,688.0,706.0,2.71,4.134182466996642,0.7068288677025479,0.6930482594792258,False,,,,0.0,,,,,0.0,0.0,0.0,0.0,,0.6930482594792258
1884-2-287-1128,1884,CURBUS00105,completed,,[CTB] 天水围站 - 屏欣苑,[KMB] 天恒邨总站,11:28:00,11:46:00,688.0,706.0,2.67,8.789986125826488,0.7175320433615425,0.6882320896087876,False,,,,0.0,,,,,0.0,0.0,0.0,0.0,,0.6882320896087876
1884-1-448-1130,1884,CURBUS00139,completed,,[KMB] 天恒邨总站,[CTB] 天水围站 - 屏欣苑,11:30:00,11:48:00,690.0,708.0,2.71,3.8315888294920257,0.6988027698552216,0.6860308070902482,False,,,,0.0,,,,,0.0,0.0,0.0,0.0,,0.6860308070902482
1884-2-448-1130,1884,CURBUS00127,completed,,[CTB] 天水围站 - 屏欣苑,[KMB] 天恒邨总站,11:30:00,11:48:00,690.0,708.0,2.67,4.464651710047811,0.6976095292853216,0.6827273569184956,False,,,,0.0,,,,,0.0,0.0,0.0,0.0,,0.6827273569184956
1862-1-288-1130,1862,CURBUS00017,completed,,[CTB] 屯门码头,[LRTFeeder] 兆麟,11:30:00,11:51:00,690.0,711.0,5.11,14.089228135091568,0.7066326286602684,0.6596685348766299,False,,,,0.0,,,,,0.0,0.0,0.0,0.0,,0.6596685348766299
1862-2-288-1130,1862,CURBUS00002,completed,,[LRTFeeder] 兆麟,[CTB] 屯门码头,11:30:00,11:51:00,690.0,711.0,4.5,11.307557322520475,0.7139026141831634,0.6762107564414285,False,,,,0.0,,,,,0.0,0.0,0.0,0.0,,0.6762107564414285
1862-2-448-1132,1862,CURBUS00026,completed,,[LRTFeeder] 兆麟,[CTB] 屯门码头,11:32:00,11:53:00,692.0,713.0,4.5,9.410447148994631,0.7061414902675318,0.6747733331042164,False,,,,0.0,,,,,0.0,0.0,0.0,0.0,,0.6747733331042164
1862-1-287-1134,1862,CURBUS00062,completed,,[CTB] 屯门码头,[LRTFeeder] 兆麟,11:34:00,11:55:00,694.0,715.0,5.11,6.8021044140592135,0.6987702659289011,0.6760965845487037,False,,,,0.0,,,,,0.0,0.0,0.0,0.0,,0.6760965845487037
1862-1-448-1134,1862,CURBUS00043,completed,,[CTB] 屯门码头,[LRTFeeder] 兆麟,11:34:00,11:55:00,694.0,715.0,5.11,12.331917642103004,0.6967771033053347,0.6556707111649913,False,,,,0.0,,,,,0.0,0.0,0.0,0.0,,0.6556707111649913
1862-1-288-1135,1862,CURBUS00022,completed,,[CTB] 屯门码头,[LRTFeeder] 兆麟,11:35:00,11:56:00,695.0,716.0,5.11,14.029196863278289,0.6753921433057368,0.6286281537614758,False,,,,0.0,,,,,0.0,0.0,0.0,0.0,,0.6286281537614758
1862-2-287-1135,1862,CURBUS00047,completed,,[LRTFeeder] 兆麟,[CTB] 屯门码头,11:35:00,11:56:00,695.0,716.0,4.5,6.406755089632072,0.6854394379749349,0.6640835876761613,False,,,,0.0,,,,,0.0,0.0,0.0,0.0,,0.6640835876761613
1862-2-288-1135,1862,CURBUS00031,completed,,[LRTFeeder] 兆麟,[CTB] 屯门码头,11:35:00,11:56:00,695.0,716.0,4.5,7.372505016173716,0.7061999334356689,0.6816249167150898,False,,,,0.0,,,,,0.0,0.0,0.0,0.0,,0.6816249167150898
1884-1-288-1136,1884,CURBUS00144,completed,,[KMB] 天恒邨总站,[CTB] 天水围站 - 屏欣苑,11:36:00,11:54:00,696.0,714.0,2.71,4.009166207200482,0.6880307482733723,0.6746668609160373,False,,,,0.0,,,,,0.0,0.0,0.0,0.0,,0.6746668609160373
1884-2-288-1136,1884,CURBUS00131,completed,,[CTB] 天水围站 - 屏欣苑,[KMB] 天恒邨总站,11:36:00,11:54:00,696.0,714.0,2.67,6.695428492608883,0.7023126131862372,0.6799945182108742,False,,,,0.0,,,,,0.0,0.0,0.0,0.0,,0.6799945182108742
1884-1-287-1138,1884,CURBUS00081,completed,,[KMB] 天恒邨总站,[CTB] 天水围站 - 屏欣苑,11:38:00,11:56:00,698.0,716.0,2.71,6.473445798995367,0.6930269650674068,0.6714488124040889,False,,,,0.0,,,,,0.0,0.0,0.0,0.0,,0.6714488124040889
1884-2-287-1138,1884,CURBUS00082,completed,,[CTB] 天水围站 - 屏欣苑,[KMB] 天恒邨总站,11:38:00,11:56:00,698.0,716.0,2.67,3.7386851381620354,0.6974361814781357,0.6849738976842622,False,,,,0.0,,,,,0.0,0.0,0.0,0.0,,0.6849738976842622
1862-1-287-1138,1862,CURBUS00019,completed,,[CTB] 屯门码头,[LRTFeeder] 兆麟,11:38:00,11:59:00,698.0,719.0,5.11,8.65107860891389,0.6878397182446814,0.6590027895483017,False,,,,0.0,,,,,0.0,0.0,0.0,0.0,,0.6590027895483017
1862-2-287-1139,1862,CURBUS00072,completed,,[LRTFeeder] 兆麟,[CTB] 屯门码头,11:39:00,12:00:00,699.0,720.0,4.5,8.70985580493615,0.678480848570887,0.6494479958877665,False,,,,0.0,,,,,0.0,0.0,0.0,0.0,,0.6494479958877665
1884-1-448-1140,1884,CURBUS00092,completed,,[KMB] 天恒邨总站,[CTB] 天水围站 - 屏欣苑,11:40:00,11:58:00,700.0,718.0,2.71,8.469093990512462,0.6909666311379954,0.6627363178362872,False,,,,0.0,,,,,0.0,0.0,0.0,0.0,,0.6627363178362872
1884-2-448-1140,1884,CURBUS00083,completed,,[CTB] 天水围站 - 屏欣苑,[KMB] 天恒邨总站,11:40:00,11:58:00,700.0,718.0,2.67,4.106090992170439,0.7022533570689026,0.6885663870950011,False,,,,0.0,,,,,0.0,0.0,0.0,0.0,,0.6885663870950011
1884-1-287-1141,1884,CURBUS00093,completed,,[KMB] 天恒邨总站,[CTB] 天水围站 - 屏欣苑,11:41:00,11:59:00,701.0,719.0,2.71,4.958984321185876,0.6898079545949675,0.6732780068576812,False,,,,0.0,,,,,0.0,0.0,0.0,0.0,,0.6732780068576812
1884-2-287-1141,1884,CURBUS00116,completed,,[CTB] 天水围站 - 屏欣苑,[KMB] 天恒邨总站,11:41:00,11:59:00,701.0,719.0,2.67,4.357226236932321,0.6890670079653685,0.6745429205089274,False,,,,0.0,,,,,0.0,0.0,0.0,0.0,,0.6745429205089274
1884-1-288-1142,1884,CURBUS00137,completed,,[KMB] 天恒邨总站,[CTB] 天水围站 - 屏欣苑,11:42:00,12:00:00,702.0,720.0,2.71,3.832955344465936,0.6880203209461234,0.675243803131237,False,,,,0.0,,,,,0.0,0.0,0.0,0.0,,0.675243803131237
1884-2-288-1142,1884,CURBUS00142,completed,,[CTB] 天水围站 - 屏欣苑,[KMB] 天恒邨总站,11:42:00,12:00:00,702.0,720.0,2.67,5.668123266940487,0.694092899605924,0.6751991553827891,False,,,,0.0,,,,,0.0,0.0,0.0,0.0,,0.6751991553827891
1862-2-448-1142,1862,CURBUS00048,completed,,[LRTFeeder] 兆麟,[CTB] 屯门码头,11:42:00,12:03:00,702.0,723.0,4.5,8.717561758880342,0.6744578640330445,0.6453993248367768,False,,,,0.0,,,,,0.0,0.0,0.0,0.0,,0.6453993248367768
1862-1-448-1144,1862,CURBUS00070,completed,,[CTB] 屯门码头,[LRTFeeder] 兆麟,11:44:00,12:05:00,704.0,725.0,5.11,12.235735100897196,0.6593722192563737,0.6185864355867163,False,,,,0.0,,,,,0.0,0.0,0.0,0.0,,0.6185864355867163
1862-1-288-1145,1862,CURBUS00007,completed,,[CTB] 屯门码头,[LRTFeeder] 兆麟,11:45:00,12:06:00,705.0,726.0,5.11,9.526570876443197,0.6733624120440461,0.6416071757892354,False,,,,0.0,,,,,0.0,0.0,0.0,0.0,,0.6416071757892354
1862-2-288-1145,1862,CURBUS00037,completed,,[LRTFeeder] 兆麟,[CTB] 屯门码头,11:45:00,12:06:00,705.0,726.0,4.5,11.821084220177491,0.6769710925644552,0.6375674784971969,False,,,,0.0,,,,,0.0,0.0,0.0,0.0,,0.6375674784971969
1884-1-448-1147,1884,CURBUS00122,completed,,[KMB] 天恒邨总站,[CTB] 天水围站 - 屏欣苑,11:47:00,12:05:00,707.0,725.0,2.71,6.959393785810792,0.6719071419631859,0.64870916267715,False,,,,0.0,,,,,0.0,0.0,0.0,0.0,,0.64870916267715
1884-2-448-1147,1884,CURBUS00147,completed,,[CTB] 天水围站 - 屏欣苑,[KMB] 天恒邨总站,11:47:00,12:05:00,707.0,725.0,2.67,7.569004879256036,0.674946937629809,0.6497169213656222,False,,,,0.0,,,,,0.0,0.0,0.0,0.0,,0.6497169213656222
1862-1-287-1148,1862,CURBUS00045,completed,,[CTB] 屯门码头,[LRTFeeder] 兆麟,11:48:00,12:09:00,708.0,729.0,5.11,14.035632377931636,0.6508215915225543,0.6040361502627821,False,,,,0.0,,,,,0.0,0.0,0.0,0.0,,0.6040361502627821
1862-2-287-1149,1862,CURBUS00060,completed,,[LRTFeeder] 兆麟,[CTB] 屯门码头,11:49:00,12:10:00,709.0,730.0,4.5,6.7664192168662,0.6805937622219481,0.6580390314990607,False,,,,0.0,,,,,0.0,0.0,0.0,0.0,,0.6580390314990607
1862-2-448-1149,1862,CURBUS00008,completed,,[LRTFeeder] 兆麟,[CTB] 屯门码头,11:49:00,12:10:00,709.0,730.0,4.5,7.647335300756457,0.6627559209254089,0.6372648032562207,False,,,,0.0,,,,,0.0,0.0,0.0,0.0,,0.6372648032562207
1862-1-288-1150,1862,CURBUS00001,completed,,[CTB] 屯门码头,[LRTFeeder] 兆麟,11:50:00,12:11:00,710.0,731.0,5.11,7.323783411511924,0.6707785107339522,0.6463658993622459,False,,,,0.0,,,,,0.0,0.0,0.0,0.0,,0.6463658993622459
1862-2-288-1150,1862,CURBUS00005,completed,,[LRTFeeder] 兆麟,[CTB] 屯门码头,11:50:00,12:11:00,710.0,731.0,4.5,11.084971268165994,0.6551875881172965,0.6182376838900765,False,,,,0.0,,,,,0.0,0.0,0.0,0.0,,0.6182376838900765
1884-1-287-1151,1884,CURBUS00109,completed,,[KMB] 天恒邨总站,[CTB] 天水围站 - 屏欣苑,11:51:00,12:09:00,711.0,729.0,2.71,6.3150202446261,0.6678158913472534,0.6467658238651663,False,,,,0.0,,,,,0.0,0.0,0.0,0.0,,0.6467658238651663
1884-2-287-1151,1884,CURBUS00140,completed,,[CTB] 天水围站 - 屏欣苑,[KMB] 天恒邨总站,11:51:00,12:09:00,711.0,729.0,2.67,6.515953648109915,0.8061596724850917,0.7844398269913919,False,,,,0.0,,,,,0.0,0.0,0.0,0.0,,0.7844398269913919
1862-1-448-1151,1862,CURBUS00011,completed,,[CTB] 屯门码头,[LRTFeeder] 兆麟,11:51:00,12:12:00,711.0,732.0,5.11,12.126987611485909,0.6679749573138378,0.6275516652755515,False,,,,0.0,,,,,0.0,0.0,0.0,0.0,,0.6275516652755515
1884-1-288-1152,1884,CURBUS00108,completed,,[KMB] 天恒邨总站,[CTB] 天水围站 - 屏欣苑,11:52:00,12:10:00,712.0,730.0,2.71,7.105764015328555,0.8046777098505858,0.7809918297994907,False,,,,0.0,,,,,0.0,0.0,0.0,0.0,,0.7809918297994907
1884-2-288-1152,1884,CURBUS00101,completed,,[CTB] 天水围站 - 屏欣苑,[KMB] 天恒邨总站,11:52:00,12:10:00,712.0,730.0,2.67,6.300310640412315,0.6680464976625825,0.6470454621945415,False,,,,0.0,,,,,0.0,0.0,0.0,0.0,,0.6470454621945415
1862-1-287-1152,1862,CURBUS00003,completed,,[CTB] 屯门码头,[LRTFeeder] 兆麟,11:52:00,12:13:00,712.0,733.0,5.11,6.8850875292191,0.6741834968113386,0.6512332050472749,False,,,,0.0,,,,,0.0,0.0,0.0,0.0,,0.6512332050472749
1862-2-287-1153,1862,CURBUS00073,completed,,[LRTFeeder] 兆麟,[CTB] 屯门码头,11:53:00,12:14:00,713.0,734.0,4.5,10.645612791290551,0.672030768448881,0.6365453924779125,False,,,,0.0,,,,,0.0,0.0,0.0,0.0,,0.6365453924779125
1884-1-287-1154,1884,CURBUS00095,completed,,[KMB] 天恒邨总站,[CTB] 天水围站 - 屏欣苑,11:54:00,12:12:00,714.0,732.0,2.71,3.973638368082749,0.6628967347556634,0.6496512735287209,False,,,,0.0,,,,,0.0,0.0,0.0,0.0,,0.6496512735287209
1884-2-287-1154,1884,CURBUS00097,completed,,[CTB] 天水围站 - 屏欣苑,[KMB] 天恒邨总站,11:54:00,12:12:00,714.0,732.0,2.67,7.143181296922685,0.8062058669373693,0.7823952626142937,False,,,,0.0,,,,,0.0,0.0,0.0,0.0,,0.7823952626142937
1884-1-448-1157,1884,CURBUS00107,completed,,[KMB] 天恒邨总站,[CTB] 天水围站 - 屏欣苑,11:57:00,12:15:00,717.0,735.0,2.71,3.924469460233364,0.67698244318809,0.6639008783206455,False,,,,0.0,,,,,0.0,0.0,0.0,0.0,,0.6639008783206455
1884-2-448-1157,1884,CURBUS00084,completed,,[CTB] 天水围站 - 屏欣苑,[KMB] 天恒邨总站,11:57:00,12:15:00,717.0,735.0,2.67,4.589017457173365,0.8008481500264575,0.785551425169213,False,,,,0.0,,,,,0.0,0.0,0.0,0.0,,0.785551425169213
1884-1-288-1158,1884,CURBUS00106,completed,,[KMB] 天恒邨总站,[CTB] 天水围站 - 屏欣苑,11:58:00,12:16:00,718.0,736.0,2.71,7.16181935544721,0.7996677712235354,0.7757950400387114,False,,,,0.0,,,,,0.0,0.0,0.0,0.0,,0.7757950400387114
1884-2-288-1158,1884,CURBUS00150,completed,,[CTB] 天水围站 - 屏欣苑,[KMB] 天恒邨总站,11:58:00,12:16:00,718.0,736.0,2.67,4.014575563244465,0.7936617848922388,0.7802798663480907,False,,,,0.0,,,,,0.0,0.0,0.0,0.0,,0.7802798663480907
1862-2-448-1159,1862,CURBUS00052,completed,,[LRTFeeder] 兆麟,[CTB] 屯门码头,11:59:00,12:20:00,719.0,740.0,4.5,6.373529891799989,0.6620360603427278,0.6407909607033945,False,,,,0.0,,,,,0.0,0.0,0.0,0.0,,0.6407909607033945
1862-1-288-1200,1862,CURBUS00010,completed,,[CTB] 屯门码头,[LRTFeeder] 兆麟,12:00:00,12:21:00,720.0,741.0,5.11,7.416348473061211,0.6788706654851041,0.6541495039082335,False,,,,0.0,,,,,0.0,0.0,0.0,0.0,,0.6541495039082335
1862-2-288-1200,1862,CURBUS00067,completed,,[LRTFeeder] 兆麟,[CTB] 屯门码头,12:00:00,12:21:00,720.0,741.0,4.5,11.782831238461808,0.6619621578636544,0.6226860537354484,False,,,,0.0,,,,,0.0,0.0,0.0,0.0,,0.6226860537354484
1862-1-448-1201,1862,CURBUS00013,completed,,[CTB] 屯门码头,[LRTFeeder] 兆麟,12:01:00,12:22:00,721.0,742.0,5.11,12.43767203687472,0.6630059888420842,0.6215470820525018,False,,,,0.0,,,,,0.0,0.0,0.0,0.0,,0.6215470820525018
1862-1-287-1202,1862,CURBUS00079,completed,,[CTB] 屯门码头,[LRTFeeder] 兆麟,12:02:00,12:23:00,722.0,743.0,5.11,12.402947039084768,0.6577543951841051,0.6164112383871558,False,,,,0.0,,,,,0.0,0.0,0.0,0.0,,0.6164112383871558
1862-2-287-1203,1862,CURBUS00069,completed,,[LRTFeeder] 兆麟,[CTB] 屯门码头,12:03:00,12:24:00,723.0,744.0,4.5,10.906491507962397,0.6642762358869576,0.6279212641937496,False,,,,0.0,,,,,0.0,0.0,0.0,0.0,,0.6279212641937496
1884-1-287-1204,1884,CURBUS00111,completed,,[KMB] 天恒邨总站,[CTB] 天水围站 - 屏欣苑,12:04:00,12:22:00,724.0,742.0,2.71,5.490752923148457,0.7908325190541448,0.7725300093103166,False,,,,0.0,,,,,0.0,0.0,0.0,0.0,,0.7725300093103166
1884-1-448-1204,1884,CURBUS00124,completed,,[KMB] 天恒邨总站,[CTB] 天水围站 - 屏欣苑,12:04:00,12:22:00,724.0,742.0,2.71,4.0232057496132425,0.787122571840962,0.7737118860089178,False,,,,0.0,,,,,0.0,0.0,0.0,0.0,,0.7737118860089178
1884-2-287-1204,1884,CURBUS00080,completed,,[CTB] 天水围站 - 屏欣苑,[KMB] 天恒邨总站,12:04:00,12:22:00,724.0,742.0,2.67,7.553283592748569,0.7780635613835996,0.752885949407771,False,,,,0.0,,,,,0.0,0.0,0.0,0.0,,0.752885949407771
1884-2-448-1204,1884,CURBUS00110,completed,,[CTB] 天水围站 - 屏欣苑,[KMB] 天恒邨总站,12:04:00,12:22:00,724.0,742.0,2.67,5.598816017530436,0.7843559064338447,0.7656931863754098,False,,,,0.0,,,,,0.0,0.0,0.0,0.0,,0.7656931863754098
1862-1-288-1205,1862,CURBUS00071,completed,,[CTB] 屯门码头,[LRTFeeder] 兆麟,12:05:00,12:26:00,725.0,746.0,5.11,9.671878395345589,0.644358880843624,0.612119286192472,False,,,,0.0,,,,,0.0,0.0,0.0,0.0,,0.612119286192472
1862-2-288-1205,1862,CURBUS00033,completed,,[LRTFeeder] 兆麟,[CTB] 屯门码头,12:05:00,12:26:00,725.0,746.0,4.5,7.242478324154604,0.6402524132286261,0.6161108188147775,False,,,,0.0,,,,,0.0,0.0,0.0,0.0,,0.6161108188147775
1862-1-287-1206,1862,CURBUS00028,completed,,[CTB] 屯门码头,[LRTFeeder] 兆麟,12:06:00,12:27:00,726.0,747.0,5.11,7.885261808975821,0.6046341432815105,0.5783499372515911,False,,,,0.0,,,,,0.0,0.0,0.0,0.0,,0.5783499372515911
1862-2-448-1206,1862,CURBUS00058,completed,,[LRTFeeder] 兆麟,[CTB] 屯门码头,12:06:00,12:27:00,726.0,747.0,4.5,8.67873838230161,0.6411462533531637,0.6122171254121583,False,,,,0.0,,,,,0.0,0.0,0.0,0.0,,0.6122171254121583
1884-1-287-1207,1884,CURBUS00119,completed,,[KMB] 天恒邨总站,[CTB] 天水围站 - 屏欣苑,12:07:00,12:25:00,727.0,745.0,2.71,4.620629147397558,0.7827379154193673,0.7673358182613754,False,,,,0.0,,,,,0.0,0.0,0.0,0.0,,0.7673358182613754
1884-2-287-1207,1884,CURBUS00088,completed,,[CTB] 天水围站 - 屏欣苑,[KMB] 天恒邨总站,12:07:00,12:25:00,727.0,745.0,2.67,6.117303822565183,0.7846726745995596,0.7642816618576757,False,,,,0.0,,,,,0.0,0.0,0.0,0.0,,0.7642816618576757
1862-2-287-1207,1862,CURBUS00049,completed,,[LRTFeeder] 兆麟,[CTB] 屯门码头,12:07:00,12:28:00,727.0,748.0,4.5,9.941482083040937,0.656241624371477,0.6231033507613406,False,,,,0.0,,,,,0.0,0.0,0.0,0.0,,0.6231033507613406
1884-1-288-1208,1884,CURBUS00132,completed,,[KMB] 天恒邨总站,[CTB] 天水围站 - 屏欣苑,12:08:00,12:26:00,728.0,746.0,2.71,3.86193487863546,0.7826360618323236,0.7697629455702054,False,,,,0.0,,,,,0.0,0.0,0.0,0.0,,0.7697629455702054
1884-2-288-1208,1884,CURBUS00118,completed,,[CTB] 天水围站 - 屏欣苑,[KMB] 天恒邨总站,12:08:00,12:26:00,728.0,746.0,2.67,4.013473788180124,0.7813346243780861,0.7679563784174857,False,,,,0.0,,,,,0.0,0.0,0.0,0.0,,0.7679563784174857
1862-1-448-1208,1862,CURBUS00068,completed,,[CTB] 屯门码头,[LRTFeeder] 兆麟,12:08:00,12:29:00,728.0,749.0,5.11,7.191165012154433,0.6424754289072191,0.6185048788667044,False,,,,0.0,,,,,0.0,0.0,0.0,0.0,,0.6185048788667044
1884-1-288-1214,1884,CURBUS00136,completed,,[KMB] 天恒邨总站,[CTB] 天水围站 - 屏欣苑,12:14:00,12:32:00,734.0,752.0,2.71,4.126486307093503,0.7725396387863108,0.7587846844293324,False,,,,0.0,,,,,0.0,0.0,0.0,0.0,,0.7587846844293324
1884-1-448-1214,1884,CURBUS00145,completed,,[KMB] 天恒邨总站,[CTB] 天水围站 - 屏欣苑,12:14:00,12:32:00,734.0,752.0,2.71,7.900928956873749,0.7813728162845281,0.7550363864282823,False,,,,0.0,,,,,0.0,0.0,0.0,0.0,,0.7550363864282823
1884-2-288-1214,1884,CURBUS00143,completed,,[CTB] 天水围站 - 屏欣苑,[KMB] 天恒邨总站,12:14:00,12:32:00,734.0,752.0,2.67,5.387412891510081,0.7670160897077823,0.7490580467360821,False,,,,0.0,,,,,0.0,0.0,0.0,0.0,,0.7490580467360821
1884-2-448-1214,1884,CURBUS00096,completed,,[CTB] 天水围站 - 屏欣苑,[KMB] 天恒邨总站,12:14:00,12:32:00,734.0,752.0,2.67,4.87801096606866,0.7637538040105919,0.7474937674570297,False,,,,0.0,,,,,0.0,0.0,0.0,0.0,,0.7474937674570297
1862-1-288-1215,1862,CURBUS00040,completed,,[CTB] 屯门码头,[LRTFeeder] 兆麟,12:15:00,12:36:00,735.0,756.0,5.11,11.097025123265777,0.6303422219690232,0.5933521382248039,False,,,,0.0,,,,,0.0,0.0,0.0,0.0,,0.5933521382248039
1862-2-288-1215,1862,CURBUS00077,completed,,[LRTFeeder] 兆麟,[CTB] 屯门码头,12:15:00,12:36:00,735.0,756.0,4.5,10.647573751300284,0.6406121433597828,0.6051202308554485,False,,,,0.0,,,,,0.0,0.0,0.0,0.0,,0.6051202308554485
1862-1-287-1216,1862,CURBUS00078,completed,,[CTB] 屯门码头,[LRTFeeder] 兆麟,12:16:00,12:37:00,736.0,757.0,5.11,7.5957776630241405,0.7695846975801115,0.7442654387033644,False,,,,0.0,,,,,0.0,0.0,0.0,0.0,,0.7442654387033644
1862-2-448-1216,1862,CURBUS00029,completed,,[LRTFeeder] 兆麟,[CTB] 屯门码头,12:16:00,12:37:00,736.0,757.0,4.5,8.397057393514004,0.7392081593742843,0.711217968062571,False,,,,0.0,,,,,0.0,0.0,0.0,0.0,,0.711217968062571
1884-1-287-1217,1884,CURBUS00114,completed,,[KMB] 天恒邨总站,[CTB] 天水围站 - 屏欣苑,12:17:00,12:35:00,737.0,755.0,2.71,4.768370318116982,0.7614334505702687,0.7455388828432121,False,,,,0.0,,,,,0.0,0.0,0.0,0.0,,0.7455388828432121
1884-2-287-1217,1884,CURBUS00128,completed,,[CTB] 天水围站 - 屏欣苑,[KMB] 天恒邨总站,12:17:00,12:35:00,737.0,755.0,2.67,4.1595814379542135,0.765936969106555,0.7520716976467076,False,,,,0.0,,,,,0.0,0.0,0.0,0.0,,0.7520716976467076
1862-2-287-1217,1862,CURBUS00024,completed,,[LRTFeeder] 兆麟,[CTB] 屯门码头,12:17:00,12:38:00,737.0,758.0,4.5,12.0317995637122,0.7493560337444279,0.7092500351987207,False,,,,0.0,,,,,0.0,0.0,0.0,0.0,,0.7092500351987207
1862-1-448-1218,1862,CURBUS00063,completed,,[CTB] 屯门码头,[LRTFeeder] 兆麟,12:18:00,12:39:00,738.0,759.0,5.11,12.797368982109036,0.7783522251499888,0.7356943285429587,False,,,,0.0,,,,,0.0,0.0,0.0,0.0,,0.7356943285429587
1884-1-287-1220,1884,CURBUS00112,completed,,[KMB] 天恒邨总站,[CTB] 天水围站 - 屏欣苑,12:20:00,12:38:00,740.0,758.0,2.71,6.612611198272651,0.7577610706907802,0.7357190333632048,False,,,,0.0,,,,,0.0,0.0,0.0,0.0,,0.7357190333632048
1884-2-287-1220,1884,CURBUS00090,completed,,[CTB] 天水围站 - 屏欣苑,[KMB] 天恒邨总站,12:20:00,12:38:00,740.0,758.0,2.67,4.275601875798924,0.7494485302720636,0.7351965240194005,False,,,,0.0,,,,,0.0,0.0,0.0,0.0,,0.7351965240194005
1862-1-287-1220,1862,CURBUS00027,completed,,[CTB] 屯门码头,[LRTFeeder] 兆麟,12:20:00,12:41:00,740.0,761.0,5.11,10.018323525285943,0.7763686130573842,0.7429742013064311,False,,,,0.0,,,,,0.0,0.0,0.0,0.0,,0.7429742013064311
1862-1-288-1220,1862,CURBUS00038,completed,,[CTB] 屯门码头,[LRTFeeder] 兆麟,12:20:00,12:41:00,740.0,761.0,5.11,8.282198694662464,0.753377793152124,0.7257704641699159,False,,,,0.0,,,,,0.0,0.0,0.0,0.0,,0.7257704641699159
1862-2-288-1220,1862,CURBUS00061,completed,,[LRTFeeder] 兆麟,[CTB] 屯门码头,12:20:00,12:41:00,740.0,761.0,4.5,8.243899908167169,0.756499104995906,0.7290194386353488,False,,,,0.0,,,,,0.0,0.0,0.0,0.0,,0.7290194386353488
1884-1-448-1221,1884,CURBUS00089,completed,,[KMB] 天恒邨总站,[CTB] 天水围站 - 屏欣苑,12:21:00,12:39:00,741.0,759.0,2.71,4.071471520068351,0.7439068205265367,0.7303352487929755,False,,,,0.0,,,,,0.0,0.0,0.0,0.0,,0.7303352487929755
1884-2-448-1221,1884,CURBUS00087,completed,,[CTB] 天水围站 - 屏欣苑,[KMB] 天恒邨总站,12:21:00,12:39:00,741.0,759.0,2.67,4.242263532796991,0.7477763934275907,0.7336355149849341,False,,,,0.0,,,,,0.0,0.0,0.0,0.0,,0.7336355149849341
1862-2-287-1221,1862,CURBUS00023,completed,,[LRTFeeder] 兆麟,[CTB] 屯门码头,12:21:00,12:42:00,741.0,762.0,4.5,6.687871448952313,0.7443906266996836,0.7220977218698426,False,,,,0.0,,,,,0.0,0.0,0.0,0.0,,0.7220977218698426
1862-2-448-1223,1862,CURBUS00032,completed,,[LRTFeeder] 兆麟,[CTB] 屯门码头,12:23:00,12:44:00,743.0,764.0,4.5,11.007589191097804,0.7378865460367667,0.7011945820664407,False,,,,0.0,,,,,0.0,0.0,0.0,0.0,,0.7011945820664407
1884-1-288-1224,1884,CURBUS00098,completed,,[KMB] 天恒邨总站,[CTB] 天水围站 - 屏欣苑,12:24:00,12:42:00,744.0,762.0,2.71,4.1849420453105965,0.7466750071808378,0.7327252003631358,False,,,,0.0,,,,,0.0,0.0,0.0,0.0,,0.7327252003631358
1884-2-288-1224,1884,CURBUS00133,completed,,[CTB] 天水围站 - 屏欣苑,[KMB] 天恒邨总站,12:24:00,12:42:00,744.0,762.0,2.67,4.541387088891571,0.7490078914106518,0.7338699344476799,False,,,,0.0,,,,,0.0,0.0,0.0,0.0,,0.7338699344476799
1862-1-448-1225,1862,CURBUS00057,completed,,[CTB] 屯门码头,[LRTFeeder] 兆麟,12:25:00,12:46:00,745.0,766.0,5.11,10.031391878071563,0.7390409046655395,0.7056029317386343,False,,,,0.0,,,,,0.0,0.0,0.0,0.0,,0.7056029317386343
1884-1-287-1230,1884,CURBUS00138,completed,,[KMB] 天恒邨总站,[CTB] 天水围站 - 屏欣苑,12:30:00,12:48:00,750.0,768.0,2.71,3.907199901431011,0.747563848332755,0.7345398486613183,False,,,,0.0,,,,,0.0,0.0,0.0,0.0,,0.7345398486613183
1884-1-288-1230,1884,CURBUS00113,completed,,[KMB] 天恒邨总站,[CTB] 天水围站 - 屏欣苑,12:30:00,12:48:00,750.0,768.0,2.71,6.496055306785738,0.7334984914052929,0.7118449737160071,False,,,,0.0,,,,,0.0,0.0,0.0,0.0,,0.7118449737160071
1884-2-287-1230,1884,CURBUS00094,completed,,[CTB] 天水围站 - 屏欣苑,[KMB] 天恒邨总站,12:30:00,12:48:00,750.0,768.0,2.67,7.997238724903112,0.7290662655375804,0.7024088031212367,False,,,,0.0,,,,,0.0,0.0,0.0,0.0,,0.7024088031212367
1884-2-288-1230,1884,CURBUS00099,completed,,[CTB] 天水围站 - 屏欣苑,[KMB] 天恒邨总站,12:30:00,12:48:00,750.0,768.0,2.67,7.987562297926091,0.7363037049556707,0.709678497295917,False,,,,0.0,,,,,0.0,0.0,0.0,0.0,,0.709678497295917
1862-1-287-1230,1862,CURBUS00059,completed,,[CTB] 屯门码头,[LRTFeeder] 兆麟,12:30:00,12:51:00,750.0,771.0,5.11,7.585414794908874,0.7327105943253815,0.7074258783423519,False,,,,0.0,,,,,0.0,0.0,0.0,0.0,,0.7074258783423519
1862-1-288-1230,1862,CURBUS00064,completed,,[CTB] 屯门码头,[LRTFeeder] 兆麟,12:30:00,12:51:00,750.0,771.0,5.11,7.666802680839909,0.7462583443204277,0.7207023353842946,False,,,,0.0,,,,,0.0,0.0,0.0,0.0,,0.7207023353842946
1862-2-288-1230,1862,CURBUS00074,completed,,[LRTFeeder] 兆麟,[CTB] 屯门码头,12:30:00,12:51:00,750.0,771.0,4.5,12.136279730748416,0.7195926843929416,0.6791384186237801,False,,,,0.0,,,,,0.0,0.0,0.0,0.0,,0.6791384186237801
1884-1-448-1231,1884,CURBUS00130,completed,,[KMB] 天恒邨总站,[CTB] 天水围站 - 屏欣苑,12:31:00,12:49:00,751.0,769.0,2.71,4.1749876236080405,0.7337857394652842,0.7198691140532575,False,,,,0.0,,,,,0.0,0.0,0.0,0.0,,0.7198691140532575
1884-2-448-1231,1884,CURBUS00149,completed,,[CTB] 天水围站 - 屏欣苑,[KMB] 天恒邨总站,12:31:00,12:49:00,751.0,769.0,2.67,4.3204064117195875,0.7452794219330499,0.7308780672273179,False,,,,0.0,,,,,0.0,0.0,0.0,0.0,,0.7308780672273179
1862-2-287-1231,1862,CURBUS00009,completed,,[LRTFeeder] 兆麟,[CTB] 屯门码头,12:31:00,12:52:00,751.0,772.0,4.5,8.389008045212101,0.7568349697330075,0.7288716095823005,False,,,,0.0,,,,,0.0,0.0,0.0,0.0,,0.7288716095823005
1884-1-287-1233,1884,CURBUS00100,completed,,[KMB] 天恒邨总站,[CTB] 天水围站 - 屏欣苑,12:33:00,12:51:00,753.0,771.0,2.71,6.209054764168578,0.729746410776989,0.7090495615630937,False,,,,0.0,,,,,0.0,0.0,0.0,0.0,,0.7090495615630937
1884-2-287-1233,1884,CURBUS00134,completed,,[CTB] 天水围站 - 屏欣苑,[KMB] 天恒邨总站,12:33:00,12:51:00,753.0,771.0,2.67,6.772122937128726,0.7372525281781266,0.7146787850543642,False,,,,0.0,,,,,0.0,0.0,0.0,0.0,,0.7146787850543642
1862-2-448-1233,1862,CURBUS00012,completed,,[LRTFeeder] 兆麟,[CTB] 屯门码头,12:33:00,12:54:00,753.0,774.0,4.5,10.265149311592308,0.7076642027404503,0.6734470383684759,False,,,,0.0,,,,,0.0,0.0,0.0,0.0,,0.6734470383684759
1862-1-287-1234,1862,CURBUS00006,completed,,[CTB] 屯门码头,[LRTFeeder] 兆麟,12:34:00,12:55:00,754.0,775.0,5.11,13.401504518977491,0.7415000786393601,0.6968283969094351,False,,,,0.0,,,,,0.0,0.0,0.0,0.0,,0.6968283969094351
1862-1-288-1235,1862,CURBUS00021,completed,,[CTB] 屯门码头,[LRTFeeder] 兆麟,12:35:00,12:56:00,755.0,776.0,5.11,14.53080526214314,0.725812153395681,0.6773761358552038,False,,,,0.0,,,,,0.0,0.0,0.0,0.0,,0.6773761358552038
1862-1-448-1235,1862,CURBUS00025,completed,,[CTB] 屯门码头,[LRTFeeder] 兆麟,12:35:00,12:56:00,755.0,776.0,5.11,9.090439123943948,0.7103619223644277,0.680060458617948,False,,,,0.0,,,,,0.0,0.0,0.0,0.0,,0.680060458617948
1862-2-287-1235,1862,CURBUS00034,completed,,[LRTFeeder] 兆麟,[CTB] 屯门码头,12:35:00,12:56:00,755.0,776.0,4.5,7.330909510917,0.7259071570925383,0.7014707920561483,False,,,,0.0,,,,,0.0,0.0,0.0,0.0,,0.7014707920561483
1862-2-288-1235,1862,CURBUS00004,completed,,[LRTFeeder] 兆麟,[CTB] 屯门码头,12:35:00,12:56:00,755.0,776.0,4.5,7.871462172838636,0.7121157890657146,0.6858775818229191,False,,,,0.0,,,,,0.0,0.0,0.0,0.0,,0.6858775818229191
1884-1-448-1238,1884,CURBUS00103,completed,,[KMB] 天恒邨总站,[CTB] 天水围站 - 屏欣苑,12:38:00,12:56:00,758.0,776.0,2.71,5.583191534280114,0.7303903035283461,0.7117796650807457,False,,,,0.0,,,,,0.0,0.0,0.0,0.0,,0.7117796650807457
1884-2-448-1238,1884,CURBUS00091,completed,,[CTB] 天水围站 - 屏欣苑,[KMB] 天恒邨总站,12:38:00,12:56:00,758.0,776.0,2.67,6.4010862783459235,0.7331863194331519,0.7118493651719988,False,,,,0.0,,,,,0.0,0.0,0.0,0.0,,0.7118493651719988
1884-1-288-1240,1884,CURBUS00129,completed,,[KMB] 天恒邨总站,[CTB] 天水围站 - 屏欣苑,12:40:00,12:58:00,760.0,778.0,2.71,7.925347349887348,0.7310174569782476,0.7045996324786231,False,,,,0.0,,,,,0.0,0.0,0.0,0.0,,0.7045996324786231
1884-2-288-1240,1884,CURBUS00115,completed,,[CTB] 天水围站 - 屏欣苑,[KMB] 天恒邨总站,12:40:00,12:58:00,760.0,778.0,2.67,6.682136959925243,0.7328484190244035,0.710574629157986,False,,,,0.0,,,,,0.0,0.0,0.0,0.0,,0.710574629157986
1862-2-448-1240,1862,CURBUS00046,completed,,[LRTFeeder] 兆麟,[CTB] 屯门码头,12:40:00,13:01:00,760.0,781.0,4.5,10.85315855359554,0.7293635512362798,0.693186356057628,False,,,,0.0,,,,,0.0,0.0,0.0,0.0,,0.693186356057628
1862-1-448-1242,1862,CURBUS00041,completed,,[CTB] 屯门码头,[LRTFeeder] 兆麟,12:42:00,13:03:00,762.0,783.0,5.11,7.328332120508699,0.6983399218856051,0.6739121481505761,False,,,,0.0,,,,,0.0,0.0,0.0,0.0,,0.6739121481505761
1884-1-287-1243,1884,CURBUS00104,completed,,[KMB] 天恒邨总站,[CTB] 天水围站 - 屏欣苑,12:43:00,13:01:00,763.0,781.0,2.71,7.644198698144826,0.7111432728996607,0.6856626105725113,False,,,,0.0,,,,,0.0,0.0,0.0,0.0,,0.6856626105725113
1884-2-287-1243,1884,CURBUS00141,completed,,[CTB] 天水围站 - 屏欣苑,[KMB] 天恒邨总站,12:43:00,13:01:00,763.0,781.0,2.67,7.14283613158092,0.7242705439788804,0.7004610902069439,False,,,,0.0,,,,,0.0,0.0,0.0,0.0,,0.7004610902069439
1862-1-287-1244,1862,CURBUS00066,completed,,[CTB] 屯门码头,[LRTFeeder] 兆麟,12:44:00,13:05:00,764.0,785.0,5.11,12.197165168319716,0.6908115831050752,0.6501543658773428,False,,,,0.0,,,,,0.0,0.0,0.0,0.0,,0.6501543658773428
1862-1-288-1245,1862,CURBUS00053,completed,,[CTB] 屯门码头,[LRTFeeder] 兆麟,12:45:00,13:06:00,765.0,786.0,5.11,10.82491909882433,0.736974359062909,0.7008912954001613,False,,,,0.0,,,,,0.0,0.0,0.0,0.0,,0.7008912954001613
1862-2-287-1245,1862,CURBUS00054,completed,,[LRTFeeder] 兆麟,[CTB] 屯门码头,12:45:00,13:06:00,765.0,786.0,4.5,8.267543419078983,0.6883664570255272,0.6608079789619307,False,,,,0.0,,,,,0.0,0.0,0.0,0.0,,0.6608079789619307
1862-2-288-1245,1862,CURBUS00076,completed,,[LRTFeeder] 兆麟,[CTB] 屯门码头,12:45:00,13:06:00,765.0,786.0,4.5,7.079871821612264,0.7074351555884484,0.6838355828497409,False,,,,0.0,,,,,0.0,0.0,0.0,0.0,,0.6838355828497409
1884-1-287-1246,1884,CURBUS00135,completed,,[KMB] 天恒邨总站,[CTB] 天水围站 - 屏欣苑,12:46:00,13:04:00,766.0,784.0,2.71,6.787375541646529,0.7173983770338531,0.6947737918950313,False,,,,0.0,,,,,0.0,0.0,0.0,0.0,,0.6947737918950313
1884-1-288-1246,1884,CURBUS00120,completed,,[KMB] 天恒邨总站,[CTB] 天水围站 - 屏欣苑,12:46:00,13:04:00,766.0,784.0,2.71,4.551658730093441,0.7102826080207078,0.6951104122537296,False,,,,0.0,,,,,0.0,0.0,0.0,0.0,,0.6951104122537296
1884-2-287-1246,1884,CURBUS00117,completed,,[CTB] 天水围站 - 屏欣苑,[KMB] 天恒邨总站,12:46:00,13:04:00,766.0,784.0,2.67,6.626602768780112,0.708579167801732,0.6864904919057984,False,,,,0.0,,,,,0.0,0.0,0.0,0.0,,0.6864904919057984
1884-2-288-1246,1884,CURBUS00086,completed,,[CTB] 天水围站 - 屏欣苑,[KMB] 天恒邨总站,12:46:00,13:04:00,766.0,784.0,2.67,6.9512415327105055,0.7096498382268033,0.6864790331177683,False,,,,0.0,,,,,0.0,0.0,0.0,0.0,,0.6864790331177683
1884-1-448-1248,1884,CURBUS00146,completed,,[KMB] 天恒邨总站,[CTB] 天水围站 - 屏欣苑,12:48:00,13:06:00,768.0,786.0,2.71,4.681610407934924,0.7082827351554958,0.692677367129046,False,,,,0.0,,,,,0.0,0.0,0.0,0.0,,0.692677367129046
1884-2-448-1248,1884,CURBUS00125,completed,,[CTB] 天水围站 - 屏欣苑,[KMB] 天恒邨总站,12:48:00,13:06:00,768.0,786.0,2.67,4.394338297077048,0.7010666754148254,0.6864188810912352,False,,,,0.0,,,,,0.0,0.0,0.0,0.0,,0.6864188810912352
1862-1-287-1248,1862,CURBUS00050,completed,,[CTB] 屯门码头,[LRTFeeder] 兆麟,12:48:00,13:09:00,768.0,789.0,5.11,13.59334877760426,0.6829138695075505,0.6376027069155363,False,,,,0.0,,,,,0.0,0.0,0.0,0.0,,0.6376027069155363
1862-2-287-1249,1862,CURBUS00014,completed,,[LRTFeeder] 兆麟,[CTB] 屯门码头,12:49:00,13:10:00,769.0,790.0,4.5,7.471530316969536,0.713369747312462,0.688464646255897,False,,,,0.0,,,,,0.0,0.0,0.0,0.0,,0.688464646255897
1862-1-288-1250,1862,CURBUS00020,completed,,[CTB] 屯门码头,[LRTFeeder] 兆麟,12:50:00,13:11:00,770.0,791.0,5.11,7.792819083233588,0.6841798866931412,0.6582038230823626,False,,,,0.0,,,,,0.0,0.0,0.0,0.0,,0.6582038230823626
1862-2-288-1250,1862,CURBUS00015,completed,,[LRTFeeder] 兆麟,[CTB] 屯门码头,12:50:00,13:11:00,770.0,791.0,4.5,6.506497851458501,0.6814684237113908,0.6597800975398624,False,,,,0.0,,,,,0.0,0.0,0.0,0.0,,0.6597800975398624
1862-2-448-1250,1862,CURBUS00051,completed,,[LRTFeeder] 兆麟,[CTB] 屯门码头,12:50:00,13:11:00,770.0,791.0,4.5,11.36271583435113,0.6887154871655347,0.6508397677176976,False,,,,0.0,,,,,0.0,0.0,0.0,0.0,,0.6508397677176976
1862-1-448-1252,1862,CURBUS00075,completed,,[CTB] 屯门码头,[LRTFeeder] 兆麟,12:52:00,13:13:00,772.0,793.0,5.11,9.456268528115752,0.722818599500312,0.6912977044065929,False,,,,0.0,,,,,0.0,0.0,0.0,0.0,,0.6912977044065929
1884-1-448-1255,1884,CURBUS00102,completed,,[KMB] 天恒邨总站,[CTB] 天水围站 - 屏欣苑,12:55:00,13:13:00,775.0,793.0,2.71,6.81879421522423,0.6998028513959508,0.6770735373452034,False,,,,0.0,,,,,0.0,0.0,0.0,0.0,,0.6770735373452034
1884-2-448-1255,1884,CURBUS00121,completed,,[CTB] 天水围站 - 屏欣苑,[KMB] 天恒邨总站,12:55:00,13:13:00,775.0,793.0,2.67,4.212101656403784,0.7002437020181814,0.6862033631635022,False,,,,0.0,,,,,0.0,0.0,0.0,0.0,,0.6862033631635022
1884-1-287-1256,1884,CURBUS00148,completed,,[KMB] 天恒邨总站,[CTB] 天水围站 - 屏欣苑,12:56:00,13:14:00,776.0,794.0,2.71,3.907550128799659,0.6915961080711697,0.6785709409751708,False,,,,0.0,,,,,0.0,0.0,0.0,0.0,,0.6785709409751708
1884-1-288-1256,1884,CURBUS00126,completed,,[KMB] 天恒邨总站,[CTB] 天水围站 - 屏欣苑,12:56:00,13:14:00,776.0,794.0,2.71,4.675136168525719,0.7008108852744837,0.6852270980460646,False,,,,0.0,,,,,0.0,0.0,0.0,0.0,,0.6852270980460646
1884-2-287-1256,1884,CURBUS00123,completed,,[CTB] 天水围站 - 屏欣苑,[KMB] 天恒邨总站,12:56:00,13:14:00,776.0,794.0,2.67,5.3929869789873965,0.6976302566649827,0.6796536334016914,False,,,,0.0,,,,,0.0,0.0,0.0,0.0,,0.6796536334016914
1884-2-288-1256,1884,CURBUS00085,completed,,[CTB] 天水围站 - 屏欣苑,[KMB] 天恒邨总站,12:56:00,13:14:00,776.0,794.0,2.67,5.671425553129131,0.6930482594792258,0.674143507635462,False,,,,0.0,,,,,0.0,0.0,0.0,0.0,,0.674143507635462
1862-2-448-1257,1862,CURBUS00055,completed,,[LRTFeeder] 兆麟,[CTB] 屯门码头,12:57:00,13:18:00,777.0,798.0,4.5,13.728029583237166,0.7165388270521083,0.6707787284413177,False,,,,0.0,,,,,0.0,0.0,0.0,0.0,,0.6707787284413177
1862-1-287-1258,1862,CURBUS00044,completed,,[CTB] 屯门码头,[LRTFeeder] 兆麟,12:58:00,13:19:00,778.0,799.0,5.11,7.441378921169357,0.6771225618798884,0.6523179654759905,False,,,,0.0,,,,,0.0,0.0,0.0,0.0,,0.6523179654759905
1884-1-287-1259,1884,CURBUS00105,completed,,[KMB] 天恒邨总站,[CTB] 天水围站 - 屏欣苑,12:59:00,13:17:00,779.0,797.0,2.71,7.027393233115031,0.6882320896087876,0.6648074454984041,False,,,,0.0,,,,,0.0,0.0,0.0,0.0,,0.6648074454984041
1884-2-287-1259,1884,CURBUS00139,completed,,[CTB] 天水围站 - 屏欣苑,[KMB] 天恒邨总站,12:59:00,13:17:00,779.0,797.0,2.67,4.523393927135408,0.6860308070902482,0.6709528273331302,False,,,,0.0,,,,,0.0,0.0,0.0,0.0,,0.6709528273331302
1862-1-448-1259,1862,CURBUS00018,completed,,[CTB] 屯门码头,[LRTFeeder] 兆麟,12:59:00,13:20:00,779.0,800.0,5.11,7.752518848771099,0.6827268378196074,0.6568851083237037,False,,,,0.0,,,,,0.0,0.0,0.0,0.0,,0.6568851083237037
1862-2-287-1259,1862,CURBUS00036,completed,,[LRTFeeder] 兆麟,[CTB] 屯门码头,12:59:00,13:20:00,779.0,800.0,4.5,6.281517222520832,0.6806241750646587,0.6596857843229226,False,,,,0.0,,,,,0.0,0.0,0.0,0.0,,0.6596857843229226
1862-1-288-1300,1862,CURBUS00039,completed,,[CTB] 屯门码头,[LRTFeeder] 兆麟,13:00:00,13:21:00,780.0,801.0,5.11,12.735658099656575,0.6600265697133637,0.6175743760478418,False,,,,0.0,,,,,0.0,0.0,0.0,0.0,,0.6175743760478418
1862-2-288-1300,1862,CURBUS00035,completed,,[LRTFeeder] 兆麟,[CTB] 屯门码头,13:00:00,13:21:00,780.0,801.0,4.5,13.4327651750486,0.6512720156463088,0.6064961317294801,False,,,,0.0,,,,,0.0,0.0,0.0,0.0,,0.6064961317294801
1884-1-288-1302,1884,CURBUS00127,completed,,[KMB] 天恒邨总站,[CTB] 天水围站 - 屏欣苑,13:02:00,13:20:00,782.0,800.0,2.71,4.464961744400133,0.6827273569184956,0.6678441511038286,False,,,,0.0,,,,,0.0,0.0,0.0,0.0,,0.6678441511038286
1884-2-288-1302,1884,CURBUS00131,completed,,[CTB] 天水围站 - 屏欣苑,[KMB] 天恒邨总站,13:02:00,13:20:00,782.0,800.0,2.67,5.617422843788716,0.6799945182108742,0.6612697753982452,False,,,,0.0,,,,,0.0,0.0,0.0,0.0,,0.6612697753982452
1862-1-287-1302,1862,CURBUS00016,completed,,[CTB] 屯门码头,[LRTFeeder] 兆麟,13:02:00,13:23:00,782.0,803.0,5.11,15.423611290504825,0.6539511091490741,0.602539071514058,False,,,,0.0,,,,,0.0,0.0,0.0,0.0,,0.602539071514058
1862-2-287-1303,1862,CURBUS00056,completed,,[LRTFeeder] 兆麟,[CTB] 屯门码头,13:03:00,13:24:00,783.0,804.0,4.5,6.62584409539308,0.7019603996760071,0.6798742526913635,False,,,,0.0,,,,,0.0,0.0,0.0,0.0,,0.6798742526913635
1884-1-448-1305,1884,CURBUS00144,completed,,[KMB] 天恒邨总站,[CTB] 天水围站 - 屏欣苑,13:05:00,13:23:00,785.0,803.0,2.71,4.802895892732569,0.6746668609160373,0.6586572079402621,False,,,,0.0,,,,,0.0,0.0,0.0,0.0,,0.6586572079402621
1884-2-448-1305,1884,CURBUS00082,completed,,[CTB] 天水围站 - 屏欣苑,[KMB] 天恒邨总站,13:05:00,13:23:00,785.0,803.0,2.67,6.848260101595436,0.6849738976842622,0.6621463640122774,False,,,,0.0,,,,,0.0,0.0,0.0,0.0,,0.6621463640122774
1862-1-288-1305,1862,CURBUS00030,completed,,[CTB] 屯门码头,[LRTFeeder] 兆麟,13:05:00,13:26:00,785.0,806.0,5.11,7.753563824154564,0.6964877600578732,0.6706425473106913,False,,,,0.0,,,,,0.0,0.0,0.0,0.0,,0.6706425473106913
1862-2-288-1305,1862,CURBUS00042,completed,,[LRTFeeder] 兆麟,[CTB] 屯门码头,13:05:00,13:26:00,785.0,806.0,4.5,12.299483231098954,0.6819351288657752,0.6409368514287788,False,,,,0.0,,,,,0.0,0.0,0.0,0.0,,0.6409368514287788
1862-2-448-1307,1862,CURBUS00065,completed,,[LRTFeeder] 兆麟,[CTB] 屯门码头,13:07:00,13:28:00,787.0,808.0,4.5,8.758044956089812,0.6666356635984028,0.6374421804114367,False,,,,0.0,,,,,0.0,0.0,0.0,0.0,,0.6374421804114367
1884-1-287-1309,1884,CURBUS00081,completed,,[KMB] 天恒邨总站,[CTB] 天水围站 - 屏欣苑,13:09:00,13:27:00,789.0,807.0,2.71,4.061365765188045,0.6714488124040889,0.6579109265201288,False,,,,0.0,,,,,0.0,0.0,0.0,0.0,,0.6579109265201288
1884-2-287-1309,1884,CURBUS00083,completed,,[CTB] 天水围站 - 屏欣苑,[KMB] 天恒邨总站,13:09:00,13:27:00,789.0,807.0,2.67,4.041454838113531,0.6885663870950011,0.675094870967956,False,,,,0.0,,,,,0.0,0.0,0.0,0.0,,0.675094870967956
1862-1-448-1309,1862,CURBUS00002,completed,,[CTB] 屯门码头,[LRTFeeder] 兆麟,13:09:00,13:30:00,789.0,810.0,5.11,8.326714574567095,0.6762107564414285,0.6484550411928715,False,,,,0.0,,,,,0.0,0.0,0.0,0.0,,0.6484550411928715
1884-1-287-1312,1884,CURBUS00092,completed,,[KMB] 天恒邨总站,[CTB] 天水围站 - 屏欣苑,13:12:00,13:30:00,792.0,810.0,2.71,4.330754174678783,0.6627363178362872,0.6483004705873578,False,,,,0.0,,,,,0.0,0.0,0.0,0.0,,0.6483004705873578
1884-1-288-1312,1884,CURBUS00116,completed,,[KMB] 天恒邨总站,[CTB] 天水围站 - 屏欣苑,13:12:00,13:30:00,792.0,810.0,2.71,5.952370740561846,0.6745429205089274,0.6547016847070546,False,,,,0.0,,,,,0.0,0.0,0.0,0.0,,0.6547016847070546
1884-1-448-1312,1884,CURBUS00093,completed,,[KMB] 天恒邨总站,[CTB] 天水围站 - 屏欣苑,13:12:00,13:30:00,792.0,810.0,2.71,4.335113491298012,0.6732780068576812,0.6588276285533545,False,,,,0.0,,,,,0.0,0.0,0.0,0.0,,0.6588276285533545
1884-2-287-1312,1884,CURBUS00137,completed,,[CTB] 天水围站 - 屏欣苑,[KMB] 天恒邨总站,13:12:00,13:30:00,792.0,810.0,2.67,3.919004232890853,0.675243803131237,0.6621804556882674,False,,,,0.0,,,,,0.0,0.0,0.0,0.0,,0.6621804556882674
1884-2-288-1312,1884,CURBUS00142,completed,,[CTB] 天水围站 - 屏欣苑,[KMB] 天恒邨总站,13:12:00,13:30:00,792.0,810.0,2.67,6.254119590784896,0.6751991553827891,0.6543520900801727,False,,,,0.0,,,,,0.0,0.0,0.0,0.0,,0.6543520900801727
1884-2-448-1312,1884,CURBUS00147,completed,,[CTB] 天水围站 - 屏欣苑,[KMB] 天恒邨总站,13:12:00,13:30:00,792.0,810.0,2.67,4.011158264463929,0.6497169213656222,0.6363463938174091,False,,,,0.0,,,,,0.0,0.0,0.0,0.0,,0.6363463938174091
1862-1-287-1312,1862,CURBUS00017,completed,,[CTB] 屯门码头,[LRTFeeder] 兆麟,13:12:00,13:33:00,792.0,813.0,5.11,7.362019719586318,0.6596685348766299,0.6351284691446755,False,,,,0.0,,,,,0.0,0.0,0.0,0.0,,0.6351284691446755
1862-2-287-1313,1862,CURBUS00026,completed,,[LRTFeeder] 兆麟,[CTB] 屯门码头,13:13:00,13:34:00,793.0,814.0,4.5,10.885667087052076,0.6747733331042164,0.6384877761473762,False,,,,0.0,,,,,0.0,0.0,0.0,0.0,,0.6384877761473762
1862-2-448-1314,1862,CURBUS00062,completed,,[LRTFeeder] 兆麟,[CTB] 屯门码头,13:14:00,13:35:00,794.0,815.0,4.5,6.588299808951932,0.6760965845487037,0.6541355851855306,False,,,,0.0,,,,,0.0,0.0,0.0,0.0,,0.6541355851855306
1862-1-288-1315,1862,CURBUS00043,completed,,[CTB] 屯门码头,[LRTFeeder] 兆麟,13:15:00,13:36:00,795.0,816.0,5.11,8.155203296732509,0.6556707111649913,0.6284867001758829,False,,,,0.0,,,,,0.0,0.0,0.0,0.0,,0.6284867001758829
1862-2-288-1315,1862,CURBUS00031,completed,,[LRTFeeder] 兆麟,[CTB] 屯门码头,13:15:00,13:36:00,795.0,816.0,4.5,6.952227986298783,0.6816249167150898,0.6584508234274272,False,,,,0.0,,,,,0.0,0.0,0.0,0.0,,0.6584508234274272
1862-1-287-1316,1862,CURBUS00047,completed,,[CTB] 屯门码头,[LRTFeeder] 兆麟,13:16:00,13:37:00,796.0,817.0,5.11,7.547229066754764,0.6640835876761613,0.6389261574536453,False,,,,0.0,,,,,0.0,0.0,0.0,0.0,,0.6389261574536453
1862-1-448-1316,1862,CURBUS00022,completed,,[CTB] 屯门码头,[LRTFeeder] 兆麟,13:16:00,13:37:00,796.0,817.0,5.11,7.935526303579095,0.6286281537614758,0.6021763994162121,False,,,,0.0,,,,,0.0,0.0,0.0,0.0,,0.6021763994162121
1862-2-287-1317,1862,CURBUS00019,completed,,[LRTFeeder] 兆麟,[CTB] 屯门码头,13:17:00,13:38:00,797.0,818.0,4.5,6.565726564921905,0.6590027895483017,0.6371170343318954,False,,,,0.0,,,,,0.0,0.0,0.0,0.0,,0.6371170343318954
1884-1-288-1318,1884,CURBUS00122,completed,,[KMB] 天恒邨总站,[CTB] 天水围站 - 屏欣苑,13:18:00,13:36:00,798.0,816.0,2.71,4.228975096220163,0.64870916267715,0.6346125790230828,False,,,,0.0,,,,,0.0,0.0,0.0,0.0,,0.6346125790230828
1884-2-288-1318,1884,CURBUS00140,completed,,[CTB] 天水围站 - 屏欣苑,[KMB] 天恒邨总站,13:18:00,13:36:00,798.0,816.0,2.67,3.991991464385715,0.7844398269913919,0.7711331887767728,False,,,,0.0,,,,,0.0,0.0,0.0,0.0,,0.7711331887767728
1862-1-288-1320,1862,CURBUS00072,completed,,[CTB] 屯门码头,[LRTFeeder] 兆麟,13:20:00,13:41:00,800.0,821.0,5.11,7.395576008490843,0.6494479958877665,0.6247960758594636,False,,,,0.0,,,,,0.0,0.0,0.0,0.0,,0.6247960758594636
1862-2-288-1320,1862,CURBUS00048,completed,,[LRTFeeder] 兆麟,[CTB] 屯门码头,13:20:00,13:41:00,800.0,821.0,4.5,6.720267463246924,0.6453993248367768,0.6229984332926204,False,,,,0.0,,,,,0.0,0.0,0.0,0.0,,0.6229984332926204
1884-1-287-1322,1884,CURBUS00109,completed,,[KMB] 天恒邨总站,[CTB] 天水围站 - 屏欣苑,13:22:00,13:40:00,802.0,820.0,2.71,4.485324778878946,0.6467658238651663,0.6318147412689032,False,,,,0.0,,,,,0.0,0.0,0.0,0.0,,0.6318147412689032
1884-1-448-1322,1884,CURBUS00108,completed,,[KMB] 天恒邨总站,[CTB] 天水围站 - 屏欣苑,13:22:00,13:40:00,802.0,820.0,2.71,4.280256575649532,0.7809918297994907,0.7667243078806589,False,,,,0.0,,,,,0.0,0.0,0.0,0.0,,0.7667243078806589
1884-2-287-1322,1884,CURBUS00101,completed,,[CTB] 天水围站 - 屏欣苑,[KMB] 天恒邨总站,13:22:00,13:40:00,802.0,820.0,2.67,5.913752619199657,0.6470454621945415,0.627332953463876,False,,,,0.0,,,,,0.0,0.0,0.0,0.0,,0.627332953463876
1884-2-448-1322,1884,CURBUS00097,completed,,[CTB] 天水围站 - 屏欣苑,[KMB] 天恒邨总站,13:22:00,13:40:00,802.0,820.0,2.67,4.624469450354812,0.7823952626142937,0.7669803644464444,False,,,,0.0,,,,,0.0,0.0,0.0,0.0,,0.7669803644464444
1862-2-448-1324,1862,CURBUS00070,completed,,[LRTFeeder] 兆麟,[CTB] 屯门码头,13:24:00,13:45:00,804.0,825.0,4.5,11.676462982600368,0.6185864355867163,0.5796648923113817,False,,,,0.0,,,,,0.0,0.0,0.0,0.0,,0.5796648923113817
1884-1-287-1325,1884,CURBUS00095,completed,,[KMB] 天恒邨总站,[CTB] 天水围站 - 屏欣苑,13:25:00,13:43:00,805.0,823.0,2.71,5.683085565567945,0.6496512735287209,0.6307076549768277,False,,,,0.0,,,,,0.0,0.0,0.0,0.0,,0.6307076549768277
1884-2-287-1325,1884,CURBUS00084,completed,,[CTB] 天水围站 - 屏欣苑,[KMB] 天恒邨总站,13:25:00,13:43:00,805.0,823.0,2.67,7.0682343406008545,0.785551425169213,0.7619906440338767,False,,,,0.0,,,,,0.0,0.0,0.0,0.0,,0.7619906440338767
1862-1-287-1326,1862,CURBUS00007,completed,,[CTB] 屯门码头,[LRTFeeder] 兆麟,13:26:00,13:47:00,806.0,827.0,5.11,7.520679780202259,0.6416071757892354,0.6165382431885612,False,,,,0.0,,,,,0.0,0.0,0.0,0.0,,0.6165382431885612
1862-1-448-1326,1862,CURBUS00037,completed,,[CTB] 屯门码头,[LRTFeeder] 兆麟,13:26:00,13:47:00,806.0,827.0,5.11,13.984711273749486,0.6375674784971969,0.5909517742513652,False,,,,0.0,,,,,0.0,0.0,0.0,0.0,,0.5909517742513652
1862-2-287-1327,1862,CURBUS00045,completed,,[LRTFeeder] 兆麟,[CTB] 屯门码头,13:27:00,13:48:00,807.0,828.0,4.5,9.615143722079791,0.6040361502627821,0.5719856711891829,False,,,,0.0,,,,,0.0,0.0,0.0,0.0,,0.5719856711891829
1884-1-288-1328,1884,CURBUS00107,completed,,[KMB] 天恒邨总站,[CTB] 天水围站 - 屏欣苑,13:28:00,13:46:00,808.0,826.0,2.71,4.202340956623918,0.6639008783206455,0.6498930751318991,False,,,,0.0,,,,,0.0,0.0,0.0,0.0,,0.6498930751318991
1884-2-288-1328,1884,CURBUS00150,completed,,[CTB] 天水围站 - 屏欣苑,[KMB] 天恒邨总站,13:28:00,13:46:00,808.0,826.0,2.67,4.706713909100011,0.7802798663480907,0.7645908199844239,False,,,,0.0,,,,,0.0,0.0,0.0,0.0,,0.7645908199844239
1884-1-448-1329,1884,CURBUS00106,completed,,[KMB] 天恒邨总站,[CTB] 天水围站 - 屏欣苑,13:29:00,13:47:00,809.0,827.0,2.71,6.9839696231216735,0.7757950400387114,0.7525151412949724,False,,,,0.0,,,,,0.0,0.0,0.0,0.0,,0.7525151412949724
1884-2-448-1329,1884,CURBUS00124,completed,,[CTB] 天水围站 - 屏欣苑,[KMB] 天恒邨总站,13:29:00,13:47:00,809.0,827.0,2.67,3.9797748549508505,0.7737118860089178,0.7604459698257483,False,,,,0.0,,,,,0.0,0.0,0.0,0.0,,0.7604459698257483
1862-1-287-1330,1862,CURBUS00060,completed,,[CTB] 屯门码头,[LRTFeeder] 兆麟,13:30:00,13:51:00,810.0,831.0,5.11,14.700074142181512,0.6580390314990607,0.6090387843584557,False,,,,0.0,,,,,0.0,0.0,0.0,0.0,,0.6090387843584557
1862-1-288-1330,1862,CURBUS00008,completed,,[CTB] 屯门码头,[LRTFeeder] 兆麟,13:30:00,13:51:00,810.0,831.0,5.11,10.273214966457264,0.6372648032562207,0.6030207533680298,False,,,,0.0,,,,,0.0,0.0,0.0,0.0,,0.6030207533680298
1862-2-288-1330,1862,CURBUS00001,completed,,[LRTFeeder] 兆麟,[CTB] 屯门码头,13:30:00,13:51:00,810.0,831.0,4.5,9.027210745276014,0.6463658993622459,0.6162751968779925,False,,,,0.0,,,,,0.0,0.0,0.0,0.0,,0.6162751968779925
1862-2-287-1331,1862,CURBUS00005,completed,,[LRTFeeder] 兆麟,[CTB] 屯门码头,13:31:00,13:52:00,811.0,832.0,4.5,9.299761292762255,0.6182376838900765,0.5872384795808689,False,,,,0.0,,,,,0.0,0.0,0.0,0.0,,0.5872384795808689
1862-2-448-1331,1862,CURBUS00011,completed,,[LRTFeeder] 兆麟,[CTB] 屯门码头,13:31:00,13:52:00,811.0,832.0,4.5,6.520790497009372,0.6275516652755515,0.605815696952187,False,,,,0.0,,,,,0.0,0.0,0.0,0.0,,0.605815696952187
1862-1-448-1333,1862,CURBUS00003,completed,,[CTB] 屯门码头,[LRTFeeder] 兆麟,13:33:00,13:54:00,813.0,834.0,5.11,7.631032872140737,0.6512332050472749,0.6257964288068057,False,,,,0.0,,,,,0.0,0.0,0.0,0.0,,0.6257964288068057
1884-1-288-1334,1884,CURBUS00111,completed,,[KMB] 天恒邨总站,[CTB] 天水围站 - 屏欣苑,13:34:00,13:52:00,814.0,832.0,2.71,4.49471473811015,0.7725300093103166,0.7575476268499494,False,,,,0.0,,,,,0.0,0.0,0.0,0.0,,0.7575476268499494
1884-2-288-1334,1884,CURBUS00110,completed,,[CTB] 天水围站 - 屏欣苑,[KMB] 天恒邨总站,13:34:00,13:52:00,814.0,832.0,2.67,7.512256853350823,0.7656931863754098,0.7406523301975738,False,,,,0.0,,,,,0.0,0.0,0.0,0.0,,0.7406523301975738
1884-1-287-1335,1884,CURBUS00080,completed,,[KMB] 天恒邨总站,[CTB] 天水围站 - 屏欣苑,13:35:00,13:53:00,815.0,833.0,2.71,4.110436706259775,0.752885949407771,0.7391844937202384,False,,,,0.0,,,,,0.0,0.0,0.0,0.0,,0.7391844937202384
1884-2-287-1335,1884,CURBUS00119,completed,,[CTB] 天水围站 - 屏欣苑,[KMB] 天恒邨总站,13:35:00,13:53:00,815.0,833.0,2.67,4.009957518921485,0.7673358182613754,0.7539692931983039,False,,,,0.0,,,,,0.0,0.0,0.0,0.0,,0.7539692931983039
1862-1-288-1335,1862,CURBUS00073,completed,,[CTB] 屯门码头,[LRTFeeder] 兆麟,13:35:00,13:56:00,815.0,836.0,5.11,11.43834396548839,0.6365453924779125,0.5984175792596179,False,,,,0.0,,,,,0.0,0.0,0.0,0.0,,0.5984175792596179
1862-2-288-1335,1862,CURBUS00052,completed,,[LRTFeeder] 兆麟,[CTB] 屯门码头,13:35:00,13:56:00,815.0,836.0,4.5,6.528036901087587,0.6407909607033945,0.6190308376997692,False,,,,0.0,,,,,0.0,0.0,0.0,0.0,,0.6190308376997692
1884-1-287-1338,1884,CURBUS00088,completed,,[KMB] 天恒邨总站,[CTB] 天水围站 - 屏欣苑,13:38:00,13:56:00,818.0,836.0,2.71,4.665462693084352,0.7642816618576757,0.7487301195473944,False,,,,0.0,,,,,0.0,0.0,0.0,0.0,,0.7487301195473944
1884-2-287-1338,1884,CURBUS00132,completed,,[CTB] 天水围站 - 屏欣苑,[KMB] 天恒邨总站,13:38:00,13:56:00,818.0,836.0,2.67,5.819767217574584,0.7697629455702054,0.7503637215116234,False,,,,0.0,,,,,0.0,0.0,0.0,0.0,,0.7503637215116234
1884-1-448-1339,1884,CURBUS00118,completed,,[KMB] 天恒邨总站,[CTB] 天水围站 - 屏欣苑,13:39:00,13:57:00,819.0,837.0,2.71,7.047123852164386,0.7679563784174857,0.7444659655769377,False,,,,0.0,,,,,0.0,0.0,0.0,0.0,,0.7444659655769377
1884-2-448-1339,1884,CURBUS00136,completed,,[CTB] 天水围站 - 屏欣苑,[KMB] 天恒邨总站,13:39:00,13:57:00,819.0,837.0,2.67,5.077083179547642,0.7587846844293324,0.7418610738308403,False,,,,0.0,,,,,0.0,0.0,0.0,0.0,,0.7418610738308403
1862-1-287-1340,1862,CURBUS00010,completed,,[CTB] 屯门码头,[LRTFeeder] 兆麟,13:40:00,14:01:00,820.0,841.0,5.11,9.928884558201473,0.6541495039082335,0.6210532220475619,False,,,,0.0,,,,,0.0,0.0,0.0,0.0,,0.6210532220475619
1862-2-287-1341,1862,CURBUS00067,completed,,[LRTFeeder] 兆麟,[CTB] 屯门码头,13:41:00,14:02:00,821.0,842.0,4.5,6.547373565589818,0.6226860537354484,0.6008614751834823,False,,,,0.0,,,,,0.0,0.0,0.0,0.0,,0.6008614751834823
1862-2-448-1341,1862,CURBUS00013,completed,,[LRTFeeder] 兆麟,[CTB] 屯门码头,13:41:00,14:02:00,821.0,842.0,4.5,6.874255150039535,0.6215470820525018,0.5986328982190366,False,,,,0.0,,,,,0.0,0.0,0.0,0.0,,0.5986328982190366
1862-1-448-1343,1862,CURBUS00079,completed,,[CTB] 屯门码头,[LRTFeeder] 兆麟,13:43:00,14:04:00,823.0,844.0,5.11,8.08682483816198,0.6164112383871558,0.5894551555932825,False,,,,0.0,,,,,0.0,0.0,0.0,0.0,,0.5894551555932825
1884-1-288-1344,1884,CURBUS00145,completed,,[KMB] 天恒邨总站,[CTB] 天水围站 - 屏欣苑,13:44:00,14:02:00,824.0,842.0,2.71,5.7509021842901715,0.7550363864282823,0.7358667124806484,False,,,,0.0,,,,,0.0,0.0,0.0,0.0,,0.7358667124806484
1884-2-288-1344,1884,CURBUS00143,completed,,[CTB] 天水围站 - 屏欣苑,[KMB] 天恒邨总站,13:44:00,14:02:00,824.0,842.0,2.67,7.236761052038554,0.7490580467360821,0.7249355098959536,False,,,,0.0,,,,,0.0,0.0,0.0,0.0,,0.7249355098959536
1862-1-287-1344,1862,CURBUS00069,completed,,[CTB] 屯门码头,[LRTFeeder] 兆麟,13:44:00,14:05:00,824.0,845.0,5.11,8.067962526727111,0.6279212641937496,0.6010280557713259,False,,,,0.0,,,,,0.0,0.0,0.0,0.0,,0.6010280557713259
1862-1-288-1345,1862,CURBUS00033,completed,,[CTB] 屯门码头,[LRTFeeder] 兆麟,13:45:00,14:06:00,825.0,846.0,5.11,11.68059120786534,0.6161108188147775,0.5771755147885597,False,,,,0.0,,,,,0.0,0.0,0.0,0.0,,0.5771755147885597
1862-2-287-1345,1862,CURBUS00071,completed,,[LRTFeeder] 兆麟,[CTB] 屯门码头,13:45:00,14:06:00,825.0,846.0,4.5,7.088875143470969,0.612119286192472,0.5884897023809021,False,,,,0.0,,,,,0.0,0.0,0.0,0.0,,0.5884897023809021
1862-2-288-1345,1862,CURBUS00058,completed,,[LRTFeeder] 兆麟,[CTB] 屯门码头,13:45:00,14:06:00,825.0,846.0,4.5,10.824521973557038,0.6122171254121583,0.5761353855003015,False,,,,0.0,,,,,0.0,0.0,0.0,0.0,,0.5761353855003015
1884-1-448-1346,1884,CURBUS00096,completed,,[KMB] 天恒邨总站,[CTB] 天水围站 - 屏欣苑,13:46:00,14:04:00,826.0,844.0,2.71,7.115664535080822,0.7474937674570297,0.723774885673427,False,,,,0.0,,,,,0.0,0.0,0.0,0.0,,0.723774885673427
1884-2-448-1346,1884,CURBUS00128,completed,,[CTB] 天水围站 - 屏欣苑,[KMB] 天恒邨总站,13:46:00,14:04:00,826.0,844.0,2.67,6.949138900574613,0.7520716976467076,0.7289079013114589,False,,,,0.0,,,,,0.0,0.0,0.0,0.0,,0.7289079013114589
1884-1-287-1348,1884,CURBUS00114,completed,,[KMB] 天恒邨总站,[CTB] 天水围站 - 屏欣苑,13:48:00,14:06:00,828.0,846.0,2.71,6.345311269085221,0.7455388828432121,0.7243878452795948,False,,,,0.0,,,,,0.0,0.0,0.0,0.0,,0.7243878452795948
1884-2-287-1348,1884,CURBUS00112,completed,,[CTB] 天水围站 - 屏欣苑,[KMB] 天恒邨总站,13:48:00,14:06:00,828.0,846.0,2.67,3.928839655439474,0.7357190333632048,0.7226229011784066,False,,,,0.0,,,,,0.0,0.0,0.0,0.0,,0.7226229011784066
1862-2-448-1348,1862,CURBUS00028,completed,,[LRTFeeder] 兆麟,[CTB] 屯门码头,13:48:00,14:09:00,828.0,849.0,4.5,7.992013301184959,0.5783499372515911,0.5517098929143079,False,,,,0.0,,,,,0.0,0.0,0.0,0.0,,0.5517098929143079
1884-1-288-1350,1884,CURBUS00090,completed,,[KMB] 天恒邨总站,[CTB] 天水围站 - 屏欣苑,13:50:00,14:08:00,830.0,848.0,2.71,7.945034925801083,0.7351965240194005,0.7087130742667302,False,,,,0.0,,,,,0.0,0.0,0.0,0.0,,0.7087130742667302
1884-2-288-1350,1884,CURBUS00087,completed,,[CTB] 天水围站 - 屏欣苑,[KMB] 天恒邨总站,13:50:00,14:08:00,830.0,848.0,2.67,5.1889115273226265,0.7336355149849341,0.7163391432271919,False,,,,0.0,,,,,0.0,0.0,0.0,0.0,,0.7163391432271919
1862-1-288-1350,1862,CURBUS00049,completed,,[CTB] 屯门码头,[LRTFeeder] 兆麟,13:50:00,14:11:00,830.0,851.0,5.11,13.660515588825817,0.6231033507613406,0.5775682987985878,False,,,,0.0,,,,,0.0,0.0,0.0,0.0,,0.5775682987985878
1862-1-448-1350,1862,CURBUS00068,completed,,[CTB] 屯门码头,[LRTFeeder] 兆麟,13:50:00,14:11:00,830.0,851.0,5.11,7.343421086967729,0.6185048788667044,0.5940268085768119,False,,,,0.0,,,,,0.0,0.0,0.0,0.0,,0.5940268085768119
1862-2-288-1350,1862,CURBUS00077,completed,,[LRTFeeder] 兆麟,[CTB] 屯门码头,13:50:00,14:11:00,830.0,851.0,4.5,11.259949202923416,0.6051202308554485,0.5675870668457038,False,,,,0.0,,,,,0.0,0.0,0.0,0.0,,0.5675870668457038
1884-1-287-1351,1884,CURBUS00089,completed,,[KMB] 天恒邨总站,[CTB] 天水围站 - 屏欣苑,13:51:00,14:09:00,831.0,849.0,2.71,6.967025844736352,0.7303352487929755,0.707111829310521,False,,,,0.0,,,,,0.0,0.0,0.0,0.0,,0.707111829310521
1884-2-287-1351,1884,CURBUS00133,completed,,[CTB] 天水围站 - 屏欣苑,[KMB] 天恒邨总站,13:51:00,14:09:00,831.0,849.0,2.67,5.653215380760865,0.7338699344476799,0.715025883178477,False,,,,0.0,,,,,0.0,0.0,0.0,0.0,,0.715025883178477
1862-1-287-1354,1862,CURBUS00040,completed,,[CTB] 屯门码头,[LRTFeeder] 兆麟,13:54:00,14:15:00,834.0,855.0,5.11,9.40796525360552,0.5933521382248039,0.5619922540461189,False,,,,0.0,,,,,0.0,0.0,0.0,0.0,,0.5619922540461189
1862-2-287-1355,1862,CURBUS00078,completed,,[LRTFeeder] 兆麟,[CTB] 屯门码头,13:55:00,14:16:00,835.0,856.0,4.5,8.609216842985933,0.7442654387033644,0.7155680492267446,False,,,,0.0,,,,,0.0,0.0,0.0,0.0,,0.7155680492267446
1884-1-448-1356,1884,CURBUS00098,completed,,[KMB] 天恒邨总站,[CTB] 天水围站 - 屏欣苑,13:56:00,14:14:00,836.0,854.0,2.71,5.180054065077666,0.7327252003631358,0.7154583534795436,False,,,,0.0,,,,,0.0,0.0,0.0,0.0,,0.7154583534795436
1884-2-448-1356,1884,CURBUS00138,completed,,[CTB] 天水围站 - 屏欣苑,[KMB] 天恒邨总站,13:56:00,14:14:00,836.0,854.0,2.67,4.670775689954551,0.7345398486613183,0.7189705963614698,False,,,,0.0,,,,,0.0,0.0,0.0,0.0,,0.7189705963614698
1862-1-287-1358,1862,CURBUS00029,completed,,[CTB] 屯门码头,[LRTFeeder] 兆麟,13:58:00,14:19:00,838.0,859.0,5.11,14.003373443851071,0.711217968062571,0.6645400565830674,False,,,,0.0,,,,,0.0,0.0,0.0,0.0,,0.6645400565830674
1862-2-448-1358,1862,CURBUS00024,completed,,[LRTFeeder] 兆麟,[CTB] 屯门码头,13:58:00,14:19:00,838.0,859.0,4.5,6.833318364270709,0.7092500351987207,0.6864723073178183,False,,,,0.0,,,,,0.0,0.0,0.0,0.0,,0.6864723073178183
1862-2-287-1359,1862,CURBUS00063,completed,,[LRTFeeder] 兆麟,[CTB] 屯门码头,13:59:00,14:20:00,839.0,860.0,4.5,11.515856709577625,0.7356943285429587,0.6973081395110333,False,,,,0.0,,,,,0.0,0.0,0.0,0.0,,0.6973081395110333
1884-1-288-1400,1884,CURBUS00113,completed,,[KMB] 天恒邨总站,[CTB] 天水围站 - 屏欣苑,14:00:00,14:18:00,840.0,858.0,2.71,6.483504071104206,0.7118449737160071,0.6902332934789931,False,,,,0.0,,,,,0.0,0.0,0.0,0.0,,0.6902332934789931
1884-2-288-1400,1884,CURBUS00099,completed,,[CTB] 天水围站 - 屏欣苑,[KMB] 天恒邨总站,14:00:00,14:18:00,840.0,858.0,2.67,7.114182520792656,0.709678497295917,0.6859645555599415,False,,,,0.0,,,,,0.0,0.0,0.0,0.0,,0.6859645555599415
1862-1-288-1400,1862,CURBUS00027,completed,,[CTB] 屯门码头,[LRTFeeder] 兆麟,14:00:00,14:21:00,840.0,861.0,5.11,7.811271388666685,0.7429742013064311,0.7169366300108755,False,,,,0.0,,,,,0.0,0.0,0.0,0.0,,0.7169366300108755
1862-1-448-1400,1862,CURBUS00061,completed,,[CTB] 屯门码头,[LRTFeeder] 兆麟,14:00:00,14:21:00,840.0,861.0,5.11,13.627751423789864,0.7290194386353488,0.6835936005560492,False,,,,0.0,,,,,0.0,0.0,0.0,0.0,,0.6835936005560492
1862-2-288-1400,1862,CURBUS00038,completed,,[LRTFeeder] 兆麟,[CTB] 屯门码头,14:00:00,14:21:00,840.0,861.0,4.5,6.671388404233775,0.7257704641699159,0.7035325028224699,False,,,,0.0,,,,,0.0,0.0,0.0,0.0,,0.7035325028224699
1884-1-287-1401,1884,CURBUS00094,completed,,[KMB] 天恒邨总站,[CTB] 天水围站 - 屏欣苑,14:01:00,14:19:00,841.0,859.0,2.71,6.78916692665875,0.7024088031212367,0.6797782466990409,False,,,,0.0,,,,,0.0,0.0,0.0,0.0,,0.6797782466990409
1884-2-287-1401,1884,CURBUS00149,completed,,[CTB] 天水围站 - 屏欣苑,[KMB] 天恒邨总站,14:01:00,14:19:00,841.0,859.0,2.67,4.304878361508375,0.7308780672273179,0.7165284726889566,False,,,,0.0,,,,,0.0,0.0,0.0,0.0,,0.7165284726889566
1884-1-448-1403,1884,CURBUS00130,completed,,[KMB] 天恒邨总站,[CTB] 天水围站 - 屏欣苑,14:03:00,14:21:00,843.0,861.0,2.71,8.9159375091665,0.7198691140532575,0.6901493223560358,False,,,,0.0,,,,,0.0,0.0,0.0,0.0,,0.6901493223560358
1884-2-448-1403,1884,CURBUS00134,completed,,[CTB] 天水围站 - 屏欣苑,[KMB] 天恒邨总站,14:03:00,14:21:00,843.0,861.0,2.67,4.574315468392583,0.7146787850543642,0.6994310668263889,False,,,,0.0,,,,,0.0,0.0,0.0,0.0,,0.6994310668263889
1884-1-287-1404,1884,CURBUS00100,completed,,[KMB] 天恒邨总站,[CTB] 天水围站 - 屏欣苑,14:04:00,14:22:00,844.0,862.0,2.71,4.336667823868036,0.7090495615630937,0.6945940021502003,False,,,,0.0,,,,,0.0,0.0,0.0,0.0,,0.6945940021502003
1884-2-287-1404,1884,CURBUS00091,completed,,[CTB] 天水围站 - 屏欣苑,[KMB] 天恒邨总站,14:04:00,14:22:00,844.0,862.0,2.67,7.451349785638249,0.7118493651719988,0.6870115325532047,False,,,,0.0,,,,,0.0,0.0,0.0,0.0,,0.6870115325532047
1862-1-288-1405,1862,CURBUS00023,completed,,[CTB] 屯门码头,[LRTFeeder] 兆麟,14:05:00,14:26:00,845.0,866.0,5.11,8.702324354278787,0.7220977218698426,0.6930899740222466,False,,,,0.0,,,,,0.0,0.0,0.0,0.0,,0.6930899740222466
1862-2-288-1405,1862,CURBUS00032,completed,,[LRTFeeder] 兆麟,[CTB] 屯门码头,14:05:00,14:26:00,845.0,866.0,4.5,7.037353934975566,0.7011945820664407,0.6777367356165221,False,,,,0.0,,,,,0.0,0.0,0.0,0.0,,0.6777367356165221
1862-2-448-1405,1862,CURBUS00057,completed,,[LRTFeeder] 兆麟,[CTB] 屯门码头,14:05:00,14:26:00,845.0,866.0,4.5,7.750780630972564,0.7056029317386343,0.6797669963020591,False,,,,0.0,,,,,0.0,0.0,0.0,0.0,,0.6797669963020591
1884-1-288-1406,1884,CURBUS00103,completed,,[KMB] 天恒邨总站,[CTB] 天水围站 - 屏欣苑,14:06:00,14:24:00,846.0,864.0,2.71,5.669619833002768,0.7117796650807457,0.6928809323040699,False,,,,0.0,,,,,0.0,0.0,0.0,0.0,,0.6928809323040699
1884-2-288-1406,1884,CURBUS00115,completed,,[CTB] 天水围站 - 屏欣苑,[KMB] 天恒邨总站,14:06:00,14:24:00,846.0,864.0,2.67,4.464046279455559,0.710574629157986,0.6956944748931341,False,,,,0.0,,,,,0.0,0.0,0.0,0.0,,0.6956944748931341
1862-1-448-1407,1862,CURBUS00064,completed,,[CTB] 屯门码头,[LRTFeeder] 兆麟,14:07:00,14:28:00,847.0,868.0,5.11,7.306196829842023,0.7207023353842946,0.6963483459514879,False,,,,0.0,,,,,0.0,0.0,0.0,0.0,,0.6963483459514879
1862-1-287-1408,1862,CURBUS00059,completed,,[CTB] 屯门码头,[LRTFeeder] 兆麟,14:08:00,14:29:00,848.0,869.0,5.11,11.997924529540178,0.7074258783423519,0.667432796577218,False,,,,0.0,,,,,0.0,0.0,0.0,0.0,,0.667432796577218
1862-2-287-1409,1862,CURBUS00074,completed,,[LRTFeeder] 兆麟,[CTB] 屯门码头,14:09:00,14:30:00,849.0,870.0,4.5,12.067744905037651,0.6791384186237801,0.6389126022736547,False,,,,0.0,,,,,0.0,0.0,0.0,0.0,,0.6389126022736547
1862-1-287-1412,1862,CURBUS00009,completed,,[CTB] 屯门码头,[LRTFeeder] 兆麟,14:12:00,14:33:00,852.0,873.0,5.11,8.527702462638352,0.7288716095823005,0.7004459347068392,False,,,,0.0,,,,,0.0,0.0,0.0,0.0,,0.7004459347068392
1884-1-448-1413,1884,CURBUS00129,completed,,[KMB] 天恒邨总站,[CTB] 天水围站 - 屏欣苑,14:13:00,14:31:00,853.0,871.0,2.71,7.145246817016225,0.7045996324786231,0.680782143088569,False,,,,0.0,,,,,0.0,0.0,0.0,0.0,,0.680782143088569
1884-2-448-1413,1884,CURBUS00141,completed,,[CTB] 天水围站 - 屏欣苑,[KMB] 天恒邨总站,14:13:00,14:31:00,853.0,871.0,2.67,4.914814169735476,0.7004610902069439,0.6840783763078256,False,,,,0.0,,,,,0.0,0.0,0.0,0.0,,0.6840783763078256
1862-2-287-1413,1862,CURBUS00012,completed,,[LRTFeeder] 兆麟,[CTB] 屯门码头,14:13:00,14:34:00,853.0,874.0,4.5,8.816968506696231,0.6734470383684759,0.644057143346155,False,,,,0.0,,,,,0.0,0.0,0.0,0.0,,0.644057143346155
1884-1-287-1414,1884,CURBUS00104,completed,,[KMB] 天恒邨总站,[CTB] 天水围站 - 屏欣苑,14:14:00,14:32:00,854.0,872.0,2.71,4.516576048383802,0.6856626105725113,0.6706073570778986,False,,,,0.0,,,,,0.0,0.0,0.0,0.0,,0.6706073570778986
1884-2-287-1414,1884,CURBUS00120,completed,,[CTB] 天水围站 - 屏欣苑,[KMB] 天恒邨总站,14:14:00,14:32:00,854.0,872.0,2.67,6.095291260815519,0.6951104122537296,0.6747927747176778,False,,,,0.0,,,,,0.0,0.0,0.0,0.0,,0.6747927747176778
1862-1-288-1415,1862,CURBUS00006,completed,,[CTB] 屯门码头,[LRTFeeder] 兆麟,14:15:00,14:36:00,855.0,876.0,5.11,15.214923057723125,0.6968283969094351,0.6461119867170246,False,,,,0.0,,,,,0.0,0.0,0.0,0.0,,0.6461119867170246
1862-2-288-1415,1862,CURBUS00034,completed,,[LRTFeeder] 兆麟,[CTB] 屯门码头,14:15:00,14:36:00,855.0,876.0,4.5,7.390083621791236,0.7014707920561483,0.6768371799835108,False,,,,0.0,,,,,0.0,0.0,0.0,0.0,,0.6768371799835108
1862-2-448-1415,1862,CURBUS00004,completed,,[LRTFeeder] 兆麟,[CTB] 屯门码头,14:15:00,14:36:00,855.0,876.0,4.5,6.501892608140707,0.6858775818229191,0.6642046064624502,False,,,,0.0,,,,,0.0,0.0,0.0,0.0,,0.6642046064624502
1884-1-288-1416,1884,CURBUS00135,completed,,[KMB] 天恒邨总站,[CTB] 天水围站 - 屏欣苑,14:16:00,14:34:00,856.0,874.0,2.71,4.430383915966822,0.6947737918950313,0.6800058455084752,False,,,,0.0,,,,,0.0,0.0,0.0,0.0,,0.6800058455084752
1884-2-288-1416,1884,CURBUS00117,completed,,[CTB] 天水围站 - 屏欣苑,[KMB] 天恒邨总站,14:16:00,14:34:00,856.0,874.0,2.67,6.874149307167958,0.6864904919057984,0.6635766608819051,False,,,,0.0,,,,,0.0,0.0,0.0,0.0,,0.6635766608819051
1884-1-287-1417,1884,CURBUS00086,completed,,[KMB] 天恒邨总站,[CTB] 天水围站 - 屏欣苑,14:17:00,14:35:00,857.0,875.0,2.71,4.707569269034744,0.6864790331177683,0.6707871355543191,False,,,,0.0,,,,,0.0,0.0,0.0,0.0,,0.6707871355543191
1884-2-287-1417,1884,CURBUS00146,completed,,[CTB] 天水围站 - 屏欣苑,[KMB] 天恒邨总站,14:17:00,14:35:00,857.0,875.0,2.67,6.867873494230743,0.692677367129046,0.6697844554816103,False,,,,0.0,,,,,0.0,0.0,0.0,0.0,,0.6697844554816103
1862-1-448-1417,1862,CURBUS00025,completed,,[CTB] 屯门码头,[LRTFeeder] 兆麟,14:17:00,14:38:00,857.0,878.0,5.11,12.795635850319089,0.680060458617948,0.6374083391168843,False,,,,0.0,,,,,0.0,0.0,0.0,0.0,,0.6374083391168843
1884-1-448-1420,1884,CURBUS00125,completed,,[KMB] 天恒邨总站,[CTB] 天水围站 - 屏欣苑,14:20:00,14:38:00,860.0,878.0,2.71,4.527035353909695,0.6864188810912352,0.6713287632448696,False,,,,0.0,,,,,0.0,0.0,0.0,0.0,,0.6713287632448696
1884-2-448-1420,1884,CURBUS00121,completed,,[CTB] 天水围站 - 屏欣苑,[KMB] 天恒邨总站,14:20:00,14:38:00,860.0,878.0,2.67,4.80987477473452,0.6862033631635022,0.6701704472477205,False,,,,0.0,,,,,0.0,0.0,0.0,0.0,,0.6701704472477205
1862-1-288-1420,1862,CURBUS00021,completed,,[CTB] 屯门码头,[LRTFeeder] 兆麟,14:20:00,14:41:00,860.0,881.0,5.11,8.670715125390167,0.6773761358552038,0.6484737521039032,False,,,,0.0,,,,,0.0,0.0,0.0,0.0,,0.6484737521039032
1862-2-288-1420,1862,CURBUS00046,completed,,[LRTFeeder] 兆麟,[CTB] 屯门码头,14:20:00,14:41:00,860.0,881.0,4.5,7.579484793763567,0.693186356057628,0.6679214067450828,False,,,,0.0,,,,,0.0,0.0,0.0,0.0,,0.6679214067450828
1884-1-288-1422,1884,CURBUS00102,completed,,[KMB] 天恒邨总站,[CTB] 天水围站 - 屏欣苑,14:22:00,14:40:00,862.0,880.0,2.71,4.566775995336422,0.6770735373452034,0.661850950694082,False,,,,0.0,,,,,0.0,0.0,0.0,0.0,,0.661850950694082
1884-2-288-1422,1884,CURBUS00126,completed,,[CTB] 天水围站 - 屏欣苑,[KMB] 天恒邨总站,14:22:00,14:40:00,862.0,880.0,2.67,8.29025370352218,0.6852270980460646,0.657592919034324,False,,,,0.0,,,,,0.0,0.0,0.0,0.0,,0.657592919034324
1862-1-287-1422,1862,CURBUS00041,completed,,[CTB] 屯门码头,[LRTFeeder] 兆麟,14:22:00,14:43:00,862.0,883.0,5.11,8.531580904272403,0.6739121481505761,0.6454735451363347,False,,,,0.0,,,,,0.0,0.0,0.0,0.0,,0.6454735451363347
1862-2-448-1422,1862,CURBUS00066,completed,,[LRTFeeder] 兆麟,[CTB] 屯门码头,14:22:00,14:43:00,862.0,883.0,4.5,10.324029614301578,0.6501543658773428,0.6157409338296709,False,,,,0.0,,,,,0.0,0.0,0.0,0.0,,0.6157409338296709
1862-2-287-1423,1862,CURBUS00053,completed,,[LRTFeeder] 兆麟,[CTB] 屯门码头,14:23:00,14:44:00,863.0,884.0,4.5,6.446841006787527,0.7008912954001613,0.6794018253775361,False,,,,0.0,,,,,0.0,0.0,0.0,0.0,,0.6794018253775361
1862-1-448-1424,1862,CURBUS00076,completed,,[CTB] 屯门码头,[LRTFeeder] 兆麟,14:24:00,14:45:00,864.0,885.0,5.11,8.456497025025179,0.6838355828497409,0.6556472594329903,False,,,,0.0,,,,,0.0,0.0,0.0,0.0,,0.6556472594329903
1862-1-287-1426,1862,CURBUS00054,completed,,[CTB] 屯门码头,[LRTFeeder] 兆麟,14:26:00,14:47:00,866.0,887.0,5.11,14.11985116499386,0.6608079789619307,0.6137418084119511,False,,,,0.0,,,,,0.0,0.0,0.0,0.0,,0.6137418084119511
1884-1-287-1427,1884,CURBUS00123,completed,,[KMB] 天恒邨总站,[CTB] 天水围站 - 屏欣苑,14:27:00,14:45:00,867.0,885.0,2.71,4.133304004593485,0.6796536334016914,0.6658759533863797,False,,,,0.0,,,,,0.0,0.0,0.0,0.0,,0.6658759533863797
1884-2-287-1427,1884,CURBUS00148,completed,,[CTB] 天水围站 - 屏欣苑,[KMB] 天恒邨总站,14:27:00,14:45:00,867.0,885.0,2.67,5.454516149638259,0.6785709409751708,0.6603892204763766,False,,,,0.0,,,,,0.0,0.0,0.0,0.0,,0.6603892204763766
1862-2-287-1427,1862,CURBUS00050,completed,,[LRTFeeder] 兆麟,[CTB] 屯门码头,14:27:00,14:48:00,867.0,888.0,4.5,10.248918339507243,0.6376027069155363,0.6034396457838456,False,,,,0.0,,,,,0.0,0.0,0.0,0.0,,0.6034396457838456
1884-1-287-1430,1884,CURBUS00085,completed,,[KMB] 天恒邨总站,[CTB] 天水围站 - 屏欣苑,14:30:00,14:48:00,870.0,888.0,2.71,4.804739749820139,0.674143507635462,0.658127708469395,False,,,,0.0,,,,,0.0,0.0,0.0,0.0,,0.658127708469395
1884-1-448-1430,1884,CURBUS00139,completed,,[KMB] 天恒邨总站,[CTB] 天水围站 - 屏欣苑,14:30:00,14:48:00,870.0,888.0,2.71,4.257021263015075,0.6709528273331302,0.6567627564564134,False,,,,0.0,,,,,0.0,0.0,0.0,0.0,,0.6567627564564134
1884-2-287-1430,1884,CURBUS00105,completed,,[CTB] 天水围站 - 屏欣苑,[KMB] 天恒邨总站,14:30:00,14:48:00,870.0,888.0,2.67,6.603086968871846,0.6648074454984041,0.6427971556021645,False,,,,0.0,,,,,0.0,0.0,0.0,0.0,,0.6427971556021645
1884-2-448-1430,1884,CURBUS00127,completed,,[CTB] 天水围站 - 屏欣苑,[KMB] 天恒邨总站,14:30:00,14:48:00,870.0,888.0,2.67,4.310720672150338,0.6678441511038286,0.6534750821966607,False,,,,0.0,,,,,0.0,0.0,0.0,0.0,,0.6534750821966607
1862-1-288-1430,1862,CURBUS00014,completed,,[CTB] 屯门码头,[LRTFeeder] 兆麟,14:30:00,14:51:00,870.0,891.0,5.11,13.409477301330416,0.688464646255897,0.6437663885847956,False,,,,0.0,,,,,0.0,0.0,0.0,0.0,,0.6437663885847956
1862-2-288-1430,1862,CURBUS00015,completed,,[LRTFeeder] 兆麟,[CTB] 屯门码头,14:30:00,14:51:00,870.0,891.0,4.5,9.914656576424145,0.6597800975398624,0.6267312422851153,False,,,,0.0,,,,,0.0,0.0,0.0,0.0,,0.6267312422851153
1884-1-288-1432,1884,CURBUS00131,completed,,[KMB] 天恒邨总站,[CTB] 天水围站 - 屏欣苑,14:32:00,14:50:00,872.0,890.0,2.71,4.357104990845191,0.6612697753982452,0.6467460920954279,False,,,,0.0,,,,,0.0,0.0,0.0,0.0,,0.6467460920954279
1884-2-288-1432,1884,CURBUS00082,completed,,[CTB] 天水围站 - 屏欣苑,[KMB] 天恒邨总站,14:32:00,14:50:00,872.0,890.0,2.67,4.7418777863146575,0.6621463640122774,0.6463401047245619,False,,,,0.0,,,,,0.0,0.0,0.0,0.0,,0.6463401047245619
1862-2-448-1432,1862,CURBUS00020,completed,,[LRTFeeder] 兆麟,[CTB] 屯门码头,14:32:00,14:53:00,872.0,893.0,4.5,11.486567114182703,0.6582038230823626,0.619915266035087,False,,,,0.0,,,,,0.0,0.0,0.0,0.0,,0.619915266035087
1862-1-448-1434,1862,CURBUS00051,completed,,[CTB] 屯门码头,[LRTFeeder] 兆麟,14:34:00,14:55:00,874.0,895.0,5.11,12.512219795947118,0.6508397677176976,0.6091323683978739,False,,,,0.0,,,,,0.0,0.0,0.0,0.0,,0.6091323683978739
1862-1-288-1435,1862,CURBUS00075,completed,,[CTB] 屯门码头,[LRTFeeder] 兆麟,14:35:00,14:56:00,875.0,896.0,5.11,7.482888710905217,0.6912977044065929,0.6663547420369088,False,,,,0.0,,,,,0.0,0.0,0.0,0.0,,0.6663547420369088
1862-2-288-1435,1862,CURBUS00055,completed,,[LRTFeeder] 兆麟,[CTB] 屯门码头,14:35:00,14:56:00,875.0,896.0,4.5,10.814627548148804,0.6707787284413177,0.6347299699474883,False,,,,0.0,,,,,0.0,0.0,0.0,0.0,,0.6347299699474883
1862-1-287-1436,1862,CURBUS00044,completed,,[CTB] 屯门码头,[LRTFeeder] 兆麟,14:36:00,14:57:00,876.0,897.0,5.11,7.671104980709068,0.6523179654759905,0.6267476155402937,False,,,,0.0,,,,,0.0,0.0,0.0,0.0,,0.6267476155402937
1884-1-448-1437,1884,CURBUS00144,completed,,[KMB] 天恒邨总站,[CTB] 天水围站 - 屏欣苑,14:37:00,14:55:00,877.0,895.0,2.71,8.885580773499374,0.6586572079402621,0.6290386053619308,False,,,,0.0,,,,,0.0,0.0,0.0,0.0,,0.6290386053619308
1884-2-448-1437,1884,CURBUS00083,completed,,[CTB] 天水围站 - 屏欣苑,[KMB] 天恒邨总站,14:37:00,14:55:00,877.0,895.0,2.67,7.0411420288814615,0.675094870967956,0.6516243975383511,False,,,,0.0,,,,,0.0,0.0,0.0,0.0,,0.6516243975383511
1862-2-287-1437,1862,CURBUS00036,completed,,[LRTFeeder] 兆麟,[CTB] 屯门码头,14:37:00,14:58:00,877.0,898.0,4.5,12.820072848085845,0.6596857843229226,0.6169522081626364,False,,,,0.0,,,,,0.0,0.0,0.0,0.0,,0.6169522081626364
1884-1-288-1438,1884,CURBUS00081,completed,,[KMB] 天恒邨总站,[CTB] 天水围站 - 屏欣苑,14:38:00,14:56:00,878.0,896.0,2.71,4.1610592033881,0.6579109265201288,0.6440407291755018,False,,,,0.0,,,,,0.0,0.0,0.0,0.0,,0.6440407291755018
1884-2-288-1438,1884,CURBUS00137,completed,,[CTB] 天水围站 - 屏欣苑,[KMB] 天恒邨总站,14:38:00,14:56:00,878.0,896.0,2.67,7.311289379409136,0.6621804556882674,0.637809491090237,False,,,,0.0,,,,,0.0,0.0,0.0,0.0,,0.637809491090237
1862-2-448-1439,1862,CURBUS00018,completed,,[LRTFeeder] 兆麟,[CTB] 屯门码头,14:39:00,15:00:00,879.0,900.0,4.5,9.7838433557885,0.6568851083237037,0.624272297137742,False,,,,0.0,,,,,0.0,0.0,0.0,0.0,,0.624272297137742
1884-1-287-1440,1884,CURBUS00093,completed,,[KMB] 天恒邨总站,[CTB] 天水围站 - 屏欣苑,14:40:00,14:58:00,880.0,898.0,2.71,4.836998230728444,0.6588276285533545,0.642704301117593,False,,,,0.0,,,,,0.0,0.0,0.0,0.0,,0.642704301117593
1884-2-287-1440,1884,CURBUS00116,completed,,[CTB] 天水围站 - 屏欣苑,[KMB] 天恒邨总站,14:40:00,14:58:00,880.0,898.0,2.67,7.089940653454722,0.6547016847070546,0.6310685491955389,False,,,,0.0,,,,,0.0,0.0,0.0,0.0,,0.6310685491955389
1862-1-287-1440,1862,CURBUS00039,completed,,[CTB] 屯门码头,[LRTFeeder] 兆麟,14:40:00,15:01:00,880.0,901.0,5.11,12.684820214785969,0.6175743760478418,0.5752916419985552,False,,,,0.0,,,,,0.0,0.0,0.0,0.0,,0.5752916419985552
1862-1-448-1441,1862,CURBUS00035,completed,,[CTB] 屯门码头,[LRTFeeder] 兆麟,14:41:00,15:02:00,881.0,902.0,5.11,10.395344869773918,0.6064961317294801,0.571844982163567,False,,,,0.0,,,,,0.0,0.0,0.0,0.0,,0.571844982163567
1862-2-287-1441,1862,CURBUS00016,completed,,[LRTFeeder] 兆麟,[CTB] 屯门码头,14:41:00,15:02:00,881.0,902.0,4.5,9.391885580779878,0.602539071514058,0.5712327862447917,False,,,,0.0,,,,,0.0,0.0,0.0,0.0,,0.5712327862447917
1884-1-287-1443,1884,CURBUS00142,completed,,[KMB] 天恒邨总站,[CTB] 天水围站 - 屏欣苑,14:43:00,15:01:00,883.0,901.0,2.71,7.613947643628925,0.6543520900801727,0.6289722646014096,False,,,,0.0,,,,,0.0,0.0,0.0,0.0,,0.6289722646014096
1884-2-287-1443,1884,CURBUS00092,completed,,[CTB] 天水围站 - 屏欣苑,[KMB] 天恒邨总站,14:43:00,15:01:00,883.0,901.0,2.67,4.122658508043245,0.6483004705873578,0.634558275560547,False,,,,0.0,,,,,0.0,0.0,0.0,0.0,,0.634558275560547
1862-1-288-1445,1862,CURBUS00056,completed,,[CTB] 屯门码头,[LRTFeeder] 兆麟,14:45:00,15:06:00,885.0,906.0,5.11,11.974098124992828,0.6798742526913635,0.6399605922747207,False,,,,0.0,,,,,0.0,0.0,0.0,0.0,,0.6399605922747207
1862-2-288-1445,1862,CURBUS00030,completed,,[LRTFeeder] 兆麟,[CTB] 屯门码头,14:45:00,15:06:00,885.0,906.0,4.5,6.821808430499877,0.6706425473106913,0.6479031858756917,False,,,,0.0,,,,,0.0,0.0,0.0,0.0,,0.6479031858756917
1884-1-448-1447,1884,CURBUS00147,completed,,[KMB] 天恒邨总站,[CTB] 天水围站 - 屏欣苑,14:47:00,15:05:00,887.0,905.0,2.71,7.698424662766363,0.6363463938174091,0.6106849782748546,False,,,,0.0,,,,,0.0,0.0,0.0,0.0,,0.6106849782748546
1884-2-448-1447,1884,CURBUS00140,completed,,[CTB] 天水围站 - 屏欣苑,[KMB] 天恒邨总站,14:47:00,15:05:00,887.0,905.0,2.67,7.579817361248865,0.7711331887767728,0.7458671309059433,False,,,,0.0,,,,,0.0,0.0,0.0,0.0,,0.7458671309059433
1884-1-288-1448,1884,CURBUS00122,completed,,[KMB] 天恒邨总站,[CTB] 天水围站 - 屏欣苑,14:48:00,15:06:00,888.0,906.0,2.71,5.751422772434219,0.6346125790230828,0.6154411697816353,False,,,,0.0,,,,,0.0,0.0,0.0,0.0,,0.6154411697816353
1884-2-288-1448,1884,CURBUS00097,completed,,[CTB] 天水围站 - 屏欣苑,[KMB] 天恒邨总站,14:48:00,15:06:00,888.0,906.0,2.67,6.0161175627028864,0.7669803644464444,0.7469266392374347,False,,,,0.0,,,,,0.0,0.0,0.0,0.0,,0.7469266392374347
1862-2-448-1449,1862,CURBUS00042,completed,,[LRTFeeder] 兆麟,[CTB] 屯门码头,14:49:00,15:10:00,889.0,910.0,4.5,6.629566059524575,0.6409368514287788,0.6188382978970302,False,,,,0.0,,,,,0.0,0.0,0.0,0.0,,0.6188382978970302
1862-1-287-1450,1862,CURBUS00065,completed,,[CTB] 屯门码头,[LRTFeeder] 兆麟,14:50:00,15:11:00,890.0,911.0,5.11,9.105624036697623,0.6374421804114367,0.6070901002891114,False,,,,0.0,,,,,0.0,0.0,0.0,0.0,,0.6070901002891114
1862-1-288-1450,1862,CURBUS00002,completed,,[CTB] 屯门码头,[LRTFeeder] 兆麟,14:50:00,15:11:00,890.0,911.0,5.11,14.333083765135722,0.6484550411928715,0.6006780953090857,False,,,,0.0,,,,,0.0,0.0,0.0,0.0,,0.6006780953090857
1862-2-288-1450,1862,CURBUS00017,completed,,[LRTFeeder] 兆麟,[CTB] 屯门码头,14:50:00,15:11:00,890.0,911.0,4.5,12.262517772811089,0.6351284691446755,0.5942534099019718,False,,,,0.0,,,,,0.0,0.0,0.0,0.0,,0.5942534099019718
1862-1-448-1451,1862,CURBUS00026,completed,,[CTB] 屯门码头,[LRTFeeder] 兆麟,14:51:00,15:12:00,891.0,912.0,5.11,14.53982858555515,0.6384877761473762,0.5900216808621923,False,,,,0.0,,,,,0.0,0.0,0.0,0.0,,0.5900216808621923
1862-2-287-1451,1862,CURBUS00062,completed,,[LRTFeeder] 兆麟,[CTB] 屯门码头,14:51:00,15:12:00,891.0,912.0,4.5,9.448749195310713,0.6541355851855306,0.6226397545344949,False,,,,0.0,,,,,0.0,0.0,0.0,0.0,,0.6226397545344949
1884-1-287-1453,1884,CURBUS00108,completed,,[KMB] 天恒邨总站,[CTB] 天水围站 - 屏欣苑,14:53:00,15:11:00,893.0,911.0,2.71,7.418380384168838,0.7667243078806589,0.7419963732667628,False,,,,0.0,,,,,0.0,0.0,0.0,0.0,,0.7419963732667628
1884-2-287-1453,1884,CURBUS00109,completed,,[CTB] 天水围站 - 屏欣苑,[KMB] 天恒邨总站,14:53:00,15:11:00,893.0,911.0,2.67,7.041503009861246,0.6318147412689032,0.6083430645693657,False,,,,0.0,,,,,0.0,0.0,0.0,0.0,,0.6083430645693657
1884-1-288-1454,1884,CURBUS00101,completed,,[KMB] 天恒邨总站,[CTB] 天水围站 - 屏欣苑,14:54:00,15:12:00,894.0,912.0,2.71,4.080639469648765,0.627332953463876,0.6137308218983801,False,,,,0.0,,,,,0.0,0.0,0.0,0.0,,0.6137308218983801
1884-1-448-1454,1884,CURBUS00084,completed,,[KMB] 天恒邨总站,[CTB] 天水围站 - 屏欣苑,14:54:00,15:12:00,894.0,912.0,2.71,6.11292727297501,0.7619906440338767,0.7416142197906267,False,,,,0.0,,,,,0.0,0.0,0.0,0.0,,0.7416142197906267
1884-2-288-1454,1884,CURBUS00095,completed,,[CTB] 天水围站 - 屏欣苑,[KMB] 天恒邨总站,14:54:00,15:12:00,894.0,912.0,2.67,5.420240504446389,0.6307076549768277,0.612640186628673,False,,,,0.0,,,,,0.0,0.0,0.0,0.0,,0.612640186628673
1884-2-448-1454,1884,CURBUS00150,completed,,[CTB] 天水围站 - 屏欣苑,[KMB] 天恒邨总站,14:54:00,15:12:00,894.0,912.0,2.67,6.0287362947626955,0.7645908199844239,0.744495032335215,False,,,,0.0,,,,,0.0,0.0,0.0,0.0,,0.744495032335215
1862-1-287-1454,1862,CURBUS00031,completed,,[CTB] 屯门码头,[LRTFeeder] 兆麟,14:54:00,15:15:00,894.0,915.0,5.11,7.363075884263456,0.6584508234274272,0.6339072371465491,False,,,,0.0,,,,,0.0,0.0,0.0,0.0,,0.6339072371465491
1862-2-287-1455,1862,CURBUS00043,completed,,[LRTFeeder] 兆麟,[CTB] 屯门码头,14:55:00,15:16:00,895.0,916.0,4.5,7.885385221268805,0.6284867001758829,0.6022020827716535,False,,,,0.0,,,,,0.0,0.0,0.0,0.0,,0.6022020827716535
1884-1-287-1456,1884,CURBUS00107,completed,,[KMB] 天恒邨总站,[CTB] 天水围站 - 屏欣苑,14:56:00,15:14:00,896.0,914.0,2.71,7.8365850656382605,0.6498930751318991,0.6237711249131049,False,,,,0.0,,,,,0.0,0.0,0.0,0.0,,0.6237711249131049
1884-2-287-1456,1884,CURBUS00124,completed,,[CTB] 天水围站 - 屏欣苑,[KMB] 天恒邨总站,14:56:00,15:14:00,896.0,914.0,2.67,4.018636439648371,0.7604459698257483,0.7470505150269204,False,,,,0.0,,,,,0.0,0.0,0.0,0.0,,0.7470505150269204
1862-2-448-1456,1862,CURBUS00047,completed,,[LRTFeeder] 兆麟,[CTB] 屯门码头,14:56:00,15:17:00,896.0,917.0,4.5,6.761664033238267,0.6389261574536453,0.6163872773428511,False,,,,0.0,,,,,0.0,0.0,0.0,0.0,,0.6163872773428511
1862-1-448-1458,1862,CURBUS00022,completed,,[CTB] 屯门码头,[LRTFeeder] 兆麟,14:58:00,15:19:00,898.0,919.0,5.11,12.295658044777465,0.6021763994162121,0.5611908726002872,False,,,,0.0,,,,,0.0,0.0,0.0,0.0,,0.5611908726002872
1862-1-288-1500,1862,CURBUS00019,completed,,[CTB] 屯门码头,[LRTFeeder] 兆麟,15:00:00,15:21:00,900.0,921.0,5.11,15.443569302616778,0.6371170343318954,0.5856384699898395,False,,,,0.0,,,,,0.0,0.0,0.0,0.0,,0.5856384699898395
1862-2-288-1500,1862,CURBUS00072,completed,,[LRTFeeder] 兆麟,[CTB] 屯门码头,15:00:00,15:21:00,900.0,921.0,4.5,8.99174675146438,0.6247960758594636,0.5948235866879157,False,,,,0.0,,,,,0.0,0.0,0.0,0.0,,0.5948235866879157
1884-1-288-1504,1884,CURBUS00106,completed,,[KMB] 天恒邨总站,[CTB] 天水围站 - 屏欣苑,15:04:00,15:22:00,904.0,922.0,2.71,9.140898811667151,0.7525151412949724,0.7220454785894153,False,,,,0.0,,,,,0.0,0.0,0.0,0.0,,0.7220454785894153
1884-1-448-1504,1884,CURBUS00111,completed,,[KMB] 天恒邨总站,[CTB] 天水围站 - 屏欣苑,15:04:00,15:22:00,904.0,922.0,2.71,4.573519689390703,0.7575476268499494,0.742302561218647,False,,,,0.0,,,,,0.0,0.0,0.0,0.0,,0.742302561218647
1884-2-288-1504,1884,CURBUS00110,completed,,[CTB] 天水围站 - 屏欣苑,[KMB] 天恒邨总站,15:04:00,15:22:00,904.0,922.0,2.67,6.971267162307386,0.7406523301975738,0.7174147729898825,False,,,,0.0,,,,,0.0,0.0,0.0,0.0,,0.7174147729898825
1884-2-448-1504,1884,CURBUS00119,completed,,[CTB] 天水围站 - 屏欣苑,[KMB] 天恒邨总站,15:04:00,15:22:00,904.0,922.0,2.67,7.443257772724361,0.7539692931983039,0.7291584339558893,False,,,,0.0,,,,,0.0,0.0,0.0,0.0,,0.7291584339558893
1862-1-287-1504,1862,CURBUS00048,completed,,[CTB] 屯门码头,[LRTFeeder] 兆麟,15:04:00,15:25:00,904.0,925.0,5.11,11.525742202814182,0.6229984332926204,0.5845792926165732,False,,,,0.0,,,,,0.0,0.0,0.0,0.0,,0.5845792926165732
1862-1-288-1505,1862,CURBUS00070,completed,,[CTB] 屯门码头,[LRTFeeder] 兆麟,15:05:00,15:26:00,905.0,926.0,5.11,10.153400912989424,0.5796648923113817,0.545820222601417,False,,,,0.0,,,,,0.0,0.0,0.0,0.0,,0.545820222601417
1862-2-287-1505,1862,CURBUS00007,completed,,[LRTFeeder] 兆麟,[CTB] 屯门码头,15:05:00,15:26:00,905.0,926.0,4.5,6.648480938708468,0.6165382431885612,0.594376640059533,False,,,,0.0,,,,,0.0,0.0,0.0,0.0,,0.594376640059533
1862-2-288-1505,1862,CURBUS00037,completed,,[LRTFeeder] 兆麟,[CTB] 屯门码头,15:05:00,15:26:00,905.0,926.0,4.5,13.996495465244076,0.5909517742513652,0.5442967893672184,False,,,,0.0,,,,,0.0,0.0,0.0,0.0,,0.5442967893672184
1884-1-287-1506,1884,CURBUS00080,completed,,[KMB] 天恒邨总站,[CTB] 天水围站 - 屏欣苑,15:06:00,15:24:00,906.0,924.0,2.71,5.975198034185277,0.7391844937202384,0.7192671669396208,False,,,,0.0,,,,,0.0,0.0,0.0,0.0,,0.7192671669396208
1884-2-287-1506,1884,CURBUS00132,completed,,[CTB] 天水围站 - 屏欣苑,[KMB] 天恒邨总站,15:06:00,15:24:00,906.0,924.0,2.67,7.481323288441947,0.7503637215116234,0.725425977216817,False,,,,0.0,,,,,0.0,0.0,0.0,0.0,,0.725425977216817
1862-2-448-1506,1862,CURBUS00045,completed,,[LRTFeeder] 兆麟,[CTB] 屯门码头,15:06:00,15:27:00,906.0,927.0,4.5,7.282360811318963,0.5719856711891829,0.547711135151453,False,,,,0.0,,,,,0.0,0.0,0.0,0.0,,0.547711135151453
1862-1-287-1508,1862,CURBUS00001,completed,,[CTB] 屯门码头,[LRTFeeder] 兆麟,15:08:00,15:29:00,908.0,929.0,5.11,7.446694320574339,0.6162751968779925,0.591452882476078,False,,,,0.0,,,,,0.0,0.0,0.0,0.0,,0.591452882476078
1862-1-448-1508,1862,CURBUS00060,completed,,[CTB] 屯门码头,[LRTFeeder] 兆麟,15:08:00,15:29:00,908.0,929.0,5.11,8.087728955487202,0.6090387843584557,0.5820796878401651,False,,,,0.0,,,,,0.0,0.0,0.0,0.0,,0.5820796878401651
1884-1-287-1509,1884,CURBUS00088,completed,,[KMB] 天恒邨总站,[CTB] 天水围站 - 屏欣苑,15:09:00,15:27:00,909.0,927.0,2.71,4.47730542136878,0.7487301195473944,0.7338057681428318,False,,,,0.0,,,,,0.0,0.0,0.0,0.0,,0.7338057681428318
1884-2-287-1509,1884,CURBUS00118,completed,,[CTB] 天水围站 - 屏欣苑,[KMB] 天恒邨总站,15:09:00,15:27:00,909.0,927.0,2.67,7.404473105066376,0.7444659655769377,0.7197843885600498,False,,,,0.0,,,,,0.0,0.0,0.0,0.0,,0.7197843885600498
1862-2-287-1509,1862,CURBUS00008,completed,,[LRTFeeder] 兆麟,[CTB] 屯门码头,15:09:00,15:30:00,909.0,930.0,4.5,8.172727279718229,0.6030207533680298,0.5757783291023024,False,,,,0.0,,,,,0.0,0.0,0.0,0.0,,0.5757783291023024
1884-1-288-1510,1884,CURBUS00136,completed,,[KMB] 天恒邨总站,[CTB] 天水围站 - 屏欣苑,15:10:00,15:28:00,910.0,928.0,2.71,4.039592869814974,0.7418610738308403,0.7283957642647904,False,,,,0.0,,,,,0.0,0.0,0.0,0.0,,0.7283957642647904
1884-2-288-1510,1884,CURBUS00145,completed,,[CTB] 天水围站 - 屏欣苑,[KMB] 天恒邨总站,15:10:00,15:28:00,910.0,928.0,2.67,7.812175549055071,0.7358667124806484,0.7098261273171315,False,,,,0.0,,,,,0.0,0.0,0.0,0.0,,0.7098261273171315
1884-1-448-1511,1884,CURBUS00143,completed,,[KMB] 天恒邨总站,[CTB] 天水围站 - 屏欣苑,15:11:00,15:29:00,911.0,929.0,2.71,5.741792507534251,0.7249355098959536,0.7057962015375061,False,,,,0.0,,,,,0.0,0.0,0.0,0.0,,0.7057962015375061
1884-2-448-1511,1884,CURBUS00128,completed,,[CTB] 天水围站 - 屏欣苑,[KMB] 天恒邨总站,15:11:00,15:29:00,911.0,929.0,2.67,4.338116134204162,0.7289079013114589,0.714447514197445,False,,,,0.0,,,,,0.0,0.0,0.0,0.0,,0.714447514197445
1862-2-448-1513,1862,CURBUS00011,completed,,[LRTFeeder] 兆麟,[CTB] 屯门码头,15:13:00,15:34:00,913.0,934.0,4.5,8.115647292424523,0.605815696952187,0.5787635393107718,False,,,,0.0,,,,,0.0,0.0,0.0,0.0,,0.5787635393107718
1862-1-288-1515,1862,CURBUS00005,completed,,[CTB] 屯门码头,[LRTFeeder] 兆麟,15:15:00,15:36:00,915.0,936.0,5.11,7.69345781839415,0.5872384795808689,0.5615936201862217,False,,,,0.0,,,,,0.0,0.0,0.0,0.0,,0.5615936201862217
1862-1-448-1515,1862,CURBUS00003,completed,,[CTB] 屯门码头,[LRTFeeder] 兆麟,15:15:00,15:36:00,915.0,936.0,5.11,8.46185911628005,0.6257964288068057,0.5975902317525389,False,,,,0.0,,,,,0.0,0.0,0.0,0.0,,0.5975902317525389
1862-2-288-1515,1862,CURBUS00052,completed,,[LRTFeeder] 兆麟,[CTB] 屯门码头,15:15:00,15:36:00,915.0,936.0,4.5,13.643739295123432,0.6190308376997692,0.5735517067160244,False,,,,0.0,,,,,0.0,0.0,0.0,0.0,,0.5735517067160244
1862-1-287-1518,1862,CURBUS00073,completed,,[CTB] 屯门码头,[LRTFeeder] 兆麟,15:18:00,15:39:00,918.0,939.0,5.11,8.092775164949122,0.5984175792596179,0.5714416620431209,False,,,,0.0,,,,,0.0,0.0,0.0,0.0,,0.5714416620431209
1884-1-287-1519,1884,CURBUS00096,completed,,[KMB] 天恒邨总站,[CTB] 天水围站 - 屏欣苑,15:19:00,15:37:00,919.0,937.0,2.71,6.774684078877369,0.723774885673427,0.7011926054105024,False,,,,0.0,,,,,0.0,0.0,0.0,0.0,,0.7011926054105024
1884-2-287-1519,1884,CURBUS00114,completed,,[CTB] 天水围站 - 屏欣苑,[KMB] 天恒邨总站,15:19:00,15:37:00,919.0,937.0,2.67,7.363741661080429,0.7243878452795948,0.69984203974266,False,,,,0.0,,,,,0.0,0.0,0.0,0.0,,0.69984203974266
1862-2-287-1519,1862,CURBUS00010,completed,,[LRTFeeder] 兆麟,[CTB] 屯门码头,15:19:00,15:40:00,919.0,940.0,4.5,6.6625099050036,0.6210532220475619,0.5988448556975499,False,,,,0.0,,,,,0.0,0.0,0.0,0.0,,0.5988448556975499
1884-1-288-1520,1884,CURBUS00112,completed,,[KMB] 天恒邨总站,[CTB] 天水围站 - 屏欣苑,15:20:00,15:38:00,920.0,938.0,2.71,4.52867123412493,0.7226229011784066,0.7075273303979901,False,,,,0.0,,,,,0.0,0.0,0.0,0.0,,0.7075273303979901
1884-2-288-1520,1884,CURBUS00087,completed,,[CTB] 天水围站 - 屏欣苑,[KMB] 天恒邨总站,15:20:00,15:38:00,920.0,938.0,2.67,4.1362897746676826,0.7163391432271919,0.7025515106449663,False,,,,0.0,,,,,0.0,0.0,0.0,0.0,,0.7025515106449663
1862-1-288-1520,1862,CURBUS00067,completed,,[CTB] 屯门码头,[LRTFeeder] 兆麟,15:20:00,15:41:00,920.0,941.0,5.11,12.372786022241254,0.6008614751834823,0.5596188551093448,False,,,,0.0,,,,,0.0,0.0,0.0,0.0,,0.5596188551093448
1862-2-288-1520,1862,CURBUS00013,completed,,[LRTFeeder] 兆麟,[CTB] 屯门码头,15:20:00,15:41:00,920.0,941.0,4.5,10.491638699965955,0.5986328982190366,0.5636607692191501,False,,,,0.0,,,,,0.0,0.0,0.0,0.0,,0.5636607692191501
1884-1-448-1521,1884,CURBUS00090,completed,,[KMB] 天恒邨总站,[CTB] 天水围站 - 屏欣苑,15:21:00,15:39:00,921.0,939.0,2.71,4.622859843509991,0.7087130742667302,0.6933035414550303,False,,,,0.0,,,,,0.0,0.0,0.0,0.0,,0.6933035414550303
1884-2-448-1521,1884,CURBUS00133,completed,,[CTB] 天水围站 - 屏欣苑,[KMB] 天恒邨总站,15:21:00,15:39:00,921.0,939.0,2.67,6.915515292010375,0.715025883178477,0.6919741655384425,False,,,,0.0,,,,,0.0,0.0,0.0,0.0,,0.6919741655384425
1884-1-287-1522,1884,CURBUS00089,completed,,[KMB] 天恒邨总站,[CTB] 天水围站 - 屏欣苑,15:22:00,15:40:00,922.0,940.0,2.71,4.899356328062866,0.707111829310521,0.6907806415503114,False,,,,0.0,,,,,0.0,0.0,0.0,0.0,,0.6907806415503114
1884-2-287-1522,1884,CURBUS00138,completed,,[CTB] 天水围站 - 屏欣苑,[KMB] 天恒邨总站,15:22:00,15:40:00,922.0,940.0,2.67,8.455075016689657,0.7189705963614698,0.6907870129725042,False,,,,0.0,,,,,0.0,0.0,0.0,0.0,,0.6907870129725042
1862-1-287-1522,1862,CURBUS00079,completed,,[CTB] 屯门码头,[LRTFeeder] 兆麟,15:22:00,15:43:00,922.0,943.0,5.11,8.321258724277076,0.5894551555932825,0.5617176265123589,False,,,,0.0,,,,,0.0,0.0,0.0,0.0,,0.5617176265123589
1862-2-287-1523,1862,CURBUS00069,completed,,[LRTFeeder] 兆麟,[CTB] 屯门码头,15:23:00,15:44:00,923.0,944.0,4.5,12.543398772172798,0.6010280557713259,0.5592167265307499,False,,,,0.0,,,,,0.0,0.0,0.0,0.0,,0.5592167265307499
1862-2-448-1523,1862,CURBUS00071,completed,,[LRTFeeder] 兆麟,[CTB] 屯门码头,15:23:00,15:44:00,923.0,944.0,4.5,9.232133045227624,0.5884897023809021,0.5577159255634767,False,,,,0.0,,,,,0.0,0.0,0.0,0.0,,0.5577159255634767
1862-1-448-1525,1862,CURBUS00033,completed,,[CTB] 屯门码头,[LRTFeeder] 兆麟,15:25:00,15:46:00,925.0,946.0,5.11,11.028598388854576,0.5771755147885597,0.5404135201590444,False,,,,0.0,,,,,0.0,0.0,0.0,0.0,,0.5404135201590444
1884-1-288-1526,1884,CURBUS00098,completed,,[KMB] 天恒邨总站,[CTB] 天水围站 - 屏欣苑,15:26:00,15:44:00,926.0,944.0,2.71,6.758601981327139,0.7154583534795436,0.6929296802084531,False,,,,0.0,,,,,0.0,0.0,0.0,0.0,,0.6929296802084531
1884-2-288-1526,1884,CURBUS00113,completed,,[CTB] 天水围站 - 屏欣苑,[KMB] 天恒邨总站,15:26:00,15:44:00,926.0,944.0,2.67,6.407914315275234,0.6902332934789931,0.6688735790947423,False,,,,0.0,,,,,0.0,0.0,0.0,0.0,,0.6688735790947423
1884-1-448-1528,1884,CURBUS00099,completed,,[KMB] 天恒邨总站,[CTB] 天水围站 - 屏欣苑,15:28:00,15:46:00,928.0,946.0,2.71,6.9915528008617365,0.6859645555599415,0.6626593795570691,False,,,,0.0,,,,,0.0,0.0,0.0,0.0,,0.6626593795570691
1884-2-448-1528,1884,CURBUS00149,completed,,[CTB] 天水围站 - 屏欣苑,[KMB] 天恒邨总站,15:28:00,15:46:00,928.0,946.0,2.67,4.204388078460988,0.7165284726889566,0.7025138457607533,False,,,,0.0,,,,,0.0,0.0,0.0,0.0,,0.7025138457607533
1862-1-288-1530,1862,CURBUS00058,completed,,[CTB] 屯门码头,[LRTFeeder] 兆麟,15:30:00,15:51:00,930.0,951.0,5.11,8.531648843065339,0.5761353855003015,0.547696556023417,False,,,,0.0,,,,,0.0,0.0,0.0,0.0,,0.547696556023417
1862-2-288-1530,1862,CURBUS00028,completed,,[LRTFeeder] 兆麟,[CTB] 屯门码头,15:30:00,15:51:00,930.0,951.0,4.5,13.589697899722504,0.5517098929143079,0.5064108999152329,False,,,,0.0,,,,,0.0,0.0,0.0,0.0,,0.5064108999152329
1862-2-448-1530,1862,CURBUS00068,completed,,[LRTFeeder] 兆麟,[CTB] 屯门码头,15:30:00,15:51:00,930.0,951.0,4.5,13.689576984285363,0.5940268085768119,0.5483948852958607,False,,,,0.0,,,,,0.0,0.0,0.0,0.0,,0.5483948852958607
1884-1-287-1532,1884,CURBUS00094,completed,,[KMB] 天恒邨总站,[CTB] 天水围站 - 屏欣苑,15:32:00,15:50:00,932.0,950.0,2.71,6.937715685534381,0.6797782466990409,0.6566525277472596,False,,,,0.0,,,,,0.0,0.0,0.0,0.0,,0.6566525277472596
1884-2-287-1532,1884,CURBUS00134,completed,,[CTB] 天水围站 - 屏欣苑,[KMB] 天恒邨总站,15:32:00,15:50:00,932.0,950.0,2.67,4.390705230177808,0.6994310668263889,0.6847953827257962,False,,,,0.0,,,,,0.0,0.0,0.0,0.0,,0.6847953827257962
1862-1-287-1532,1862,CURBUS00049,completed,,[CTB] 屯门码头,[LRTFeeder] 兆麟,15:32:00,15:53:00,932.0,953.0,5.11,14.609176080861136,0.5775682987985878,0.5288710451957174,False,,,,0.0,,,,,0.0,0.0,0.0,0.0,,0.5288710451957174
1862-1-448-1532,1862,CURBUS00077,completed,,[CTB] 屯门码头,[LRTFeeder] 兆麟,15:32:00,15:53:00,932.0,953.0,5.11,7.493135683076996,0.5675870668457038,0.5426099479021138,False,,,,0.0,,,,,0.0,0.0,0.0,0.0,,0.5426099479021138
1862-2-287-1533,1862,CURBUS00040,completed,,[LRTFeeder] 兆麟,[CTB] 屯门码头,15:33:00,15:54:00,933.0,954.0,4.5,11.438580705314507,0.5619922540461189,0.5238636516950705,False,,,,0.0,,,,,0.0,0.0,0.0,0.0,,0.5238636516950705
1884-1-287-1535,1884,CURBUS00130,completed,,[KMB] 天恒邨总站,[CTB] 天水围站 - 屏欣苑,15:35:00,15:53:00,935.0,953.0,2.71,4.375816156293307,0.6901493223560358,0.6755632685017248,False,,,,0.0,,,,,0.0,0.0,0.0,0.0,,0.6755632685017248
1884-2-287-1535,1884,CURBUS00100,completed,,[CTB] 天水围站 - 屏欣苑,[KMB] 天恒邨总站,15:35:00,15:53:00,935.0,953.0,2.67,6.134132051416899,0.6945940021502003,0.674146895312144,False,,,,0.0,,,,,0.0,0.0,0.0,0.0,,0.674146895312144
1862-1-288-1535,1862,CURBUS00078,completed,,[CTB] 屯门码头,[LRTFeeder] 兆麟,15:35:00,15:56:00,935.0,956.0,5.11,7.70321672362057,0.7155680492267446,0.6898906601480094,False,,,,0.0,,,,,0.0,0.0,0.0,0.0,,0.6898906601480094
1862-2-288-1535,1862,CURBUS00024,completed,,[LRTFeeder] 兆麟,[CTB] 屯门码头,15:35:00,15:56:00,935.0,956.0,4.5,9.652989212228784,0.6864723073178183,0.654295676610389,False,,,,0.0,,,,,0.0,0.0,0.0,0.0,,0.654295676610389
1884-1-288-1536,1884,CURBUS00091,completed,,[KMB] 天恒邨总站,[CTB] 天水围站 - 屏欣苑,15:36:00,15:54:00,936.0,954.0,2.71,7.588635796135138,0.6870115325532047,0.6617160798994209,False,,,,0.0,,,,,0.0,0.0,0.0,0.0,,0.6617160798994209
1884-2-288-1536,1884,CURBUS00115,completed,,[CTB] 天水围站 - 屏欣苑,[KMB] 天恒邨总站,15:36:00,15:54:00,936.0,954.0,2.67,5.736850410707404,0.6956944748931341,0.6765716401907761,False,,,,0.0,,,,,0.0,0.0,0.0,0.0,,0.6765716401907761
1862-1-287-1536,1862,CURBUS00029,completed,,[CTB] 屯门码头,[LRTFeeder] 兆麟,15:36:00,15:57:00,936.0,957.0,5.11,8.286673415984339,0.6645400565830674,0.6369178118631196,False,,,,0.0,,,,,0.0,0.0,0.0,0.0,,0.6369178118631196
1862-2-287-1537,1862,CURBUS00063,completed,,[LRTFeeder] 兆麟,[CTB] 屯门码头,15:37:00,15:58:00,937.0,958.0,4.5,11.757175450033854,0.6973081395110333,0.6581175546775871,False,,,,0.0,,,,,0.0,0.0,0.0,0.0,,0.6581175546775871
1884-1-448-1538,1884,CURBUS00103,completed,,[KMB] 天恒邨总站,[CTB] 天水围站 - 屏欣苑,15:38:00,15:56:00,938.0,956.0,2.71,4.647656415419571,0.6928809323040699,0.6773887442526714,False,,,,0.0,,,,,0.0,0.0,0.0,0.0,,0.6773887442526714
1884-2-448-1538,1884,CURBUS00141,completed,,[CTB] 天水围站 - 屏欣苑,[KMB] 天恒邨总站,15:38:00,15:56:00,938.0,956.0,2.67,7.57788167839148,0.6840783763078256,0.6588187707131874,False,,,,0.0,,,,,0.0,0.0,0.0,0.0,,0.6588187707131874
1862-2-448-1540,1862,CURBUS00027,completed,,[LRTFeeder] 兆麟,[CTB] 屯门码头,15:40:00,16:01:00,940.0,961.0,4.5,12.352311383594964,0.7169366300108755,0.6757622587322256,False,,,,0.0,,,,,0.0,0.0,0.0,0.0,,0.6757622587322256
1884-1-288-1542,1884,CURBUS00129,completed,,[KMB] 天恒邨总站,[CTB] 天水围站 - 屏欣苑,15:42:00,16:00:00,942.0,960.0,2.71,4.4292736357740905,0.680782143088569,0.6660178976359887,False,,,,0.0,,,,,0.0,0.0,0.0,0.0,,0.6660178976359887
1884-2-288-1542,1884,CURBUS00120,completed,,[CTB] 天水围站 - 屏欣苑,[KMB] 天恒邨总站,15:42:00,16:00:00,942.0,960.0,2.67,5.75851287298221,0.6747927747176778,0.6555977318077372,False,,,,0.0,,,,,0.0,0.0,0.0,0.0,,0.6555977318077372
1862-1-448-1542,1862,CURBUS00038,completed,,[CTB] 屯门码头,[LRTFeeder] 兆麟,15:42:00,16:03:00,942.0,963.0,5.11,9.086093010303673,0.7035325028224699,0.6732455261214577,False,,,,0.0,,,,,0.0,0.0,0.0,0.0,,0.6732455261214577
1884-1-287-1545,1884,CURBUS00104,completed,,[KMB] 天恒邨总站,[CTB] 天水围站 - 屏欣苑,15:45:00,16:03:00,945.0,963.0,2.71,8.233286831836622,0.6706073570778986,0.6431630676384432,False,,,,0.0,,,,,0.0,0.0,0.0,0.0,,0.6431630676384432
1884-1-448-1545,1884,CURBUS00135,completed,,[KMB] 天恒邨总站,[CTB] 天水围站 - 屏欣苑,15:45:00,16:03:00,945.0,963.0,2.71,5.904623901162063,0.6800058455084752,0.660323765837935,False,,,,0.0,,,,,0.0,0.0,0.0,0.0,,0.660323765837935
1884-2-287-1545,1884,CURBUS00117,completed,,[CTB] 天水围站 - 屏欣苑,[KMB] 天恒邨总站,15:45:00,16:03:00,945.0,963.0,2.67,4.427343804689296,0.6635766608819051,0.6488188481996074,False,,,,0.0,,,,,0.0,0.0,0.0,0.0,,0.6488188481996074
1884-2-448-1545,1884,CURBUS00086,completed,,[CTB] 天水围站 - 屏欣苑,[KMB] 天恒邨总站,15:45:00,16:03:00,945.0,963.0,2.67,6.459328686184008,0.6707871355543191,0.6492560399337057,False,,,,0.0,,,,,0.0,0.0,0.0,0.0,,0.6492560399337057
1862-1-288-1545,1862,CURBUS00061,completed,,[CTB] 屯门码头,[LRTFeeder] 兆麟,15:45:00,16:06:00,945.0,966.0,5.11,10.918985532788152,0.6835936005560492,0.647196982113422,False,,,,0.0,,,,,0.0,0.0,0.0,0.0,,0.647196982113422
1862-2-288-1545,1862,CURBUS00023,completed,,[LRTFeeder] 兆麟,[CTB] 屯门码头,15:45:00,16:06:00,945.0,966.0,4.5,13.059603925267885,0.6930899740222466,0.6495579609380203,False,,,,0.0,,,,,0.0,0.0,0.0,0.0,,0.6495579609380203
1862-1-287-1546,1862,CURBUS00057,completed,,[CTB] 屯门码头,[LRTFeeder] 兆麟,15:46:00,16:07:00,946.0,967.0,5.11,11.629399903848755,0.6797669963020591,0.6410023299558966,False,,,,0.0,,,,,0.0,0.0,0.0,0.0,,0.6410023299558966
1862-2-287-1547,1862,CURBUS00032,completed,,[LRTFeeder] 兆麟,[CTB] 屯门码头,15:47:00,16:08:00,947.0,968.0,4.5,8.85154260889684,0.6777367356165221,0.648231593586866,False,,,,0.0,,,,,0.0,0.0,0.0,0.0,,0.648231593586866
1862-2-448-1547,1862,CURBUS00064,completed,,[LRTFeeder] 兆麟,[CTB] 屯门码头,15:47:00,16:08:00,947.0,968.0,4.5,8.36092940776134,0.6963483459514879,0.6684785812589501,False,,,,0.0,,,,,0.0,0.0,0.0,0.0,,0.6684785812589501
1884-1-287-1548,1884,CURBUS00146,completed,,[KMB] 天恒邨总站,[CTB] 天水围站 - 屏欣苑,15:48:00,16:06:00,948.0,966.0,2.71,7.453584975776482,0.6697844554816103,0.644939172229022,False,,,,0.0,,,,,0.0,0.0,0.0,0.0,,0.644939172229022
1884-2-287-1548,1884,CURBUS00125,completed,,[CTB] 天水围站 - 屏欣苑,[KMB] 天恒邨总站,15:48:00,16:06:00,948.0,966.0,2.67,4.549048352564424,0.6713287632448696,0.6561652687363215,False,,,,0.0,,,,,0.0,0.0,0.0,0.0,,0.6561652687363215
1862-1-448-1549,1862,CURBUS00059,completed,,[CTB] 屯门码头,[LRTFeeder] 兆麟,15:49:00,16:10:00,949.0,970.0,5.11,15.404036993454694,0.667432796577218,0.6160860065990357,False,,,,0.0,,,,,0.0,0.0,0.0,0.0,,0.6160860065990357
1862-1-287-1550,1862,CURBUS00074,completed,,[CTB] 屯门码头,[LRTFeeder] 兆麟,15:50:00,16:11:00,950.0,971.0,5.11,15.31663657967436,0.6389126022736547,0.5878571470080735,False,,,,0.0,,,,,0.0,0.0,0.0,0.0,,0.5878571470080735
1862-1-288-1550,1862,CURBUS00009,completed,,[CTB] 屯门码头,[LRTFeeder] 兆麟,15:50:00,16:11:00,950.0,971.0,5.11,13.537631264232758,0.7004459347068392,0.6553204971593967,False,,,,0.0,,,,,0.0,0.0,0.0,0.0,,0.6553204971593967
1862-2-288-1550,1862,CURBUS00012,completed,,[LRTFeeder] 兆麟,[CTB] 屯门码头,15:50:00,16:11:00,950.0,971.0,4.5,9.24060150544181,0.644057143346155,0.6132551383280157,False,,,,0.0,,,,,0.0,0.0,0.0,0.0,,0.6132551383280157
1862-2-287-1551,1862,CURBUS00034,completed,,[LRTFeeder] 兆麟,[CTB] 屯门码头,15:51:00,16:12:00,951.0,972.0,4.5,8.639491463761876,0.6768371799835108,0.6480388751043046,False,,,,0.0,,,,,0.0,0.0,0.0,0.0,,0.6480388751043046
1884-1-288-1552,1884,CURBUS00121,completed,,[KMB] 天恒邨总站,[CTB] 天水围站 - 屏欣苑,15:52:00,16:10:00,952.0,970.0,2.71,7.0582416879766345,0.6701704472477205,0.646642974954465,False,,,,0.0,,,,,0.0,0.0,0.0,0.0,,0.646642974954465
1884-2-288-1552,1884,CURBUS00102,completed,,[CTB] 天水围站 - 屏欣苑,[KMB] 天恒邨总站,15:52:00,16:10:00,952.0,970.0,2.67,4.335794598174597,0.661850950694082,0.6473983020334999,False,,,,0.0,,,,,0.0,0.0,0.0,0.0,,0.6473983020334999
1884-1-448-1555,1884,CURBUS00126,completed,,[KMB] 天恒邨总站,[CTB] 天水围站 - 屏欣苑,15:55:00,16:13:00,955.0,973.0,2.71,7.384568345259955,0.657592919034324,0.6329776912167908,False,,,,0.0,,,,,0.0,0.0,0.0,0.0,,0.6329776912167908
1884-2-448-1555,1884,CURBUS00123,completed,,[CTB] 天水围站 - 屏欣苑,[KMB] 天恒邨总站,15:55:00,16:13:00,955.0,973.0,2.67,4.804494456054208,0.6658759533863797,0.6498609718661991,False,,,,0.0,,,,,0.0,0.0,0.0,0.0,,0.6498609718661991
1862-2-448-1557,1862,CURBUS00004,completed,,[LRTFeeder] 兆麟,[CTB] 屯门码头,15:57:00,16:18:00,957.0,978.0,4.5,11.711527857351026,0.6642046064624502,0.6251661802712801,False,,,,0.0,,,,,0.0,0.0,0.0,0.0,,0.6251661802712801
1884-1-287-1558,1884,CURBUS00148,completed,,[KMB] 天恒邨总站,[CTB] 天水围站 - 屏欣苑,15:58:00,16:16:00,958.0,976.0,2.71,4.168292479921898,0.6603892204763766,0.6464949122099702,False,,,,0.0,,,,,0.0,0.0,0.0,0.0,,0.6464949122099702
1884-1-288-1558,1884,CURBUS00085,completed,,[KMB] 天恒邨总站,[CTB] 天水围站 - 屏欣苑,15:58:00,16:16:00,958.0,976.0,2.71,4.491256260073148,0.658127708469395,0.6431568542691511,False,,,,0.0,,,,,0.0,0.0,0.0,0.0,,0.6431568542691511
1884-2-287-1558,1884,CURBUS00139,completed,,[CTB] 天水围站 - 屏欣苑,[KMB] 天恒邨总站,15:58:00,16:16:00,958.0,976.0,2.67,4.460936610241836,0.6567627564564134,0.6418929677556072,False,,,,0.0,,,,,0.0,0.0,0.0,0.0,,0.6418929677556072
1884-2-288-1558,1884,CURBUS00127,completed,,[CTB] 天水围站 - 屏欣苑,[KMB] 天恒邨总站,15:58:00,16:16:00,958.0,976.0,2.67,4.298812775076933,0.6534750821966607,0.6391457062797377,False,,,,0.0,,,,,0.0,0.0,0.0,0.0,,0.6391457062797377
1862-1-448-1559,1862,CURBUS00006,completed,,[CTB] 屯门码头,[LRTFeeder] 兆麟,15:59:00,16:20:00,959.0,980.0,5.11,7.959875241830918,0.6461119867170246,0.6195790692442549,False,,,,0.0,,,,,0.0,0.0,0.0,0.0,,0.6195790692442549
1862-1-287-1600,1862,CURBUS00025,completed,,[CTB] 屯门码头,[LRTFeeder] 兆麟,16:00:00,16:21:00,960.0,981.0,5.11,14.207718849491812,0.6374083391168843,0.590049276285245,False,,,,0.0,,,,,0.0,0.0,0.0,0.0,,0.590049276285245
1862-1-288-1600,1862,CURBUS00046,completed,,[CTB] 屯门码头,[LRTFeeder] 兆麟,16:00:00,16:21:00,960.0,981.0,5.11,13.88161537037436,0.6679214067450828,0.6216493555105016,False,,,,0.0,,,,,0.0,0.0,0.0,0.0,,0.6216493555105016
1862-2-288-1600,1862,CURBUS00021,completed,,[LRTFeeder] 兆麟,[CTB] 屯门码头,16:00:00,16:21:00,960.0,981.0,4.5,6.304845617788399,0.6484737521039032,0.6274576000446086,False,,,,0.0,,,,,0.0,0.0,0.0,0.0,,0.6274576000446086
1884-1-287-1601,1884,CURBUS00105,completed,,[KMB] 天恒邨总站,[CTB] 天水围站 - 屏欣苑,16:01:00,16:19:00,961.0,979.0,2.71,7.5218544638549565,0.6427971556021645,0.6177243073893147,False,,,,0.0,,,,,0.0,0.0,0.0,0.0,,0.6177243073893147
1884-2-287-1601,1884,CURBUS00131,completed,,[CTB] 天水围站 - 屏欣苑,[KMB] 天恒邨总站,16:01:00,16:19:00,961.0,979.0,2.67,7.406797331325372,0.6467460920954279,0.6220567676576766,False,,,,0.0,,,,,0.0,0.0,0.0,0.0,,0.6220567676576766
1862-2-287-1601,1862,CURBUS00041,completed,,[LRTFeeder] 兆麟,[CTB] 屯门码头,16:01:00,16:22:00,961.0,982.0,4.5,13.08731128659418,0.6454735451363347,0.6018491741810208,False,,,,0.0,,,,,0.0,0.0,0.0,0.0,,0.6018491741810208
1884-1-448-1602,1884,CURBUS00082,completed,,[KMB] 天恒邨总站,[CTB] 天水围站 - 屏欣苑,16:02:00,16:20:00,962.0,980.0,2.71,4.062030744082963,0.6463401047245619,0.6328000022442853,False,,,,0.0,,,,,0.0,0.0,0.0,0.0,,0.6328000022442853
1884-2-448-1602,1884,CURBUS00083,completed,,[CTB] 天水围站 - 屏欣苑,[KMB] 天恒邨总站,16:02:00,16:20:00,962.0,980.0,2.67,8.17916860974668,0.6516243975383511,0.6243605021725288,False,,,,0.0,,,,,0.0,0.0,0.0,0.0,,0.6243605021725288
1862-1-287-1604,1862,CURBUS00066,completed,,[CTB] 屯门码头,[LRTFeeder] 兆麟,16:04:00,16:25:00,964.0,985.0,5.11,7.8408096786963934,0.6157409338296709,0.5896049015673496,False,,,,0.0,,,,,0.0,0.0,0.0,0.0,,0.5896049015673496
1862-2-448-1604,1862,CURBUS00053,completed,,[LRTFeeder] 兆麟,[CTB] 屯门码头,16:04:00,16:25:00,964.0,985.0,4.5,7.912830201361657,0.6794018253775361,0.6530257247063306,False,,,,0.0,,,,,0.0,0.0,0.0,0.0,,0.6530257247063306
1862-1-288-1605,1862,CURBUS00076,completed,,[CTB] 屯门码头,[LRTFeeder] 兆麟,16:05:00,16:26:00,965.0,986.0,5.11,7.388453249286203,0.6556472594329903,0.6310190819353696,False,,,,0.0,,,,,0.0,0.0,0.0,0.0,,0.6310190819353696
1862-2-287-1605,1862,CURBUS00054,completed,,[LRTFeeder] 兆麟,[CTB] 屯门码头,16:05:00,16:26:00,965.0,986.0,4.5,6.527305971433212,0.6137418084119511,0.5919841218405071,False,,,,0.0,,,,,0.0,0.0,0.0,0.0,,0.5919841218405071
1862-2-288-1605,1862,CURBUS00050,completed,,[LRTFeeder] 兆麟,[CTB] 屯门码头,16:05:00,16:26:00,965.0,986.0,4.5,10.650559266552996,0.6034396457838456,0.5679377815620023,False,,,,0.0,,,,,0.0,0.0,0.0,0.0,,0.5679377815620023
1862-1-448-1606,1862,CURBUS00014,completed,,[CTB] 屯门码头,[LRTFeeder] 兆麟,16:06:00,16:27:00,966.0,987.0,5.11,12.93205769276841,0.6437663885847956,0.6006595296089009,False,,,,0.0,,,,,0.0,0.0,0.0,0.0,,0.6006595296089009
1884-1-288-1608,1884,CURBUS00144,completed,,[KMB] 天恒邨总站,[CTB] 天水围站 - 屏欣苑,16:08:00,16:26:00,968.0,986.0,2.71,3.936834726732928,0.6290386053619308,0.6159158229394877,False,,,,0.0,,,,,0.0,0.0,0.0,0.0,,0.6159158229394877
1884-2-288-1608,1884,CURBUS00081,completed,,[CTB] 天水围站 - 屏欣苑,[KMB] 天恒邨总站,16:08:00,16:26:00,968.0,986.0,2.67,4.488850167874266,0.6440407291755018,0.6290778952825876,False,,,,0.0,,,,,0.0,0.0,0.0,0.0,,0.6290778952825876
1884-1-287-1611,1884,CURBUS00137,completed,,[KMB] 天恒邨总站,[CTB] 天水围站 - 屏欣苑,16:11:00,16:29:00,971.0,989.0,2.71,8.627587242495578,0.637809491090237,0.609050866948585,False,,,,0.0,,,,,0.0,0.0,0.0,0.0,,0.609050866948585
1884-2-287-1611,1884,CURBUS00093,completed,,[CTB] 天水围站 - 屏欣苑,[KMB] 天恒邨总站,16:11:00,16:29:00,971.0,989.0,2.67,7.268189863716798,0.642704301117593,0.6184770015718704,False,,,,0.0,,,,,0.0,0.0,0.0,0.0,,0.6184770015718704
1884-1-448-1612,1884,CURBUS00116,completed,,[KMB] 天恒邨总站,[CTB] 天水围站 - 屏欣苑,16:12:00,16:30:00,972.0,990.0,2.71,4.350414685665709,0.6310685491955389,0.6165671669099866,False,,,,0.0,,,,,0.0,0.0,0.0,0.0,,0.6165671669099866
1884-2-448-1612,1884,CURBUS00092,completed,,[CTB] 天水围站 - 屏欣苑,[KMB] 天恒邨总站,16:12:00,16:30:00,972.0,990.0,2.67,4.913662167859257,0.634558275560547,0.6181794016676828,False,,,,0.0,,,,,0.0,0.0,0.0,0.0,,0.6181794016676828
1884-1-287-1614,1884,CURBUS00142,completed,,[KMB] 天恒邨总站,[CTB] 天水围站 - 屏欣苑,16:14:00,16:32:00,974.0,992.0,2.71,6.434248541705965,0.6289722646014096,0.6075247694623898,False,,,,0.0,,,,,0.0,0.0,0.0,0.0,,0.6075247694623898
1884-1-288-1614,1884,CURBUS00140,completed,,[KMB] 天恒邨总站,[CTB] 天水围站 - 屏欣苑,16:14:00,16:32:00,974.0,992.0,2.71,4.506969619600712,0.7458671309059433,0.7308438988406075,False,,,,0.0,,,,,0.0,0.0,0.0,0.0,,0.7308438988406075
1884-2-287-1614,1884,CURBUS00147,completed,,[CTB] 天水围站 - 屏欣苑,[KMB] 天恒邨总站,16:14:00,16:32:00,974.0,992.0,2.67,4.341934916424525,0.6106849782748546,0.5962118618867728,False,,,,0.0,,,,,0.0,0.0,0.0,0.0,,0.5962118618867728
1884-2-288-1614,1884,CURBUS00097,completed,,[CTB] 天水围站 - 屏欣苑,[KMB] 天恒邨总站,16:14:00,16:32:00,974.0,992.0,2.67,4.007584459664248,0.7469266392374347,0.7335680243718873,False,,,,0.0,,,,,0.0,0.0,0.0,0.0,,0.7335680243718873
1862-1-287-1614,1862,CURBUS00015,completed,,[CTB] 屯门码头,[LRTFeeder] 兆麟,16:14:00,16:35:00,974.0,995.0,5.11,13.757302581350594,0.6267312422851153,0.5808735670139467,False,,,,0.0,,,,,0.0,0.0,0.0,0.0,,0.5808735670139467
1862-2-448-1614,1862,CURBUS00020,completed,,[LRTFeeder] 兆麟,[CTB] 屯门码头,16:14:00,16:35:00,974.0,995.0,4.5,6.534794326083346,0.619915266035087,0.5981326182814758,False,,,,0.0,,,,,0.0,0.0,0.0,0.0,,0.5981326182814758
1862-1-288-1615,1862,CURBUS00051,completed,,[CTB] 屯门码头,[LRTFeeder] 兆麟,16:15:00,16:36:00,975.0,996.0,5.11,10.596669973680118,0.6091323683978739,0.5738101351522735,False,,,,0.0,,,,,0.0,0.0,0.0,0.0,,0.5738101351522735
1862-2-287-1615,1862,CURBUS00075,completed,,[LRTFeeder] 兆麟,[CTB] 屯门码头,16:15:00,16:36:00,975.0,996.0,4.5,6.128152274439526,0.6663547420369088,0.645927567788777,False,,,,0.0,,,,,0.0,0.0,0.0,0.0,,0.645927567788777
1862-2-288-1615,1862,CURBUS00055,completed,,[LRTFeeder] 兆麟,[CTB] 屯门码头,16:15:00,16:36:00,975.0,996.0,4.5,9.696600471969592,0.6347299699474883,0.6024079683742564,False,,,,0.0,,,,,0.0,0.0,0.0,0.0,,0.6024079683742564
1862-1-448-1616,1862,CURBUS00044,completed,,[CTB] 屯门码头,[LRTFeeder] 兆麟,16:16:00,16:37:00,976.0,997.0,5.11,10.125738793792456,0.6267476155402937,0.5929951528943188,False,,,,0.0,,,,,0.0,0.0,0.0,0.0,,0.5929951528943188
1862-1-287-1618,1862,CURBUS00036,completed,,[CTB] 屯门码头,[LRTFeeder] 兆麟,16:18:00,16:39:00,978.0,999.0,5.11,13.078802752133344,0.6169522081626364,0.5733561989888586,False,,,,0.0,,,,,0.0,0.0,0.0,0.0,,0.5733561989888586
1884-1-448-1619,1884,CURBUS00122,completed,,[KMB] 天恒邨总站,[CTB] 天水围站 - 屏欣苑,16:19:00,16:37:00,979.0,997.0,2.71,4.703274719143984,0.6154411697816353,0.5997635873844888,False,,,,0.0,,,,,0.0,0.0,0.0,0.0,,0.5997635873844888
1884-2-448-1619,1884,CURBUS00108,completed,,[CTB] 天水围站 - 屏欣苑,[KMB] 天恒邨总站,16:19:00,16:37:00,979.0,997.0,2.67,6.766249730243166,0.7419963732667628,0.7194422074992856,False,,,,0.0,,,,,0.0,0.0,0.0,0.0,,0.7194422074992856
1862-2-287-1619,1862,CURBUS00018,completed,,[LRTFeeder] 兆麟,[CTB] 屯门码头,16:19:00,16:40:00,979.0,1000.0,4.5,10.473116800611985,0.624272297137742,0.5893619078023687,False,,,,0.0,,,,,0.0,0.0,0.0,0.0,,0.5893619078023687
1862-1-288-1620,1862,CURBUS00039,completed,,[CTB] 屯门码头,[LRTFeeder] 兆麟,16:20:00,16:41:00,980.0,1001.0,5.11,12.930687405677574,0.5752916419985552,0.5321893506462966,False,,,,0.0,,,,,0.0,0.0,0.0,0.0,,0.5321893506462966
1862-2-288-1620,1862,CURBUS00035,completed,,[LRTFeeder] 兆麟,[CTB] 屯门码头,16:20:00,16:41:00,980.0,1001.0,4.5,12.510622041337612,0.571844982163567,0.5301429086924416,False,,,,0.0,,,,,0.0,0.0,0.0,0.0,,0.5301429086924416
1862-2-448-1621,1862,CURBUS00016,completed,,[LRTFeeder] 兆麟,[CTB] 屯门码头,16:21:00,16:42:00,981.0,1002.0,4.5,10.744630486146727,0.5712327862447917,0.5354173512909692,False,,,,0.0,,,,,0.0,0.0,0.0,0.0,,0.5354173512909692
1862-1-448-1623,1862,CURBUS00030,completed,,[CTB] 屯门码头,[LRTFeeder] 兆麟,16:23:00,16:44:00,983.0,1004.0,5.11,7.3729169368714995,0.6479031858756917,0.6233267960861201,False,,,,0.0,,,,,0.0,0.0,0.0,0.0,,0.6233267960861201
1884-1-287-1624,1884,CURBUS00109,completed,,[KMB] 天恒邨总站,[CTB] 天水围站 - 屏欣苑,16:24:00,16:42:00,984.0,1002.0,2.71,4.045385941650925,0.6083430645693657,0.5948584447638626,False,,,,0.0,,,,,0.0,0.0,0.0,0.0,,0.5948584447638626
1884-1-288-1624,1884,CURBUS00150,completed,,[KMB] 天恒邨总站,[CTB] 天水围站 - 屏欣苑,16:24:00,16:42:00,984.0,1002.0,2.71,6.725472950607297,0.744495032335215,0.722076789166524,False,,,,0.0,,,,,0.0,0.0,0.0,0.0,,0.722076789166524
1884-2-287-1624,1884,CURBUS00084,completed,,[CTB] 天水围站 - 屏欣苑,[KMB] 天恒邨总站,16:24:00,16:42:00,984.0,1002.0,2.67,5.796488380395778,0.7416142197906267,0.722292591855974,False,,,,0.0,,,,,0.0,0.0,0.0,0.0,,0.722292591855974
1884-2-288-1624,1884,CURBUS00101,completed,,[CTB] 天水围站 - 屏欣苑,[KMB] 天恒邨总站,16:24:00,16:42:00,984.0,1002.0,2.67,3.8253105120721913,0.6137308218983801,0.6009797868581395,False,,,,0.0,,,,,0.0,0.0,0.0,0.0,,0.6009797868581395
1884-1-287-1627,1884,CURBUS00095,completed,,[KMB] 天恒邨总站,[CTB] 天水围站 - 屏欣苑,16:27:00,16:45:00,987.0,1005.0,2.71,4.38315461198211,0.612640186628673,0.5980296712553993,False,,,,0.0,,,,,0.0,0.0,0.0,0.0,,0.5980296712553993
1884-2-287-1627,1884,CURBUS00124,completed,,[CTB] 天水围站 - 屏欣苑,[KMB] 天恒邨总站,16:27:00,16:45:00,987.0,1005.0,2.67,3.84372092100276,0.7470505150269204,0.7342381119569112,False,,,,0.0,,,,,0.0,0.0,0.0,0.0,,0.7342381119569112
1862-1-287-1628,1862,CURBUS00056,completed,,[CTB] 屯门码头,[LRTFeeder] 兆麟,16:28:00,16:49:00,988.0,1009.0,5.11,15.004639209003912,0.6399605922747207,0.5899451282447077,False,,,,0.0,,,,,0.0,0.0,0.0,0.0,,0.5899451282447077
1884-1-448-1629,1884,CURBUS00107,completed,,[KMB] 天恒邨总站,[CTB] 天水围站 - 屏欣苑,16:29:00,16:47:00,989.0,1007.0,2.71,4.243001642605377,0.6237711249131049,0.6096277861044204,False,,,,0.0,,,,,0.0,0.0,0.0,0.0,,0.6096277861044204
1884-2-448-1629,1884,CURBUS00111,completed,,[CTB] 天水围站 - 屏欣苑,[KMB] 天恒邨总站,16:29:00,16:47:00,989.0,1007.0,2.67,4.402705853092395,0.742302561218647,0.7276268750416723,False,,,,0.0,,,,,0.0,0.0,0.0,0.0,,0.7276268750416723
1862-2-287-1629,1862,CURBUS00042,completed,,[LRTFeeder] 兆麟,[CTB] 屯门码头,16:29:00,16:50:00,989.0,1010.0,4.5,10.759677312930492,0.6188382978970302,0.5829727068539285,False,,,,0.0,,,,,0.0,0.0,0.0,0.0,,0.5829727068539285
1884-1-288-1630,1884,CURBUS00119,completed,,[KMB] 天恒邨总站,[CTB] 天水围站 - 屏欣苑,16:30:00,16:48:00,990.0,1008.0,2.71,5.7028247993242305,0.7291584339558893,0.7101490179581419,False,,,,0.0,,,,,0.0,0.0,0.0,0.0,,0.7101490179581419
1884-2-288-1630,1884,CURBUS00106,completed,,[CTB] 天水围站 - 屏欣苑,[KMB] 天恒邨总站,16:30:00,16:48:00,990.0,1008.0,2.67,6.35780854082358,0.7220454785894153,0.7008527834533367,False,,,,0.0,,,,,0.0,0.0,0.0,0.0,,0.7008527834533367
1862-1-288-1630,1862,CURBUS00065,completed,,[CTB] 屯门码头,[LRTFeeder] 兆麟,16:30:00,16:51:00,990.0,1011.0,5.11,7.519828299020591,0.6070901002891114,0.5820240059590427,False,,,,0.0,,,,,0.0,0.0,0.0,0.0,,0.5820240059590427
1862-2-288-1630,1862,CURBUS00002,completed,,[LRTFeeder] 兆麟,[CTB] 屯门码头,16:30:00,16:51:00,990.0,1011.0,4.5,9.567401516008246,0.6006780953090857,0.5687867569223916,False,,,,0.0,,,,,0.0,0.0,0.0,0.0,,0.5687867569223916
1862-2-448-1631,1862,CURBUS00017,completed,,[LRTFeeder] 兆麟,[CTB] 屯门码头,16:31:00,16:52:00,991.0,1012.0,4.5,9.213035179000109,0.5942534099019718,0.5635432926386381,False,,,,0.0,,,,,0.0,0.0,0.0,0.0,,0.5635432926386381
1862-1-287-1632,1862,CURBUS00062,completed,,[CTB] 屯门码头,[LRTFeeder] 兆麟,16:32:00,16:53:00,992.0,1013.0,5.11,7.122731282035045,0.6226397545344949,0.5988973169277114,False,,,,0.0,,,,,0.0,0.0,0.0,0.0,,0.5988973169277114
1862-1-448-1633,1862,CURBUS00026,completed,,[CTB] 屯门码头,[LRTFeeder] 兆麟,16:33:00,16:54:00,993.0,1014.0,5.11,13.28017254302756,0.5900216808621923,0.5457544390521004,False,,,,0.0,,,,,0.0,0.0,0.0,0.0,,0.5457544390521004
1862-2-287-1633,1862,CURBUS00031,completed,,[LRTFeeder] 兆麟,[CTB] 屯门码头,16:33:00,16:54:00,993.0,1014.0,4.5,8.499808697908023,0.6339072371465491,0.6055745414868556,False,,,,0.0,,,,,0.0,0.0,0.0,0.0,,0.6055745414868556
1862-1-288-1635,1862,CURBUS00043,completed,,[CTB] 屯门码头,[LRTFeeder] 兆麟,16:35:00,16:56:00,995.0,1016.0,5.11,13.594945315240354,0.6022020827716535,0.556885598387519,False,,,,0.0,,,,,0.0,0.0,0.0,0.0,,0.556885598387519
1862-2-288-1635,1862,CURBUS00047,completed,,[LRTFeeder] 兆麟,[CTB] 屯门码头,16:35:00,16:56:00,995.0,1016.0,4.5,9.793144515876914,0.6163872773428511,0.5837434622899281,False,,,,0.0,,,,,0.0,0.0,0.0,0.0,,0.5837434622899281
1884-1-448-1636,1884,CURBUS00110,completed,,[KMB] 天恒邨总站,[CTB] 天水围站 - 屏欣苑,16:36:00,16:54:00,996.0,1014.0,2.71,3.980307321729729,0.7174147729898825,0.7041470819174501,False,,,,0.0,,,,,0.0,0.0,0.0,0.0,,0.7041470819174501
1884-2-448-1636,1884,CURBUS00132,completed,,[CTB] 天水围站 - 屏欣苑,[KMB] 天恒邨总站,16:36:00,16:54:00,996.0,1014.0,2.67,6.529390650309474,0.725425977216817,0.7036613417157854,False,,,,0.0,,,,,0.0,0.0,0.0,0.0,,0.7036613417157854
1884-1-287-1637,1884,CURBUS00080,completed,,[KMB] 天恒邨总站,[CTB] 天水围站 - 屏欣苑,16:37:00,16:55:00,997.0,1015.0,2.71,6.679430203812153,0.7192671669396208,0.6970023995935802,False,,,,0.0,,,,,0.0,0.0,0.0,0.0,,0.6970023995935802
1884-2-287-1637,1884,CURBUS00088,completed,,[CTB] 天水围站 - 屏欣苑,[KMB] 天恒邨总站,16:37:00,16:55:00,997.0,1015.0,2.67,8.936546495573104,0.7338057681428318,0.7040172798242548,False,,,,0.0,,,,,0.0,0.0,0.0,0.0,,0.7040172798242548
1862-2-448-1638,1862,CURBUS00022,completed,,[LRTFeeder] 兆麟,[CTB] 屯门码头,16:38:00,16:59:00,998.0,1019.0,4.5,10.055133627193165,0.5611908726002872,0.5276737605096433,False,,,,0.0,,,,,0.0,0.0,0.0,0.0,,0.5276737605096433
1884-1-287-1640,1884,CURBUS00118,completed,,[KMB] 天恒邨总站,[CTB] 天水围站 - 屏欣苑,16:40:00,16:58:00,1000.0,1018.0,2.71,7.18786538689872,0.7197843885600498,0.6958248372703874,False,,,,0.0,,,,,0.0,0.0,0.0,0.0,,0.6958248372703874
1884-1-288-1640,1884,CURBUS00136,completed,,[KMB] 天恒邨总站,[CTB] 天水围站 - 屏欣苑,16:40:00,16:58:00,1000.0,1018.0,2.71,4.491335605854775,0.7283957642647904,0.7134246455786077,False,,,,0.0,,,,,0.0,0.0,0.0,0.0,,0.7134246455786077
1884-2-287-1640,1884,CURBUS00145,completed,,[CTB] 天水围站 - 屏欣苑,[KMB] 天恒邨总站,16:40:00,16:58:00,1000.0,1018.0,2.67,3.8790477137070942,0.7098261273171315,0.6968959682714412,False,,,,0.0,,,,,0.0,0.0,0.0,0.0,,0.6968959682714412
1884-2-288-1640,1884,CURBUS00128,completed,,[CTB] 天水围站 - 屏欣苑,[KMB] 天恒邨总站,16:40:00,16:58:00,1000.0,1018.0,2.67,6.011850571948444,0.714447514197445,0.6944080122909502,False,,,,0.0,,,,,0.0,0.0,0.0,0.0,,0.6944080122909502
1862-1-448-1640,1862,CURBUS00072,completed,,[CTB] 屯门码头,[LRTFeeder] 兆麟,16:40:00,17:01:00,1000.0,1021.0,5.11,10.087657958639008,0.5948235866879157,0.561198060159119,False,,,,0.0,,,,,0.0,0.0,0.0,0.0,,0.561198060159119
1862-1-287-1642,1862,CURBUS00019,completed,,[CTB] 屯门码头,[LRTFeeder] 兆麟,16:42:00,17:03:00,1002.0,1023.0,5.11,7.277016518188395,0.5856384699898395,0.5613817482625448,False,,,,0.0,,,,,0.0,0.0,0.0,0.0,,0.5613817482625448
1862-2-287-1643,1862,CURBUS00048,completed,,[LRTFeeder] 兆麟,[CTB] 屯门码头,16:43:00,17:04:00,1003.0,1024.0,4.5,9.903306777043715,0.5845792926165732,0.5515682700264274,False,,,,0.0,,,,,0.0,0.0,0.0,0.0,,0.5515682700264274
1862-1-288-1645,1862,CURBUS00007,completed,,[CTB] 屯门码头,[LRTFeeder] 兆麟,16:45:00,17:06:00,1005.0,1026.0,5.11,7.232836060092763,0.594376640059533,0.5702671865258904,False,,,,0.0,,,,,0.0,0.0,0.0,0.0,,0.5702671865258904
1862-2-288-1645,1862,CURBUS00070,completed,,[LRTFeeder] 兆麟,[CTB] 屯门码头,16:45:00,17:06:00,1005.0,1026.0,4.5,7.081735952456074,0.545820222601417,0.5222144360932301,False,,,,0.0,,,,,0.0,0.0,0.0,0.0,,0.5222144360932301
1884-1-288-1646,1884,CURBUS00143,completed,,[KMB] 天恒邨总站,[CTB] 天水围站 - 屏欣苑,16:46:00,17:04:00,1006.0,1024.0,2.71,7.33542171003455,0.7057962015375061,0.6813447958373909,False,,,,0.0,,,,,0.0,0.0,0.0,0.0,,0.6813447958373909
1884-1-448-1646,1884,CURBUS00096,completed,,[KMB] 天恒邨总站,[CTB] 天水围站 - 屏欣苑,16:46:00,17:04:00,1006.0,1024.0,2.71,4.759773697334829,0.7011926054105024,0.685326693086053,False,,,,0.0,,,,,0.0,0.0,0.0,0.0,,0.685326693086053
1884-2-288-1646,1884,CURBUS00114,completed,,[CTB] 天水围站 - 屏欣苑,[KMB] 天恒邨总站,16:46:00,17:04:00,1006.0,1024.0,2.67,6.688045739568876,0.69984203974266,0.6775485539440971,False,,,,0.0,,,,,0.0,0.0,0.0,0.0,,0.6775485539440971
1884-2-448-1646,1884,CURBUS00112,completed,,[CTB] 天水围站 - 屏欣苑,[KMB] 天恒邨总站,16:46:00,17:04:00,1006.0,1024.0,2.67,7.649564646933711,0.7075273303979901,0.6820287815748777,False,,,,0.0,,,,,0.0,0.0,0.0,0.0,,0.6820287815748777
1862-1-287-1646,1862,CURBUS00037,completed,,[CTB] 屯门码头,[LRTFeeder] 兆麟,16:46:00,17:07:00,1006.0,1027.0,5.11,8.799099825432723,0.5442967893672184,0.514966456615776,False,,,,0.0,,,,,0.0,0.0,0.0,0.0,,0.514966456615776
1862-2-287-1647,1862,CURBUS00045,completed,,[LRTFeeder] 兆麟,[CTB] 屯门码头,16:47:00,17:08:00,1007.0,1028.0,4.5,6.253886382456897,0.547711135151453,0.52686484720993,False,,,,0.0,,,,,0.0,0.0,0.0,0.0,,0.52686484720993
1862-2-448-1648,1862,CURBUS00001,completed,,[LRTFeeder] 兆麟,[CTB] 屯门码头,16:48:00,17:09:00,1008.0,1029.0,4.5,8.376770826955042,0.591452882476078,0.5635303130528945,False,,,,0.0,,,,,0.0,0.0,0.0,0.0,,0.5635303130528945
1884-1-287-1650,1884,CURBUS00087,completed,,[KMB] 天恒邨总站,[CTB] 天水围站 - 屏欣苑,16:50:00,17:08:00,1010.0,1028.0,2.71,4.140853625439054,0.7025515106449663,0.6887486652268362,False,,,,0.0,,,,,0.0,0.0,0.0,0.0,,0.6887486652268362
1884-2-287-1650,1884,CURBUS00090,completed,,[CTB] 天水围站 - 屏欣苑,[KMB] 天恒邨总站,16:50:00,17:08:00,1010.0,1028.0,2.67,4.908191670043253,0.6933035414550303,0.6769429025548861,False,,,,0.0,,,,,0.0,0.0,0.0,0.0,,0.6769429025548861
1862-1-288-1650,1862,CURBUS00060,completed,,[CTB] 屯门码头,[LRTFeeder] 兆麟,16:50:00,17:11:00,1010.0,1031.0,5.11,14.154348987721802,0.5820796878401651,0.5348985245477591,False,,,,0.0,,,,,0.0,0.0,0.0,0.0,,0.5348985245477591
1862-1-448-1650,1862,CURBUS00008,completed,,[CTB] 屯门码头,[LRTFeeder] 兆麟,16:50:00,17:11:00,1010.0,1031.0,5.11,11.085786401914632,0.5757783291023024,0.538825707762587,False,,,,0.0,,,,,0.0,0.0,0.0,0.0,,0.538825707762587
1862-2-288-1650,1862,CURBUS00011,completed,,[LRTFeeder] 兆麟,[CTB] 屯门码头,16:50:00,17:11:00,1010.0,1031.0,4.5,8.418623492496977,0.5787635393107718,0.5507014610024485,False,,,,0.0,,,,,0.0,0.0,0.0,0.0,,0.5507014610024485
1884-1-287-1653,1884,CURBUS00133,completed,,[KMB] 天恒邨总站,[CTB] 天水围站 - 屏欣苑,16:53:00,17:11:00,1013.0,1031.0,2.71,6.967315705335519,0.6919741655384425,0.6687497798539908,False,,,,0.0,,,,,0.0,0.0,0.0,0.0,,0.6687497798539908
1884-1-448-1653,1884,CURBUS00138,completed,,[KMB] 天恒邨总站,[CTB] 天水围站 - 屏欣苑,16:53:00,17:11:00,1013.0,1031.0,2.71,7.864747269979229,0.6907870129725042,0.6645711887392401,False,,,,0.0,,,,,0.0,0.0,0.0,0.0,,0.6645711887392401
1884-2-287-1653,1884,CURBUS00089,completed,,[CTB] 天水围站 - 屏欣苑,[KMB] 天恒邨总站,16:53:00,17:11:00,1013.0,1031.0,2.67,7.104387162574766,0.6907806415503114,0.6670993510083955,False,,,,0.0,,,,,0.0,0.0,0.0,0.0,,0.6670993510083955
1884-2-448-1653,1884,CURBUS00098,completed,,[CTB] 天水围站 - 屏欣苑,[KMB] 天恒邨总站,16:53:00,17:11:00,1013.0,1031.0,2.67,7.01369052678499,0.6929296802084531,0.6695507117858365,False,,,,0.0,,,,,0.0,0.0,0.0,0.0,,0.6695507117858365
1862-2-448-1655,1862,CURBUS00003,completed,,[LRTFeeder] 兆麟,[CTB] 屯门码头,16:55:00,17:16:00,1015.0,1036.0,4.5,6.912015173972631,0.5975902317525389,0.5745501811726301,False,,,,0.0,,,,,0.0,0.0,0.0,0.0,,0.5745501811726301
1884-1-288-1656,1884,CURBUS00113,completed,,[KMB] 天恒邨总站,[CTB] 天水围站 - 屏欣苑,16:56:00,17:14:00,1016.0,1034.0,2.71,4.645519055872255,0.6688735790947423,0.6533885155751681,False,,,,0.0,,,,,0.0,0.0,0.0,0.0,,0.6533885155751681
1884-2-288-1656,1884,CURBUS00149,completed,,[CTB] 天水围站 - 屏欣苑,[KMB] 天恒邨总站,16:56:00,17:14:00,1016.0,1034.0,2.67,7.42540124524947,0.7025138457607533,0.6777625082765883,False,,,,0.0,,,,,0.0,0.0,0.0,0.0,,0.6777625082765883
1862-1-287-1656,1862,CURBUS00052,completed,,[CTB] 屯门码头,[LRTFeeder] 兆麟,16:56:00,17:17:00,1016.0,1037.0,5.11,7.501184627607844,0.5735517067160244,0.5485477579573316,False,,,,0.0,,,,,0.0,0.0,0.0,0.0,,0.5485477579573316
1862-1-448-1657,1862,CURBUS00005,completed,,[CTB] 屯门码头,[LRTFeeder] 兆麟,16:57:00,17:18:00,1017.0,1038.0,5.11,7.523039423687048,0.5615936201862217,0.5365168221072649,False,,,,0.0,,,,,0.0,0.0,0.0,0.0,,0.5365168221072649
1862-2-287-1657,1862,CURBUS00073,completed,,[LRTFeeder] 兆麟,[CTB] 屯门码头,16:57:00,17:18:00,1017.0,1038.0,4.5,12.361454833471116,0.5714416620431209,0.5302368125982171,False,,,,0.0,,,,,0.0,0.0,0.0,0.0,,0.5302368125982171
1862-1-287-1700,1862,CURBUS00010,completed,,[CTB] 屯门码头,[LRTFeeder] 兆麟,17:00:00,17:21:00,1020.0,1041.0,5.11,8.778237903129387,0.5988448556975499,0.5695840626871186,False,,,,0.0,,,,,0.0,0.0,0.0,0.0,,0.5695840626871186
1862-1-288-1700,1862,CURBUS00013,completed,,[CTB] 屯门码头,[LRTFeeder] 兆麟,17:00:00,17:21:00,1020.0,1041.0,5.11,8.524648638787468,0.5636607692191501,0.5352452737565252,False,,,,0.0,,,,,0.0,0.0,0.0,0.0,,0.5352452737565252
1862-2-288-1700,1862,CURBUS00067,completed,,[LRTFeeder] 兆麟,[CTB] 屯门码头,17:00:00,17:21:00,1020.0,1041.0,4.5,7.868118161756027,0.5596188551093448,0.5333917945701581,False,,,,0.0,,,,,0.0,0.0,0.0,0.0,,0.5333917945701581
1862-2-287-1701,1862,CURBUS00079,completed,,[LRTFeeder] 兆麟,[CTB] 屯门码头,17:01:00,17:22:00,1021.0,1042.0,4.5,12.289158511650204,0.5617176265123589,0.5207537648068582,False,,,,0.0,,,,,0.0,0.0,0.0,0.0,,0.5207537648068582
1884-1-288-1702,1884,CURBUS00099,completed,,[KMB] 天恒邨总站,[CTB] 天水围站 - 屏欣苑,17:02:00,17:20:00,1022.0,1040.0,2.71,4.7553784723790065,0.6626593795570691,0.6468081179824724,False,,,,0.0,,,,,0.0,0.0,0.0,0.0,,0.6468081179824724
1884-2-288-1702,1884,CURBUS00134,completed,,[CTB] 天水围站 - 屏欣苑,[KMB] 天恒邨总站,17:02:00,17:20:00,1022.0,1040.0,2.67,5.742340902395337,0.6847953827257962,0.6656542463844785,False,,,,0.0,,,,,0.0,0.0,0.0,0.0,,0.6656542463844785
1884-1-287-1703,1884,CURBUS00094,completed,,[KMB] 天恒邨总站,[CTB] 天水围站 - 屏欣苑,17:03:00,17:21:00,1023.0,1041.0,2.71,4.829029875161024,0.6566525277472596,0.6405557614967228,False,,,,0.0,,,,,0.0,0.0,0.0,0.0,,0.6405557614967228
1884-1-448-1703,1884,CURBUS00130,completed,,[KMB] 天恒邨总站,[CTB] 天水围站 - 屏欣苑,17:03:00,17:21:00,1023.0,1041.0,2.71,4.310906425870318,0.6755632685017248,0.6611935804154904,False,,,,0.0,,,,,0.0,0.0,0.0,0.0,,0.6611935804154904
1884-2-287-1703,1884,CURBUS00100,completed,,[CTB] 天水围站 - 屏欣苑,[KMB] 天恒邨总站,17:03:00,17:21:00,1023.0,1041.0,2.67,4.559028659447272,0.674146895312144,0.6589501331139864,False,,,,0.0,,,,,0.0,0.0,0.0,0.0,,0.6589501331139864
1884-2-448-1703,1884,CURBUS00115,completed,,[CTB] 天水围站 - 屏欣苑,[KMB] 天恒邨总站,17:03:00,17:21:00,1023.0,1041.0,2.67,7.110104501117632,0.6765716401907761,0.6528712918537173,False,,,,0.0,,,,,0.0,0.0,0.0,0.0,,0.6528712918537173
1862-1-288-1705,1862,CURBUS00069,completed,,[CTB] 屯门码头,[LRTFeeder] 兆麟,17:05:00,17:26:00,1025.0,1046.0,5.11,11.789732451991554,0.5592167265307499,0.5199176183574448,False,,,,0.0,,,,,0.0,0.0,0.0,0.0,,0.5199176183574448
1862-2-288-1705,1862,CURBUS00071,completed,,[LRTFeeder] 兆麟,[CTB] 屯门码头,17:05:00,17:26:00,1025.0,1046.0,4.5,9.011219111491462,0.5577159255634767,0.5276785285251718,False,,,,0.0,,,,,0.0,0.0,0.0,0.0,,0.5276785285251718
1862-2-448-1705,1862,CURBUS00033,completed,,[LRTFeeder] 兆麟,[CTB] 屯门码头,17:05:00,17:26:00,1025.0,1046.0,4.5,12.941689747994662,0.5404135201590444,0.49727455433239554,False,,,,0.0,,,,,0.0,0.0,0.0,0.0,,0.49727455433239554
1884-1-287-1706,1884,CURBUS00091,completed,,[KMB] 天恒邨总站,[CTB] 天水围站 - 屏欣苑,17:06:00,17:24:00,1026.0,1044.0,2.71,5.8487995284064,0.6617160798994209,0.6422200814713996,False,,,,0.0,,,,,0.0,0.0,0.0,0.0,,0.6422200814713996
1884-2-287-1706,1884,CURBUS00103,completed,,[CTB] 天水围站 - 屏欣苑,[KMB] 天恒邨总站,17:06:00,17:24:00,1026.0,1044.0,2.67,5.056919576477626,0.6773887442526714,0.6605323456644127,False,,,,0.0,,,,,0.0,0.0,0.0,0.0,,0.6605323456644127
1862-1-448-1707,1862,CURBUS00068,completed,,[CTB] 屯门码头,[LRTFeeder] 兆麟,17:07:00,17:28:00,1027.0,1048.0,5.11,8.849041740367845,0.5483948852958607,0.5188980794946345,False,,,,0.0,,,,,0.0,0.0,0.0,0.0,,0.5188980794946345
1884-1-448-1710,1884,CURBUS00141,completed,,[KMB] 天恒邨总站,[CTB] 天水围站 - 屏欣苑,17:10:00,17:28:00,1030.0,1048.0,2.71,4.552188124719644,0.6588187707131874,0.6436448102974552,False,,,,0.0,,,,,0.0,0.0,0.0,0.0,,0.6436448102974552
1884-2-448-1710,1884,CURBUS00129,completed,,[CTB] 天水围站 - 屏欣苑,[KMB] 天恒邨总站,17:10:00,17:28:00,1030.0,1048.0,2.67,6.779308887412925,0.6660178976359887,0.6434202013446123,False,,,,0.0,,,,,0.0,0.0,0.0,0.0,,0.6434202013446123
1862-1-287-1710,1862,CURBUS00058,completed,,[CTB] 屯门码头,[LRTFeeder] 兆麟,17:10:00,17:31:00,1030.0,1051.0,5.11,10.96418233348123,0.547696556023417,0.5111492815784796,False,,,,0.0,,,,,0.0,0.0,0.0,0.0,,0.5111492815784796
1862-2-287-1711,1862,CURBUS00028,completed,,[LRTFeeder] 兆麟,[CTB] 屯门码头,17:11:00,17:32:00,1031.0,1052.0,4.5,7.188502797112845,0.5064108999152329,0.4824492239248568,False,,,,0.0,,,,,0.0,0.0,0.0,0.0,,0.4824492239248568
1884-1-288-1712,1884,CURBUS00120,completed,,[KMB] 天恒邨总站,[CTB] 天水围站 - 屏欣苑,17:12:00,17:30:00,1032.0,1050.0,2.71,8.189867717673053,0.6555977318077372,0.628298172748827,False,,,,0.0,,,,,0.0,0.0,0.0,0.0,,0.628298172748827
1884-2-288-1712,1884,CURBUS00135,completed,,[CTB] 天水围站 - 屏欣苑,[KMB] 天恒邨总站,17:12:00,17:30:00,1032.0,1050.0,2.67,7.793601533841102,0.660323765837935,0.6343450940584646,False,,,,0.0,,,,,0.0,0.0,0.0,0.0,,0.6343450940584646
1862-2-448-1712,1862,CURBUS00077,completed,,[LRTFeeder] 兆麟,[CTB] 屯门码头,17:12:00,17:33:00,1032.0,1053.0,4.5,9.478142077424092,0.5426099479021138,0.5110161409773668,False,,,,0.0,,,,,0.0,0.0,0.0,0.0,,0.5110161409773668
1862-1-287-1714,1862,CURBUS00049,completed,,[CTB] 屯门码头,[LRTFeeder] 兆麟,17:14:00,17:35:00,1034.0,1055.0,5.11,15.35987664025052,0.5288710451957174,0.4776714563948823,False,,,,0.0,,,,,0.0,0.0,0.0,0.0,,0.4776714563948823
1862-1-448-1714,1862,CURBUS00040,completed,,[CTB] 屯门码头,[LRTFeeder] 兆麟,17:14:00,17:35:00,1034.0,1055.0,5.11,12.123333533686138,0.5238636516950705,0.48345253991611675,False,,,,0.0,,,,,0.0,0.0,0.0,0.0,,0.48345253991611675
1862-1-288-1715,1862,CURBUS00078,completed,,[CTB] 屯门码头,[LRTFeeder] 兆麟,17:15:00,17:36:00,1035.0,1056.0,5.11,11.56060515095906,0.6898906601480094,0.6513553096448125,False,,,,0.0,,,,,0.0,0.0,0.0,0.0,,0.6513553096448125
1862-2-287-1715,1862,CURBUS00024,completed,,[LRTFeeder] 兆麟,[CTB] 屯门码头,17:15:00,17:36:00,1035.0,1056.0,4.5,7.65285289599594,0.654295676610389,0.6287861669570692,False,,,,0.0,,,,,0.0,0.0,0.0,0.0,,0.6287861669570692
1862-2-288-1715,1862,CURBUS00029,completed,,[LRTFeeder] 兆麟,[CTB] 屯门码头,17:15:00,17:36:00,1035.0,1056.0,4.5,10.90823580392393,0.6369178118631196,0.6005570258500398,False,,,,0.0,,,,,0.0,0.0,0.0,0.0,,0.6005570258500398
1884-1-287-1716,1884,CURBUS00086,completed,,[KMB] 天恒邨总站,[CTB] 天水围站 - 屏欣苑,17:16:00,17:34:00,1036.0,1054.0,2.71,3.943407616084561,0.6492560399337057,0.6361113478800905,False,,,,0.0,,,,,0.0,0.0,0.0,0.0,,0.6361113478800905
1884-2-287-1716,1884,CURBUS00117,completed,,[CTB] 天水围站 - 屏欣苑,[KMB] 天恒邨总站,17:16:00,17:34:00,1036.0,1054.0,2.67,5.129022346634069,0.6488188481996074,0.6317221070441605,False,,,,0.0,,,,,0.0,0.0,0.0,0.0,,0.6317221070441605
1884-1-288-1718,1884,CURBUS00104,completed,,[KMB] 天恒邨总站,[CTB] 天水围站 - 屏欣苑,17:18:00,17:36:00,1038.0,1056.0,2.71,4.501868063175656,0.6431630676384432,0.628156840761191,False,,,,0.0,,,,,0.0,0.0,0.0,0.0,,0.628156840761191
1884-2-288-1718,1884,CURBUS00125,completed,,[CTB] 天水围站 - 屏欣苑,[KMB] 天恒邨总站,17:18:00,17:36:00,1038.0,1056.0,2.67,9.77172927852845,0.6561652687363215,0.6235928378078933,False,,,,0.0,,,,,0.0,0.0,0.0,0.0,,0.6235928378078933
1884-1-287-1719,1884,CURBUS00146,completed,,[KMB] 天恒邨总站,[CTB] 天水围站 - 屏欣苑,17:19:00,17:37:00,1039.0,1057.0,2.71,6.858091758575596,0.644939172229022,0.6220788663671033,False,,,,0.0,,,,,0.0,0.0,0.0,0.0,,0.6220788663671033
1884-2-287-1719,1884,CURBUS00102,completed,,[CTB] 天水围站 - 屏欣苑,[KMB] 天恒邨总站,17:19:00,17:37:00,1039.0,1057.0,2.67,7.477364733152151,0.6473983020334999,0.6224737529229928,False,,,,0.0,,,,,0.0,0.0,0.0,0.0,,0.6224737529229928
1884-1-448-1720,1884,CURBUS00121,completed,,[KMB] 天恒邨总站,[CTB] 天水围站 - 屏欣苑,17:20:00,17:38:00,1040.0,1058.0,2.71,7.088503770876329,0.646642974954465,0.6230146290515439,False,,,,0.0,,,,,0.0,0.0,0.0,0.0,,0.6230146290515439
1884-2-448-1720,1884,CURBUS00123,completed,,[CTB] 天水围站 - 屏欣苑,[KMB] 天恒邨总站,17:20:00,17:38:00,1040.0,1058.0,2.67,6.61611430081127,0.6498609718661991,0.6278072575301615,False,,,,0.0,,,,,0.0,0.0,0.0,0.0,,0.6278072575301615
1862-1-288-1720,1862,CURBUS00063,completed,,[CTB] 屯门码头,[LRTFeeder] 兆麟,17:20:00,17:41:00,1040.0,1061.0,5.11,11.476052381903171,0.6581175546775871,0.61986404673791,False,,,,0.0,,,,,0.0,0.0,0.0,0.0,,0.61986404673791
1862-2-288-1720,1862,CURBUS00027,completed,,[LRTFeeder] 兆麟,[CTB] 屯门码头,17:20:00,17:41:00,1040.0,1061.0,4.5,11.463064937743452,0.6757622587322256,0.6375520422730808,False,,,,0.0,,,,,0.0,0.0,0.0,0.0,,0.6375520422730808
1862-2-448-1722,1862,CURBUS00038,completed,,[LRTFeeder] 兆麟,[CTB] 屯门码头,17:22:00,17:43:00,1042.0,1063.0,4.5,9.830487224100851,0.6732455261214577,0.6404772353744549,False,,,,0.0,,,,,0.0,0.0,0.0,0.0,,0.6404772353744549
1862-1-287-1724,1862,CURBUS00023,completed,,[CTB] 屯门码头,[LRTFeeder] 兆麟,17:24:00,17:45:00,1044.0,1065.0,5.11,12.022197024789564,0.6495579609380203,0.6094839708553884,False,,,,0.0,,,,,0.0,0.0,0.0,0.0,,0.6094839708553884
1862-1-448-1724,1862,CURBUS00061,completed,,[CTB] 屯门码头,[LRTFeeder] 兆麟,17:24:00,17:45:00,1044.0,1065.0,5.11,10.22407753667573,0.647196982113422,0.6131167236578362,False,,,,0.0,,,,,0.0,0.0,0.0,0.0,,0.6131167236578362
1862-2-287-1725,1862,CURBUS00057,completed,,[LRTFeeder] 兆麟,[CTB] 屯门码头,17:25:00,17:46:00,1045.0,1066.0,4.5,9.543856235109516,0.6410023299558966,0.6091894758388648,False,,,,0.0,,,,,0.0,0.0,0.0,0.0,,0.6091894758388648
1884-1-448-1727,1884,CURBUS00126,completed,,[KMB] 天恒邨总站,[CTB] 天水围站 - 屏欣苑,17:27:00,17:45:00,1047.0,1065.0,2.71,6.379478684723513,0.6329776912167908,0.6117127622677124,False,,,,0.0,,,,,0.0,0.0,0.0,0.0,,0.6117127622677124
1884-2-448-1727,1884,CURBUS00148,completed,,[CTB] 天水围站 - 屏欣苑,[KMB] 天恒邨总站,17:27:00,17:45:00,1047.0,1065.0,2.67,8.828230329929093,0.6464949122099702,0.6170674777768732,False,,,,0.0,,,,,0.0,0.0,0.0,0.0,,0.6170674777768732
1884-1-288-1728,1884,CURBUS00085,completed,,[KMB] 天恒邨总站,[CTB] 天水围站 - 屏欣苑,17:28:00,17:46:00,1048.0,1066.0,2.71,6.359346250927989,0.6431568542691511,0.6219590334327245,False,,,,0.0,,,,,0.0,0.0,0.0,0.0,,0.6219590334327245
1884-2-288-1728,1884,CURBUS00139,completed,,[CTB] 天水围站 - 屏欣苑,[KMB] 天恒邨总站,17:28:00,17:46:00,1048.0,1066.0,2.67,5.986140484653316,0.6418929677556072,0.6219391661400961,False,,,,0.0,,,,,0.0,0.0,0.0,0.0,,0.6219391661400961
1862-1-287-1728,1862,CURBUS00064,completed,,[CTB] 屯门码头,[LRTFeeder] 兆麟,17:28:00,17:49:00,1048.0,1069.0,5.11,8.478809899557668,0.6684785812589501,0.6402158815937579,False,,,,0.0,,,,,0.0,0.0,0.0,0.0,,0.6402158815937579
1884-1-287-1729,1884,CURBUS00127,completed,,[KMB] 天恒邨总站,[CTB] 天水围站 - 屏欣苑,17:29:00,17:47:00,1049.0,1067.0,2.71,6.430623980247717,0.6391457062797377,0.6177102930122452,False,,,,0.0,,,,,0.0,0.0,0.0,0.0,,0.6177102930122452
1884-2-287-1729,1884,CURBUS00131,completed,,[CTB] 天水围站 - 屏欣苑,[KMB] 天恒邨总站,17:29:00,17:47:00,1049.0,1067.0,2.67,6.656896229745908,0.6220567676576766,0.5998671135585235,False,,,,0.0,,,,,0.0,0.0,0.0,0.0,,0.5998671135585235
1862-2-287-1729,1862,CURBUS00032,completed,,[LRTFeeder] 兆麟,[CTB] 屯门码头,17:29:00,17:50:00,1049.0,1070.0,4.5,6.680011628535797,0.648231593586866,0.6259648881584133,False,,,,0.0,,,,,0.0,0.0,0.0,0.0,,0.6259648881584133
1862-2-448-1729,1862,CURBUS00059,completed,,[LRTFeeder] 兆麟,[CTB] 屯门码头,17:29:00,17:50:00,1049.0,1070.0,4.5,11.729594552070164,0.6160860065990357,0.5769873580921351,False,,,,0.0,,,,,0.0,0.0,0.0,0.0,,0.5769873580921351
1862-1-288-1730,1862,CURBUS00009,completed,,[CTB] 屯门码头,[LRTFeeder] 兆麟,17:30:00,17:51:00,1050.0,1071.0,5.11,14.115989720600462,0.6553204971593967,0.6082671980907285,False,,,,0.0,,,,,0.0,0.0,0.0,0.0,,0.6082671980907285
1862-2-288-1730,1862,CURBUS00012,completed,,[LRTFeeder] 兆麟,[CTB] 屯门码头,17:30:00,17:51:00,1050.0,1071.0,4.5,12.655281988291575,0.6132551383280157,0.5710708650337104,False,,,,0.0,,,,,0.0,0.0,0.0,0.0,,0.5710708650337104
1862-1-448-1731,1862,CURBUS00074,completed,,[CTB] 屯门码头,[LRTFeeder] 兆麟,17:31:00,17:52:00,1051.0,1072.0,5.11,9.186873845439775,0.5878571470080735,0.5572342341899409,False,,,,0.0,,,,,0.0,0.0,0.0,0.0,,0.5572342341899409
1884-1-287-1732,1884,CURBUS00105,completed,,[KMB] 天恒邨总站,[CTB] 天水围站 - 屏欣苑,17:32:00,17:50:00,1052.0,1070.0,2.71,5.210715333131792,0.6177243073893147,0.6003552562788754,False,,,,0.0,,,,,0.0,0.0,0.0,0.0,,0.6003552562788754
1884-2-287-1732,1884,CURBUS00082,completed,,[CTB] 天水围站 - 屏欣苑,[KMB] 天恒邨总站,17:32:00,17:50:00,1052.0,1070.0,2.67,7.460028668766256,0.6328000022442853,0.6079332400150644,False,,,,0.0,,,,,0.0,0.0,0.0,0.0,,0.6079332400150644
1884-1-288-1734,1884,CURBUS00083,completed,,[KMB] 天恒邨总站,[CTB] 天水围站 - 屏欣苑,17:34:00,17:52:00,1054.0,1072.0,2.71,4.431394846620396,0.6243605021725288,0.6095891860171275,False,,,,0.0,,,,,0.0,0.0,0.0,0.0,,0.6095891860171275
1884-2-288-1734,1884,CURBUS00081,completed,,[CTB] 天水围站 - 屏欣苑,[KMB] 天恒邨总站,17:34:00,17:52:00,1054.0,1072.0,2.67,7.461378638932184,0.6290778952825876,0.6042066331528136,False,,,,0.0,,,,,0.0,0.0,0.0,0.0,,0.6042066331528136
1862-1-288-1735,1862,CURBUS00034,completed,,[CTB] 屯门码头,[LRTFeeder] 兆麟,17:35:00,17:56:00,1055.0,1076.0,5.11,12.71248454697734,0.6480388751043046,0.6056639266143801,False,,,,0.0,,,,,0.0,0.0,0.0,0.0,,0.6056639266143801
1862-2-288-1735,1862,CURBUS00004,completed,,[LRTFeeder] 兆麟,[CTB] 屯门码头,17:35:00,17:56:00,1055.0,1076.0,4.5,12.219497897635405,0.6251661802712801,0.5844345206124955,False,,,,0.0,,,,,0.0,0.0,0.0,0.0,,0.5844345206124955
1884-1-448-1737,1884,CURBUS00144,completed,,[KMB] 天恒邨总站,[CTB] 天水围站 - 屏欣苑,17:37:00,17:55:00,1057.0,1075.0,2.71,5.154874740988607,0.6159158229394877,0.5987329071361923,False,,,,0.0,,,,,0.0,0.0,0.0,0.0,,0.5987329071361923
1884-2-448-1737,1884,CURBUS00093,completed,,[CTB] 天水围站 - 屏欣苑,[KMB] 天恒邨总站,17:37:00,17:55:00,1057.0,1075.0,2.67,6.575602319965004,0.6184770015718704,0.596558327171987,False,,,,0.0,,,,,0.0,0.0,0.0,0.0,,0.596558327171987
1862-1-287-1738,1862,CURBUS00006,completed,,[CTB] 屯门码头,[LRTFeeder] 兆麟,17:38:00,17:59:00,1058.0,1079.0,5.11,8.616130073853379,0.6195790692442549,0.5908586356647436,False,,,,0.0,,,,,0.0,0.0,0.0,0.0,,0.5908586356647436
1862-2-287-1739,1862,CURBUS00021,completed,,[LRTFeeder] 兆麟,[CTB] 屯门码头,17:39:00,18:00:00,1059.0,1080.0,4.5,7.736306401681367,0.6274576000446086,0.601669912039004,False,,,,0.0,,,,,0.0,0.0,0.0,0.0,,0.601669912039004
1862-2-448-1739,1862,CURBUS00046,completed,,[LRTFeeder] 兆麟,[CTB] 屯门码头,17:39:00,18:00:00,1059.0,1080.0,4.5,9.997389497807596,0.6216493555105016,0.588324723851143,False,,,,0.0,,,,,0.0,0.0,0.0,0.0,,0.588324723851143
1862-1-448-1741,1862,CURBUS00025,completed,,[CTB] 屯门码头,[LRTFeeder] 兆麟,17:41:00,18:02:00,1061.0,1082.0,5.11,13.455648073158926,0.590049276285245,0.5451971160413819,False,,,,0.0,,,,,0.0,0.0,0.0,0.0,,0.5451971160413819
1884-1-287-1742,1884,CURBUS00137,completed,,[KMB] 天恒邨总站,[CTB] 天水围站 - 屏欣苑,17:42:00,18:00:00,1062.0,1080.0,2.71,7.906518823012472,0.609050866948585,0.58269580420521,False,,,,0.0,,,,,0.0,0.0,0.0,0.0,,0.58269580420521
1884-2-287-1742,1884,CURBUS00092,completed,,[CTB] 天水围站 - 屏欣苑,[KMB] 天恒邨总站,17:42:00,18:00:00,1062.0,1080.0,2.67,5.159928676462881,0.6181794016676828,0.6009796394128065,False,,,,0.0,,,,,0.0,0.0,0.0,0.0,,0.6009796394128065
1862-1-287-1742,1862,CURBUS00041,completed,,[CTB] 屯门码头,[LRTFeeder] 兆麟,17:42:00,18:03:00,1062.0,1083.0,5.11,13.868067055997834,0.6018491741810208,0.5556222839943613,False,,,,0.0,,,,,0.0,0.0,0.0,0.0,,0.5556222839943613
1862-2-287-1743,1862,CURBUS00053,completed,,[LRTFeeder] 兆麟,[CTB] 屯门码头,17:43:00,18:04:00,1063.0,1084.0,4.5,7.9534618913455875,0.6530257247063306,0.626514185068512,False,,,,0.0,,,,,0.0,0.0,0.0,0.0,,0.626514185068512
1884-1-288-1744,1884,CURBUS00116,completed,,[KMB] 天恒邨总站,[CTB] 天水围站 - 屏欣苑,17:44:00,18:02:00,1064.0,1082.0,2.71,5.214435498683151,0.6165671669099866,0.5991857152477094,False,,,,0.0,,,,,0.0,0.0,0.0,0.0,,0.5991857152477094
1884-1-448-1744,1884,CURBUS00097,completed,,[KMB] 天恒邨总站,[CTB] 天水围站 - 屏欣苑,17:44:00,18:02:00,1064.0,1082.0,2.71,5.328648945798112,0.7335680243718873,0.715805861219227,False,,,,0.0,,,,,0.0,0.0,0.0,0.0,,0.715805861219227
1884-2-288-1744,1884,CURBUS00140,completed,,[CTB] 天水围站 - 屏欣苑,[KMB] 天恒邨总站,17:44:00,18:02:00,1064.0,1082.0,2.67,8.025087265939412,0.7308438988406075,0.7040936079541428,False,,,,0.0,,,,,0.0,0.0,0.0,0.0,,0.7040936079541428
1884-2-448-1744,1884,CURBUS00142,completed,,[CTB] 天水围站 - 屏欣苑,[KMB] 天恒邨总站,17:44:00,18:02:00,1064.0,1082.0,2.67,4.5972309984519795,0.6075247694623898,0.5922006661342165,False,,,,0.0,,,,,0.0,0.0,0.0,0.0,,0.5922006661342165
1884-1-287-1745,1884,CURBUS00147,completed,,[KMB] 天恒邨总站,[CTB] 天水围站 - 屏欣苑,17:45:00,18:03:00,1065.0,1083.0,2.71,7.785747917448586,0.5962118618867728,0.5702593688286108,False,,,,0.0,,,,,0.0,0.0,0.0,0.0,,0.5702593688286108
1884-2-287-1745,1884,CURBUS00108,completed,,[CTB] 天水围站 - 屏欣苑,[KMB] 天恒邨总站,17:45:00,18:03:00,1065.0,1083.0,2.67,5.143524981549385,0.7194422074992856,0.7022971242274543,False,,,,0.0,,,,,0.0,0.0,0.0,0.0,,0.7022971242274543
1862-1-288-1745,1862,CURBUS00066,completed,,[CTB] 屯门码头,[LRTFeeder] 兆麟,17:45:00,18:06:00,1065.0,1086.0,5.11,12.20556054621214,0.5896049015673496,0.5489196997466425,False,,,,0.0,,,,,0.0,0.0,0.0,0.0,,0.5489196997466425
1862-2-288-1745,1862,CURBUS00076,completed,,[LRTFeeder] 兆麟,[CTB] 屯门码头,17:45:00,18:06:00,1065.0,1086.0,4.5,7.698979795551802,0.6310190819353696,0.6053558159501969,False,,,,0.0,,,,,0.0,0.0,0.0,0.0,,0.6053558159501969
1862-2-448-1746,1862,CURBUS00054,completed,,[LRTFeeder] 兆麟,[CTB] 屯门码头,17:46:00,18:07:00,1066.0,1087.0,4.5,7.310743300089876,0.5919841218405071,0.5676149775068742,False,,,,0.0,,,,,0.0,0.0,0.0,0.0,,0.5676149775068742
1862-1-448-1748,1862,CURBUS00050,completed,,[CTB] 屯门码头,[LRTFeeder] 兆麟,17:48:00,18:09:00,1068.0,1089.0,5.11,7.750827444866216,0.5679377815620023,0.5421016900791149,False,,,,0.0,,,,,0.0,0.0,0.0,0.0,,0.5421016900791149
1884-1-288-1750,1884,CURBUS00122,completed,,[KMB] 天恒邨总站,[CTB] 天水围站 - 屏欣苑,17:50:00,18:08:00,1070.0,1088.0,2.71,7.595509201613479,0.5997635873844888,0.5744452233791105,False,,,,0.0,,,,,0.0,0.0,0.0,0.0,,0.5744452233791105
1884-2-288-1750,1884,CURBUS00084,completed,,[CTB] 天水围站 - 屏欣苑,[KMB] 天恒邨总站,17:50:00,18:08:00,1070.0,1088.0,2.67,4.900172608036965,0.722292591855974,0.7059586831625175,False,,,,0.0,,,,,0.0,0.0,0.0,0.0,,0.7059586831625175
1862-1-288-1750,1862,CURBUS00014,completed,,[CTB] 屯门码头,[LRTFeeder] 兆麟,17:50:00,18:11:00,1070.0,1091.0,5.11,12.761035350211715,0.6006595296089009,0.5581227451081952,False,,,,0.0,,,,,0.0,0.0,0.0,0.0,,0.5581227451081952
1862-2-288-1750,1862,CURBUS00020,completed,,[LRTFeeder] 兆麟,[CTB] 屯门码头,17:50:00,18:11:00,1070.0,1091.0,4.5,8.391037309450702,0.5981326182814758,0.5701624939166401,False,,,,0.0,,,,,0.0,0.0,0.0,0.0,,0.5701624939166401
1862-1-287-1752,1862,CURBUS00015,completed,,[CTB] 屯门码头,[LRTFeeder] 兆麟,17:52:00,18:13:00,1072.0,1093.0,5.11,8.481354583014637,0.5808735670139467,0.5526023850705646,False,,,,0.0,,,,,0.0,0.0,0.0,0.0,,0.5526023850705646
1862-2-287-1753,1862,CURBUS00075,completed,,[LRTFeeder] 兆麟,[CTB] 屯门码头,17:53:00,18:14:00,1073.0,1094.0,4.5,12.714865641058196,0.645927567788777,0.603544682318583,False,,,,0.0,,,,,0.0,0.0,0.0,0.0,,0.603544682318583
1884-1-448-1754,1884,CURBUS00150,completed,,[KMB] 天恒邨总站,[CTB] 天水围站 - 屏欣苑,17:54:00,18:12:00,1074.0,1092.0,2.71,8.157761386717493,0.722076789166524,0.694884251210799,False,,,,0.0,,,,,0.0,0.0,0.0,0.0,,0.694884251210799
1884-2-448-1754,1884,CURBUS00101,completed,,[CTB] 天水围站 - 屏欣苑,[KMB] 天恒邨总站,17:54:00,18:12:00,1074.0,1092.0,2.67,5.6468082672042685,0.6009797868581395,0.5821570926341252,False,,,,0.0,,,,,0.0,0.0,0.0,0.0,,0.5821570926341252
1884-1-287-1755,1884,CURBUS00109,completed,,[KMB] 天恒邨总站,[CTB] 天水围站 - 屏欣苑,17:55:00,18:13:00,1075.0,1093.0,2.71,8.124440457184354,0.5948584447638626,0.5677769765732481,False,,,,0.0,,,,,0.0,0.0,0.0,0.0,,0.5677769765732481
1884-2-287-1755,1884,CURBUS00124,completed,,[CTB] 天水围站 - 屏欣苑,[KMB] 天恒邨总站,17:55:00,18:13:00,1075.0,1093.0,2.67,6.262435168326611,0.7342381119569112,0.7133633280624893,False,,,,0.0,,,,,0.0,0.0,0.0,0.0,,0.7133633280624893
1862-1-287-1756,1862,CURBUS00055,completed,,[CTB] 屯门码头,[LRTFeeder] 兆麟,17:56:00,18:17:00,1076.0,1097.0,5.11,8.268402012802747,0.6024079683742564,0.5748466283315805,False,,,,0.0,,,,,0.0,0.0,0.0,0.0,,0.5748466283315805
1862-2-448-1756,1862,CURBUS00051,completed,,[LRTFeeder] 兆麟,[CTB] 屯门码头,17:56:00,18:17:00,1076.0,1097.0,4.5,11.638967249147818,0.5738101351522735,0.5350135776551141,False,,,,0.0,,,,,0.0,0.0,0.0,0.0,,0.5350135776551141
1862-2-287-1757,1862,CURBUS00044,completed,,[LRTFeeder] 兆麟,[CTB] 屯门码头,17:57:00,18:18:00,1077.0,1098.0,4.5,7.547272989527508,0.5929951528943188,0.5678375762625605,False,,,,0.0,,,,,0.0,0.0,0.0,0.0,,0.5678375762625605
1884-1-287-1758,1884,CURBUS00095,completed,,[KMB] 天恒邨总站,[CTB] 天水围站 - 屏欣苑,17:58:00,18:16:00,1078.0,1096.0,2.71,8.555333196764918,0.5980296712553993,0.5695118939328496,False,,,,0.0,,,,,0.0,0.0,0.0,0.0,,0.5695118939328496
1884-2-287-1758,1884,CURBUS00111,completed,,[CTB] 天水围站 - 屏欣苑,[KMB] 天恒邨总站,17:58:00,18:16:00,1078.0,1096.0,2.67,5.813202043028072,0.7276268750416723,0.7082495348982454,False,,,,0.0,,,,,0.0,0.0,0.0,0.0,,0.7082495348982454
1862-1-448-1758,1862,CURBUS00036,completed,,[CTB] 屯门码头,[LRTFeeder] 兆麟,17:58:00,18:19:00,1078.0,1099.0,5.11,12.224031052727463,0.5733561989888586,0.5326094288131004,False,,,,0.0,,,,,0.0,0.0,0.0,0.0,,0.5326094288131004
1884-1-288-1800,1884,CURBUS00107,completed,,[KMB] 天恒邨总站,[CTB] 天水围站 - 屏欣苑,18:00:00,18:18:00,1080.0,1098.0,2.71,7.659289912460069,0.6096277861044204,0.5840968197295535,False,,,,0.0,,,,,0.0,0.0,0.0,0.0,,0.5840968197295535
1884-2-288-1800,1884,CURBUS00119,completed,,[CTB] 天水围站 - 屏欣苑,[KMB] 天恒邨总站,18:00:00,18:18:00,1080.0,1098.0,2.67,7.862239901902632,0.7101490179581419,0.6839415516184665,False,,,,0.0,,,,,0.0,0.0,0.0,0.0,,0.6839415516184665
1862-1-288-1800,1862,CURBUS00018,completed,,[CTB] 屯门码头,[LRTFeeder] 兆麟,18:00:00,18:21:00,1080.0,1101.0,5.11,8.17206789509273,0.5893619078023687,0.562121681485393,False,,,,0.0,,,,,0.0,0.0,0.0,0.0,,0.562121681485393
1862-2-288-1800,1862,CURBUS00039,completed,,[LRTFeeder] 兆麟,[CTB] 屯门码头,18:00:00,18:21:00,1080.0,1101.0,4.5,7.009506599973903,0.5321893506462966,0.5088243286463836,False,,,,0.0,,,,,0.0,0.0,0.0,0.0,,0.5088243286463836
1884-1-448-1801,1884,CURBUS00106,completed,,[KMB] 天恒邨总站,[CTB] 天水围站 - 屏欣苑,18:01:00,18:19:00,1081.0,1099.0,2.71,5.979526840859674,0.7008527834533367,0.6809210273171378,False,,,,0.0,,,,,0.0,0.0,0.0,0.0,,0.6809210273171378
1884-2-448-1801,1884,CURBUS00110,completed,,[CTB] 天水围站 - 屏欣苑,[KMB] 天恒邨总站,18:01:00,18:19:00,1081.0,1099.0,2.67,4.663112326698108,0.7041470819174501,0.6886033741617897,False,,,,0.0,,,,,0.0,0.0,0.0,0.0,,0.6886033741617897
1862-2-448-1803,1862,CURBUS00035,completed,,[LRTFeeder] 兆麟,[CTB] 屯门码头,18:03:00,18:24:00,1083.0,1104.0,4.5,11.455691535844707,0.5301429086924416,0.49195727023962593,False,,,,0.0,,,,,0.0,0.0,0.0,0.0,,0.49195727023962593
1862-1-288-1805,1862,CURBUS00016,completed,,[CTB] 屯门码头,[LRTFeeder] 兆麟,18:05:00,18:26:00,1085.0,1106.0,5.11,10.642495343048482,0.5354173512909692,0.49994236681414095,False,,,,0.0,,,,,0.0,0.0,0.0,0.0,,0.49994236681414095
1862-1-448-1805,1862,CURBUS00030,completed,,[CTB] 屯门码头,[LRTFeeder] 兆麟,18:05:00,18:26:00,1085.0,1106.0,5.11,14.21171563095414,0.6233267960861201,0.5759544106496063,False,,,,0.0,,,,,0.0,0.0,0.0,0.0,,0.5759544106496063
1862-2-288-1805,1862,CURBUS00056,completed,,[LRTFeeder] 兆麟,[CTB] 屯门码头,18:05:00,18:26:00,1085.0,1106.0,4.5,14.312803793505704,0.5899451282447077,0.5422357822663554,False,,,,0.0,,,,,0.0,0.0,0.0,0.0,,0.5422357822663554
1884-1-288-1806,1884,CURBUS00132,completed,,[KMB] 天恒邨总站,[CTB] 天水围站 - 屏欣苑,18:06:00,18:24:00,1086.0,1104.0,2.71,6.301874087682752,0.7036613417157854,0.6826550947568429,False,,,,0.0,,,,,0.0,0.0,0.0,0.0,,0.6826550947568429
1884-2-288-1806,1884,CURBUS00088,completed,,[CTB] 天水围站 - 屏欣苑,[KMB] 天恒邨总站,18:06:00,18:24:00,1086.0,1104.0,2.67,4.013635040352045,0.7040172798242548,0.6906384963564146,False,,,,0.0,,,,,0.0,0.0,0.0,0.0,,0.6906384963564146
1862-1-287-1806,1862,CURBUS00042,completed,,[CTB] 屯门码头,[LRTFeeder] 兆麟,18:06:00,18:27:00,1086.0,1107.0,5.11,8.269975970753144,0.5829727068539285,0.5554061202847514,False,,,,0.0,,,,,0.0,0.0,0.0,0.0,,0.5554061202847514
1862-2-287-1807,1862,CURBUS00065,completed,,[LRTFeeder] 兆麟,[CTB] 屯门码头,18:07:00,18:28:00,1087.0,1108.0,4.5,7.844959921189584,0.5820240059590427,0.5558741395550774,False,,,,0.0,,,,,0.0,0.0,0.0,0.0,,0.5558741395550774
1884-1-287-1808,1884,CURBUS00080,completed,,[KMB] 天恒邨总站,[CTB] 天水围站 - 屏欣苑,18:08:00,18:26:00,1088.0,1106.0,2.71,6.549613063817383,0.6970023995935802,0.6751703560475223,False,,,,0.0,,,,,0.0,0.0,0.0,0.0,,0.6751703560475223
1884-2-287-1808,1884,CURBUS00136,completed,,[CTB] 天水围站 - 屏欣苑,[KMB] 天恒邨总站,18:08:00,18:26:00,1088.0,1106.0,2.67,5.30711214279476,0.7134246455786077,0.6957342717692919,False,,,,0.0,,,,,0.0,0.0,0.0,0.0,,0.6957342717692919
1862-1-287-1810,1862,CURBUS00002,completed,,[CTB] 屯门码头,[LRTFeeder] 兆麟,18:10:00,18:31:00,1090.0,1111.0,5.11,8.273839484489862,0.5687867569223916,0.541207291974092,False,,,,0.0,,,,,0.0,0.0,0.0,0.0,,0.541207291974092
1884-1-287-1811,1884,CURBUS00145,completed,,[KMB] 天恒邨总站,[CTB] 天水围站 - 屏欣苑,18:11:00,18:29:00,1091.0,1109.0,2.71,3.92902597122737,0.6968959682714412,0.6837992150340166,False,,,,0.0,,,,,0.0,0.0,0.0,0.0,,0.6837992150340166
1884-1-448-1811,1884,CURBUS00118,completed,,[KMB] 天恒邨总站,[CTB] 天水围站 - 屏欣苑,18:11:00,18:29:00,1091.0,1109.0,2.71,4.672424444708206,0.6958248372703874,0.68025008912136,False,,,,0.0,,,,,0.0,0.0,0.0,0.0,,0.68025008912136
1884-2-287-1811,1884,CURBUS00128,completed,,[CTB] 天水围站 - 屏欣苑,[KMB] 天恒邨总站,18:11:00,18:29:00,1091.0,1109.0,2.67,4.539210627618375,0.6944080122909502,0.6792773101988889,False,,,,0.0,,,,,0.0,0.0,0.0,0.0,,0.6792773101988889
1884-2-448-1811,1884,CURBUS00096,completed,,[CTB] 天水围站 - 屏欣苑,[KMB] 天恒邨总站,18:11:00,18:29:00,1091.0,1109.0,2.67,4.83637012134819,0.685326693086053,0.6692054593482257,False,,,,0.0,,,,,0.0,0.0,0.0,0.0,,0.6692054593482257
1862-2-287-1811,1862,CURBUS00017,completed,,[LRTFeeder] 兆麟,[CTB] 屯门码头,18:11:00,18:32:00,1091.0,1112.0,4.5,11.793545417602118,0.5635432926386381,0.5242314745799644,False,,,,0.0,,,,,0.0,0.0,0.0,0.0,,0.5242314745799644
1862-2-448-1813,1862,CURBUS00062,completed,,[LRTFeeder] 兆麟,[CTB] 屯门码头,18:13:00,18:34:00,1093.0,1114.0,4.5,9.08103501131684,0.5988973169277114,0.5686272002233219,False,,,,0.0,,,,,0.0,0.0,0.0,0.0,,0.5686272002233219
1862-1-288-1815,1862,CURBUS00031,completed,,[CTB] 屯门码头,[LRTFeeder] 兆麟,18:15:00,18:36:00,1095.0,1116.0,5.11,14.87433998750354,0.6055745414868556,0.5559934081951772,False,,,,0.0,,,,,0.0,0.0,0.0,0.0,,0.5559934081951772
1862-1-448-1815,1862,CURBUS00026,completed,,[CTB] 屯门码头,[LRTFeeder] 兆麟,18:15:00,18:36:00,1095.0,1116.0,5.11,8.380059411022303,0.5457544390521004,0.517820907682026,False,,,,0.0,,,,,0.0,0.0,0.0,0.0,,0.517820907682026
1862-2-288-1815,1862,CURBUS00047,completed,,[LRTFeeder] 兆麟,[CTB] 屯门码头,18:15:00,18:36:00,1095.0,1116.0,4.5,9.343137927573412,0.5837434622899281,0.5525996691980167,False,,,,0.0,,,,,0.0,0.0,0.0,0.0,,0.5525996691980167
1884-1-288-1816,1884,CURBUS00112,completed,,[KMB] 天恒邨总站,[CTB] 天水围站 - 屏欣苑,18:16:00,18:34:00,1096.0,1114.0,2.71,8.205383653423693,0.6820287815748777,0.654677502730132,False,,,,0.0,,,,,0.0,0.0,0.0,0.0,,0.654677502730132
1884-2-288-1816,1884,CURBUS00143,completed,,[CTB] 天水围站 - 屏欣苑,[KMB] 天恒邨总站,18:16:00,18:34:00,1096.0,1114.0,2.67,6.247149647088462,0.6813447958373909,0.6605209636804295,False,,,,0.0,,,,,0.0,0.0,0.0,0.0,,0.6605209636804295
1884-1-448-1818,1884,CURBUS00114,completed,,[KMB] 天恒邨总站,[CTB] 天水围站 - 屏欣苑,18:18:00,18:36:00,1098.0,1116.0,2.71,4.7237379591909905,0.6775485539440971,0.6618027607467938,False,,,,0.0,,,,,0.0,0.0,0.0,0.0,,0.6618027607467938
1884-2-448-1818,1884,CURBUS00087,completed,,[CTB] 天水围站 - 屏欣苑,[KMB] 天恒邨总站,18:18:00,18:36:00,1098.0,1116.0,2.67,4.34033094310337,0.6887486652268362,0.6742808954164916,False,,,,0.0,,,,,0.0,0.0,0.0,0.0,,0.6742808954164916
1862-1-287-1820,1862,CURBUS00043,completed,,[CTB] 屯门码头,[LRTFeeder] 兆麟,18:20:00,18:41:00,1100.0,1121.0,5.11,11.08729279561885,0.556885598387519,0.5199279557354562,False,,,,0.0,,,,,0.0,0.0,0.0,0.0,,0.5199279557354562
1862-1-288-1820,1862,CURBUS00022,completed,,[CTB] 屯门码头,[LRTFeeder] 兆麟,18:20:00,18:41:00,1100.0,1121.0,5.11,8.328901137312666,0.5276737605096433,0.4999107567186011,False,,,,0.0,,,,,0.0,0.0,0.0,0.0,,0.4999107567186011
1862-2-288-1820,1862,CURBUS00072,completed,,[LRTFeeder] 兆麟,[CTB] 屯门码头,18:20:00,18:41:00,1100.0,1121.0,4.5,7.532147803340071,0.561198060159119,0.536090900814652,False,,,,0.0,,,,,0.0,0.0,0.0,0.0,,0.536090900814652
1862-2-448-1820,1862,CURBUS00019,completed,,[LRTFeeder] 兆麟,[CTB] 屯门码头,18:20:00,18:41:00,1100.0,1121.0,4.5,10.5072704189291,0.5613817482625448,0.5263575135327812,False,,,,0.0,,,,,0.0,0.0,0.0,0.0,,0.5263575135327812
1884-1-287-1821,1884,CURBUS00090,completed,,[KMB] 天恒邨总站,[CTB] 天水围站 - 屏欣苑,18:21:00,18:39:00,1101.0,1119.0,2.71,7.51377141852271,0.6769429025548861,0.651896997826477,False,,,,0.0,,,,,0.0,0.0,0.0,0.0,,0.651896997826477
1884-2-287-1821,1884,CURBUS00098,completed,,[CTB] 天水围站 - 屏欣苑,[KMB] 天恒邨总站,18:21:00,18:39:00,1101.0,1119.0,2.67,8.519696858759195,0.6695507117858365,0.6411517222566392,False,,,,0.0,,,,,0.0,0.0,0.0,0.0,,0.6411517222566392
1862-2-287-1821,1862,CURBUS00048,completed,,[LRTFeeder] 兆麟,[CTB] 屯门码头,18:21:00,18:42:00,1101.0,1122.0,4.5,9.734248224124954,0.5515682700264274,0.5191207759460109,False,,,,0.0,,,,,0.0,0.0,0.0,0.0,,0.5191207759460109
1884-1-288-1822,1884,CURBUS00133,completed,,[KMB] 天恒邨总站,[CTB] 天水围站 - 屏欣苑,18:22:00,18:40:00,1102.0,1120.0,2.71,7.715131671044036,0.6687497798539908,0.6430326742838439,False,,,,0.0,,,,,0.0,0.0,0.0,0.0,,0.6430326742838439
1884-2-288-1822,1884,CURBUS00089,completed,,[CTB] 天水围站 - 屏欣苑,[KMB] 天恒邨总站,18:22:00,18:40:00,1102.0,1120.0,2.67,4.572263916975839,0.6670993510083955,0.6518584712851426,False,,,,0.0,,,,,0.0,0.0,0.0,0.0,,0.6518584712851426
1862-1-448-1822,1862,CURBUS00007,completed,,[CTB] 屯门码头,[LRTFeeder] 兆麟,18:22:00,18:43:00,1102.0,1123.0,5.11,14.5614351793664,0.5702671865258904,0.5217290692613357,False,,,,0.0,,,,,0.0,0.0,0.0,0.0,,0.5217290692613357
1884-1-287-1824,1884,CURBUS00138,completed,,[KMB] 天恒邨总站,[CTB] 天水围站 - 屏欣苑,18:24:00,18:42:00,1104.0,1122.0,2.71,7.665857725366779,0.6645711887392401,0.6390183296546842,False,,,,0.0,,,,,0.0,0.0,0.0,0.0,,0.6390183296546842
1884-2-287-1824,1884,CURBUS00149,completed,,[CTB] 天水围站 - 屏欣苑,[KMB] 天恒邨总站,18:24:00,18:42:00,1104.0,1122.0,2.67,4.4640277530283585,0.6777625082765883,0.6628824157664939,False,,,,0.0,,,,,0.0,0.0,0.0,0.0,,0.6628824157664939
1862-1-287-1824,1862,CURBUS00070,completed,,[CTB] 屯门码头,[LRTFeeder] 兆麟,18:24:00,18:45:00,1104.0,1125.0,5.11,10.80448410360556,0.5222144360932301,0.48619948908121163,False,,,,0.0,,,,,0.0,0.0,0.0,0.0,,0.48619948908121163
1862-2-287-1825,1862,CURBUS00037,completed,,[LRTFeeder] 兆麟,[CTB] 屯门码头,18:25:00,18:46:00,1105.0,1126.0,4.5,12.196387045269796,0.514966456615776,0.47431183313154335,False,,,,0.0,,,,,0.0,0.0,0.0,0.0,,0.47431183313154335
1884-1-448-1828,1884,CURBUS00113,completed,,[KMB] 天恒邨总站,[CTB] 天水围站 - 屏欣苑,18:28:00,18:46:00,1108.0,1126.0,2.71,7.6566755381833405,0.6533885155751681,0.6278662637812236,False,,,,0.0,,,,,0.0,0.0,0.0,0.0,,0.6278662637812236
1884-2-448-1828,1884,CURBUS00134,completed,,[CTB] 天水围站 - 屏欣苑,[KMB] 天恒邨总站,18:28:00,18:46:00,1108.0,1126.0,2.67,5.297845176528598,0.6656542463844785,0.6479947624627165,False,,,,0.0,,,,,0.0,0.0,0.0,0.0,,0.6479947624627165
1862-1-288-1830,1862,CURBUS00045,completed,,[CTB] 屯门码头,[LRTFeeder] 兆麟,18:30:00,18:51:00,1110.0,1131.0,5.11,10.88740057576534,0.52686484720993,0.49057351195737886,False,,,,0.0,,,,,0.0,0.0,0.0,0.0,,0.49057351195737886
1862-2-288-1830,1862,CURBUS00001,completed,,[LRTFeeder] 兆麟,[CTB] 屯门码头,18:30:00,18:51:00,1110.0,1131.0,4.5,12.024255812240288,0.5635303130528945,0.5234494603454268,False,,,,0.0,,,,,0.0,0.0,0.0,0.0,,0.5234494603454268
1862-2-448-1830,1862,CURBUS00011,completed,,[LRTFeeder] 兆麟,[CTB] 屯门码头,18:30:00,18:51:00,1110.0,1131.0,4.5,7.320268392841666,0.5507014610024485,0.526300566359643,False,,,,0.0,,,,,0.0,0.0,0.0,0.0,,0.526300566359643
1884-1-288-1832,1884,CURBUS00099,completed,,[KMB] 天恒邨总站,[CTB] 天水围站 - 屏欣苑,18:32:00,18:50:00,1112.0,1130.0,2.71,4.525081859881863,0.6468081179824724,0.6317245117828661,False,,,,0.0,,,,,0.0,0.0,0.0,0.0,,0.6317245117828661
1884-2-288-1832,1884,CURBUS00130,completed,,[CTB] 天水围站 - 屏欣苑,[KMB] 天恒邨总站,18:32:00,18:50:00,1112.0,1130.0,2.67,7.649745593134976,0.6611935804154904,0.6356944284383738,False,,,,0.0,,,,,0.0,0.0,0.0,0.0,,0.6356944284383738
1862-1-448-1832,1862,CURBUS00008,completed,,[CTB] 屯门码头,[LRTFeeder] 兆麟,18:32:00,18:53:00,1112.0,1133.0,5.11,14.53758198984463,0.538825707762587,0.49036710112977155,False,,,,0.0,,,,,0.0,0.0,0.0,0.0,,0.49036710112977155
1884-1-287-1834,1884,CURBUS00100,completed,,[KMB] 天恒邨总站,[CTB] 天水围站 - 屏欣苑,18:34:00,18:52:00,1114.0,1132.0,2.71,5.082857364961915,0.6589501331139864,0.64200727523078,False,,,,0.0,,,,,0.0,0.0,0.0,0.0,,0.64200727523078
1884-2-287-1834,1884,CURBUS00115,completed,,[CTB] 天水围站 - 屏欣苑,[KMB] 天恒邨总站,18:34:00,18:52:00,1114.0,1132.0,2.67,3.885959259555354,0.6528712918537173,0.6399180943218661,False,,,,0.0,,,,,0.0,0.0,0.0,0.0,,0.6399180943218661
1862-1-287-1834,1862,CURBUS00060,completed,,[CTB] 屯门码头,[LRTFeeder] 兆麟,18:34:00,18:55:00,1114.0,1135.0,5.11,10.750872981408328,0.5348985245477591,0.499062281276398,False,,,,0.0,,,,,0.0,0.0,0.0,0.0,,0.499062281276398
1884-1-448-1835,1884,CURBUS00094,completed,,[KMB] 天恒邨总站,[CTB] 天水围站 - 屏欣苑,18:35:00,18:53:00,1115.0,1133.0,2.71,4.685549350692022,0.6405557614967228,0.6249372636610827,False,,,,0.0,,,,,0.0,0.0,0.0,0.0,,0.6249372636610827
1884-2-448-1835,1884,CURBUS00103,completed,,[CTB] 天水围站 - 屏欣苑,[KMB] 天恒邨总站,18:35:00,18:53:00,1115.0,1133.0,2.67,7.809327034316889,0.6605323456644127,0.634501255550023,False,,,,0.0,,,,,0.0,0.0,0.0,0.0,,0.634501255550023
1862-1-288-1835,1862,CURBUS00003,completed,,[CTB] 屯门码头,[LRTFeeder] 兆麟,18:35:00,18:56:00,1115.0,1136.0,5.11,12.147768484382164,0.5745501811726301,0.5340576195580229,False,,,,0.0,,,,,0.0,0.0,0.0,0.0,,0.5340576195580229
1862-2-287-1835,1862,CURBUS00052,completed,,[LRTFeeder] 兆麟,[CTB] 屯门码头,18:35:00,18:56:00,1115.0,1136.0,4.5,11.72266124922784,0.5485477579573316,0.5094722204599055,False,,,,0.0,,,,,0.0,0.0,0.0,0.0,,0.5094722204599055
1862-2-288-1835,1862,CURBUS00005,completed,,[LRTFeeder] 兆麟,[CTB] 屯门码头,18:35:00,18:56:00,1115.0,1136.0,4.5,11.994789253278856,0.5365168221072649,0.4965341912630021,False,,,,0.0,,,,,0.0,0.0,0.0,0.0,,0.4965341912630021
1884-1-287-1837,1884,CURBUS00091,completed,,[KMB] 天恒邨总站,[CTB] 天水围站 - 屏欣苑,18:37:00,18:55:00,1117.0,1135.0,2.71,7.662949407489323,0.6422200814713996,0.6166769167797685,False,,,,0.0,,,,,0.0,0.0,0.0,0.0,,0.6166769167797685
1884-2-287-1837,1884,CURBUS00141,completed,,[CTB] 天水围站 - 屏欣苑,[KMB] 天恒邨总站,18:37:00,18:55:00,1117.0,1135.0,2.67,4.896673145695076,0.6436448102974552,0.6273225664784716,False,,,,0.0,,,,,0.0,0.0,0.0,0.0,,0.6273225664784716
1862-2-448-1837,1862,CURBUS00073,completed,,[LRTFeeder] 兆麟,[CTB] 屯门码头,18:37:00,18:58:00,1117.0,1138.0,4.5,7.442392672973994,0.5302368125982171,0.5054288370216371,False,,,,0.0,,,,,0.0,0.0,0.0,0.0,,0.5054288370216371
1884-1-288-1838,1884,CURBUS00129,completed,,[KMB] 天恒邨总站,[CTB] 天水围站 - 屏欣苑,18:38:00,18:56:00,1118.0,1136.0,2.71,8.05948632110072,0.6434202013446123,0.6165552469409432,False,,,,0.0,,,,,0.0,0.0,0.0,0.0,,0.6165552469409432
1884-2-288-1838,1884,CURBUS00135,completed,,[CTB] 天水围站 - 屏欣苑,[KMB] 天恒邨总站,18:38:00,18:56:00,1118.0,1136.0,2.67,7.72814589546402,0.6343450940584646,0.6085846077402512,False,,,,0.0,,,,,0.0,0.0,0.0,0.0,,0.6085846077402512
1862-1-287-1838,1862,CURBUS00010,completed,,[CTB] 屯门码头,[LRTFeeder] 兆麟,18:38:00,18:59:00,1118.0,1139.0,5.11,12.438768105170958,0.5695840626871186,0.5281215023365488,False,,,,0.0,,,,,0.0,0.0,0.0,0.0,,0.5281215023365488
1862-1-448-1839,1862,CURBUS00013,completed,,[CTB] 屯门码头,[LRTFeeder] 兆麟,18:39:00,19:00:00,1119.0,1140.0,5.11,9.944465796071157,0.5352452737565252,0.502097054436288,False,,,,0.0,,,,,0.0,0.0,0.0,0.0,,0.502097054436288
1862-2-287-1839,1862,CURBUS00067,completed,,[LRTFeeder] 兆麟,[CTB] 屯门码头,18:39:00,19:00:00,1119.0,1140.0,4.5,12.507185660346728,0.5333917945701581,0.4917011757023356,False,,,,0.0,,,,,0.0,0.0,0.0,0.0,,0.4917011757023356
1884-1-448-1845,1884,CURBUS00120,completed,,[KMB] 天恒邨总站,[CTB] 天水围站 - 屏欣苑,18:45:00,19:03:00,1125.0,1143.0,2.71,4.62935319325535,0.628298172748827,0.6128669954379758,False,,,,0.0,,,,,0.0,0.0,0.0,0.0,,0.6128669954379758
1884-2-448-1845,1884,CURBUS00086,completed,,[CTB] 天水围站 - 屏欣苑,[KMB] 天恒邨总站,18:45:00,19:03:00,1125.0,1143.0,2.67,5.017140369770994,0.6361113478800905,0.6193875466475205,False,,,,0.0,,,,,0.0,0.0,0.0,0.0,,0.6193875466475205
1862-1-288-1845,1862,CURBUS00079,completed,,[CTB] 屯门码头,[LRTFeeder] 兆麟,18:45:00,19:06:00,1125.0,1146.0,5.11,13.478993059231732,0.5207537648068582,0.47582378794275243,False,,,,0.0,,,,,0.0,0.0,0.0,0.0,,0.47582378794275243
1862-2-288-1845,1862,CURBUS00071,completed,,[LRTFeeder] 兆麟,[CTB] 屯门码头,18:45:00,19:06:00,1125.0,1146.0,4.5,10.96607927540482,0.5276785285251718,0.4911249309404891,False,,,,0.0,,,,,0.0,0.0,0.0,0.0,,0.4911249309404891
1884-1-287-1847,1884,CURBUS00117,completed,,[KMB] 天恒邨总站,[CTB] 天水围站 - 屏欣苑,18:47:00,19:05:00,1127.0,1145.0,2.71,7.377555654150996,0.6317221070441605,0.6071302548636572,False,,,,0.0,,,,,0.0,0.0,0.0,0.0,,0.6071302548636572
1884-2-287-1847,1884,CURBUS00104,completed,,[CTB] 天水围站 - 屏欣苑,[KMB] 天恒邨总站,18:47:00,19:05:00,1127.0,1145.0,2.67,4.411779932361486,0.628156840761191,0.6134509076533194,False,,,,0.0,,,,,0.0,0.0,0.0,0.0,,0.6134509076533194
1862-2-448-1847,1862,CURBUS00069,completed,,[LRTFeeder] 兆麟,[CTB] 屯门码头,18:47:00,19:08:00,1127.0,1148.0,4.5,10.79063368049021,0.5199176183574448,0.4839488394224774,False,,,,0.0,,,,,0.0,0.0,0.0,0.0,,0.4839488394224774
1884-1-288-1848,1884,CURBUS00125,completed,,[KMB] 天恒邨总站,[CTB] 天水围站 - 屏欣苑,18:48:00,19:06:00,1128.0,1146.0,2.71,7.7805607652604225,0.6235928378078933,0.5976576352570252,False,,,,0.0,,,,,0.0,0.0,0.0,0.0,,0.5976576352570252
1884-2-288-1848,1884,CURBUS00102,completed,,[CTB] 天水围站 - 屏欣苑,[KMB] 天恒邨总站,18:48:00,19:06:00,1128.0,1146.0,2.67,7.690535551504238,0.6224737529229928,0.5968386344179787,False,,,,0.0,,,,,0.0,0.0,0.0,0.0,,0.5968386344179787
1862-1-287-1848,1862,CURBUS00033,completed,,[CTB] 屯门码头,[LRTFeeder] 兆麟,18:48:00,19:09:00,1128.0,1149.0,5.11,8.424923750085917,0.49727455433239554,0.46919147516544246,False,,,,0.0,,,,,0.0,0.0,0.0,0.0,,0.46919147516544246
1862-1-448-1849,1862,CURBUS00068,completed,,[CTB] 屯门码头,[LRTFeeder] 兆麟,18:49:00,19:10:00,1129.0,1150.0,5.11,8.003454399464198,0.5188980794946345,0.4922198981630872,False,,,,0.0,,,,,0.0,0.0,0.0,0.0,,0.4922198981630872
1862-2-287-1849,1862,CURBUS00058,completed,,[LRTFeeder] 兆麟,[CTB] 屯门码头,18:49:00,19:10:00,1129.0,1150.0,4.5,7.478049433507581,0.5111492815784796,0.48622245013345433,False,,,,0.0,,,,,0.0,0.0,0.0,0.0,,0.48622245013345433
1884-1-287-1850,1884,CURBUS00146,completed,,[KMB] 天恒邨总站,[CTB] 天水围站 - 屏欣苑,18:50:00,19:08:00,1130.0,1148.0,2.71,4.782265718715468,0.6220788663671033,0.6061379806380517,False,,,,0.0,,,,,0.0,0.0,0.0,0.0,,0.6061379806380517
1884-2-287-1850,1884,CURBUS00123,completed,,[CTB] 天水围站 - 屏欣苑,[KMB] 天恒邨总站,18:50:00,19:08:00,1130.0,1148.0,2.67,7.685630898157869,0.6278072575301615,0.6021884878696353,False,,,,0.0,,,,,0.0,0.0,0.0,0.0,,0.6021884878696353
1862-1-288-1850,1862,CURBUS00028,completed,,[CTB] 屯门码头,[LRTFeeder] 兆麟,18:50:00,19:11:00,1130.0,1151.0,5.11,13.649440467580234,0.4824492239248568,0.4369510890329227,False,,,,0.0,,,,,0.0,0.0,0.0,0.0,,0.4369510890329227
1862-2-288-1850,1862,CURBUS00077,completed,,[LRTFeeder] 兆麟,[CTB] 屯门码头,18:50:00,19:11:00,1130.0,1151.0,4.5,8.950107541406505,0.5110161409773668,0.48118244917267844,False,,,,0.0,,,,,0.0,0.0,0.0,0.0,,0.48118244917267844
1884-1-448-1852,1884,CURBUS00121,completed,,[KMB] 天恒邨总站,[CTB] 天水围站 - 屏欣苑,18:52:00,19:10:00,1132.0,1150.0,2.71,5.036635451946093,0.6230146290515439,0.6062258442117237,False,,,,0.0,,,,,0.0,0.0,0.0,0.0,,0.6062258442117237
1884-2-448-1852,1884,CURBUS00148,completed,,[CTB] 天水围站 - 屏欣苑,[KMB] 天恒邨总站,18:52:00,19:10:00,1132.0,1150.0,2.67,8.31495526575718,0.6170674777768732,0.5893509602243493,False,,,,0.0,,,,,0.0,0.0,0.0,0.0,,0.5893509602243493
1862-1-287-1852,1862,CURBUS00040,completed,,[CTB] 屯门码头,[LRTFeeder] 兆麟,18:52:00,19:13:00,1132.0,1153.0,5.11,15.364590815664144,0.48345253991611675,0.4322372371972363,False,,,,0.0,,,,,0.0,0.0,0.0,0.0,,0.4322372371972363
1862-2-287-1853,1862,CURBUS00049,completed,,[LRTFeeder] 兆麟,[CTB] 屯门码头,18:53:00,19:14:00,1133.0,1154.0,4.5,12.054228281957338,0.4776714563948823,0.4374906954550245,False,,,,0.0,,,,,0.0,0.0,0.0,0.0,,0.4374906954550245
1884-1-288-1854,1884,CURBUS00126,completed,,[KMB] 天恒邨总站,[CTB] 天水围站 - 屏欣苑,18:54:00,19:12:00,1134.0,1152.0,2.71,5.10087676044215,0.6117127622677124,0.5947098397329053,False,,,,0.0,,,,,0.0,0.0,0.0,0.0,,0.5947098397329053
1884-2-288-1854,1884,CURBUS00085,completed,,[CTB] 天水围站 - 屏欣苑,[KMB] 天恒邨总站,18:54:00,19:12:00,1134.0,1152.0,2.67,3.9210730610197366,0.6219590334327245,0.608888789895992,False,,,,0.0,,,,,0.0,0.0,0.0,0.0,,0.608888789895992
1862-2-448-1854,1862,CURBUS00078,completed,,[LRTFeeder] 兆麟,[CTB] 屯门码头,18:54:00,19:15:00,1134.0,1155.0,4.5,7.390686394877366,0.6513553096448125,0.6267196883285546,False,,,,0.0,,,,,0.0,0.0,0.0,0.0,,0.6267196883285546
1862-1-448-1856,1862,CURBUS00024,completed,,[CTB] 屯门码头,[LRTFeeder] 兆麟,18:56:00,19:17:00,1136.0,1157.0,5.11,8.212416346305151,0.6287861669570692,0.6014114458027188,False,,,,0.0,,,,,0.0,0.0,0.0,0.0,,0.6014114458027188
1884-1-287-1900,1884,CURBUS00139,completed,,[KMB] 天恒邨总站,[CTB] 天水围站 - 屏欣苑,19:00:00,19:18:00,1140.0,1158.0,2.71,3.8532434540611504,0.6219391661400961,0.6090950212932257,False,,,,0.0,,,,,0.0,0.0,0.0,0.0,,0.6090950212932257
1884-2-287-1900,1884,CURBUS00127,completed,,[CTB] 天水围站 - 屏欣苑,[KMB] 天恒邨总站,19:00:00,19:18:00,1140.0,1158.0,2.67,7.733881130461032,0.6177102930122452,0.5919306892440418,False,,,,0.0,,,,,0.0,0.0,0.0,0.0,,0.5919306892440418
1862-1-288-1900,1862,CURBUS00029,completed,,[CTB] 屯门码头,[LRTFeeder] 兆麟,19:00:00,19:21:00,1140.0,1161.0,5.11,8.360521656268427,0.6005570258500398,0.572688620329145,False,,,,0.0,,,,,0.0,0.0,0.0,0.0,,0.572688620329145
1862-2-288-1900,1862,CURBUS00027,completed,,[LRTFeeder] 兆麟,[CTB] 屯门码头,19:00:00,19:21:00,1140.0,1161.0,4.5,7.414401443408026,0.6375520422730808,0.6128373707950541,False,,,,0.0,,,,,0.0,0.0,0.0,0.0,,0.6128373707950541
1884-1-448-1902,1884,CURBUS00131,completed,,[KMB] 天恒邨总站,[CTB] 天水围站 - 屏欣苑,19:02:00,19:20:00,1142.0,1160.0,2.71,7.3507893346655,0.5998671135585235,0.5753644824429719,False,,,,0.0,,,,,0.0,0.0,0.0,0.0,,0.5753644824429719
1884-2-448-1902,1884,CURBUS00082,completed,,[CTB] 天水围站 - 屏欣苑,[KMB] 天恒邨总站,19:02:00,19:20:00,1142.0,1160.0,2.67,4.173682934924541,0.6079332400150644,0.594020963565316,False,,,,0.0,,,,,0.0,0.0,0.0,0.0,,0.594020963565316
1862-1-287-1902,1862,CURBUS00063,completed,,[CTB] 屯门码头,[LRTFeeder] 兆麟,19:02:00,19:23:00,1142.0,1163.0,5.11,12.694564640246888,0.61986404673791,0.5775488312704203,False,,,,0.0,,,,,0.0,0.0,0.0,0.0,,0.5775488312704203
1884-1-287-1903,1884,CURBUS00105,completed,,[KMB] 天恒邨总站,[CTB] 天水围站 - 屏欣苑,19:03:00,19:21:00,1143.0,1161.0,2.71,5.0167410218322255,0.6003552562788754,0.5836327862061014,False,,,,0.0,,,,,0.0,0.0,0.0,0.0,,0.5836327862061014
1884-2-287-1903,1884,CURBUS00083,completed,,[CTB] 天水围站 - 屏欣苑,[KMB] 天恒邨总站,19:03:00,19:21:00,1143.0,1161.0,2.67,4.167086804511594,0.6095891860171275,0.5956988966687555,False,,,,0.0,,,,,0.0,0.0,0.0,0.0,,0.5956988966687555
1862-2-287-1903,1862,CURBUS00038,completed,,[LRTFeeder] 兆麟,[CTB] 屯门码头,19:03:00,19:24:00,1143.0,1164.0,4.5,6.657049907881492,0.6404772353744549,0.6182870690148499,False,,,,0.0,,,,,0.0,0.0,0.0,0.0,,0.6182870690148499
1884-1-288-1904,1884,CURBUS00081,completed,,[KMB] 天恒邨总站,[CTB] 天水围站 - 屏欣苑,19:04:00,19:22:00,1144.0,1162.0,2.71,4.026866929784019,0.6042066331528136,0.5907837433868669,False,,,,0.0,,,,,0.0,0.0,0.0,0.0,,0.5907837433868669
1884-2-288-1904,1884,CURBUS00144,completed,,[CTB] 天水围站 - 屏欣苑,[KMB] 天恒邨总站,19:04:00,19:22:00,1144.0,1162.0,2.67,3.994882460290484,0.5987329071361923,0.5854166322685573,False,,,,0.0,,,,,0.0,0.0,0.0,0.0,,0.5854166322685573
1862-2-448-1904,1862,CURBUS00061,completed,,[LRTFeeder] 兆麟,[CTB] 屯门码头,19:04:00,19:25:00,1144.0,1165.0,4.5,10.916043784664303,0.6131167236578362,0.5767299110422885,False,,,,0.0,,,,,0.0,0.0,0.0,0.0,,0.5767299110422885
1862-1-288-1905,1862,CURBUS00023,completed,,[CTB] 屯门码头,[LRTFeeder] 兆麟,19:05:00,19:26:00,1145.0,1166.0,5.11,7.456037026638424,0.6094839708553884,0.584630514099927,False,,,,0.0,,,,,0.0,0.0,0.0,0.0,,0.584630514099927
1862-2-288-1905,1862,CURBUS00057,completed,,[LRTFeeder] 兆麟,[CTB] 屯门码头,19:05:00,19:26:00,1145.0,1166.0,4.5,6.692318412720425,0.6091894758388648,0.5868817477964634,False,,,,0.0,,,,,0.0,0.0,0.0,0.0,,0.5868817477964634
1862-1-287-1906,1862,CURBUS00064,completed,,[CTB] 屯门码头,[LRTFeeder] 兆麟,19:06:00,19:27:00,1146.0,1167.0,5.11,8.160750667589433,0.6402158815937579,0.6130133793684598,False,,,,0.0,,,,,0.0,0.0,0.0,0.0,,0.6130133793684598
1862-1-448-1906,1862,CURBUS00032,completed,,[CTB] 屯门码头,[LRTFeeder] 兆麟,19:06:00,19:27:00,1146.0,1167.0,5.11,11.357207254727392,0.6259648881584133,0.5881075306426553,False,,,,0.0,,,,,0.0,0.0,0.0,0.0,,0.5881075306426553
1862-2-287-1907,1862,CURBUS00059,completed,,[LRTFeeder] 兆麟,[CTB] 屯门码头,19:07:00,19:28:00,1147.0,1168.0,4.5,7.182220438509656,0.5769873580921351,0.5530466232971029,False,,,,0.0,,,,,0.0,0.0,0.0,0.0,,0.5530466232971029
1884-1-448-1909,1884,CURBUS00093,completed,,[KMB] 天恒邨总站,[CTB] 天水围站 - 屏欣苑,19:09:00,19:27:00,1149.0,1167.0,2.71,4.5731328904810455,0.596558327171987,0.5813145508703835,False,,,,0.0,,,,,0.0,0.0,0.0,0.0,,0.5813145508703835
1884-2-448-1909,1884,CURBUS00092,completed,,[CTB] 天水围站 - 屏欣苑,[KMB] 天恒邨总站,19:09:00,19:27:00,1149.0,1167.0,2.67,7.026339321564555,0.6009796394128065,0.5775585083409247,False,,,,0.0,,,,,0.0,0.0,0.0,0.0,,0.5775585083409247
1884-1-288-1910,1884,CURBUS00137,completed,,[KMB] 天恒邨总站,[CTB] 天水围站 - 屏欣苑,19:10:00,19:28:00,1150.0,1168.0,2.71,8.713642117887781,0.58269580420521,0.5536503304789174,False,,,,0.0,,,,,0.0,0.0,0.0,0.0,,0.5536503304789174
1884-2-288-1910,1884,CURBUS00097,completed,,[CTB] 天水围站 - 屏欣苑,[KMB] 天恒邨总站,19:10:00,19:28:00,1150.0,1168.0,2.67,4.502648243414262,0.715805861219227,0.7007970337411794,False,,,,0.0,,,,,0.0,0.0,0.0,0.0,,0.7007970337411794
1862-2-448-1911,1862,CURBUS00009,completed,,[LRTFeeder] 兆麟,[CTB] 屯门码头,19:11:00,19:32:00,1151.0,1172.0,4.5,7.038908123342503,0.6082671980907285,0.5848041710129201,False,,,,0.0,,,,,0.0,0.0,0.0,0.0,,0.5848041710129201
1884-1-287-1913,1884,CURBUS00140,completed,,[KMB] 天恒邨总站,[CTB] 天水围站 - 屏欣苑,19:13:00,19:31:00,1153.0,1171.0,2.71,7.872962326234201,0.7040936079541428,0.6778504002000287,False,,,,0.0,,,,,0.0,0.0,0.0,0.0,,0.6778504002000287
1884-2-287-1913,1884,CURBUS00116,completed,,[CTB] 天水围站 - 屏欣苑,[KMB] 天恒邨总站,19:13:00,19:31:00,1153.0,1171.0,2.67,5.951723446222396,0.5991857152477094,0.5793466370936347,False,,,,0.0,,,,,0.0,0.0,0.0,0.0,,0.5793466370936347
1862-1-448-1913,1862,CURBUS00012,completed,,[CTB] 屯门码头,[LRTFeeder] 兆麟,19:13:00,19:34:00,1153.0,1174.0,5.11,13.860565439015014,0.5710708650337104,0.5248689802369937,False,,,,0.0,,,,,0.0,0.0,0.0,0.0,,0.5248689802369937
1862-1-288-1915,1862,CURBUS00074,completed,,[CTB] 屯门码头,[LRTFeeder] 兆麟,19:15:00,19:36:00,1155.0,1176.0,5.11,10.881990621129876,0.5572342341899409,0.520960932119508,False,,,,0.0,,,,,0.0,0.0,0.0,0.0,,0.520960932119508
1862-2-288-1915,1862,CURBUS00034,completed,,[LRTFeeder] 兆麟,[CTB] 屯门码头,19:15:00,19:36:00,1155.0,1176.0,4.5,7.584062260191908,0.6056639266143801,0.5803837190804071,False,,,,0.0,,,,,0.0,0.0,0.0,0.0,,0.5803837190804071
1884-1-287-1916,1884,CURBUS00142,completed,,[KMB] 天恒邨总站,[CTB] 天水围站 - 屏欣苑,19:16:00,19:34:00,1156.0,1174.0,2.71,5.454542899242522,0.5922006661342165,0.5740188564700748,False,,,,0.0,,,,,0.0,0.0,0.0,0.0,,0.5740188564700748
1884-2-287-1916,1884,CURBUS00108,completed,,[CTB] 天水围站 - 屏欣苑,[KMB] 天恒邨总站,19:16:00,19:34:00,1156.0,1174.0,2.67,7.338440212257384,0.7022971242274543,0.677835656853263,False,,,,0.0,,,,,0.0,0.0,0.0,0.0,,0.677835656853263
1862-1-287-1916,1862,CURBUS00004,completed,,[CTB] 屯门码头,[LRTFeeder] 兆麟,19:16:00,19:37:00,1156.0,1177.0,5.11,13.683957657246587,0.5844345206124955,0.5388213284216735,False,,,,0.0,,,,,0.0,0.0,0.0,0.0,,0.5388213284216735
1862-2-287-1917,1862,CURBUS00006,completed,,[LRTFeeder] 兆麟,[CTB] 屯门码头,19:17:00,19:38:00,1157.0,1178.0,4.5,12.548814222876326,0.5908586356647436,0.5490292549218225,False,,,,0.0,,,,,0.0,0.0,0.0,0.0,,0.5490292549218225
1884-1-448-1919,1884,CURBUS00147,completed,,[KMB] 天恒邨总站,[CTB] 天水围站 - 屏欣苑,19:19:00,19:37:00,1159.0,1177.0,2.71,3.877982934501538,0.5702593688286108,0.557332759046939,False,,,,0.0,,,,,0.0,0.0,0.0,0.0,,0.557332759046939
1884-2-448-1919,1884,CURBUS00084,completed,,[CTB] 天水围站 - 屏欣苑,[KMB] 天恒邨总站,19:19:00,19:37:00,1159.0,1177.0,2.67,7.035668426402495,0.7059586831625175,0.6825064550745092,False,,,,0.0,,,,,0.0,0.0,0.0,0.0,,0.6825064550745092
1884-1-288-1920,1884,CURBUS00122,completed,,[KMB] 天恒邨总站,[CTB] 天水围站 - 屏欣苑,19:20:00,19:38:00,1160.0,1178.0,2.71,7.854503316610068,0.5744452233791105,0.5482635456570769,False,,,,0.0,,,,,0.0,0.0,0.0,0.0,,0.5482635456570769
1884-2-288-1920,1884,CURBUS00150,completed,,[CTB] 天水围站 - 屏欣苑,[KMB] 天恒邨总站,19:20:00,19:38:00,1160.0,1178.0,2.67,8.544584396649004,0.694884251210799,0.666402303221969,False,,,,0.0,,,,,0.0,0.0,0.0,0.0,,0.666402303221969
1862-1-287-1920,1862,CURBUS00021,completed,,[CTB] 屯门码头,[LRTFeeder] 兆麟,19:20:00,19:41:00,1160.0,1181.0,5.11,7.882769956283126,0.601669912039004,0.5753940121847269,False,,,,0.0,,,,,0.0,0.0,0.0,0.0,,0.5753940121847269
1862-1-288-1920,1862,CURBUS00046,completed,,[CTB] 屯门码头,[LRTFeeder] 兆麟,19:20:00,19:41:00,1160.0,1181.0,5.11,7.948742609522944,0.588324723851143,0.5618289151527331,False,,,,0.0,,,,,0.0,0.0,0.0,0.0,,0.5618289151527331
1862-2-288-1920,1862,CURBUS00025,completed,,[LRTFeeder] 兆麟,[CTB] 屯门码头,19:20:00,19:41:00,1160.0,1181.0,4.5,6.522043990611871,0.5451971160413819,0.5234569694060089,False,,,,0.0,,,,,0.0,0.0,0.0,0.0,,0.5234569694060089
1862-2-287-1921,1862,CURBUS00041,completed,,[LRTFeeder] 兆麟,[CTB] 屯门码头,19:21:00,19:42:00,1161.0,1182.0,4.5,6.7018758195798895,0.5556222839943613,0.533282697929095,False,,,,0.0,,,,,0.0,0.0,0.0,0.0,,0.533282697929095
1862-2-448-1921,1862,CURBUS00053,completed,,[LRTFeeder] 兆麟,[CTB] 屯门码头,19:21:00,19:42:00,1161.0,1182.0,4.5,12.659433572219656,0.626514185068512,0.5843160731611131,False,,,,0.0,,,,,0.0,0.0,0.0,0.0,,0.5843160731611131
1862-1-448-1923,1862,CURBUS00076,completed,,[CTB] 屯门码头,[LRTFeeder] 兆麟,19:23:00,19:44:00,1163.0,1184.0,5.11,7.755425239410532,0.6053558159501969,0.5795043984854952,False,,,,0.0,,,,,0.0,0.0,0.0,0.0,,0.5795043984854952
1884-1-287-1926,1884,CURBUS00101,completed,,[KMB] 天恒邨总站,[CTB] 天水围站 - 屏欣苑,19:26:00,19:44:00,1166.0,1184.0,2.71,4.0669083415196,0.5821570926341252,0.5686007314957265,False,,,,0.0,,,,,0.0,0.0,0.0,0.0,,0.5686007314957265
1884-1-288-1926,1884,CURBUS00124,completed,,[KMB] 天恒邨总站,[CTB] 天水围站 - 屏欣苑,19:26:00,19:44:00,1166.0,1184.0,2.71,4.114281605665215,0.7133633280624893,0.6996490560436052,False,,,,0.0,,,,,0.0,0.0,0.0,0.0,,0.6996490560436052
1884-1-448-1926,1884,CURBUS00109,completed,,[KMB] 天恒邨总站,[CTB] 天水围站 - 屏欣苑,19:26:00,19:44:00,1166.0,1184.0,2.71,5.18827091500404,0.5677769765732481,0.5504827401899013,False,,,,0.0,,,,,0.0,0.0,0.0,0.0,,0.5504827401899013
1884-2-287-1926,1884,CURBUS00111,completed,,[CTB] 天水围站 - 屏欣苑,[KMB] 天恒邨总站,19:26:00,19:44:00,1166.0,1184.0,2.67,4.163962874705226,0.7082495348982454,0.694369658649228,False,,,,0.0,,,,,0.0,0.0,0.0,0.0,,0.694369658649228
1884-2-288-1926,1884,CURBUS00095,completed,,[CTB] 天水围站 - 屏欣苑,[KMB] 天恒邨总站,19:26:00,19:44:00,1166.0,1184.0,2.67,5.102827017155813,0.5695118939328496,0.5525024705423303,False,,,,0.0,,,,,0.0,0.0,0.0,0.0,,0.5525024705423303
1884-2-448-1926,1884,CURBUS00119,completed,,[CTB] 天水围站 - 屏欣苑,[KMB] 天恒邨总站,19:26:00,19:44:00,1166.0,1184.0,2.67,4.691609632872006,0.6839415516184665,0.6683028528422265,False,,,,0.0,,,,,0.0,0.0,0.0,0.0,,0.6683028528422265
1862-2-448-1928,1862,CURBUS00066,completed,,[LRTFeeder] 兆麟,[CTB] 屯门码头,19:28:00,19:49:00,1168.0,1189.0,4.5,6.923257859733034,0.5489196997466425,0.5258421735475324,False,,,,0.0,,,,,0.0,0.0,0.0,0.0,,0.5258421735475324
1884-1-287-1929,1884,CURBUS00107,completed,,[KMB] 天恒邨总站,[CTB] 天水围站 - 屏欣苑,19:29:00,19:47:00,1169.0,1187.0,2.71,4.171333339762165,0.5840968197295535,0.5701923752636796,False,,,,0.0,,,,,0.0,0.0,0.0,0.0,,0.5701923752636796
1884-2-287-1929,1884,CURBUS00110,completed,,[CTB] 天水围站 - 屏欣苑,[KMB] 天恒邨总站,19:29:00,19:47:00,1169.0,1187.0,2.67,4.082897724591308,0.6886033741617897,0.6749937150798188,False,,,,0.0,,,,,0.0,0.0,0.0,0.0,,0.6749937150798188
1862-1-287-1930,1862,CURBUS00054,completed,,[CTB] 屯门码头,[LRTFeeder] 兆麟,19:30:00,19:51:00,1170.0,1191.0,5.11,12.524336502747932,0.5676149775068742,0.525867189164381,False,,,,0.0,,,,,0.0,0.0,0.0,0.0,,0.525867189164381
1862-1-288-1930,1862,CURBUS00050,completed,,[CTB] 屯门码头,[LRTFeeder] 兆麟,19:30:00,19:51:00,1170.0,1191.0,5.11,8.097128212424007,0.5421016900791149,0.5151112627043682,False,,,,0.0,,,,,0.0,0.0,0.0,0.0,,0.5151112627043682
1862-1-448-1930,1862,CURBUS00020,completed,,[CTB] 屯门码头,[LRTFeeder] 兆麟,19:30:00,19:51:00,1170.0,1191.0,5.11,14.360386693159834,0.5701624939166401,0.522294538272774,False,,,,0.0,,,,,0.0,0.0,0.0,0.0,,0.522294538272774
1862-2-288-1930,1862,CURBUS00014,completed,,[LRTFeeder] 兆麟,[CTB] 屯门码头,19:30:00,19:51:00,1170.0,1191.0,4.5,6.197199895865687,0.5581227451081952,0.5374654121219762,False,,,,0.0,,,,,0.0,0.0,0.0,0.0,,0.5374654121219762
1862-2-287-1931,1862,CURBUS00015,completed,,[LRTFeeder] 兆麟,[CTB] 屯门码头,19:31:00,19:52:00,1171.0,1192.0,4.5,7.699502092634611,0.5526023850705646,0.5269373780951159,False,,,,0.0,,,,,0.0,0.0,0.0,0.0,,0.5269373780951159
1862-1-287-1934,1862,CURBUS00075,completed,,[CTB] 屯门码头,[LRTFeeder] 兆麟,19:34:00,19:55:00,1174.0,1195.0,5.11,8.189406720615539,0.603544682318583,0.5762466599165312,False,,,,0.0,,,,,0.0,0.0,0.0,0.0,,0.5762466599165312
1862-1-288-1935,1862,CURBUS00055,completed,,[CTB] 屯门码头,[LRTFeeder] 兆麟,19:35:00,19:56:00,1175.0,1196.0,5.11,11.226429625536005,0.5748466283315805,0.5374251962464605,False,,,,0.0,,,,,0.0,0.0,0.0,0.0,,0.5374251962464605
1862-2-287-1935,1862,CURBUS00051,completed,,[LRTFeeder] 兆麟,[CTB] 屯门码头,19:35:00,19:56:00,1175.0,1196.0,4.5,9.027881907533606,0.5350135776551141,0.5049206379633354,False,,,,0.0,,,,,0.0,0.0,0.0,0.0,,0.5049206379633354
1862-2-288-1935,1862,CURBUS00044,completed,,[LRTFeeder] 兆麟,[CTB] 屯门码头,19:35:00,19:56:00,1175.0,1196.0,4.5,8.793088416054086,0.5678375762625605,0.5385272815423802,False,,,,0.0,,,,,0.0,0.0,0.0,0.0,,0.5385272815423802
1884-1-288-1936,1884,CURBUS00106,completed,,[KMB] 天恒邨总站,[CTB] 天水围站 - 屏欣苑,19:36:00,19:54:00,1176.0,1194.0,2.71,4.50444769879734,0.6809210273171378,0.66590620165448,False,,,,0.0,,,,,0.0,0.0,0.0,0.0,,0.66590620165448
1884-1-448-1936,1884,CURBUS00088,completed,,[KMB] 天恒邨总站,[CTB] 天水围站 - 屏欣苑,19:36:00,19:54:00,1176.0,1194.0,2.71,4.488033200394561,0.6906384963564146,0.6756783856884327,False,,,,0.0,,,,,0.0,0.0,0.0,0.0,,0.6756783856884327
1884-2-288-1936,1884,CURBUS00132,completed,,[CTB] 天水围站 - 屏欣苑,[KMB] 天恒邨总站,19:36:00,19:54:00,1176.0,1194.0,2.67,7.572546512895662,0.6826550947568429,0.6574132730471908,False,,,,0.0,,,,,0.0,0.0,0.0,0.0,,0.6574132730471908
1884-2-448-1936,1884,CURBUS00136,completed,,[CTB] 天水围站 - 屏欣苑,[KMB] 天恒邨总站,19:36:00,19:54:00,1176.0,1194.0,2.67,6.173880165453383,0.6957342717692919,0.6751546712177806,False,,,,0.0,,,,,0.0,0.0,0.0,0.0,,0.6751546712177806
1862-2-448-1938,1862,CURBUS00036,completed,,[LRTFeeder] 兆麟,[CTB] 屯门码头,19:38:00,19:59:00,1178.0,1199.0,4.5,10.719488225767074,0.5326094288131004,0.4968778013938768,False,,,,0.0,,,,,0.0,0.0,0.0,0.0,,0.4968778013938768
1884-1-287-1939,1884,CURBUS00080,completed,,[KMB] 天恒邨总站,[CTB] 天水围站 - 屏欣苑,19:39:00,19:57:00,1179.0,1197.0,2.71,4.031490011100168,0.6751703560475223,0.6617320560105218,False,,,,0.0,,,,,0.0,0.0,0.0,0.0,,0.6617320560105218
1884-2-287-1939,1884,CURBUS00145,completed,,[CTB] 天水围站 - 屏欣苑,[KMB] 天恒邨总站,19:39:00,19:57:00,1179.0,1197.0,2.67,7.435599645623337,0.6837992150340166,0.6590138828819389,False,,,,0.0,,,,,0.0,0.0,0.0,0.0,,0.6590138828819389
1862-1-448-1940,1862,CURBUS00018,completed,,[CTB] 屯门码头,[LRTFeeder] 兆麟,19:40:00,20:01:00,1180.0,1201.0,5.11,7.994848540334544,0.562121681485393,0.5354721863509445,False,,,,0.0,,,,,0.0,0.0,0.0,0.0,,0.5354721863509445
1884-1-287-1942,1884,CURBUS00118,completed,,[KMB] 天恒邨总站,[CTB] 天水围站 - 屏欣苑,19:42:00,20:00:00,1182.0,1200.0,2.71,7.867713279526035,0.68025008912136,0.6540243781896066,False,,,,0.0,,,,,0.0,0.0,0.0,0.0,,0.6540243781896066
1884-1-288-1942,1884,CURBUS00128,completed,,[KMB] 天恒邨总站,[CTB] 天水围站 - 屏欣苑,19:42:00,20:00:00,1182.0,1200.0,2.71,3.92444195564512,0.6792773101988889,0.6661958370134052,False,,,,0.0,,,,,0.0,0.0,0.0,0.0,,0.6661958370134052
1884-2-287-1942,1884,CURBUS00096,completed,,[CTB] 天水围站 - 屏欣苑,[KMB] 天恒邨总站,19:42:00,20:00:00,1182.0,1200.0,2.67,8.461287549934191,0.6692054593482257,0.6410011675151117,False,,,,0.0,,,,,0.0,0.0,0.0,0.0,,0.6410011675151117
1884-2-288-1942,1884,CURBUS00143,completed,,[CTB] 天水围站 - 屏欣苑,[KMB] 天恒邨总站,19:42:00,20:00:00,1182.0,1200.0,2.67,7.120871568709124,0.6605209636804295,0.6367847251180657,False,,,,0.0,,,,,0.0,0.0,0.0,0.0,,0.6367847251180657
1884-1-448-1943,1884,CURBUS00112,completed,,[KMB] 天恒邨总站,[CTB] 天水围站 - 屏欣苑,19:43:00,20:01:00,1183.0,1201.0,2.71,4.035791561778917,0.654677502730132,0.641224864190869,False,,,,0.0,,,,,0.0,0.0,0.0,0.0,,0.641224864190869
1884-2-448-1943,1884,CURBUS00087,completed,,[CTB] 天水围站 - 屏欣苑,[KMB] 天恒邨总站,19:43:00,20:01:00,1183.0,1201.0,2.67,5.979625722810847,0.6742808954164916,0.6543488096737888,False,,,,0.0,,,,,0.0,0.0,0.0,0.0,,0.6543488096737888
1862-1-287-1944,1862,CURBUS00039,completed,,[CTB] 屯门码头,[LRTFeeder] 兆麟,19:44:00,20:05:00,1184.0,1205.0,5.11,12.415456446956007,0.5088243286463836,0.4674394738231969,False,,,,0.0,,,,,0.0,0.0,0.0,0.0,,0.4674394738231969
1862-1-288-1945,1862,CURBUS00035,completed,,[CTB] 屯门码头,[LRTFeeder] 兆麟,19:45:00,20:06:00,1185.0,1206.0,5.11,11.730486988939568,0.49195727023962593,0.4528556469431607,False,,,,0.0,,,,,0.0,0.0,0.0,0.0,,0.4528556469431607
1862-2-287-1945,1862,CURBUS00030,completed,,[LRTFeeder] 兆麟,[CTB] 屯门码头,19:45:00,20:06:00,1185.0,1206.0,4.5,13.287887100201823,0.5759544106496063,0.5316614536489336,False,,,,0.0,,,,,0.0,0.0,0.0,0.0,,0.5316614536489336
1862-2-288-1945,1862,CURBUS00056,completed,,[LRTFeeder] 兆麟,[CTB] 屯门码头,19:45:00,20:06:00,1185.0,1206.0,4.5,9.769725659180148,0.5422357822663554,0.5096700300690882,False,,,,0.0,,,,,0.0,0.0,0.0,0.0,,0.5096700300690882
1862-2-448-1945,1862,CURBUS00016,completed,,[LRTFeeder] 兆麟,[CTB] 屯门码头,19:45:00,20:06:00,1185.0,1206.0,4.5,6.828847293632081,0.49994236681414095,0.47717954250203404,False,,,,0.0,,,,,0.0,0.0,0.0,0.0,,0.47717954250203404
1862-1-448-1947,1862,CURBUS00042,completed,,[CTB] 屯门码头,[LRTFeeder] 兆麟,19:47:00,20:08:00,1187.0,1208.0,5.11,13.633019025833065,0.5554061202847514,0.5099627235319746,False,,,,0.0,,,,,0.0,0.0,0.0,0.0,,0.5099627235319746
1862-1-287-1948,1862,CURBUS00065,completed,,[CTB] 屯门码头,[LRTFeeder] 兆麟,19:48:00,20:09:00,1188.0,1209.0,5.11,12.316453942414082,0.5558741395550774,0.5148192930803638,False,,,,0.0,,,,,0.0,0.0,0.0,0.0,,0.5148192930803638
1862-2-287-1949,1862,CURBUS00002,completed,,[LRTFeeder] 兆麟,[CTB] 屯门码头,19:49:00,20:10:00,1189.0,1210.0,4.5,6.411939092121212,0.541207291974092,0.5198341616670213,False,,,,0.0,,,,,0.0,0.0,0.0,0.0,,0.5198341616670213
1862-1-288-1950,1862,CURBUS00017,completed,,[CTB] 屯门码头,[LRTFeeder] 兆麟,19:50:00,20:11:00,1190.0,1211.0,5.11,8.086796930467639,0.5242314745799644,0.497275484811739,False,,,,0.0,,,,,0.0,0.0,0.0,0.0,,0.497275484811739
1862-2-288-1950,1862,CURBUS00062,completed,,[LRTFeeder] 兆麟,[CTB] 屯门码头,19:50:00,20:11:00,1190.0,1211.0,4.5,8.906935070690356,0.5686272002233219,0.538937416654354,False,,,,0.0,,,,,0.0,0.0,0.0,0.0,,0.538937416654354
1884-1-287-1952,1884,CURBUS00114,completed,,[KMB] 天恒邨总站,[CTB] 天水围站 - 屏欣苑,19:52:00,20:10:00,1192.0,1210.0,2.71,4.227719461645747,0.6618027607467938,0.647710362541308,False,,,,0.0,,,,,0.0,0.0,0.0,0.0,,0.647710362541308
1884-1-288-1952,1884,CURBUS00090,completed,,[KMB] 天恒邨总站,[CTB] 天水围站 - 屏欣苑,19:52:00,20:10:00,1192.0,1210.0,2.71,7.73749348287132,0.651896997826477,0.6261053528835726,False,,,,0.0,,,,,0.0,0.0,0.0,0.0,,0.6261053528835726
1884-2-287-1952,1884,CURBUS00098,completed,,[CTB] 天水围站 - 屏欣苑,[KMB] 天恒邨总站,19:52:00,20:10:00,1192.0,1210.0,2.67,4.280859975108959,0.6411517222566392,0.626882189006276,False,,,,0.0,,,,,0.0,0.0,0.0,0.0,,0.626882189006276
1884-2-288-1952,1884,CURBUS00089,completed,,[CTB] 天水围站 - 屏欣苑,[KMB] 天恒邨总站,19:52:00,20:10:00,1192.0,1210.0,2.67,3.981235596208013,0.6518584712851426,0.6385876859644493,False,,,,0.0,,,,,0.0,0.0,0.0,0.0,,0.6385876859644493
1884-1-448-1953,1884,CURBUS00133,completed,,[KMB] 天恒邨总站,[CTB] 天水围站 - 屏欣苑,19:53:00,20:11:00,1193.0,1211.0,2.71,6.375973307142789,0.6430326742838439,0.6217794299267013,False,,,,0.0,,,,,0.0,0.0,0.0,0.0,,0.6217794299267013
1884-2-448-1953,1884,CURBUS00149,completed,,[CTB] 天水围站 - 屏欣苑,[KMB] 天恒邨总站,19:53:00,20:11:00,1193.0,1211.0,2.67,7.323603158348463,0.6628824157664939,0.6384704052386656,False,,,,0.0,,,,,0.0,0.0,0.0,0.0,,0.6384704052386656
1884-1-287-1955,1884,CURBUS00138,completed,,[KMB] 天恒邨总站,[CTB] 天水围站 - 屏欣苑,19:55:00,20:13:00,1195.0,1213.0,2.71,6.208882077435271,0.6390183296546842,0.6183220560632333,False,,,,0.0,,,,,0.0,0.0,0.0,0.0,,0.6183220560632333
1884-2-287-1955,1884,CURBUS00134,completed,,[CTB] 天水围站 - 屏欣苑,[KMB] 天恒邨总站,19:55:00,20:13:00,1195.0,1213.0,2.67,8.324874879586034,0.6479947624627165,0.6202451795307631,False,,,,0.0,,,,,0.0,0.0,0.0,0.0,,0.6202451795307631
1862-2-448-1955,1862,CURBUS00031,completed,,[LRTFeeder] 兆麟,[CTB] 屯门码头,19:55:00,20:16:00,1195.0,1216.0,4.5,9.26044320188008,0.5559934081951772,0.5251252641889103,False,,,,0.0,,,,,0.0,0.0,0.0,0.0,,0.5251252641889103
1862-1-448-1957,1862,CURBUS00047,completed,,[CTB] 屯门码头,[LRTFeeder] 兆麟,19:57:00,20:18:00,1197.0,1218.0,5.11,11.815104040231684,0.5525996691980167,0.5132159890639111,False,,,,0.0,,,,,0.0,0.0,0.0,0.0,,0.5132159890639111
1884-1-288-1958,1884,CURBUS00113,completed,,[KMB] 天恒邨总站,[CTB] 天水围站 - 屏欣苑,19:58:00,20:16:00,1198.0,1216.0,2.71,5.663312546394054,0.6278662637812236,0.6089885552932434,False,,,,0.0,,,,,0.0,0.0,0.0,0.0,,0.6089885552932434
1884-2-288-1958,1884,CURBUS00130,completed,,[CTB] 天水围站 - 屏欣苑,[KMB] 天恒邨总站,19:58:00,20:16:00,1198.0,1216.0,2.67,4.2916101080276094,0.6356944284383738,0.6213890614116151,False,,,,0.0,,,,,0.0,0.0,0.0,0.0,,0.6213890614116151
1862-1-287-1958,1862,CURBUS00026,completed,,[CTB] 屯门码头,[LRTFeeder] 兆麟,19:58:00,20:19:00,1198.0,1219.0,5.11,8.779621841820271,0.517820907682026,0.4885555015426251,False,,,,0.0,,,,,0.0,0.0,0.0,0.0,,0.4885555015426251
1862-2-287-1959,1862,CURBUS00072,completed,,[LRTFeeder] 兆麟,[CTB] 屯门码头,19:59:00,20:20:00,1199.0,1220.0,4.5,7.15263000221566,0.536090900814652,0.5122488008072665,False,,,,0.0,,,,,0.0,0.0,0.0,0.0,,0.5122488008072665
1884-1-448-2000,1884,CURBUS00099,completed,,[KMB] 天恒邨总站,[CTB] 天水围站 - 屏欣苑,20:00:00,20:18:00,1200.0,1218.0,2.71,7.110438322657677,0.6317245117828661,0.6080230507073405,False,,,,0.0,,,,,0.0,0.0,0.0,0.0,,0.6080230507073405
1884-2-448-2000,1884,CURBUS00100,completed,,[CTB] 天水围站 - 屏欣苑,[KMB] 天恒邨总站,20:00:00,20:18:00,1200.0,1218.0,2.67,3.8693005389125257,0.64200727523078,0.6291096067677383,False,,,,0.0,,,,,0.0,0.0,0.0,0.0,,0.6291096067677383
1862-1-288-2000,1862,CURBUS00019,completed,,[CTB] 屯门码头,[LRTFeeder] 兆麟,20:00:00,20:21:00,1200.0,1221.0,5.11,7.831583297788431,0.5263575135327812,0.5002522358734863,False,,,,0.0,,,,,0.0,0.0,0.0,0.0,,0.5002522358734863
1862-2-288-2000,1862,CURBUS00043,completed,,[LRTFeeder] 兆麟,[CTB] 屯门码头,20:00:00,20:21:00,1200.0,1221.0,4.5,7.147120423989482,0.5199279557354562,0.4961042209888246,False,,,,0.0,,,,,0.0,0.0,0.0,0.0,,0.4961042209888246
1862-1-287-2002,1862,CURBUS00022,completed,,[CTB] 屯门码头,[LRTFeeder] 兆麟,20:02:00,20:23:00,1202.0,1223.0,5.11,10.422335881597188,0.4999107567186011,0.46516963711327713,False,,,,0.0,,,,,0.0,0.0,0.0,0.0,,0.46516963711327713
1862-2-448-2002,1862,CURBUS00048,completed,,[LRTFeeder] 兆麟,[CTB] 屯门码头,20:02:00,20:23:00,1202.0,1223.0,4.5,11.643616909622295,0.5191207759460109,0.4803087195806033,False,,,,0.0,,,,,0.0,0.0,0.0,0.0,,0.4803087195806033
1862-2-287-2003,1862,CURBUS00007,completed,,[LRTFeeder] 兆麟,[CTB] 屯门码头,20:03:00,20:24:00,1203.0,1224.0,4.5,9.22281365176521,0.5217290692613357,0.49098635708878496,False,,,,0.0,,,,,0.0,0.0,0.0,0.0,,0.49098635708878496
1862-1-448-2004,1862,CURBUS00070,completed,,[CTB] 屯门码头,[LRTFeeder] 兆麟,20:04:00,20:25:00,1204.0,1225.0,5.11,7.09785412552748,0.48619948908121163,0.46253997532945335,False,,,,0.0,,,,,0.0,0.0,0.0,0.0,,0.46253997532945335
1884-1-287-2005,1884,CURBUS00115,completed,,[KMB] 天恒邨总站,[CTB] 天水围站 - 屏欣苑,20:05:00,20:23:00,1205.0,1223.0,2.71,8.847958683141675,0.6399180943218661,0.6104248987113938,False,,,,0.0,,,,,0.0,0.0,0.0,0.0,,0.6104248987113938
1884-2-287-2005,1884,CURBUS00103,completed,,[CTB] 天水围站 - 屏欣苑,[KMB] 天恒邨总站,20:05:00,20:23:00,1205.0,1223.0,2.67,4.309084647006072,0.634501255550023,0.6201376400600028,False,,,,0.0,,,,,0.0,0.0,0.0,0.0,,0.6201376400600028
1862-1-288-2005,1862,CURBUS00037,completed,,[CTB] 屯门码头,[LRTFeeder] 兆麟,20:05:00,20:26:00,1205.0,1226.0,5.11,6.893360383189932,0.47431183313154335,0.4513339651875769,False,,,,0.0,,,,,0.0,0.0,0.0,0.0,,0.4513339651875769
1862-2-288-2005,1862,CURBUS00011,completed,,[LRTFeeder] 兆麟,[CTB] 屯门码头,20:05:00,20:26:00,1205.0,1226.0,4.5,10.284192724337723,0.526300566359643,0.4920199239451839,False,,,,0.0,,,,,0.0,0.0,0.0,0.0,,0.4920199239451839
1884-1-287-2008,1884,CURBUS00094,completed,,[KMB] 天恒邨总站,[CTB] 天水围站 - 屏欣苑,20:08:00,20:26:00,1208.0,1226.0,2.71,3.846195729540079,0.6249372636610827,0.6121166112292824,False,,,,0.0,,,,,0.0,0.0,0.0,0.0,,0.6121166112292824
1884-1-288-2008,1884,CURBUS00141,completed,,[KMB] 天恒邨总站,[CTB] 天水围站 - 屏欣苑,20:08:00,20:26:00,1208.0,1226.0,2.71,4.01148720792895,0.6273225664784716,0.6139509424520417,False,,,,0.0,,,,,0.0,0.0,0.0,0.0,,0.6139509424520417
1884-2-287-2008,1884,CURBUS00091,completed,,[CTB] 天水围站 - 屏欣苑,[KMB] 天恒邨总站,20:08:00,20:26:00,1208.0,1226.0,2.67,4.100223797629103,0.6166769167797685,0.6030095041210048,False,,,,0.0,,,,,0.0,0.0,0.0,0.0,,0.6030095041210048
1884-2-288-2008,1884,CURBUS00129,completed,,[CTB] 天水围站 - 屏欣苑,[KMB] 天恒邨总站,20:08:00,20:26:00,1208.0,1226.0,2.67,4.162132453360541,0.6165552469409432,0.6026814720964081,False,,,,0.0,,,,,0.0,0.0,0.0,0.0,,0.6026814720964081
1884-1-448-2010,1884,CURBUS00135,completed,,[KMB] 天恒邨总站,[CTB] 天水围站 - 屏欣苑,20:10:00,20:28:00,1210.0,1228.0,2.71,3.815348665012302,0.6085846077402512,0.5958667788568769,False,,,,0.0,,,,,0.0,0.0,0.0,0.0,,0.5958667788568769
1884-2-448-2010,1884,CURBUS00086,completed,,[CTB] 天水围站 - 屏欣苑,[KMB] 天恒邨总站,20:10:00,20:28:00,1210.0,1228.0,2.67,4.446995219075363,0.6193875466475205,0.6045642292506026,False,,,,0.0,,,,,0.0,0.0,0.0,0.0,,0.6045642292506026
1862-1-287-2012,1862,CURBUS00001,completed,,[CTB] 屯门码头,[LRTFeeder] 兆麟,20:12:00,20:33:00,1212.0,1233.0,5.11,8.781372853639557,0.5234494603454268,0.49417821749996166,False,,,,0.0,,,,,0.0,0.0,0.0,0.0,,0.49417821749996166
1862-2-448-2012,1862,CURBUS00045,completed,,[LRTFeeder] 兆麟,[CTB] 屯门码头,20:12:00,20:33:00,1212.0,1233.0,4.5,8.223858120045502,0.49057351195737886,0.4631606515572272,False,,,,0.0,,,,,0.0,0.0,0.0,0.0,,0.4631606515572272
1862-2-287-2013,1862,CURBUS00008,completed,,[LRTFeeder] 兆麟,[CTB] 屯门码头,20:13:00,20:34:00,1213.0,1234.0,4.5,6.093850207824525,0.49036710112977155,0.4700542671036898,False,,,,0.0,,,,,0.0,0.0,0.0,0.0,,0.4700542671036898
1884-1-288-2014,1884,CURBUS00120,completed,,[KMB] 天恒邨总站,[CTB] 天水围站 - 屏欣苑,20:14:00,20:32:00,1214.0,1232.0,2.71,7.361464711327051,0.6128669954379758,0.5883287797335524,False,,,,0.0,,,,,0.0,0.0,0.0,0.0,,0.5883287797335524
1884-2-288-2014,1884,CURBUS00104,completed,,[CTB] 天水围站 - 屏欣苑,[KMB] 天恒邨总站,20:14:00,20:32:00,1214.0,1232.0,2.67,8.634086817588976,0.6134509076533194,0.5846706182613561,False,,,,0.0,,,,,0.0,0.0,0.0,0.0,,0.5846706182613561
1862-1-448-2014,1862,CURBUS00060,completed,,[CTB] 屯门码头,[LRTFeeder] 兆麟,20:14:00,20:35:00,1214.0,1235.0,5.11,10.87904409167238,0.499062281276398,0.46279880097082343,False,,,,0.0,,,,,0.0,0.0,0.0,0.0,,0.46279880097082343
1862-1-288-2015,1862,CURBUS00003,completed,,[CTB] 屯门码头,[LRTFeeder] 兆麟,20:15:00,20:36:00,1215.0,1236.0,5.11,12.64501768486753,0.5340576195580229,0.49190756060846447,False,,,,0.0,,,,,0.0,0.0,0.0,0.0,,0.49190756060846447
1862-2-288-2015,1862,CURBUS00052,completed,,[LRTFeeder] 兆麟,[CTB] 屯门码头,20:15:00,20:36:00,1215.0,1236.0,4.5,5.9700284083608945,0.5094722204599055,0.4895721257653692,False,,,,0.0,,,,,0.0,0.0,0.0,0.0,,0.4895721257653692
1862-1-287-2016,1862,CURBUS00005,completed,,[CTB] 屯门码头,[LRTFeeder] 兆麟,20:16:00,20:37:00,1216.0,1237.0,5.11,6.878033716827516,0.4965341912630021,0.4736074122069104,False,,,,0.0,,,,,0.0,0.0,0.0,0.0,,0.4736074122069104
1884-1-448-2017,1884,CURBUS00117,completed,,[KMB] 天恒邨总站,[CTB] 天水围站 - 屏欣苑,20:17:00,20:35:00,1217.0,1235.0,2.71,4.603805343337652,0.6071302548636572,0.5917842370525317,False,,,,0.0,,,,,0.0,0.0,0.0,0.0,,0.5917842370525317
1884-2-448-2017,1884,CURBUS00125,completed,,[CTB] 天水围站 - 屏欣苑,[KMB] 天恒邨总站,20:17:00,20:35:00,1217.0,1235.0,2.67,5.694193926918272,0.5976576352570252,0.5786769888339643,False,,,,0.0,,,,,0.0,0.0,0.0,0.0,,0.5786769888339643
1862-2-287-2017,1862,CURBUS00073,completed,,[LRTFeeder] 兆麟,[CTB] 屯门码头,20:17:00,20:38:00,1217.0,1238.0,4.5,11.550212151278686,0.5054288370216371,0.46692812985070814,False,,,,0.0,,,,,0.0,0.0,0.0,0.0,,0.46692812985070814
1884-1-287-2018,1884,CURBUS00102,completed,,[KMB] 天恒邨总站,[CTB] 天水围站 - 屏欣苑,20:18:00,20:36:00,1218.0,1236.0,2.71,5.740149970545169,0.5968386344179787,0.5777048011828281,False,,,,0.0,,,,,0.0,0.0,0.0,0.0,,0.5777048011828281
1884-2-287-2018,1884,CURBUS00146,completed,,[CTB] 天水围站 - 屏欣苑,[KMB] 天恒邨总站,20:18:00,20:36:00,1218.0,1236.0,2.67,4.404623769639705,0.6061379806380517,0.5914559014059193,False,,,,0.0,,,,,0.0,0.0,0.0,0.0,,0.5914559014059193
1862-2-448-2019,1862,CURBUS00010,completed,,[LRTFeeder] 兆麟,[CTB] 屯门码头,20:19:00,20:40:00,1219.0,1240.0,4.5,13.03125686115254,0.5281215023365488,0.4846839794660403,False,,,,0.0,,,,,0.0,0.0,0.0,0.0,,0.4846839794660403
1862-1-288-2020,1862,CURBUS00013,completed,,[CTB] 屯门码头,[LRTFeeder] 兆麟,20:20:00,20:41:00,1220.0,1241.0,5.11,7.499512654037929,0.502097054436288,0.4770986789228283,False,,,,0.0,,,,,0.0,0.0,0.0,0.0,,0.4770986789228283
1862-2-288-2020,1862,CURBUS00067,completed,,[LRTFeeder] 兆麟,[CTB] 屯门码头,20:20:00,20:41:00,1220.0,1241.0,4.5,6.353505598159567,0.4917011757023356,0.47052282370847043,False,,,,0.0,,,,,0.0,0.0,0.0,0.0,,0.47052282370847043
1884-1-287-2021,1884,CURBUS00123,completed,,[KMB] 天恒邨总站,[CTB] 天水围站 - 屏欣苑,20:21:00,20:39:00,1221.0,1239.0,2.71,4.514186844022641,0.6021884878696353,0.5871411983895598,False,,,,0.0,,,,,0.0,0.0,0.0,0.0,,0.5871411983895598
1884-2-287-2021,1884,CURBUS00121,completed,,[CTB] 天水围站 - 屏欣苑,[KMB] 天恒邨总站,20:21:00,20:39:00,1221.0,1239.0,2.67,4.001589900812175,0.6062258442117237,0.5928872112090164,False,,,,0.0,,,,,0.0,0.0,0.0,0.0,,0.5928872112090164
1862-1-448-2021,1862,CURBUS00071,completed,,[CTB] 屯门码头,[LRTFeeder] 兆麟,20:21:00,20:42:00,1221.0,1242.0,5.11,7.125758245415734,0.4911249309404891,0.46737240345576997,False,,,,0.0,,,,,0.0,0.0,0.0,0.0,,0.46737240345576997
1884-1-288-2024,1884,CURBUS00148,completed,,[KMB] 天恒邨总站,[CTB] 天水围站 - 屏欣苑,20:24:00,20:42:00,1224.0,1242.0,2.71,5.314277684003961,0.5893509602243493,0.5716367012776694,False,,,,0.0,,,,,0.0,0.0,0.0,0.0,,0.5716367012776694
1884-2-288-2024,1884,CURBUS00085,completed,,[CTB] 天水围站 - 屏欣苑,[KMB] 天恒邨总站,20:24:00,20:42:00,1224.0,1242.0,2.67,6.982586941033132,0.608888789895992,0.5856135000925483,False,,,,0.0,,,,,0.0,0.0,0.0,0.0,,0.5856135000925483
1862-1-287-2026,1862,CURBUS00079,completed,,[CTB] 屯门码头,[LRTFeeder] 兆麟,20:26:00,20:47:00,1226.0,1247.0,5.11,8.285142581517285,0.47582378794275243,0.4482066460043615,False,,,,0.0,,,,,0.0,0.0,0.0,0.0,,0.4482066460043615
1884-1-448-2027,1884,CURBUS00126,completed,,[KMB] 天恒邨总站,[CTB] 天水围站 - 屏欣苑,20:27:00,20:45:00,1227.0,1245.0,2.71,7.8271078421939,0.5947098397329053,0.5686194802589256,False,,,,0.0,,,,,0.0,0.0,0.0,0.0,,0.5686194802589256
1884-2-448-2027,1884,CURBUS00139,completed,,[CTB] 天水围站 - 屏欣苑,[KMB] 天恒邨总站,20:27:00,20:45:00,1227.0,1245.0,2.67,3.828727204793899,0.6090950212932257,0.596332597277246,False,,,,0.0,,,,,0.0,0.0,0.0,0.0,,0.596332597277246
1862-2-287-2027,1862,CURBUS00069,completed,,[LRTFeeder] 兆麟,[CTB] 屯门码头,20:27:00,20:48:00,1227.0,1248.0,4.5,6.163049861893256,0.4839488394224774,0.4634053398828332,False,,,,0.0,,,,,0.0,0.0,0.0,0.0,,0.4634053398828332
1862-2-448-2029,1862,CURBUS00033,completed,,[LRTFeeder] 兆麟,[CTB] 屯门码头,20:29:00,20:50:00,1229.0,1250.0,4.5,6.322382865337455,0.46919147516544246,0.4481168656143176,False,,,,0.0,,,,,0.0,0.0,0.0,0.0,,0.4481168656143176
1884-1-288-2030,1884,CURBUS00127,completed,,[KMB] 天恒邨总站,[CTB] 天水围站 - 屏欣苑,20:30:00,20:48:00,1230.0,1248.0,2.71,4.883804540960977,0.5919306892440418,0.5756513407741719,False,,,,0.0,,,,,0.0,0.0,0.0,0.0,,0.5756513407741719
1884-2-288-2030,1884,CURBUS00082,completed,,[CTB] 天水围站 - 屏欣苑,[KMB] 天恒邨总站,20:30:00,20:48:00,1230.0,1248.0,2.67,4.228904369550853,0.594020963565316,0.5799246156668131,False,,,,0.0,,,,,0.0,0.0,0.0,0.0,,0.5799246156668131
1862-1-287-2030,1862,CURBUS00068,completed,,[CTB] 屯门码头,[LRTFeeder] 兆麟,20:30:00,20:51:00,1230.0,1251.0,5.11,11.077817557548974,0.4922198981630872,0.45529383963792397,False,,,,0.0,,,,,0.0,0.0,0.0,0.0,,0.45529383963792397
1862-1-288-2030,1862,CURBUS00058,completed,,[CTB] 屯门码头,[LRTFeeder] 兆麟,20:30:00,20:51:00,1230.0,1251.0,5.11,8.520001726665935,0.48622245013345433,0.4578224443779012,False,,,,0.0,,,,,0.0,0.0,0.0,0.0,,0.4578224443779012
1862-2-288-2030,1862,CURBUS00077,completed,,[LRTFeeder] 兆麟,[CTB] 屯门码头,20:30:00,20:51:00,1230.0,1251.0,4.5,7.012551751466885,0.48118244917267844,0.4578072766677888,False,,,,0.0,,,,,0.0,0.0,0.0,0.0,,0.4578072766677888
1884-1-287-2031,1884,CURBUS00131,completed,,[KMB] 天恒邨总站,[CTB] 天水围站 - 屏欣苑,20:31:00,20:49:00,1231.0,1249.0,2.71,7.351257047838391,0.5753644824429719,0.5508602922835106,False,,,,0.0,,,,,0.0,0.0,0.0,0.0,,0.5508602922835106
1884-2-287-2031,1884,CURBUS00083,completed,,[CTB] 天水围站 - 屏欣苑,[KMB] 天恒邨总站,20:31:00,20:49:00,1231.0,1249.0,2.67,5.747487808010871,0.5956988966687555,0.576540603975386,False,,,,0.0,,,,,0.0,0.0,0.0,0.0,,0.576540603975386
1862-1-448-2031,1862,CURBUS00028,completed,,[CTB] 屯门码头,[LRTFeeder] 兆麟,20:31:00,20:52:00,1231.0,1252.0,5.11,6.667712924140964,0.4369510890329227,0.4147253792857861,False,,,,0.0,,,,,0.0,0.0,0.0,0.0,,0.4147253792857861
1862-2-287-2031,1862,CURBUS00040,completed,,[LRTFeeder] 兆麟,[CTB] 屯门码头,20:31:00,20:52:00,1231.0,1252.0,4.5,9.009181726774193,0.4322372371972363,0.4022066314413223,False,,,,0.0,,,,,0.0,0.0,0.0,0.0,,0.4022066314413223
1884-1-287-2034,1884,CURBUS00105,completed,,[KMB] 天恒邨总站,[CTB] 天水围站 - 屏欣苑,20:34:00,20:52:00,1234.0,1252.0,2.71,7.900983507351676,0.5836327862061014,0.5572961745149291,False,,,,0.0,,,,,0.0,0.0,0.0,0.0,,0.5572961745149291
1884-1-448-2034,1884,CURBUS00081,completed,,[KMB] 天恒邨总站,[CTB] 天水围站 - 屏欣苑,20:34:00,20:52:00,1234.0,1252.0,2.71,3.828894415529356,0.5907837433868669,0.578020762001769,False,,,,0.0,,,,,0.0,0.0,0.0,0.0,,0.578020762001769
1884-2-287-2034,1884,CURBUS00144,completed,,[CTB] 天水围站 - 屏欣苑,[KMB] 天恒邨总站,20:34:00,20:52:00,1234.0,1252.0,2.67,4.169092579032072,0.5854166322685573,0.5715196570051171,False,,,,0.0,,,,,0.0,0.0,0.0,0.0,,0.5715196570051171
1884-2-448-2034,1884,CURBUS00093,completed,,[CTB] 天水围站 - 屏欣苑,[KMB] 天恒邨总站,20:34:00,20:52:00,1234.0,1252.0,2.67,6.260588681400257,0.5813145508703835,0.5604459219323826,False,,,,0.0,,,,,0.0,0.0,0.0,0.0,,0.5604459219323826
1862-1-288-2035,1862,CURBUS00049,completed,,[CTB] 屯门码头,[LRTFeeder] 兆麟,20:35:00,20:56:00,1235.0,1256.0,5.11,7.04474277247052,0.4374906954550245,0.41400821954678946,False,,,,0.0,,,,,0.0,0.0,0.0,0.0,,0.41400821954678946
1862-2-288-2035,1862,CURBUS00078,completed,,[LRTFeeder] 兆麟,[CTB] 屯门码头,20:35:00,20:56:00,1235.0,1256.0,4.5,10.592085864574642,0.6267196883285546,0.5914127354466392,False,,,,0.0,,,,,0.0,0.0,0.0,0.0,,0.5914127354466392
1862-2-448-2036,1862,CURBUS00024,completed,,[LRTFeeder] 兆麟,[CTB] 屯门码头,20:36:00,20:57:00,1236.0,1257.0,4.5,11.141474115191969,0.6014114458027188,0.5642731987520788,False,,,,0.0,,,,,0.0,0.0,0.0,0.0,,0.5642731987520788
1862-1-448-2038,1862,CURBUS00027,completed,,[CTB] 屯门码头,[LRTFeeder] 兆麟,20:38:00,20:59:00,1238.0,1259.0,5.11,13.413261591790384,0.6128373707950541,0.5681264988224195,False,,,,0.0,,,,,0.0,0.0,0.0,0.0,,0.5681264988224195
1884-1-288-2040,1884,CURBUS00092,completed,,[KMB] 天恒邨总站,[CTB] 天水围站 - 屏欣苑,20:40:00,20:58:00,1240.0,1258.0,2.71,7.17026241083655,0.5775585083409247,0.5536576336381362,False,,,,0.0,,,,,0.0,0.0,0.0,0.0,,0.5536576336381362
1884-2-288-2040,1884,CURBUS00097,completed,,[CTB] 天水围站 - 屏欣苑,[KMB] 天恒邨总站,20:40:00,20:58:00,1240.0,1258.0,2.67,3.999536387708736,0.7007970337411794,0.6874652457821503,False,,,,0.0,,,,,0.0,0.0,0.0,0.0,,0.6874652457821503
1862-1-287-2040,1862,CURBUS00029,completed,,[CTB] 屯门码头,[LRTFeeder] 兆麟,20:40:00,21:01:00,1240.0,1261.0,5.11,6.753211745015772,0.572688620329145,0.5501779145124258,False,,,,0.0,,,,,0.0,0.0,0.0,0.0,,0.5501779145124258
1862-2-287-2041,1862,CURBUS00063,completed,,[LRTFeeder] 兆麟,[CTB] 屯门码头,20:41:00,21:02:00,1241.0,1262.0,4.5,12.84481235069967,0.5775488312704203,0.5347327901014214,False,,,,0.0,,,,,0.0,0.0,0.0,0.0,,0.5347327901014214
1884-1-287-2044,1884,CURBUS00137,completed,,[KMB] 天恒邨总站,[CTB] 天水围站 - 屏欣苑,20:44:00,21:02:00,1244.0,1262.0,2.71,4.4683578451602814,0.5536503304789174,0.5387558043283831,False,,,,0.0,,,,,0.0,0.0,0.0,0.0,,0.5387558043283831
1884-1-448-2044,1884,CURBUS00140,completed,,[KMB] 天恒邨总站,[CTB] 天水围站 - 屏欣苑,20:44:00,21:02:00,1244.0,1262.0,2.71,4.376083607538649,0.6778504002000287,0.6632634548415666,False,,,,0.0,,,,,0.0,0.0,0.0,0.0,,0.6632634548415666
1884-2-287-2044,1884,CURBUS00116,completed,,[CTB] 天水围站 - 屏欣苑,[KMB] 天恒邨总站,20:44:00,21:02:00,1244.0,1262.0,2.67,3.6338023508189656,0.5793466370936347,0.5672339625909048,False,,,,0.0,,,,,0.0,0.0,0.0,0.0,,0.5672339625909048
1884-2-448-2044,1884,CURBUS00108,completed,,[CTB] 天水围站 - 屏欣苑,[KMB] 天恒邨总站,20:44:00,21:02:00,1244.0,1262.0,2.67,4.001272184932638,0.677835656853263,0.6644980829034876,False,,,,0.0,,,,,0.0,0.0,0.0,0.0,,0.6644980829034876
1862-1-287-2044,1862,CURBUS00038,completed,,[CTB] 屯门码头,[LRTFeeder] 兆麟,20:44:00,21:05:00,1244.0,1265.0,5.11,11.393964173929998,0.6182870690148499,0.5803071884350832,False,,,,0.0,,,,,0.0,0.0,0.0,0.0,,0.5803071884350832
1862-1-288-2045,1862,CURBUS00061,completed,,[CTB] 屯门码头,[LRTFeeder] 兆麟,20:45:00,21:06:00,1245.0,1266.0,5.11,12.013363828886249,0.5767299110422885,0.536685364946001,False,,,,0.0,,,,,0.0,0.0,0.0,0.0,,0.536685364946001
1862-2-287-2045,1862,CURBUS00057,completed,,[LRTFeeder] 兆麟,[CTB] 屯门码头,20:45:00,21:06:00,1245.0,1266.0,4.5,6.109074538306955,0.5868817477964634,0.5665181660021069,False,,,,0.0,,,,,0.0,0.0,0.0,0.0,,0.5665181660021069
1862-2-288-2045,1862,CURBUS00023,completed,,[LRTFeeder] 兆麟,[CTB] 屯门码头,20:45:00,21:06:00,1245.0,1266.0,4.5,6.311974192386498,0.584630514099927,0.5635906001253053,False,,,,0.0,,,,,0.0,0.0,0.0,0.0,,0.5635906001253053
1884-1-288-2046,1884,CURBUS00142,completed,,[KMB] 天恒邨总站,[CTB] 天水围站 - 屏欣苑,20:46:00,21:04:00,1246.0,1264.0,2.71,6.4047025939479,0.5740188564700748,0.5526698478235818,False,,,,0.0,,,,,0.0,0.0,0.0,0.0,,0.5526698478235818
1884-2-288-2046,1884,CURBUS00084,completed,,[CTB] 天水围站 - 屏欣苑,[KMB] 天恒邨总站,20:46:00,21:04:00,1246.0,1264.0,2.67,4.486225154954006,0.6825064550745092,0.6675523712246626,False,,,,0.0,,,,,0.0,0.0,0.0,0.0,,0.6675523712246626
1862-2-448-2046,1862,CURBUS00064,completed,,[LRTFeeder] 兆麟,[CTB] 屯门码头,20:46:00,21:07:00,1246.0,1267.0,4.5,6.351522916939078,0.6130133793684598,0.5918416363119962,False,,,,0.0,,,,,0.0,0.0,0.0,0.0,,0.5918416363119962
1884-1-287-2047,1884,CURBUS00147,completed,,[KMB] 天恒邨总站,[CTB] 天水围站 - 屏欣苑,20:47:00,21:05:00,1247.0,1265.0,2.71,5.983141249894017,0.557332759046939,0.5373889548806257,False,,,,0.0,,,,,0.0,0.0,0.0,0.0,,0.5373889548806257
1884-2-287-2047,1884,CURBUS00150,completed,,[CTB] 天水围站 - 屏欣苑,[KMB] 天恒邨总站,20:47:00,21:05:00,1247.0,1265.0,2.67,7.938972180694097,0.666402303221969,0.6399390626196554,False,,,,0.0,,,,,0.0,0.0,0.0,0.0,,0.6399390626196554
1862-1-448-2048,1862,CURBUS00032,completed,,[CTB] 屯门码头,[LRTFeeder] 兆麟,20:48:00,21:09:00,1248.0,1269.0,5.11,8.059356399055257,0.5881075306426553,0.5612430093124711,False,,,,0.0,,,,,0.0,0.0,0.0,0.0,,0.5612430093124711
1862-1-288-2050,1862,CURBUS00059,completed,,[CTB] 屯门码头,[LRTFeeder] 兆麟,20:50:00,21:11:00,1250.0,1271.0,5.11,6.765048117148351,0.5530466232971029,0.5304964629066083,False,,,,0.0,,,,,0.0,0.0,0.0,0.0,,0.5304964629066083
1862-2-288-2050,1862,CURBUS00009,completed,,[LRTFeeder] 兆麟,[CTB] 屯门码头,20:50:00,21:11:00,1250.0,1271.0,4.5,5.9981750956854984,0.5848041710129201,0.5648102540273018,False,,,,0.0,,,,,0.0,0.0,0.0,0.0,,0.5648102540273018
1884-1-448-2051,1884,CURBUS00122,completed,,[KMB] 天恒邨总站,[CTB] 天水围站 - 屏欣苑,20:51:00,21:09:00,1251.0,1269.0,2.71,3.800304212219167,0.5482635456570769,0.5355958649496797,False,,,,0.0,,,,,0.0,0.0,0.0,0.0,,0.5355958649496797
1884-2-448-2051,1884,CURBUS00124,completed,,[CTB] 天水围站 - 屏欣苑,[KMB] 天恒邨总站,20:51:00,21:09:00,1251.0,1269.0,2.67,3.8999324943754927,0.6996490560436052,0.6866492810623536,False,,,,0.0,,,,,0.0,0.0,0.0,0.0,,0.6866492810623536
1862-2-448-2053,1862,CURBUS00012,completed,,[LRTFeeder] 兆麟,[CTB] 屯门码头,20:53:00,21:14:00,1253.0,1274.0,4.5,5.725040508050678,0.5248689802369937,0.5057855118768247,False,,,,0.0,,,,,0.0,0.0,0.0,0.0,,0.5057855118768247
1862-1-287-2054,1862,CURBUS00034,completed,,[CTB] 屯门码头,[LRTFeeder] 兆麟,20:54:00,21:15:00,1254.0,1275.0,5.11,14.768374375646257,0.5803837190804071,0.5311558044949196,False,,,,0.0,,,,,0.0,0.0,0.0,0.0,,0.5311558044949196
1862-1-448-2055,1862,CURBUS00074,completed,,[CTB] 屯门码头,[LRTFeeder] 兆麟,20:55:00,21:16:00,1255.0,1276.0,5.11,6.7541278366182125,0.520960932119508,0.498447172664114,False,,,,0.0,,,,,0.0,0.0,0.0,0.0,,0.498447172664114
1862-2-287-2055,1862,CURBUS00004,completed,,[LRTFeeder] 兆麟,[CTB] 屯门码头,20:55:00,21:16:00,1255.0,1276.0,4.5,11.154600591701072,0.5388213284216735,0.5016393264493366,False,,,,0.0,,,,,0.0,0.0,0.0,0.0,,0.5016393264493366
1884-1-288-2056,1884,CURBUS00111,completed,,[KMB] 天恒邨总站,[CTB] 天水围站 - 屏欣苑,20:56:00,21:14:00,1256.0,1274.0,2.71,7.450852716650707,0.694369658649228,0.6695334829270589,False,,,,0.0,,,,,0.0,0.0,0.0,0.0,,0.6695334829270589
1884-2-288-2056,1884,CURBUS00119,completed,,[CTB] 天水围站 - 屏欣苑,[KMB] 天恒邨总站,20:56:00,21:14:00,1256.0,1274.0,2.67,6.245278231275891,0.6683028528422265,0.6474852587379735,False,,,,0.0,,,,,0.0,0.0,0.0,0.0,,0.6474852587379735
1884-1-287-2057,1884,CURBUS00101,completed,,[KMB] 天恒邨总站,[CTB] 天水围站 - 屏欣苑,20:57:00,21:15:00,1257.0,1275.0,2.71,7.62511598591495,0.5686007314957265,0.5431836782093433,False,,,,0.0,,,,,0.0,0.0,0.0,0.0,,0.5431836782093433
1884-2-287-2057,1884,CURBUS00095,completed,,[CTB] 天水围站 - 屏欣苑,[KMB] 天恒邨总站,20:57:00,21:15:00,1257.0,1275.0,2.67,3.9600611713933422,0.5525024705423303,0.5393022666376858,False,,,,0.0,,,,,0.0,0.0,0.0,0.0,,0.5393022666376858
1862-1-287-2058,1862,CURBUS00006,completed,,[CTB] 屯门码头,[LRTFeeder] 兆麟,20:58:00,21:19:00,1258.0,1279.0,5.11,7.4930096439387155,0.5490292549218225,0.5240525561086935,False,,,,0.0,,,,,0.0,0.0,0.0,0.0,,0.5240525561086935
1862-2-287-2059,1862,CURBUS00021,completed,,[LRTFeeder] 兆麟,[CTB] 屯门码头,20:59:00,21:20:00,1259.0,1280.0,4.5,6.028490193680202,0.5753940121847269,0.5552990448724595,False,,,,0.0,,,,,0.0,0.0,0.0,0.0,,0.5552990448724595
1884-1-287-2100,1884,CURBUS00109,completed,,[KMB] 天恒邨总站,[CTB] 天水围站 - 屏欣苑,21:00:00,21:18:00,1260.0,1278.0,2.71,6.679958781533432,0.5504827401899013,0.5282162109181232,False,,,,0.0,,,,,0.0,0.0,0.0,0.0,,0.5282162109181232
1884-2-287-2100,1884,CURBUS00110,completed,,[CTB] 天水围站 - 屏欣苑,[KMB] 天恒邨总站,21:00:00,21:18:00,1260.0,1278.0,2.67,3.864668927461571,0.6749937150798188,0.6621114853216136,False,,,,0.0,,,,,0.0,0.0,0.0,0.0,,0.6621114853216136
1862-1-288-2100,1862,CURBUS00046,completed,,[CTB] 屯门码头,[LRTFeeder] 兆麟,21:00:00,21:21:00,1260.0,1281.0,5.11,10.8865861934716,0.5618289151527331,0.5255402945078278,False,,,,0.0,,,,,0.0,0.0,0.0,0.0,,0.5255402945078278
1862-2-288-2100,1862,CURBUS00025,completed,,[LRTFeeder] 兆麟,[CTB] 屯门码头,21:00:00,21:21:00,1260.0,1281.0,4.5,11.785745405701348,0.5234569694060089,0.48417115138700445,False,,,,0.0,,,,,0.0,0.0,0.0,0.0,,0.48417115138700445
1884-1-448-2101,1884,CURBUS00107,completed,,[KMB] 天恒邨总站,[CTB] 天水围站 - 屏欣苑,21:01:00,21:19:00,1261.0,1279.0,2.71,5.994625856427233,0.5701923752636796,0.5502102890755888,False,,,,0.0,,,,,0.0,0.0,0.0,0.0,,0.5502102890755888
1884-2-448-2101,1884,CURBUS00088,completed,,[CTB] 天水围站 - 屏欣苑,[KMB] 天恒邨总站,21:01:00,21:19:00,1261.0,1279.0,2.67,3.8814589734369633,0.6756783856884327,0.6627401891103095,False,,,,0.0,,,,,0.0,0.0,0.0,0.0,,0.6627401891103095
1884-1-288-2102,1884,CURBUS00136,completed,,[KMB] 天恒邨总站,[CTB] 天水围站 - 屏欣苑,21:02:00,21:20:00,1262.0,1280.0,2.71,4.469654134069785,0.6751546712177806,0.6602558241042147,False,,,,0.0,,,,,0.0,0.0,0.0,0.0,,0.6602558241042147
1884-2-288-2102,1884,CURBUS00106,completed,,[CTB] 天水围站 - 屏欣苑,[KMB] 天恒邨总站,21:02:00,21:20:00,1262.0,1280.0,2.67,4.040444033660136,0.66590620165448,0.6524380548756129,False,,,,0.0,,,,,0.0,0.0,0.0,0.0,,0.6524380548756129
1862-2-448-2103,1862,CURBUS00053,completed,,[LRTFeeder] 兆麟,[CTB] 屯门码头,21:03:00,21:24:00,1263.0,1284.0,4.5,11.555073654759592,0.5843160731611131,0.5457991609785812,False,,,,0.0,,,,,0.0,0.0,0.0,0.0,,0.5457991609785812
1862-1-288-2105,1862,CURBUS00041,completed,,[CTB] 屯门码头,[LRTFeeder] 兆麟,21:05:00,21:26:00,1265.0,1286.0,5.11,6.703541663426486,0.533282697929095,0.5109375590510067,False,,,,0.0,,,,,0.0,0.0,0.0,0.0,,0.5109375590510067
1862-1-448-2105,1862,CURBUS00076,completed,,[CTB] 屯门码头,[LRTFeeder] 兆麟,21:05:00,21:26:00,1265.0,1286.0,5.11,12.281678192114123,0.5795043984854952,0.5385654711784481,False,,,,0.0,,,,,0.0,0.0,0.0,0.0,,0.5385654711784481
1862-2-288-2105,1862,CURBUS00066,completed,,[LRTFeeder] 兆麟,[CTB] 屯门码头,21:05:00,21:26:00,1265.0,1286.0,4.5,12.707568499040772,0.5258421735475324,0.48348361188406314,False,,,,0.0,,,,,0.0,0.0,0.0,0.0,,0.48348361188406314
1884-1-448-2108,1884,CURBUS00132,completed,,[KMB] 天恒邨总站,[CTB] 天水围站 - 屏欣苑,21:08:00,21:26:00,1268.0,1286.0,2.71,3.8237524582725113,0.6574132730471908,0.6446674315196157,False,,,,0.0,,,,,0.0,0.0,0.0,0.0,,0.6446674315196157
1884-2-448-2108,1884,CURBUS00080,completed,,[CTB] 天水围站 - 屏欣苑,[KMB] 天恒邨总站,21:08:00,21:26:00,1268.0,1286.0,2.67,4.260665458428593,0.6617320560105218,0.6475298378157598,False,,,,0.0,,,,,0.0,0.0,0.0,0.0,,0.6475298378157598
1862-1-287-2108,1862,CURBUS00014,completed,,[CTB] 屯门码头,[LRTFeeder] 兆麟,21:08:00,21:29:00,1268.0,1289.0,5.11,12.296570060292368,0.5374654121219762,0.49647684525433494,False,,,,0.0,,,,,0.0,0.0,0.0,0.0,,0.49647684525433494
1862-2-287-2109,1862,CURBUS00054,completed,,[LRTFeeder] 兆麟,[CTB] 屯门码头,21:09:00,21:30:00,1269.0,1290.0,4.5,5.968594360065246,0.525867189164381,0.5059718746308302,False,,,,0.0,,,,,0.0,0.0,0.0,0.0,,0.5059718746308302
1884-1-287-2110,1884,CURBUS00145,completed,,[KMB] 天恒邨总站,[CTB] 天水围站 - 屏欣苑,21:10:00,21:28:00,1270.0,1288.0,2.71,3.5471328818825105,0.6590138828819389,0.6471901066089971,False,,,,0.0,,,,,0.0,0.0,0.0,0.0,,0.6471901066089971
1884-2-287-2110,1884,CURBUS00128,completed,,[CTB] 天水围站 - 屏欣苑,[KMB] 天恒邨总站,21:10:00,21:28:00,1270.0,1288.0,2.67,5.02556566954461,0.6661958370134052,0.6494439514482565,False,,,,0.0,,,,,0.0,0.0,0.0,0.0,,0.6494439514482565
1862-2-448-2110,1862,CURBUS00020,completed,,[LRTFeeder] 兆麟,[CTB] 屯门码头,21:10:00,21:31:00,1270.0,1291.0,4.5,5.890726182692082,0.522294538272774,0.502658784330467,False,,,,0.0,,,,,0.0,0.0,0.0,0.0,,0.502658784330467
1884-1-288-2112,1884,CURBUS00118,completed,,[KMB] 天恒邨总站,[CTB] 天水围站 - 屏欣苑,21:12:00,21:30:00,1272.0,1290.0,2.71,4.501101694458144,0.6540243781896066,0.6390207058747461,False,,,,0.0,,,,,0.0,0.0,0.0,0.0,,0.6390207058747461
1884-2-288-2112,1884,CURBUS00096,completed,,[CTB] 天水围站 - 屏欣苑,[KMB] 天恒邨总站,21:12:00,21:30:00,1272.0,1290.0,2.67,3.883339735696029,0.6410011675151117,0.6280567017294583,False,,,,0.0,,,,,0.0,0.0,0.0,0.0,,0.6280567017294583
1862-1-287-2112,1862,CURBUS00050,completed,,[CTB] 屯门码头,[LRTFeeder] 兆麟,21:12:00,21:33:00,1272.0,1293.0,5.11,13.088869321934355,0.5151112627043682,0.4714816982979204,False,,,,0.0,,,,,0.0,0.0,0.0,0.0,,0.4714816982979204
1862-1-448-2112,1862,CURBUS00015,completed,,[CTB] 屯门码头,[LRTFeeder] 兆麟,21:12:00,21:33:00,1272.0,1293.0,5.11,10.965610440796551,0.5269373780951159,0.4903853432924607,False,,,,0.0,,,,,0.0,0.0,0.0,0.0,,0.4903853432924607
1884-1-287-2113,1884,CURBUS00143,completed,,[KMB] 天恒邨总站,[CTB] 天水围站 - 屏欣苑,21:13:00,21:31:00,1273.0,1291.0,2.71,3.633572634834713,0.6367847251180657,0.6246728163352834,False,,,,0.0,,,,,0.0,0.0,0.0,0.0,,0.6246728163352834
1884-2-287-2113,1884,CURBUS00087,completed,,[CTB] 天水围站 - 屏欣苑,[KMB] 天恒邨总站,21:13:00,21:31:00,1273.0,1291.0,2.67,8.085262377137914,0.6543488096737888,0.6273979350833291,False,,,,0.0,,,,,0.0,0.0,0.0,0.0,,0.6273979350833291
1862-2-287-2113,1862,CURBUS00075,completed,,[LRTFeeder] 兆麟,[CTB] 屯门码头,21:13:00,21:34:00,1273.0,1294.0,4.5,10.515774332846457,0.5762466599165312,0.5411940788070431,False,,,,0.0,,,,,0.0,0.0,0.0,0.0,,0.5411940788070431
1862-1-288-2115,1862,CURBUS00044,completed,,[CTB] 屯门码头,[LRTFeeder] 兆麟,21:15:00,21:36:00,1275.0,1296.0,5.11,10.832869497542209,0.5385272815423802,0.5024177165505728,False,,,,0.0,,,,,0.0,0.0,0.0,0.0,,0.5024177165505728
1862-2-288-2115,1862,CURBUS00055,completed,,[LRTFeeder] 兆麟,[CTB] 屯门码头,21:15:00,21:36:00,1275.0,1296.0,4.5,5.914752481737061,0.5374251962464605,0.5177093546406702,False,,,,0.0,,,,,0.0,0.0,0.0,0.0,,0.5177093546406702
1884-1-288-2118,1884,CURBUS00112,completed,,[KMB] 天恒邨总站,[CTB] 天水围站 - 屏欣苑,21:18:00,21:36:00,1278.0,1296.0,2.71,3.81907747173022,0.641224864190869,0.6284946059517682,False,,,,0.0,,,,,0.0,0.0,0.0,0.0,,0.6284946059517682
1884-1-448-2118,1884,CURBUS00114,completed,,[KMB] 天恒邨总站,[CTB] 天水围站 - 屏欣苑,21:18:00,21:36:00,1278.0,1296.0,2.71,7.883568612845138,0.647710362541308,0.6214318004984909,False,,,,0.0,,,,,0.0,0.0,0.0,0.0,,0.6214318004984909
1884-2-288-2118,1884,CURBUS00089,completed,,[CTB] 天水围站 - 屏欣苑,[KMB] 天恒邨总站,21:18:00,21:36:00,1278.0,1296.0,2.67,7.062294021554764,0.6385876859644493,0.6150467058926,False,,,,0.0,,,,,0.0,0.0,0.0,0.0,,0.6150467058926
1884-2-448-2118,1884,CURBUS00098,completed,,[CTB] 天水围站 - 屏欣苑,[KMB] 天恒邨总站,21:18:00,21:36:00,1278.0,1296.0,2.67,7.363004892092952,0.626882189006276,0.6023388393659662,False,,,,0.0,,,,,0.0,0.0,0.0,0.0,,0.6023388393659662
1862-1-288-2120,1862,CURBUS00051,completed,,[CTB] 屯门码头,[LRTFeeder] 兆麟,21:20:00,21:41:00,1280.0,1301.0,5.11,9.692255099779722,0.5049206379633354,0.47261312096406966,False,,,,0.0,,,,,0.0,0.0,0.0,0.0,,0.47261312096406966
1862-2-288-2120,1862,CURBUS00036,completed,,[LRTFeeder] 兆麟,[CTB] 屯门码头,21:20:00,21:41:00,1280.0,1301.0,4.5,5.5813979552994875,0.4968778013938768,0.4782731415428785,False,,,,0.0,,,,,0.0,0.0,0.0,0.0,,0.4782731415428785
1862-2-448-2120,1862,CURBUS00018,completed,,[LRTFeeder] 兆麟,[CTB] 屯门码头,21:20:00,21:41:00,1280.0,1301.0,4.5,9.139191188913456,0.5354721863509445,0.505008215721233,False,,,,0.0,,,,,0.0,0.0,0.0,0.0,,0.505008215721233
1862-1-287-2122,1862,CURBUS00039,completed,,[CTB] 屯门码头,[LRTFeeder] 兆麟,21:22:00,21:43:00,1282.0,1303.0,5.11,12.356922874225116,0.4674394738231969,0.42624973090911317,False,,,,0.0,,,,,0.0,0.0,0.0,0.0,,0.42624973090911317
1862-1-448-2122,1862,CURBUS00030,completed,,[CTB] 屯门码头,[LRTFeeder] 兆麟,21:22:00,21:43:00,1282.0,1303.0,5.11,12.103962878910355,0.5316614536489336,0.4913149107192324,False,,,,0.0,,,,,0.0,0.0,0.0,0.0,,0.4913149107192324
1884-1-287-2123,1884,CURBUS00090,completed,,[KMB] 天恒邨总站,[CTB] 天水围站 - 屏欣苑,21:23:00,21:41:00,1283.0,1301.0,2.71,7.580946992174629,0.6261053528835726,0.6008355295763238,False,,,,0.0,,,,,0.0,0.0,0.0,0.0,,0.6008355295763238
1884-2-287-2123,1884,CURBUS00149,completed,,[CTB] 天水围站 - 屏欣苑,[KMB] 天恒邨总站,21:23:00,21:41:00,1283.0,1301.0,2.67,4.314462839823894,0.6384704052386656,0.6240888624392527,False,,,,0.0,,,,,0.0,0.0,0.0,0.0,,0.6240888624392527
1862-2-287-2123,1862,CURBUS00056,completed,,[LRTFeeder] 兆麟,[CTB] 屯门码头,21:23:00,21:44:00,1283.0,1304.0,4.5,5.857121071879723,0.5096700300690882,0.49014629316282243,False,,,,0.0,,,,,0.0,0.0,0.0,0.0,,0.49014629316282243
1884-1-448-2125,1884,CURBUS00133,completed,,[KMB] 天恒邨总站,[CTB] 天水围站 - 屏欣苑,21:25:00,21:43:00,1285.0,1303.0,2.71,4.265121908627471,0.6217794299267013,0.6075623568979431,False,,,,0.0,,,,,0.0,0.0,0.0,0.0,,0.6075623568979431
1884-2-448-2125,1884,CURBUS00134,completed,,[CTB] 天水围站 - 屏欣苑,[KMB] 天恒邨总站,21:25:00,21:43:00,1285.0,1303.0,2.67,4.552382822924035,0.6202451795307631,0.6050705701210163,False,,,,0.0,,,,,0.0,0.0,0.0,0.0,,0.6050705701210163
1884-1-287-2126,1884,CURBUS00138,completed,,[KMB] 天恒邨总站,[CTB] 天水围站 - 屏欣苑,21:26:00,21:44:00,1286.0,1304.0,2.71,5.484339774390123,0.6183220560632333,0.6000409234819329,False,,,,0.0,,,,,0.0,0.0,0.0,0.0,,0.6000409234819329
1884-2-287-2126,1884,CURBUS00130,completed,,[CTB] 天水围站 - 屏欣苑,[KMB] 天恒邨总站,21:26:00,21:44:00,1286.0,1304.0,2.67,6.197173521314732,0.6213890614116151,0.6007318163405659,False,,,,0.0,,,,,0.0,0.0,0.0,0.0,,0.6007318163405659
1862-1-287-2126,1862,CURBUS00016,completed,,[CTB] 屯门码头,[LRTFeeder] 兆麟,21:26:00,21:47:00,1286.0,1307.0,5.11,6.280864753692094,0.47717954250203404,0.4562433266563937,False,,,,0.0,,,,,0.0,0.0,0.0,0.0,,0.4562433266563937
1862-2-287-2127,1862,CURBUS00035,completed,,[LRTFeeder] 兆麟,[CTB] 屯门码头,21:27:00,21:48:00,1287.0,1308.0,4.5,9.10596758402788,0.4528556469431607,0.4225024216630678,False,,,,0.0,,,,,0.0,0.0,0.0,0.0,,0.4225024216630678
1862-2-448-2127,1862,CURBUS00042,completed,,[LRTFeeder] 兆麟,[CTB] 屯门码头,21:27:00,21:48:00,1287.0,1308.0,4.5,7.350080506374149,0.5099627235319746,0.48546245517739406,False,,,,0.0,,,,,0.0,0.0,0.0,0.0,,0.48546245517739406
1884-1-288-2128,1884,CURBUS00113,completed,,[KMB] 天恒邨总站,[CTB] 天水围站 - 屏欣苑,21:28:00,21:46:00,1288.0,1306.0,2.71,7.749378080514346,0.6089885552932434,0.5831572950248622,False,,,,0.0,,,,,0.0,0.0,0.0,0.0,,0.5831572950248622
1884-2-288-2128,1884,CURBUS00100,completed,,[CTB] 天水围站 - 屏欣苑,[KMB] 天恒邨总站,21:28:00,21:46:00,1288.0,1306.0,2.67,3.7079791700054017,0.6291096067677383,0.6167496762010536,False,,,,0.0,,,,,0.0,0.0,0.0,0.0,,0.6167496762010536
1862-1-448-2129,1862,CURBUS00065,completed,,[CTB] 屯门码头,[LRTFeeder] 兆麟,21:29:00,21:50:00,1289.0,1310.0,5.11,13.79106562443236,0.5148192930803638,0.4688490743322559,False,,,,0.0,,,,,0.0,0.0,0.0,0.0,,0.4688490743322559
1862-1-288-2130,1862,CURBUS00002,completed,,[CTB] 屯门码头,[LRTFeeder] 兆麟,21:30:00,21:51:00,1290.0,1311.0,5.11,7.290918229962904,0.5198341616670213,0.4955311009004783,False,,,,0.0,,,,,0.0,0.0,0.0,0.0,,0.4955311009004783
1862-2-288-2130,1862,CURBUS00062,completed,,[LRTFeeder] 兆麟,[CTB] 屯门码头,21:30:00,21:51:00,1290.0,1311.0,4.5,10.180643251737312,0.538937416654354,0.505001939148563,False,,,,0.0,,,,,0.0,0.0,0.0,0.0,,0.505001939148563
1884-1-288-2134,1884,CURBUS00099,completed,,[KMB] 天恒邨总站,[CTB] 天水围站 - 屏欣苑,21:34:00,21:52:00,1294.0,1312.0,2.71,7.243722929582777,0.6080230507073405,0.5838773076087312,False,,,,0.0,,,,,0.0,0.0,0.0,0.0,,0.5838773076087312
1884-2-288-2134,1884,CURBUS00103,completed,,[CTB] 天水围站 - 屏欣苑,[KMB] 天恒邨总站,21:34:00,21:52:00,1294.0,1312.0,2.67,5.8454089150277015,0.6201376400600028,0.6006529436765772,False,,,,0.0,,,,,0.0,0.0,0.0,0.0,,0.6006529436765772
1884-1-448-2135,1884,CURBUS00115,completed,,[KMB] 天恒邨总站,[CTB] 天水围站 - 屏欣苑,21:35:00,21:53:00,1295.0,1313.0,2.71,6.987718120779678,0.6104248987113938,0.5871325049754615,False,,,,0.0,,,,,0.0,0.0,0.0,0.0,,0.5871325049754615
1884-2-448-2135,1884,CURBUS00141,completed,,[CTB] 天水围站 - 屏欣苑,[KMB] 天恒邨总站,21:35:00,21:53:00,1295.0,1313.0,2.67,3.832349142926037,0.6139509424520417,0.601176445308955,False,,,,0.0,,,,,0.0,0.0,0.0,0.0,,0.601176445308955
1862-1-288-2135,1862,CURBUS00017,completed,,[CTB] 屯门码头,[LRTFeeder] 兆麟,21:35:00,21:56:00,1295.0,1316.0,5.11,6.561177091654716,0.497275484811739,0.47540489450622325,False,,,,0.0,,,,,0.0,0.0,0.0,0.0,,0.47540489450622325
1862-2-288-2135,1862,CURBUS00031,completed,,[LRTFeeder] 兆麟,[CTB] 屯门码头,21:35:00,21:56:00,1295.0,1316.0,4.5,6.32503540057649,0.5251252641889103,0.5040418128536552,False,,,,0.0,,,,,0.0,0.0,0.0,0.0,,0.5040418128536552
1884-1-287-2136,1884,CURBUS00094,completed,,[KMB] 天恒邨总站,[CTB] 天水围站 - 屏欣苑,21:36:00,21:54:00,1296.0,1314.0,2.71,7.285239513710048,0.6121166112292824,0.5878324795169155,False,,,,0.0,,,,,0.0,0.0,0.0,0.0,,0.5878324795169155
1884-2-287-2136,1884,CURBUS00091,completed,,[CTB] 天水围站 - 屏欣苑,[KMB] 天恒邨总站,21:36:00,21:54:00,1296.0,1314.0,2.67,7.27520776878838,0.6030095041210048,0.5787588115583769,False,,,,0.0,,,,,0.0,0.0,0.0,0.0,,0.5787588115583769
1862-1-287-2136,1862,CURBUS00047,completed,,[CTB] 屯门码头,[LRTFeeder] 兆麟,21:36:00,21:57:00,1296.0,1317.0,5.11,7.006777611027835,0.5132159890639111,0.4898600636938183,False,,,,0.0,,,,,0.0,0.0,0.0,0.0,,0.4898600636938183
1862-2-287-2137,1862,CURBUS00026,completed,,[LRTFeeder] 兆麟,[CTB] 屯门码头,21:37:00,21:58:00,1297.0,1318.0,4.5,9.396822723343943,0.4885555015426251,0.45723275913147865,False,,,,0.0,,,,,0.0,0.0,0.0,0.0,,0.45723275913147865
1862-2-448-2137,1862,CURBUS00072,completed,,[LRTFeeder] 兆麟,[CTB] 屯门码头,21:37:00,21:58:00,1297.0,1318.0,4.5,11.540605742660826,0.5122488008072665,0.4737801149983971,False,,,,0.0,,,,,0.0,0.0,0.0,0.0,,0.4737801149983971
1884-1-287-2139,1884,CURBUS00129,completed,,[KMB] 天恒邨总站,[CTB] 天水围站 - 屏欣苑,21:39:00,21:57:00,1299.0,1317.0,2.71,5.438214474286512,0.6026814720964081,0.584554090515453,False,,,,0.0,,,,,0.0,0.0,0.0,0.0,,0.584554090515453
1884-2-287-2139,1884,CURBUS00086,completed,,[CTB] 天水围站 - 屏欣苑,[KMB] 天恒邨总站,21:39:00,21:57:00,1299.0,1317.0,2.67,7.259199113756061,0.6045642292506026,0.5803668988714157,False,,,,0.0,,,,,0.0,0.0,0.0,0.0,,0.5803668988714157
1862-1-448-2139,1862,CURBUS00019,completed,,[CTB] 屯门码头,[LRTFeeder] 兆麟,21:39:00,22:00:00,1299.0,1320.0,5.11,9.747155767567032,0.5002522358734863,0.4677617166482629,False,,,,0.0,,,,,0.0,0.0,0.0,0.0,,0.4677617166482629
1862-1-287-2140,1862,CURBUS00043,completed,,[CTB] 屯门码头,[LRTFeeder] 兆麟,21:40:00,22:01:00,1300.0,1321.0,5.11,14.228041289866008,0.4961042209888246,0.44867741668927125,False,,,,0.0,,,,,0.0,0.0,0.0,0.0,,0.44867741668927125
1862-2-287-2141,1862,CURBUS00048,completed,,[LRTFeeder] 兆麟,[CTB] 屯门码头,21:41:00,22:02:00,1301.0,1322.0,4.5,5.773017478872347,0.4803087195806033,0.4610653279843621,False,,,,0.0,,,,,0.0,0.0,0.0,0.0,,0.4610653279843621
1884-1-448-2142,1884,CURBUS00135,completed,,[KMB] 天恒邨总站,[CTB] 天水围站 - 屏欣苑,21:42:00,22:00:00,1302.0,1320.0,2.71,6.662165339854852,0.5958667788568769,0.5736595610573607,False,,,,0.0,,,,,0.0,0.0,0.0,0.0,,0.5736595610573607
1884-2-448-2142,1884,CURBUS00120,completed,,[CTB] 天水围站 - 屏欣苑,[KMB] 天恒邨总站,21:42:00,22:00:00,1302.0,1320.0,2.67,6.836747313799108,0.5883287797335524,0.5655396220208887,False,,,,0.0,,,,,0.0,0.0,0.0,0.0,,0.5655396220208887
1884-1-288-2144,1884,CURBUS00104,completed,,[KMB] 天恒邨总站,[CTB] 天水围站 - 屏欣苑,21:44:00,22:02:00,1304.0,1322.0,2.71,5.055276601390532,0.5846706182613561,0.567819696256721,False,,,,0.0,,,,,0.0,0.0,0.0,0.0,,0.567819696256721
1884-2-288-2144,1884,CURBUS00117,completed,,[CTB] 天水围站 - 屏欣苑,[KMB] 天恒邨总站,21:44:00,22:02:00,1304.0,1322.0,2.67,6.2254077844817965,0.5917842370525317,0.5710328777709257,False,,,,0.0,,,,,0.0,0.0,0.0,0.0,,0.5710328777709257
1862-2-448-2144,1862,CURBUS00022,completed,,[LRTFeeder] 兆麟,[CTB] 屯门码头,21:44:00,22:05:00,1304.0,1325.0,4.5,9.985754771875715,0.46516963711327713,0.4318837878736914,False,,,,0.0,,,,,0.0,0.0,0.0,0.0,,0.4318837878736914
1862-1-288-2145,1862,CURBUS00007,completed,,[CTB] 屯门码头,[LRTFeeder] 兆麟,21:45:00,22:06:00,1305.0,1326.0,5.11,11.72544376079596,0.49098635708878496,0.4519015445527984,False,,,,0.0,,,,,0.0,0.0,0.0,0.0,,0.4519015445527984
1862-2-288-2145,1862,CURBUS00070,completed,,[LRTFeeder] 兆麟,[CTB] 屯门码头,21:45:00,22:06:00,1305.0,1326.0,4.5,9.76477569840128,0.46253997532945335,0.4299907230014491,False,,,,0.0,,,,,0.0,0.0,0.0,0.0,,0.4299907230014491
1862-1-448-2146,1862,CURBUS00011,completed,,[CTB] 屯门码头,[LRTFeeder] 兆麟,21:46:00,22:07:00,1306.0,1327.0,5.11,7.014881565988644,0.4920199239451839,0.4686369853918884,False,,,,0.0,,,,,0.0,0.0,0.0,0.0,,0.4686369853918884
1884-1-287-2149,1884,CURBUS00125,completed,,[KMB] 天恒邨总站,[CTB] 天水围站 - 屏欣苑,21:49:00,22:07:00,1309.0,1327.0,2.71,6.5075424650421025,0.5786769888339643,0.5569851806171573,False,,,,0.0,,,,,0.0,0.0,0.0,0.0,,0.5569851806171573
1884-2-287-2149,1884,CURBUS00146,completed,,[CTB] 天水围站 - 屏欣苑,[KMB] 天恒邨总站,21:49:00,22:07:00,1309.0,1327.0,2.67,3.801206904833885,0.5914559014059193,0.5787852117231397,False,,,,0.0,,,,,0.0,0.0,0.0,0.0,,0.5787852117231397
1884-1-288-2150,1884,CURBUS00102,completed,,[KMB] 天恒邨总站,[CTB] 天水围站 - 屏欣苑,21:50:00,22:08:00,1310.0,1328.0,2.71,3.693841687462106,0.5777048011828281,0.5653919955579544,False,,,,0.0,,,,,0.0,0.0,0.0,0.0,,0.5653919955579544
1884-2-288-2150,1884,CURBUS00121,completed,,[CTB] 天水围站 - 屏欣苑,[KMB] 天恒邨总站,21:50:00,22:08:00,1310.0,1328.0,2.67,5.215088623710071,0.5928872112090164,0.5755035824633162,False,,,,0.0,,,,,0.0,0.0,0.0,0.0,,0.5755035824633162
1862-1-287-2150,1862,CURBUS00037,completed,,[CTB] 屯门码头,[LRTFeeder] 兆麟,21:50:00,22:11:00,1310.0,1331.0,5.11,6.539413362518451,0.4513339651875769,0.4295359206458487,False,,,,0.0,,,,,0.0,0.0,0.0,0.0,,0.4295359206458487
1862-1-288-2150,1862,CURBUS00001,completed,,[CTB] 屯门码头,[LRTFeeder] 兆麟,21:50:00,22:11:00,1310.0,1331.0,5.11,8.002880165905708,0.49417821749996166,0.46750195028027597,False,,,,0.0,,,,,0.0,0.0,0.0,0.0,,0.46750195028027597
1862-2-288-2150,1862,CURBUS00045,completed,,[LRTFeeder] 兆麟,[CTB] 屯门码头,21:50:00,22:11:00,1310.0,1331.0,4.5,11.47192728982385,0.4631606515572272,0.424920893924481,False,,,,0.0,,,,,0.0,0.0,0.0,0.0,,0.424920893924481
1862-2-287-2151,1862,CURBUS00008,completed,,[LRTFeeder] 兆麟,[CTB] 屯门码头,21:51:00,22:12:00,1311.0,1332.0,4.5,5.664602672659094,0.4700542671036898,0.45117225819482615,False,,,,0.0,,,,,0.0,0.0,0.0,0.0,,0.45117225819482615
1884-1-287-2152,1884,CURBUS00123,completed,,[KMB] 天恒邨总站,[CTB] 天水围站 - 屏欣苑,21:52:00,22:10:00,1312.0,1330.0,2.71,4.616999579560889,0.5871411983895598,0.5717511997910235,False,,,,0.0,,,,,0.0,0.0,0.0,0.0,,0.5717511997910235
1884-1-448-2152,1884,CURBUS00085,completed,,[KMB] 天恒邨总站,[CTB] 天水围站 - 屏欣苑,21:52:00,22:10:00,1312.0,1330.0,2.71,4.617064169326175,0.5856135000925483,0.5702232861947943,False,,,,0.0,,,,,0.0,0.0,0.0,0.0,,0.5702232861947943
1884-2-287-2152,1884,CURBUS00148,completed,,[CTB] 天水围站 - 屏欣苑,[KMB] 天恒邨总站,21:52:00,22:10:00,1312.0,1330.0,2.67,4.751713327271913,0.5716367012776694,0.5557976568534297,False,,,,0.0,,,,,0.0,0.0,0.0,0.0,,0.5557976568534297
1884-2-448-2152,1884,CURBUS00139,completed,,[CTB] 天水围站 - 屏欣苑,[KMB] 天恒邨总站,21:52:00,22:10:00,1312.0,1330.0,2.67,6.535512727470064,0.596332597277246,0.5745475548523458,False,,,,0.0,,,,,0.0,0.0,0.0,0.0,,0.5745475548523458
1862-1-287-2154,1862,CURBUS00060,completed,,[CTB] 屯门码头,[LRTFeeder] 兆麟,21:54:00,22:15:00,1314.0,1335.0,5.11,6.772560705702673,0.46279880097082343,0.4402235986184812,False,,,,0.0,,,,,0.0,0.0,0.0,0.0,,0.4402235986184812
1862-2-448-2154,1862,CURBUS00003,completed,,[LRTFeeder] 兆麟,[CTB] 屯门码头,21:54:00,22:15:00,1314.0,1335.0,4.5,7.487255210984132,0.49190756060846447,0.46695004323851735,False,,,,0.0,,,,,0.0,0.0,0.0,0.0,,0.46695004323851735
1862-2-287-2155,1862,CURBUS00052,completed,,[LRTFeeder] 兆麟,[CTB] 屯门码头,21:55:00,22:16:00,1315.0,1336.0,4.5,11.305365583376425,0.4895721257653692,0.4518875738207811,False,,,,0.0,,,,,0.0,0.0,0.0,0.0,,0.4518875738207811
1862-1-448-2156,1862,CURBUS00005,completed,,[CTB] 屯门码头,[LRTFeeder] 兆麟,21:56:00,22:17:00,1316.0,1337.0,5.11,7.1182434562962715,0.4736074122069104,0.44987993401925613,False,,,,0.0,,,,,0.0,0.0,0.0,0.0,,0.44987993401925613
1884-1-448-2159,1884,CURBUS00126,completed,,[KMB] 天恒邨总站,[CTB] 天水围站 - 屏欣苑,21:59:00,22:17:00,1319.0,1337.0,2.71,8.010496781167205,0.5686194802589256,0.5419178243217015,False,,,,0.0,,,,,0.0,0.0,0.0,0.0,,0.5419178243217015
1884-2-448-2159,1884,CURBUS00082,completed,,[CTB] 天水围站 - 屏欣苑,[KMB] 天恒邨总站,21:59:00,22:17:00,1319.0,1337.0,2.67,3.9467252134226407,0.5799246156668131,0.5667688649554042,False,,,,0.0,,,,,0.0,0.0,0.0,0.0,,0.5667688649554042
1884-1-288-2200,1884,CURBUS00127,completed,,[KMB] 天恒邨总站,[CTB] 天水围站 - 屏欣苑,22:00:00,22:18:00,1320.0,1338.0,2.71,6.0016949869914695,0.5756513407741719,0.5556456908175337,False,,,,0.0,,,,,0.0,0.0,0.0,0.0,,0.5556456908175337
1884-2-288-2200,1884,CURBUS00083,completed,,[CTB] 天水围站 - 屏欣苑,[KMB] 天恒邨总站,22:00:00,22:18:00,1320.0,1338.0,2.67,3.557936946331719,0.576540603975386,0.5646808141542803,False,,,,0.0,,,,,0.0,0.0,0.0,0.0,,0.5646808141542803
1862-1-288-2200,1862,CURBUS00073,completed,,[CTB] 屯门码头,[LRTFeeder] 兆麟,22:00:00,22:21:00,1320.0,1341.0,5.11,13.02650172647779,0.46692812985070814,0.4235064574291155,False,,,,0.0,,,,,0.0,0.0,0.0,0.0,,0.4235064574291155
1862-2-288-2200,1862,CURBUS00010,completed,,[LRTFeeder] 兆麟,[CTB] 屯门码头,22:00:00,22:21:00,1320.0,1341.0,4.5,5.937342302454061,0.4846839794660403,0.4648928384578601,False,,,,0.0,,,,,0.0,0.0,0.0,0.0,,0.4648928384578601
1862-2-448-2201,1862,CURBUS00013,completed,,[LRTFeeder] 兆麟,[CTB] 屯门码头,22:01:00,22:22:00,1321.0,1342.0,4.5,5.58087053652291,0.4770986789228283,0.45849577713441864,False,,,,0.0,,,,,0.0,0.0,0.0,0.0,,0.45849577713441864
1884-1-287-2202,1884,CURBUS00131,completed,,[KMB] 天恒邨总站,[CTB] 天水围站 - 屏欣苑,22:02:00,22:20:00,1322.0,1340.0,2.71,4.832107098817462,0.5508602922835106,0.5347532686207858,False,,,,0.0,,,,,0.0,0.0,0.0,0.0,,0.5347532686207858
1884-2-287-2202,1884,CURBUS00081,completed,,[CTB] 天水围站 - 屏欣苑,[KMB] 天恒邨总站,22:02:00,22:20:00,1322.0,1340.0,2.67,6.109801117638974,0.578020762001769,0.5576547582763057,False,,,,0.0,,,,,0.0,0.0,0.0,0.0,,0.5576547582763057
1862-1-448-2203,1862,CURBUS00067,completed,,[CTB] 屯门码头,[LRTFeeder] 兆麟,22:03:00,22:24:00,1323.0,1344.0,5.11,7.03288043266717,0.47052282370847043,0.44707988893291317,False,,,,0.0,,,,,0.0,0.0,0.0,0.0,,0.44707988893291317
1862-1-287-2204,1862,CURBUS00071,completed,,[CTB] 屯门码头,[LRTFeeder] 兆麟,22:04:00,22:25:00,1324.0,1345.0,5.11,10.212856947154936,0.46737240345576997,0.4333295469652535,False,,,,0.0,,,,,0.0,0.0,0.0,0.0,,0.4333295469652535
1884-1-287-2205,1884,CURBUS00144,completed,,[KMB] 天恒邨总站,[CTB] 天水围站 - 屏欣苑,22:05:00,22:23:00,1325.0,1343.0,2.71,5.513127393330686,0.5715196570051171,0.5531425656940148,False,,,,0.0,,,,,0.0,0.0,0.0,0.0,,0.5531425656940148
1884-2-287-2205,1884,CURBUS00093,completed,,[CTB] 天水围站 - 屏欣苑,[KMB] 天恒邨总站,22:05:00,22:23:00,1325.0,1343.0,2.67,3.4300615061162736,0.5604459219323826,0.5490123835786617,False,,,,0.0,,,,,0.0,0.0,0.0,0.0,,0.5490123835786617
1862-1-288-2205,1862,CURBUS00079,completed,,[CTB] 屯门码头,[LRTFeeder] 兆麟,22:05:00,22:26:00,1325.0,1346.0,5.11,6.998280378486698,0.4482066460043615,0.4248790447427392,False,,,,0.0,,,,,0.0,0.0,0.0,0.0,,0.4248790447427392
1862-2-287-2205,1862,CURBUS00069,completed,,[LRTFeeder] 兆麟,[CTB] 屯门码头,22:05:00,22:26:00,1325.0,1346.0,4.5,8.158501168598859,0.4634053398828332,0.4362103359875037,False,,,,0.0,,,,,0.0,0.0,0.0,0.0,,0.4362103359875037
1862-2-288-2205,1862,CURBUS00033,completed,,[LRTFeeder] 兆麟,[CTB] 屯门码头,22:05:00,22:26:00,1325.0,1346.0,4.5,7.963053598311777,0.4481168656143176,0.421573353619945,False,,,,0.0,,,,,0.0,0.0,0.0,0.0,,0.421573353619945
1884-1-288-2206,1884,CURBUS00105,completed,,[KMB] 天恒邨总站,[CTB] 天水围站 - 屏欣苑,22:06:00,22:24:00,1326.0,1344.0,2.71,6.134063272511148,0.5572961745149291,0.5368492969398919,False,,,,0.0,,,,,0.0,0.0,0.0,0.0,,0.5368492969398919
1884-2-288-2206,1884,CURBUS00097,completed,,[CTB] 天水围站 - 屏欣苑,[KMB] 天恒邨总站,22:06:00,22:24:00,1326.0,1344.0,2.67,3.686770190455495,0.6874652457821503,0.6751760118139654,False,,,,0.0,,,,,0.0,0.0,0.0,0.0,,0.6751760118139654
1862-1-287-2208,1862,CURBUS00058,completed,,[CTB] 屯门码头,[LRTFeeder] 兆麟,22:08:00,22:29:00,1328.0,1349.0,5.11,14.976053598627544,0.4578224443779012,0.4079022657158094,False,,,,0.0,,,,,0.0,0.0,0.0,0.0,,0.4079022657158094
1884-1-448-2209,1884,CURBUS00092,completed,,[KMB] 天恒邨总站,[CTB] 天水围站 - 屏欣苑,22:09:00,22:27:00,1329.0,1347.0,2.71,5.533009718852362,0.5536576336381362,0.5352142679086284,False,,,,0.0,,,,,0.0,0.0,0.0,0.0,,0.5352142679086284
1884-2-448-2209,1884,CURBUS00108,completed,,[CTB] 天水围站 - 屏欣苑,[KMB] 天恒邨总站,22:09:00,22:27:00,1329.0,1347.0,2.67,6.28855706677614,0.6644980829034876,0.6435362260142338,False,,,,0.0,,,,,0.0,0.0,0.0,0.0,,0.6435362260142338
1862-2-287-2209,1862,CURBUS00077,completed,,[LRTFeeder] 兆麟,[CTB] 屯门码头,22:09:00,22:30:00,1329.0,1350.0,4.5,11.5323200638622,0.4578072766677888,0.4193662097882481,False,,,,0.0,,,,,0.0,0.0,0.0,0.0,,0.4193662097882481
1862-2-448-2211,1862,CURBUS00068,completed,,[LRTFeeder] 兆麟,[CTB] 屯门码头,22:11:00,22:32:00,1331.0,1352.0,4.5,6.263411109133879,0.45529383963792397,0.4344158026074777,False,,,,0.0,,,,,0.0,0.0,0.0,0.0,,0.4344158026074777
1862-1-448-2213,1862,CURBUS00028,completed,,[CTB] 屯门码头,[LRTFeeder] 兆麟,22:13:00,22:34:00,1333.0,1354.0,5.11,14.3801704246734,0.4147253792857861,0.3667914778702081,False,,,,0.0,,,,,0.0,0.0,0.0,0.0,,0.3667914778702081
1884-1-287-2215,1884,CURBUS00140,completed,,[KMB] 天恒邨总站,[CTB] 天水围站 - 屏欣苑,22:15:00,22:33:00,1335.0,1353.0,2.71,5.862357034777267,0.6632634548415666,0.6437222647256423,False,,,,0.0,,,,,0.0,0.0,0.0,0.0,,0.6437222647256423
1884-2-287-2215,1884,CURBUS00116,completed,,[CTB] 天水围站 - 屏欣苑,[KMB] 天恒邨总站,22:15:00,22:33:00,1335.0,1353.0,2.67,8.445838001920396,0.5672339625909048,0.5390811692511701,False,,,,0.0,,,,,0.0,0.0,0.0,0.0,,0.5390811692511701
1862-1-288-2215,1862,CURBUS00040,completed,,[CTB] 屯门码头,[LRTFeeder] 兆麟,22:15:00,22:36:00,1335.0,1356.0,5.11,10.876570295904454,0.4022066314413223,0.36595139712164076,False,,,,0.0,,,,,0.0,0.0,0.0,0.0,,0.36595139712164076
1862-2-288-2215,1862,CURBUS00078,completed,,[LRTFeeder] 兆麟,[CTB] 屯门码头,22:15:00,22:36:00,1335.0,1356.0,4.5,8.671304943554487,0.5914127354466392,0.5625083856347909,False,,,,0.0,,,,,0.0,0.0,0.0,0.0,,0.5625083856347909
1884-1-288-2216,1884,CURBUS00137,completed,,[KMB] 天恒邨总站,[CTB] 天水围站 - 屏欣苑,22:16:00,22:34:00,1336.0,1354.0,2.71,8.364835735797023,0.5387558043283831,0.510873018542393,False,,,,0.0,,,,,0.0,0.0,0.0,0.0,,0.510873018542393
1884-1-448-2216,1884,CURBUS00084,completed,,[KMB] 天恒邨总站,[CTB] 天水围站 - 屏欣苑,22:16:00,22:34:00,1336.0,1354.0,2.71,3.9354176811404913,0.6675523712246626,0.6544343122875276,False,,,,0.0,,,,,0.0,0.0,0.0,0.0,,0.6544343122875276
1884-2-288-2216,1884,CURBUS00142,completed,,[CTB] 天水围站 - 屏欣苑,[KMB] 天恒邨总站,22:16:00,22:34:00,1336.0,1354.0,2.67,6.095178607700573,0.5526698478235818,0.5323525857979132,False,,,,0.0,,,,,0.0,0.0,0.0,0.0,,0.5323525857979132
1884-2-448-2216,1884,CURBUS00150,completed,,[CTB] 天水围站 - 屏欣苑,[KMB] 天恒邨总站,22:16:00,22:34:00,1336.0,1354.0,2.67,3.952980647716838,0.6399390626196554,0.6267624604605992,False,,,,0.0,,,,,0.0,0.0,0.0,0.0,,0.6267624604605992
1884-1-287-2218,1884,CURBUS00147,completed,,[KMB] 天恒邨总站,[CTB] 天水围站 - 屏欣苑,22:18:00,22:36:00,1338.0,1356.0,2.71,3.80001523707171,0.5373889548806257,0.5247222374237199,False,,,,0.0,,,,,0.0,0.0,0.0,0.0,,0.5247222374237199
1884-2-287-2218,1884,CURBUS00124,completed,,[CTB] 天水围站 - 屏欣苑,[KMB] 天恒邨总站,22:18:00,22:36:00,1338.0,1356.0,2.67,6.091232177205227,0.6866492810623536,0.6663451738050028,False,,,,0.0,,,,,0.0,0.0,0.0,0.0,,0.6663451738050028
1862-1-287-2218,1862,CURBUS00049,completed,,[CTB] 屯门码头,[LRTFeeder] 兆麟,22:18:00,22:39:00,1338.0,1359.0,5.11,12.045034477581886,0.41400821954678946,0.3738581046215165,False,,,,0.0,,,,,0.0,0.0,0.0,0.0,,0.3738581046215165
1862-2-448-2218,1862,CURBUS00024,completed,,[LRTFeeder] 兆麟,[CTB] 屯门码头,22:18:00,22:39:00,1338.0,1359.0,4.5,12.369138634489884,0.5642731987520788,0.5230427366371125,False,,,,0.0,,,,,0.0,0.0,0.0,0.0,,0.5230427366371125
1862-2-287-2219,1862,CURBUS00027,completed,,[LRTFeeder] 兆麟,[CTB] 屯门码头,22:19:00,22:40:00,1339.0,1360.0,4.5,8.79499019518237,0.5681264988224195,0.5388098648384783,False,,,,0.0,,,,,0.0,0.0,0.0,0.0,,0.5388098648384783
1862-1-288-2220,1862,CURBUS00029,completed,,[CTB] 屯门码头,[LRTFeeder] 兆麟,22:20:00,22:41:00,1340.0,1361.0,5.11,12.429199640731266,0.5501779145124258,0.5087472490433216,False,,,,0.0,,,,,0.0,0.0,0.0,0.0,,0.5087472490433216
1862-1-448-2220,1862,CURBUS00063,completed,,[CTB] 屯门码头,[LRTFeeder] 兆麟,22:20:00,22:41:00,1340.0,1361.0,5.11,6.477265288400749,0.5347327901014214,0.5131419058067522,False,,,,0.0,,,,,0.0,0.0,0.0,0.0,,0.5131419058067522
1862-2-288-2220,1862,CURBUS00038,completed,,[LRTFeeder] 兆麟,[CTB] 屯门码头,22:20:00,22:41:00,1340.0,1361.0,4.5,5.669472436347959,0.5803071884350832,0.5614089469805901,False,,,,0.0,,,,,0.0,0.0,0.0,0.0,,0.5614089469805901
1884-1-288-2222,1884,CURBUS00122,completed,,[KMB] 天恒邨总站,[CTB] 天水围站 - 屏欣苑,22:22:00,22:40:00,1342.0,1360.0,2.71,5.180334520645277,0.5355958649496797,0.5183280832141954,False,,,,0.0,,,,,0.0,0.0,0.0,0.0,,0.5183280832141954
1884-2-288-2222,1884,CURBUS00111,completed,,[CTB] 天水围站 - 屏欣苑,[KMB] 天恒邨总站,22:22:00,22:40:00,1342.0,1360.0,2.67,6.410797390313838,0.6695334829270589,0.6481641582926795,False,,,,0.0,,,,,0.0,0.0,0.0,0.0,,0.6481641582926795
1862-1-287-2222,1862,CURBUS00057,completed,,[CTB] 屯门码头,[LRTFeeder] 兆麟,22:22:00,22:43:00,1342.0,1363.0,5.11,7.019262219497139,0.5665181660021069,0.5431206252704498,False,,,,0.0,,,,,0.0,0.0,0.0,0.0,,0.5431206252704498
1862-2-287-2223,1862,CURBUS00023,completed,,[LRTFeeder] 兆麟,[CTB] 屯门码头,22:23:00,22:44:00,1343.0,1364.0,4.5,7.153651230028287,0.5635906001253053,0.5397450960252109,False,,,,0.0,,,,,0.0,0.0,0.0,0.0,,0.5397450960252109
1884-1-448-2226,1884,CURBUS00119,completed,,[KMB] 天恒邨总站,[CTB] 天水围站 - 屏欣苑,22:26:00,22:44:00,1346.0,1364.0,2.71,5.917606421315377,0.6474852587379735,0.6277599040002555,False,,,,0.0,,,,,0.0,0.0,0.0,0.0,,0.6277599040002555
1884-2-448-2226,1884,CURBUS00101,completed,,[CTB] 天水围站 - 屏欣苑,[KMB] 天恒邨总站,22:26:00,22:44:00,1346.0,1364.0,2.67,6.202062338677197,0.5431836782093433,0.5225101370804194,False,,,,0.0,,,,,0.0,0.0,0.0,0.0,,0.5225101370804194
1884-1-287-2228,1884,CURBUS00095,completed,,[KMB] 天恒邨总站,[CTB] 天水围站 - 屏欣苑,22:28:00,22:46:00,1348.0,1366.0,2.71,4.684837988755774,0.5393022666376858,0.5236861400084999,False,,,,0.0,,,,,0.0,0.0,0.0,0.0,,0.5236861400084999
1884-2-287-2228,1884,CURBUS00110,completed,,[CTB] 天水围站 - 屏欣苑,[KMB] 天恒邨总站,22:28:00,22:46:00,1348.0,1366.0,2.67,7.278527319003718,0.6621114853216136,0.6378497275916012,False,,,,0.0,,,,,0.0,0.0,0.0,0.0,,0.6378497275916012
1862-2-448-2228,1862,CURBUS00061,completed,,[LRTFeeder] 兆麟,[CTB] 屯门码头,22:28:00,22:49:00,1348.0,1369.0,4.5,6.365924141988911,0.536685364946001,0.5154656178060381,False,,,,0.0,,,,,0.0,0.0,0.0,0.0,,0.5154656178060381
1862-1-288-2230,1862,CURBUS00064,completed,,[CTB] 屯门码头,[LRTFeeder] 兆麟,22:30:00,22:51:00,1350.0,1371.0,5.11,7.1459955447649195,0.5918416363119962,0.5680216511627798,False,,,,0.0,,,,,0.0,0.0,0.0,0.0,,0.5680216511627798
1862-1-448-2230,1862,CURBUS00032,completed,,[CTB] 屯门码头,[LRTFeeder] 兆麟,22:30:00,22:51:00,1350.0,1371.0,5.11,6.33003617873758,0.5612430093124711,0.5401428887166791,False,,,,0.0,,,,,0.0,0.0,0.0,0.0,,0.5401428887166791
1862-2-288-2230,1862,CURBUS00009,completed,,[LRTFeeder] 兆麟,[CTB] 屯门码头,22:30:00,22:51:00,1350.0,1371.0,4.5,8.883218745796324,0.5648102540273018,0.5351995248746474,False,,,,0.0,,,,,0.0,0.0,0.0,0.0,,0.5351995248746474
1884-1-287-2231,1884,CURBUS00109,completed,,[KMB] 天恒邨总站,[CTB] 天水围站 - 屏欣苑,22:31:00,22:49:00,1351.0,1369.0,2.71,6.910770805341701,0.5282162109181232,0.5051803082336509,False,,,,0.0,,,,,0.0,0.0,0.0,0.0,,0.5051803082336509
1884-2-287-2231,1884,CURBUS00088,completed,,[CTB] 天水围站 - 屏欣苑,[KMB] 天恒邨总站,22:31:00,22:49:00,1351.0,1369.0,2.67,3.479174900866785,0.6627401891103095,0.6511429394407535,False,,,,0.0,,,,,0.0,0.0,0.0,0.0,,0.6511429394407535
1884-1-288-2232,1884,CURBUS00107,completed,,[KMB] 天恒邨总站,[CTB] 天水围站 - 屏欣苑,22:32:00,22:50:00,1352.0,1370.0,2.71,3.7639667841711706,0.5502102890755888,0.5376637331283516,False,,,,0.0,,,,,0.0,0.0,0.0,0.0,,0.5376637331283516
1884-2-288-2232,1884,CURBUS00136,completed,,[CTB] 天水围站 - 屏欣苑,[KMB] 天恒邨总站,22:32:00,22:50:00,1352.0,1370.0,2.67,3.684298169601712,0.6602558241042147,0.6479748302055424,False,,,,0.0,,,,,0.0,0.0,0.0,0.0,,0.6479748302055424
1862-1-287-2232,1862,CURBUS00059,completed,,[CTB] 屯门码头,[LRTFeeder] 兆麟,22:32:00,22:53:00,1352.0,1373.0,5.11,12.406355973060432,0.5304964629066083,0.4891419429964069,False,,,,0.0,,,,,0.0,0.0,0.0,0.0,,0.4891419429964069
1884-1-448-2233,1884,CURBUS00106,completed,,[KMB] 天恒邨总站,[CTB] 天水围站 - 屏欣苑,22:33:00,22:51:00,1353.0,1371.0,2.71,3.553526503764763,0.6524380548756129,0.6405929665297304,False,,,,0.0,,,,,0.0,0.0,0.0,0.0,,0.6405929665297304
1884-2-448-2233,1884,CURBUS00080,completed,,[CTB] 天水围站 - 屏欣苑,[KMB] 天恒邨总站,22:33:00,22:51:00,1353.0,1371.0,2.67,4.079931863738486,0.6475298378157598,0.6339300649366315,False,,,,0.0,,,,,0.0,0.0,0.0,0.0,,0.6339300649366315
1862-2-287-2233,1862,CURBUS00012,completed,,[LRTFeeder] 兆麟,[CTB] 屯门码头,22:33:00,22:54:00,1353.0,1374.0,4.5,6.012576624225205,0.5057855118768247,0.48574358979607407,False,,,,0.0,,,,,0.0,0.0,0.0,0.0,,0.48574358979607407
1862-1-288-2235,1862,CURBUS00034,completed,,[CTB] 屯门码头,[LRTFeeder] 兆麟,22:35:00,22:56:00,1355.0,1376.0,5.11,7.566404806083335,0.5311558044949196,0.5059344551413085,False,,,,0.0,,,,,0.0,0.0,0.0,0.0,,0.5059344551413085
1862-2-288-2235,1862,CURBUS00004,completed,,[LRTFeeder] 兆麟,[CTB] 屯门码头,22:35:00,22:56:00,1355.0,1376.0,4.5,11.73075358034824,0.5016393264493366,0.46253681451484246,False,,,,0.0,,,,,0.0,0.0,0.0,0.0,,0.46253681451484246
1862-2-448-2235,1862,CURBUS00074,completed,,[LRTFeeder] 兆麟,[CTB] 屯门码头,22:35:00,22:56:00,1355.0,1376.0,4.5,10.25938577362552,0.498447172664114,0.46424922008536224,False,,,,0.0,,,,,0.0,0.0,0.0,0.0,,0.46424922008536224
1862-1-287-2236,1862,CURBUS00006,completed,,[CTB] 屯门码头,[LRTFeeder] 兆麟,22:36:00,22:57:00,1356.0,1377.0,5.11,12.122390031035632,0.5240525561086935,0.48364458933857474,False,,,,0.0,,,,,0.0,0.0,0.0,0.0,,0.48364458933857474
1862-1-448-2237,1862,CURBUS00021,completed,,[CTB] 屯门码头,[LRTFeeder] 兆麟,22:37:00,22:58:00,1357.0,1378.0,5.11,6.561972557839411,0.5552990448724595,0.5334258030129948,False,,,,0.0,,,,,0.0,0.0,0.0,0.0,,0.5334258030129948
1862-2-287-2237,1862,CURBUS00046,completed,,[LRTFeeder] 兆麟,[CTB] 屯门码头,22:37:00,22:58:00,1357.0,1378.0,4.5,5.689169410705977,0.5255402945078278,0.5065763964721413,False,,,,0.0,,,,,0.0,0.0,0.0,0.0,,0.5065763964721413
1884-1-288-2238,1884,CURBUS00132,completed,,[KMB] 天恒邨总站,[CTB] 天水围站 - 屏欣苑,22:38:00,22:56:00,1358.0,1376.0,2.71,3.8717821345213217,0.6446674315196157,0.6317614910712113,False,,,,0.0,,,,,0.0,0.0,0.0,0.0,,0.6317614910712113
1884-2-288-2238,1884,CURBUS00128,completed,,[CTB] 天水围站 - 屏欣苑,[KMB] 天恒邨总站,22:38:00,22:56:00,1358.0,1376.0,2.67,3.805322233036336,0.6494439514482565,0.6367595440048021,False,,,,0.0,,,,,0.0,0.0,0.0,0.0,,0.6367595440048021
1884-1-287-2241,1884,CURBUS00145,completed,,[KMB] 天恒邨总站,[CTB] 天水围站 - 屏欣苑,22:41:00,22:59:00,1361.0,1379.0,2.71,3.8782187128145664,0.6471901066089971,0.6342627108996153,False,,,,0.0,,,,,0.0,0.0,0.0,0.0,,0.6342627108996153
1884-2-287-2241,1884,CURBUS00118,completed,,[CTB] 天水围站 - 屏欣苑,[KMB] 天恒邨总站,22:41:00,22:59:00,1361.0,1379.0,2.67,6.594330697635117,0.6390207058747461,0.6170396035492958,False,,,,0.0,,,,,0.0,0.0,0.0,0.0,,0.6170396035492958
1884-1-448-2243,1884,CURBUS00096,completed,,[KMB] 天恒邨总站,[CTB] 天水围站 - 屏欣苑,22:43:00,23:01:00,1363.0,1381.0,2.71,6.298019818939017,0.6280567017294583,0.6070633023329949,False,,,,0.0,,,,,0.0,0.0,0.0,0.0,,0.6070633023329949
1884-2-448-2243,1884,CURBUS00087,completed,,[CTB] 天水围站 - 屏欣苑,[KMB] 天恒邨总站,22:43:00,23:01:00,1363.0,1381.0,2.67,3.5601315887396208,0.6273979350833291,0.6155308297875304,False,,,,0.0,,,,,0.0,0.0,0.0,0.0,,0.6155308297875304
1884-1-287-2244,1884,CURBUS00143,completed,,[KMB] 天恒邨总站,[CTB] 天水围站 - 屏欣苑,22:44:00,23:02:00,1364.0,1382.0,2.71,7.4853556177958,0.6246728163352834,0.5997216309426308,False,,,,0.0,,,,,0.0,0.0,0.0,0.0,,0.5997216309426308
1884-2-287-2244,1884,CURBUS00112,completed,,[CTB] 天水围站 - 屏欣苑,[KMB] 天恒邨总站,22:44:00,23:02:00,1364.0,1382.0,2.67,7.017069576900312,0.6284946059517682,0.6051043740287672,False,,,,0.0,,,,,0.0,0.0,0.0,0.0,,0.6051043740287672
1862-1-288-2245,1862,CURBUS00025,completed,,[CTB] 屯门码头,[LRTFeeder] 兆麟,22:45:00,23:06:00,1365.0,1386.0,5.11,13.198689313282596,0.48417115138700445,0.4401755203427291,False,,,,0.0,,,,,0.0,0.0,0.0,0.0,,0.4401755203427291
1862-2-288-2245,1862,CURBUS00053,completed,,[LRTFeeder] 兆麟,[CTB] 屯门码头,22:45:00,23:06:00,1365.0,1386.0,4.5,5.857913997782603,0.5457991609785812,0.5262727809859725,False,,,,0.0,,,,,0.0,0.0,0.0,0.0,,0.5262727809859725
1862-2-448-2245,1862,CURBUS00076,completed,,[LRTFeeder] 兆麟,[CTB] 屯门码头,22:45:00,23:06:00,1365.0,1386.0,4.5,10.1085928330817,0.5385654711784481,0.5048701617348424,False,,,,0.0,,,,,0.0,0.0,0.0,0.0,,0.5048701617348424
1862-1-287-2246,1862,CURBUS00041,completed,,[CTB] 屯门码头,[LRTFeeder] 兆麟,22:46:00,23:07:00,1366.0,1387.0,5.11,6.456844268121517,0.5109375590510067,0.489414744823935,False,,,,0.0,,,,,0.0,0.0,0.0,0.0,,0.489414744823935
1862-1-448-2247,1862,CURBUS00066,completed,,[CTB] 屯门码头,[LRTFeeder] 兆麟,22:47:00,23:08:00,1367.0,1388.0,5.11,12.144292370392693,0.48348361188406314,0.44300263731608747,False,,,,0.0,,,,,0.0,0.0,0.0,0.0,,0.44300263731608747
1862-2-287-2247,1862,CURBUS00014,completed,,[LRTFeeder] 兆麟,[CTB] 屯门码头,22:47:00,23:08:00,1367.0,1388.0,4.5,7.355712885989405,0.49647684525433494,0.4719578023010369,False,,,,0.0,,,,,0.0,0.0,0.0,0.0,,0.4719578023010369
1884-1-288-2248,1884,CURBUS00114,completed,,[KMB] 天恒邨总站,[CTB] 天水围站 - 屏欣苑,22:48:00,23:06:00,1368.0,1386.0,2.71,6.440304961580439,0.6214318004984909,0.5999641172932227,False,,,,0.0,,,,,0.0,0.0,0.0,0.0,,0.5999641172932227
1884-2-288-2248,1884,CURBUS00089,completed,,[CTB] 天水围站 - 屏欣苑,[KMB] 天恒邨总站,22:48:00,23:06:00,1368.0,1386.0,2.67,4.555139948946182,0.6150467058926,0.5998629060627794,False,,,,0.0,,,,,0.0,0.0,0.0,0.0,,0.5998629060627794
1884-2-448-2250,1884,CURBUS00098,completed,,[CTB] 天水围站 - 屏欣苑,[KMB] 天恒邨总站,22:50:00,23:08:00,1370.0,1388.0,2.67,4.607346147596645,0.6023388393659662,0.5869810188739774,False,,,,0.0,,,,,0.0,0.0,0.0,0.0,,0.5869810188739774
1862-1-287-2250,1862,CURBUS00054,completed,,[CTB] 屯门码头,[LRTFeeder] 兆麟,22:50:00,23:11:00,1370.0,1391.0,5.11,7.001763597116051,0.5059718746308302,0.4826326626404433,False,,,,0.0,,,,,0.0,0.0,0.0,0.0,,0.4826326626404433
1862-1-288-2250,1862,CURBUS00020,completed,,[CTB] 屯门码头,[LRTFeeder] 兆麟,22:50:00,23:11:00,1370.0,1391.0,5.11,11.573313095989256,0.502658784330467,0.46408107401050275,False,,,,0.0,,,,,0.0,0.0,0.0,0.0,,0.46408107401050275
1862-2-288-2250,1862,CURBUS00015,completed,,[LRTFeeder] 兆麟,[CTB] 屯门码头,22:50:00,23:11:00,1370.0,1391.0,4.5,5.980552884737407,0.4903853432924607,0.4704501670100027,False,,,,0.0,,,,,0.0,0.0,0.0,0.0,,0.4704501670100027
1862-2-287-2251,1862,CURBUS00050,completed,,[LRTFeeder] 兆麟,[CTB] 屯门码头,22:51:00,23:12:00,1371.0,1392.0,4.5,5.445729789916585,0.4714816982979204,0.45332926566486514,False,,,,0.0,,,,,0.0,0.0,0.0,0.0,,0.45332926566486514
1862-2-448-2252,1862,CURBUS00075,completed,,[LRTFeeder] 兆麟,[CTB] 屯门码头,22:52:00,23:13:00,1372.0,1393.0,4.5,10.75464664799526,0.5411940788070431,0.5053452566470589,False,,,,0.0,,,,,0.0,0.0,0.0,0.0,,0.5053452566470589
1884-2-287-2254,1884,CURBUS00149,completed,,[CTB] 天水围站 - 屏欣苑,[KMB] 天恒邨总站,22:54:00,23:12:00,1374.0,1392.0,2.67,6.688171067475358,0.6240888624392527,0.6017949588810014,False,,,,0.0,,,,,0.0,0.0,0.0,0.0,,0.6017949588810014
1884-2-288-2254,1884,CURBUS00090,completed,,[CTB] 天水围站 - 屏欣苑,[KMB] 天恒邨总站,22:54:00,23:12:00,1374.0,1392.0,2.67,8.648111780862264,0.6008355295763238,0.5720084903067829,False,,,,0.0,,,,,0.0,0.0,0.0,0.0,,0.5720084903067829
1862-1-448-2254,1862,CURBUS00055,completed,,[CTB] 屯门码头,[LRTFeeder] 兆麟,22:54:00,23:15:00,1374.0,1395.0,5.11,6.631417395267847,0.5177093546406702,0.49560462998977745,False,,,,0.0,,,,,0.0,0.0,0.0,0.0,,0.49560462998977745
1884-2-287-2257,1884,CURBUS00133,completed,,[CTB] 天水围站 - 屏欣苑,[KMB] 天恒邨总站,22:57:00,23:15:00,1377.0,1395.0,2.67,6.487741151907371,0.6075623568979431,0.5859365530582519,False,,,,0.0,,,,,0.0,0.0,0.0,0.0,,0.5859365530582519
1884-2-448-2300,1884,CURBUS00134,completed,,[CTB] 天水围站 - 屏欣苑,[KMB] 天恒邨总站,23:00:00,23:18:00,1380.0,1398.0,2.67,7.718491508714844,0.6050705701210163,0.5793422650919668,False,,,,0.0,,,,,0.0,0.0,0.0,0.0,,0.5793422650919668
1862-1-287-2300,1862,CURBUS00044,completed,,[CTB] 屯门码头,[LRTFeeder] 兆麟,23:00:00,23:21:00,1380.0,1401.0,5.11,11.16145830657172,0.5024177165505728,0.46521285552866704,False,,,,0.0,,,,,0.0,0.0,0.0,0.0,,0.46521285552866704
1862-1-288-2300,1862,CURBUS00018,completed,,[CTB] 屯门码头,[LRTFeeder] 兆麟,23:00:00,23:21:00,1380.0,1401.0,5.11,6.328509719583077,0.505008215721233,0.48391318332262273,False,,,,0.0,,,,,0.0,0.0,0.0,0.0,,0.48391318332262273
1862-2-288-2300,1862,CURBUS00036,completed,,[LRTFeeder] 兆麟,[CTB] 屯门码头,23:00:00,23:21:00,1380.0,1401.0,4.5,10.156616170920453,0.4782731415428785,0.44441775430647695,False,,,,0.0,,,,,0.0,0.0,0.0,0.0,,0.44441775430647695
1862-2-287-2301,1862,CURBUS00051,completed,,[LRTFeeder] 兆麟,[CTB] 屯门码头,23:01:00,23:22:00,1381.0,1402.0,4.5,8.967658424550626,0.47261312096406966,0.4427209262155676,False,,,,0.0,,,,,0.0,0.0,0.0,0.0,,0.4427209262155676
1862-2-448-2302,1862,CURBUS00030,completed,,[LRTFeeder] 兆麟,[CTB] 屯门码头,23:02:00,23:23:00,1382.0,1403.0,4.5,6.747490212398389,0.4913149107192324,0.4688232766779044,False,,,,0.0,,,,,0.0,0.0,0.0,0.0,,0.4688232766779044
1884-2-288-2304,1884,CURBUS00130,completed,,[CTB] 天水围站 - 屏欣苑,[KMB] 天恒邨总站,23:04:00,23:22:00,1384.0,1402.0,2.67,7.901322532871317,0.6007318163405659,0.5743940745643282,False,,,,0.0,,,,,0.0,0.0,0.0,0.0,,0.5743940745643282
1862-1-287-2304,1862,CURBUS00039,completed,,[CTB] 屯门码头,[LRTFeeder] 兆麟,23:04:00,23:25:00,1384.0,1405.0,5.11,15.090618374491736,0.42624973090911317,0.3759476696608074,False,,,,0.0,,,,,0.0,0.0,0.0,0.0,,0.3759476696608074
1862-1-448-2304,1862,CURBUS00056,completed,,[CTB] 屯门码头,[LRTFeeder] 兆麟,23:04:00,23:25:00,1384.0,1405.0,5.11,8.897183545528085,0.49014629316282243,0.4604890146777288,False,,,,0.0,,,,,0.0,0.0,0.0,0.0,,0.4604890146777288
1862-1-288-2305,1862,CURBUS00016,completed,,[CTB] 屯门码头,[LRTFeeder] 兆麟,23:05:00,23:26:00,1385.0,1406.0,5.11,7.106318455010391,0.4562433266563937,0.43255559847302577,False,,,,0.0,,,,,0.0,0.0,0.0,0.0,,0.43255559847302577
1862-2-287-2305,1862,CURBUS00042,completed,,[LRTFeeder] 兆麟,[CTB] 屯门码头,23:05:00,23:26:00,1385.0,1406.0,4.5,7.255829079349715,0.48546245517739406,0.46127635824622837,False,,,,0.0,,,,,0.0,0.0,0.0,0.0,,0.46127635824622837
1862-2-288-2305,1862,CURBUS00035,completed,,[LRTFeeder] 兆麟,[CTB] 屯门码头,23:05:00,23:26:00,1385.0,1406.0,4.5,9.741412728260704,0.4225024216630678,0.3900310459021988,False,,,,0.0,,,,,0.0,0.0,0.0,0.0,,0.3900310459021988
1862-2-448-2309,1862,CURBUS00065,completed,,[LRTFeeder] 兆麟,[CTB] 屯门码头,23:09:00,23:30:00,1389.0,1410.0,4.5,9.930234703135133,0.4688490743322559,0.43574829198847215,False,,,,0.0,,,,,0.0,0.0,0.0,0.0,,0.43574829198847215
1862-1-448-2311,1862,CURBUS00062,completed,,[CTB] 屯门码头,[LRTFeeder] 兆麟,23:11:00,23:32:00,1391.0,1412.0,5.11,7.690912824307027,0.505001939148563,0.4793655630675395,False,,,,0.0,,,,,0.0,0.0,0.0,0.0,,0.4793655630675395
1862-1-287-2314,1862,CURBUS00002,completed,,[CTB] 屯门码头,[LRTFeeder] 兆麟,23:14:00,23:35:00,1394.0,1415.0,5.11,13.562536741495125,0.4955311009004783,0.4503226450954946,False,,,,0.0,,,,,0.0,0.0,0.0,0.0,,0.4503226450954946
1862-1-288-2315,1862,CURBUS00031,completed,,[CTB] 屯门码头,[LRTFeeder] 兆麟,23:15:00,23:36:00,1395.0,1416.0,5.11,11.79815330002379,0.5040418128536552,0.46471463518690925,False,,,,0.0,,,,,0.0,0.0,0.0,0.0,,0.46471463518690925
1862-2-287-2315,1862,CURBUS00017,completed,,[LRTFeeder] 兆麟,[CTB] 屯门码头,23:15:00,23:36:00,1395.0,1416.0,4.5,10.622109252770835,0.47540489450622325,0.4399978636636538,False,,,,0.0,,,,,0.0,0.0,0.0,0.0,,0.4399978636636538
1862-2-288-2315,1862,CURBUS00047,completed,,[LRTFeeder] 兆麟,[CTB] 屯门码头,23:15:00,23:36:00,1395.0,1416.0,4.5,9.909617721690324,0.4898600636938183,0.4568280046215172,False,,,,0.0,,,,,0.0,0.0,0.0,0.0,,0.4568280046215172
1862-1-287-2318,1862,CURBUS00072,completed,,[CTB] 屯门码头,[LRTFeeder] 兆麟,23:18:00,23:39:00,1398.0,1419.0,5.11,11.113261493544243,0.4737801149983971,0.4367359100199163,False,,,,0.0,,,,,0.0,0.0,0.0,0.0,,0.4367359100199163
1862-2-287-2319,1862,CURBUS00026,completed,,[LRTFeeder] 兆麟,[CTB] 屯门码头,23:19:00,23:40:00,1399.0,1420.0,4.5,12.82420917268034,0.45723275913147865,0.4144853952225442,False,,,,0.0,,,,,0.0,0.0,0.0,0.0,,0.4144853952225442
1862-2-448-2319,1862,CURBUS00019,completed,,[LRTFeeder] 兆麟,[CTB] 屯门码头,23:19:00,23:40:00,1399.0,1420.0,4.5,10.317229206266603,0.4677617166482629,0.4333709526273742,False,,,,0.0,,,,,0.0,0.0,0.0,0.0,,0.4333709526273742
1862-1-288-2320,1862,CURBUS00043,completed,,[CTB] 屯门码头,[LRTFeeder] 兆麟,23:20:00,23:41:00,1400.0,1421.0,5.11,7.047900336539457,0.44867741668927125,0.42518441556747305,False,,,,0.0,,,,,0.0,0.0,0.0,0.0,,0.42518441556747305
1862-2-288-2320,1862,CURBUS00048,completed,,[LRTFeeder] 兆麟,[CTB] 屯门码头,23:20:00,23:41:00,1400.0,1421.0,4.5,10.619695094340702,0.4610653279843621,0.42566634433655975,False,,,,0.0,,,,,0.0,0.0,0.0,0.0,,0.42566634433655975
1862-1-448-2321,1862,CURBUS00022,completed,,[CTB] 屯门码头,[LRTFeeder] 兆麟,23:21:00,23:42:00,1401.0,1422.0,5.11,9.235241423090864,0.4318837878736914,0.40109964979672186,False,,,,0.0,,,,,0.0,0.0,0.0,0.0,,0.40109964979672186
1862-2-448-2326,1862,CURBUS00007,completed,,[LRTFeeder] 兆麟,[CTB] 屯门码头,23:26:00,23:47:00,1406.0,1427.0,4.5,5.694657952963798,0.4519015445527984,0.4329193513762524,False,,,,0.0,,,,,0.0,0.0,0.0,0.0,,0.4329193513762524
1862-1-287-2328,1862,CURBUS00070,completed,,[CTB] 屯门码头,[LRTFeeder] 兆麟,23:28:00,23:49:00,1408.0,1429.0,5.11,12.699459587882512,0.4299907230014491,0.3876591910418407,False,,,,0.0,,,,,0.0,0.0,0.0,0.0,,0.3876591910418407
1862-1-448-2328,1862,CURBUS00011,completed,,[CTB] 屯门码头,[LRTFeeder] 兆麟,23:28:00,23:49:00,1408.0,1429.0,5.11,12.963160089211868,0.4686369853918884,0.4254264517611822,False,,,,0.0,,,,,0.0,0.0,0.0,0.0,,0.4254264517611822
1862-2-287-2329,1862,CURBUS00001,completed,,[LRTFeeder] 兆麟,[CTB] 屯门码头,23:29:00,23:50:00,1409.0,1430.0,4.5,9.536049418341774,0.46750195028027597,0.4357151188858034,False,,,,0.0,,,,,0.0,0.0,0.0,0.0,,0.4357151188858034
1862-1-288-2330,1862,CURBUS00037,completed,,[CTB] 屯门码头,[LRTFeeder] 兆麟,23:30:00,23:51:00,1410.0,1431.0,5.11,8.459183624278662,0.4295359206458487,0.4013386418982532,False,,,,0.0,,,,,0.0,0.0,0.0,0.0,,0.4013386418982532
1862-2-288-2330,1862,CURBUS00045,completed,,[LRTFeeder] 兆麟,[CTB] 屯门码头,23:30:00,23:51:00,1410.0,1431.0,4.5,7.788064445010248,0.424920893924481,0.3989606791077802,False,,,,0.0,,,,,0.0,0.0,0.0,0.0,,0.3989606791077802
1862-1-287-2332,1862,CURBUS00008,completed,,[CTB] 屯门码头,[LRTFeeder] 兆麟,23:32:00,23:53:00,1412.0,1433.0,5.11,14.616292797555298,0.45117225819482615,0.40245128220297516,False,,,,0.0,,,,,0.0,0.0,0.0,0.0,,0.40245128220297516
1862-2-287-2333,1862,CURBUS00003,completed,,[LRTFeeder] 兆麟,[CTB] 屯门码头,23:33:00,23:54:00,1413.0,1434.0,4.5,8.789952902280675,0.46695004323851735,0.4376502002309151,False,,,,0.0,,,,,0.0,0.0,0.0,0.0,,0.4376502002309151
1862-1-288-2335,1862,CURBUS00060,completed,,[CTB] 屯门码头,[LRTFeeder] 兆麟,23:35:00,23:56:00,1415.0,1436.0,5.11,10.580897210451004,0.4402235986184812,0.4049539412503112,False,,,,0.0,,,,,0.0,0.0,0.0,0.0,,0.4049539412503112
1862-2-288-2335,1862,CURBUS00052,completed,,[LRTFeeder] 兆麟,[CTB] 屯门码头,23:35:00,23:56:00,1415.0,1436.0,4.5,6.920594029429385,0.4518875738207811,0.4288189270560165,False,,,,0.0,,,,,0.0,0.0,0.0,0.0,,0.4288189270560165
1862-2-448-2336,1862,CURBUS00005,completed,,[LRTFeeder] 兆麟,[CTB] 屯门码头,23:36:00,23:57:00,1416.0,1437.0,4.5,6.6438365879094095,0.44987993401925613,0.4277338120595581,False,,,,0.0,,,,,0.0,0.0,0.0,0.0,,0.4277338120595581
1862-1-448-2338,1862,CURBUS00010,completed,,[CTB] 屯门码头,[LRTFeeder] 兆麟,23:38:00,23:59:00,1418.0,1439.0,5.11,12.077336322608904,0.4648928384578601,0.4246350507158304,False,,,,0.0,,,,,0.0,0.0,0.0,0.0,,0.4246350507158304
1862-1-287-2342,1862,CURBUS00073,completed,,[CTB] 屯门码头,[LRTFeeder] 兆麟,23:42:00,24:03:00,1422.0,1443.0,5.11,6.217404792529837,0.4235064574291155,0.4027817747873494,False,,,,0.0,,,,,0.0,0.0,0.0,0.0,,0.4027817747873494
1862-2-287-2343,1862,CURBUS00013,completed,,[LRTFeeder] 兆麟,[CTB] 屯门码头,23:43:00,24:04:00,1423.0,1444.0,4.5,9.290480203207728,0.45849577713441864,0.4275275097903929,False,,,,0.0,,,,,0.0,0.0,0.0,0.0,,0.4275275097903929
1862-2-448-2343,1862,CURBUS00067,completed,,[LRTFeeder] 兆麟,[CTB] 屯门码头,23:43:00,24:04:00,1423.0,1444.0,4.5,11.184141715823548,0.44707988893291317,0.40979941654683466,False,,,,0.0,,,,,0.0,0.0,0.0,0.0,,0.40979941654683466
1862-1-288-2345,1862,CURBUS00071,completed,,[CTB] 屯门码头,[LRTFeeder] 兆麟,23:45:00,24:06:00,1425.0,1446.0,5.11,7.597457507878909,0.4333295469652535,0.40800468860565714,False,,,,0.0,,,,,0.0,0.0,0.0,0.0,,0.40800468860565714
1862-1-448-2345,1862,CURBUS00069,completed,,[CTB] 屯门码头,[LRTFeeder] 兆麟,23:45:00,24:06:00,1425.0,1446.0,5.11,15.476995940562423,0.4362103359875037,0.3846203495189623,False,,,,0.0,,,,,0.0,0.0,0.0,0.0,,0.3846203495189623
1862-2-288-2345,1862,CURBUS00079,completed,,[LRTFeeder] 兆麟,[CTB] 屯门码头,23:45:00,24:06:00,1425.0,1446.0,4.5,11.485190291418956,0.4248790447427392,0.386595077104676,False,,,,0.0,,,,,0.0,0.0,0.0,0.0,,0.386595077104676
1862-1-287-2346,1862,CURBUS00033,completed,,[CTB] 屯门码头,[LRTFeeder] 兆麟,23:46:00,24:07:00,1426.0,1447.0,5.11,6.959827451481407,0.421573353619945,0.39837392878167366,False,,,,0.0,,,,,0.0,0.0,0.0,0.0,,0.39837392878167366
1862-2-287-2347,1862,CURBUS00058,completed,,[LRTFeeder] 兆麟,[CTB] 屯门码头,23:47:00,24:08:00,1427.0,1448.0,4.5,12.80802249151629,0.4079022657158094,0.3652088574107551,False,,,,0.0,,,,,0.0,0.0,0.0,0.0,,0.3652088574107551
1862-1-288-2350,1862,CURBUS00077,completed,,[CTB] 屯门码头,[LRTFeeder] 兆麟,23:50:00,24:11:00,1430.0,1451.0,5.11,7.857242904485528,0.4193662097882481,0.3931754001066297,False,,,,0.0,,,,,0.0,0.0,0.0,0.0,,0.3931754001066297
1862-2-288-2350,1862,CURBUS00068,completed,,[LRTFeeder] 兆麟,[CTB] 屯门码头,23:50:00,24:11:00,1430.0,1451.0,4.5,10.271571479430037,0.4344158026074777,0.4001772310093776,False,,,,0.0,,,,,0.0,0.0,0.0,0.0,,0.4001772310093776
1862-2-448-2353,1862,CURBUS00028,completed,,[LRTFeeder] 兆麟,[CTB] 屯门码头,23:53:00,24:14:00,1433.0,1454.0,4.5,12.788628120143068,0.3667914778702081,0.3241627174697312,False,,,,0.0,,,,,0.0,0.0,0.0,0.0,,0.3241627174697312
1862-1-448-2355,1862,CURBUS00078,completed,,[CTB] 屯门码头,[LRTFeeder] 兆麟,23:55:00,24:16:00,1435.0,1456.0,5.11,8.198409918061309,0.5625083856347909,0.5351803525745865,False,,,,0.0,,,,,0.0,0.0,0.0,0.0,,0.5351803525745865
1862-1-287-2356,1862,CURBUS00040,completed,,[CTB] 屯门码头,[LRTFeeder] 兆麟,23:56:00,24:17:00,1436.0,1457.0,5.11,6.99918763790212,0.36595139712164076,0.342620771661967,False,,,,0.0,,,,,0.0,0.0,0.0,0.0,,0.342620771661967
1862-2-287-2357,1862,CURBUS00024,completed,,[LRTFeeder] 兆麟,[CTB] 屯门码头,23:57:00,24:18:00,1437.0,1458.0,4.5,5.529211616170142,0.5230427366371125,0.5046120312498787,False,,,,0.0,,,,,0.0,0.0,0.0,0.0,,0.5046120312498787
1862-1-287-2400,1862,CURBUS00049,completed,,[CTB] 屯门码头,[LRTFeeder] 兆麟,24:00:00,24:21:00,1440.0,1461.0,5.11,7.819864992219643,0.3738581046215165,0.3477918879807843,False,,,,0.0,,,,,0.0,0.0,0.0,0.0,,0.3477918879807843
1862-1-288-2400,1862,CURBUS00027,completed,,[CTB] 屯门码头,[LRTFeeder] 兆麟,24:00:00,24:21:00,1440.0,1461.0,5.11,6.1107163912976725,0.5388098648384783,0.5184408102008193,False,,,,0.0,,,,,0.0,0.0,0.0,0.0,,0.5184408102008193
1862-2-288-2400,1862,CURBUS00038,completed,,[LRTFeeder] 兆麟,[CTB] 屯门码头,24:00:00,24:21:00,1440.0,1461.0,4.5,6.735676869813211,0.5614089469805901,0.5389566907478793,False,,,,0.0,,,,,0.0,0.0,0.0,0.0,,0.5389566907478793
1862-2-448-2400,1862,CURBUS00063,completed,,[LRTFeeder] 兆麟,[CTB] 屯门码头,24:00:00,24:21:00,1440.0,1461.0,4.5,11.897530300612644,0.5131419058067522,0.47348347147137676,False,,,,0.0,,,,,0.0,0.0,0.0,0.0,,0.47348347147137676
1862-2-287-2401,1862,CURBUS00029,completed,,[LRTFeeder] 兆麟,[CTB] 屯门码头,24:01:00,24:22:00,1441.0,1462.0,4.5,10.406735063162978,0.5087472490433216,0.47405813216611165,False,,,,0.0,,,,,0.0,0.0,0.0,0.0,,0.47405813216611165
1862-1-448-2402,1862,CURBUS00057,completed,,[CTB] 屯门码头,[LRTFeeder] 兆麟,24:02:00,24:23:00,1442.0,1463.0,5.11,13.053616630933764,0.5431206252704498,0.4996085698340039,False,,,,0.0,,,,,0.0,0.0,0.0,0.0,,0.4996085698340039
1862-1-288-2405,1862,CURBUS00023,completed,,[CTB] 屯门码头,[LRTFeeder] 兆麟,24:05:00,24:26:00,1445.0,1466.0,5.11,6.767010337642129,0.5397450960252109,0.5171883948997371,False,,,,0.0,,,,,0.0,0.0,0.0,0.0,,0.5171883948997371
1862-2-288-2405,1862,CURBUS00061,completed,,[LRTFeeder] 兆麟,[CTB] 屯门码头,24:05:00,24:26:00,1445.0,1466.0,4.5,8.0464022369847,0.5154656178060381,0.48864427701608903,False,,,,0.0,,,,,0.0,0.0,0.0,0.0,,0.48864427701608903
1862-1-287-2410,1862,CURBUS00064,completed,,[CTB] 屯门码头,[LRTFeeder] 兆麟,24:10:00,24:31:00,1450.0,1471.0,5.11,6.242687368642563,0.5680216511627798,0.5472126932673046,False,,,,0.0,,,,,0.0,0.0,0.0,0.0,,0.5472126932673046
1862-2-448-2410,1862,CURBUS00032,completed,,[LRTFeeder] 兆麟,[CTB] 屯门码头,24:10:00,24:31:00,1450.0,1471.0,4.5,6.916358705984751,0.5401428887166791,0.51708835969673,False,,,,0.0,,,,,0.0,0.0,0.0,0.0,,0.51708835969673
1862-2-287-2411,1862,CURBUS00009,completed,,[LRTFeeder] 兆麟,[CTB] 屯门码头,24:11:00,24:32:00,1451.0,1472.0,4.5,6.694724295119933,0.5351995248746474,0.5128837772242476,False,,,,0.0,,,,,0.0,0.0,0.0,0.0,,0.5128837772242476
1862-1-448-2412,1862,CURBUS00059,completed,,[CTB] 屯门码头,[LRTFeeder] 兆麟,24:12:00,24:33:00,1452.0,1473.0,5.11,7.337116777795536,0.4891419429964069,0.46468488707042177,False,,,,0.0,,,,,0.0,0.0,0.0,0.0,,0.46468488707042177
1862-1-287-2414,1862,CURBUS00012,completed,,[CTB] 屯门码头,[LRTFeeder] 兆麟,24:14:00,24:35:00,1454.0,1475.0,5.11,7.032065750324843,0.48574358979607407,0.4623033706283246,False,,,,0.0,,,,,0.0,0.0,0.0,0.0,,0.4623033706283246
1862-1-288-2415,1862,CURBUS00034,completed,,[CTB] 屯门码头,[LRTFeeder] 兆麟,24:15:00,24:36:00,1455.0,1476.0,5.11,10.611557894596867,0.5059344551413085,0.4705625954926523,False,,,,0.0,,,,,0.0,0.0,0.0,0.0,,0.4705625954926523
1862-2-287-2415,1862,CURBUS00074,completed,,[LRTFeeder] 兆麟,[CTB] 屯门码头,24:15:00,24:36:00,1455.0,1476.0,4.5,6.239244258040325,0.46424922008536224,0.4434517392252278,False,,,,0.0,,,,,0.0,0.0,0.0,0.0,,0.4434517392252278
1862-2-288-2415,1862,CURBUS00004,completed,,[LRTFeeder] 兆麟,[CTB] 屯门码头,24:15:00,24:36:00,1455.0,1476.0,4.5,5.875913446873031,0.46253681451484246,0.44295043635859904,False,,,,0.0,,,,,0.0,0.0,0.0,0.0,,0.44295043635859904
1862-2-448-2417,1862,CURBUS00006,completed,,[LRTFeeder] 兆麟,[CTB] 屯门码头,24:17:00,24:38:00,1457.0,1478.0,4.5,6.677806149876679,0.48364458933857474,0.46138523550565247,False,,,,0.0,,,,,0.0,0.0,0.0,0.0,,0.46138523550565247
1862-1-448-2419,1862,CURBUS00021,completed,,[CTB] 屯门码头,[LRTFeeder] 兆麟,24:19:00,24:40:00,1459.0,1480.0,5.11,7.024357268374838,0.5334258030129948,0.5100112787850787,False,,,,0.0,,,,,0.0,0.0,0.0,0.0,,0.5100112787850787
1862-1-288-2420,1862,CURBUS00046,completed,,[CTB] 屯门码头,[LRTFeeder] 兆麟,24:20:00,24:41:00,1460.0,1481.0,5.11,11.494887479127662,0.5065763964721413,0.46826010487504904,False,,,,0.0,,,,,0.0,0.0,0.0,0.0,,0.46826010487504904
1862-2-288-2420,1862,CURBUS00053,completed,,[LRTFeeder] 兆麟,[CTB] 屯门码头,24:20:00,24:41:00,1460.0,1481.0,4.5,8.874330972716097,0.5262727809859725,0.4966916777435855,False,,,,0.0,,,,,0.0,0.0,0.0,0.0,,0.4966916777435855
1862-1-287-2424,1862,CURBUS00076,completed,,[CTB] 屯门码头,[LRTFeeder] 兆麟,24:24:00,24:45:00,1464.0,1485.0,5.11,10.528467046647563,0.5048701617348424,0.46977527157935056,False,,,,0.0,,,,,0.0,0.0,0.0,0.0,,0.46977527157935056
1862-2-287-2425,1862,CURBUS00025,completed,,[LRTFeeder] 兆麟,[CTB] 屯门码头,24:25:00,24:46:00,1465.0,1486.0,4.5,11.960047294536768,0.4401755203427291,0.40030869602760655,False,,,,0.0,,,,,0.0,0.0,0.0,0.0,,0.40030869602760655
1862-2-448-2427,1862,CURBUS00041,completed,,[LRTFeeder] 兆麟,[CTB] 屯门码头,24:27:00,24:48:00,1467.0,1488.0,4.5,7.831850849427338,0.489414744823935,0.46330857532584385,False,,,,0.0,,,,,0.0,0.0,0.0,0.0,,0.46330857532584385
1862-1-287-2428,1862,CURBUS00014,completed,,[CTB] 屯门码头,[LRTFeeder] 兆麟,24:28:00,24:49:00,1468.0,1489.0,5.11,13.854466255921034,0.4719578023010369,0.42577624811463344,False,,,,0.0,,,,,0.0,0.0,0.0,0.0,,0.42577624811463344
1862-1-448-2429,1862,CURBUS00066,completed,,[CTB] 屯门码头,[LRTFeeder] 兆麟,24:29:00,24:50:00,1469.0,1490.0,5.11,8.467719296651088,0.44300263731608747,0.4147769063272505,False,,,,0.0,,,,,0.0,0.0,0.0,0.0,,0.4147769063272505
1862-2-287-2429,1862,CURBUS00054,completed,,[LRTFeeder] 兆麟,[CTB] 屯门码头,24:29:00,24:50:00,1469.0,1490.0,4.5,7.509126244945152,0.4826326626404433,0.4576022418239595,False,,,,0.0,,,,,0.0,0.0,0.0,0.0,,0.4576022418239595
1862-2-288-2430,1862,CURBUS00015,completed,,[LRTFeeder] 兆麟,[CTB] 屯门码头,24:30:00,24:51:00,1470.0,1491.0,4.5,7.180573904758161,0.4704501670100027,0.44651492066080883,False,,,,0.0,,,,,0.0,0.0,0.0,0.0,,0.44651492066080883
1862-2-448-2434,1862,CURBUS00020,completed,,[LRTFeeder] 兆麟,[CTB] 屯门码头,24:34:00,24:55:00,1474.0,1495.0,4.5,10.420128197563008,0.46408107401050275,0.4293473133519594,False,,,,0.0,,,,,0.0,0.0,0.0,0.0,,0.4293473133519594
1862-2-288-2435,1862,CURBUS00050,completed,,[LRTFeeder] 兆麟,[CTB] 屯门码头,24:35:00,24:56:00,1475.0,1496.0,4.5,6.044870805855753,0.45332926566486514,0.43317969631201264,False,,,,0.0,,,,,0.0,0.0,0.0,0.0,,0.43317969631201264
1862-2-287-2439,1862,CURBUS00075,completed,,[LRTFeeder] 兆麟,[CTB] 屯门码头,24:39:00,25:00:00,1479.0,1500.0,4.5,9.409779305021043,0.5053452566470589,0.4739793256303221,False,,,,0.0,,,,,0.0,0.0,0.0,0.0,,0.4739793256303221
1862-2-287-2443,1862,CURBUS00055,completed,,[LRTFeeder] 兆麟,[CTB] 屯门码头,24:43:00,25:04:00,1483.0,1504.0,4.5,7.972355541671765,0.49560462998977745,0.4690301115175382,False,,,,0.0,,,,,0.0,0.0,0.0,0.0,,0.4690301115175382
1862-2-448-2444,1862,CURBUS00018,completed,,[LRTFeeder] 兆麟,[CTB] 屯门码头,24:44:00,25:05:00,1484.0,1505.0,4.5,10.412376762689496,0.48391318332262273,0.4492052607803244,False,,,,0.0,,,,,0.0,0.0,0.0,0.0,,0.4492052607803244
1862-2-288-2445,1862,CURBUS00044,completed,,[LRTFeeder] 兆麟,[CTB] 屯门码头,24:45:00,25:06:00,1485.0,1506.0,4.5,9.55330255295863,0.46521285552866704,0.4333685136854716,False,,,,0.0,,,,,0.0,0.0,0.0,0.0,,0.4333685136854716
